<?xml version="1.0" encoding="UTF-8"?>
 
<databaseChangeLog
	xmlns="http://www.liquibase.org/xml/ns/dbchangelog/1.7"
	xmlns:xsi="http://www.w3.org/2001/XMLSchema-instance"
	xsi:schemaLocation="http://www.liquibase.org/xml/ns/dbchangelog/1.7
	http://www.liquibase.org/xml/ns/dbchangelog/dbchangelog-1.7.xsd">
	<preConditions>            
		<or>
			<dbms type="oracle" />                     
			<dbms type="mysql" />                     
			<dbms type="postgresql" />                     
		</or>
	</preConditions>                                       
	<changeSet id="1" author="bda">
		<comment>Need to have at least one changeset to allow tagging to work.</comment> 
		
	</changeSet>

</databaseChangeLog>

