INSERT INTO dyextn_abstract_metadata values(1849,NULL,NULL,NULL,'edu.wustl.catissuecore.domain.Race',null);
INSERT INTO dyextn_abstract_entity values(1849);
INSERT INTO dyextn_entity values(1849,3,0,NULL,3,NULL,NULL,1);
INSERT INTO dyextn_database_properties values(1844,'CATISSUE_RACE');
INSERT INTO dyextn_table_properties (IDENTIFIER,ABSTRACT_ENTITY_ID) values(1844,1849);
 
INSERT INTO dyextn_abstract_metadata values(1850,NULL,NULL,NULL,'id',null);
INSERT INTO DYEXTN_BASE_ABSTRACT_ATTRIBUTE values(1850);
INSERT INTO dyextn_attribute values (1850,1849);
insert into dyextn_primitive_attribute (IDENTIFIER,IS_COLLECTION,IS_IDENTIFIED,IS_PRIMARY_KEY,IS_NULLABLE) values (1850,0,NULL,1,1);
insert into dyextn_attribute_type_info (IDENTIFIER,PRIMITIVE_ATTRIBUTE_ID) values (1136,1850);
insert into dyextn_numeric_type_info (IDENTIFIER,MEASUREMENT_UNITS,DECIMAL_PLACES,NO_DIGITS) values (1136,NULL,0,NULL);
insert into dyextn_long_type_info (IDENTIFIER) values (1136);
insert into dyextn_database_properties (IDENTIFIER,NAME) values (1845,'IDENTIFIER');
insert into dyextn_column_properties (IDENTIFIER,PRIMITIVE_ATTRIBUTE_ID) values (1845,1850);

INSERT INTO dyextn_abstract_metadata values(1851,NULL,NULL,NULL,'raceName',null);
INSERT INTO DYEXTN_BASE_ABSTRACT_ATTRIBUTE values(1851);
INSERT INTO dyextn_attribute values (1851,1849);
insert into dyextn_primitive_attribute (IDENTIFIER,IS_COLLECTION,IS_IDENTIFIED,IS_PRIMARY_KEY,IS_NULLABLE) values (1851,0,NULL,0,1);
insert into dyextn_attribute_type_info (IDENTIFIER,PRIMITIVE_ATTRIBUTE_ID) values (1137,1851);
insert into dyextn_string_type_info (IDENTIFIER) values (1137);
insert into dyextn_database_properties (IDENTIFIER,NAME) values (1846,'RACE_NAME');
insert into dyextn_column_properties (IDENTIFIER,PRIMITIVE_ATTRIBUTE_ID) values (1846,1851);
insert into dyextn_abstract_metadata values (1852,null,null,null,'participant_race',null);
INSERT INTO DYEXTN_BASE_ABSTRACT_ATTRIBUTE values(1852);
insert into dyextn_attribute values (1852,844);
insert into dyextn_role values (1341,'CONTAINTMENT',2,0,'raceCollection');
insert into dyextn_role values (1342,'ASSOCIATION',1,0,'participant');
insert into dyextn_association values (1852,'BI_DIRECTIONAL',1849,1342,1341,1);
insert into dyextn_database_properties values (1847,'participant_race');
insert into dyextn_constraint_properties (IDENTIFIER,SOURCE_ENTITY_KEY,TARGET_ENTITY_KEY,ASSOCIATION_ID) values(1847,null,'PARTICIPANT_ID',1852);
insert into association values(811,2);
insert into intra_model_association values(811,1852);
insert into path values (985585,844,811,1849);

insert into dyextn_abstract_metadata values (1853,null,null,null,'race_participant',null);
INSERT INTO DYEXTN_BASE_ABSTRACT_ATTRIBUTE values(1853);
insert into dyextn_attribute values (1853,1849);
insert into dyextn_association values (1853,'BI_DIRECTIONAL',844,1341,1342,1);
insert into dyextn_database_properties values (1848,'race_participant');
insert into dyextn_constraint_properties (IDENTIFIER,SOURCE_ENTITY_KEY,TARGET_ENTITY_KEY,ASSOCIATION_ID) values(1848,'PARTICIPANT_ID',null,1853);
insert into association values(812,2);
insert into intra_model_association values(812,1853);
insert into path values (985586,1849,812,844);


delete from path where PATH_ID=5725;
delete from path where PATH_ID=89829;
delete from path where PATH_ID=89830;
delete from path where PATH_ID=246;
delete from path where PATH_ID=3393;
delete from path where PATH_ID=985333;
delete from path where PATH_ID=985334;
delete from path where PATH_ID=985331;
delete from path where PATH_ID=985332;
delete from path where PATH_ID=985327;
delete from path where PATH_ID=985328;
delete from path where PATH_ID=985324;
delete from path where PATH_ID=985325;
delete from path where PATH_ID=985326;
delete from path where PATH_ID=985320;
delete from path where PATH_ID=985321;
delete from path where PATH_ID=985337;
delete from path where PATH_ID=985338;
delete from path where PATH_ID=985335;
delete from path where PATH_ID=985336;
delete from path where PATH_ID=985322;
delete from path where PATH_ID=985323;
delete from path where PATH_ID=985329;
delete from path where PATH_ID=985330;


delete from dyextn_column_properties where identifier = 93;
delete from dyextn_database_properties where identifier = 93;
delete from  dyextn_integer_type_info where identifier = 28;
delete from dyextn_numeric_type_info where identifier = 28;
delete from DYEXTN_PERMISSIBLE_VALUE where ATTRIBUTE_TYPE_INFO_ID =28;
delete from DYEXTN_DATA_ELEMENT where ATTRIBUTE_TYPE_INFO_ID = 28;
delete from dyextn_attribute_type_info where identifier = 28;
delete from DYEXTN_CADSR_VALUE_DOMAIN_INFO where PRIMITIVE_ATTRIBUTE_ID = 61;
delete from dyextn_primitive_attribute where identifier = 61;
delete from dyextn_attribute where identifier = 61;
delete from DYEXTN_SEMANTIC_PROPERTY where ABSTRACT_METADATA_ID = 61;
delete from DYEXTN_BASE_ABSTRACT_ATTRIBUTE where identifier = 61;
delete from DYEXTN_TAGGED_VALUE where ABSTRACT_METADATA_ID = 61;
delete from dyextn_abstract_metadata where identifier = 61;
delete from dyextn_column_properties where identifier = 94;
delete from dyextn_database_properties where identifier = 94;
delete from  dyextn_integer_type_info where identifier = 29;
delete from dyextn_numeric_type_info where identifier = 29;
delete from DYEXTN_PERMISSIBLE_VALUE where ATTRIBUTE_TYPE_INFO_ID =29;
delete from DYEXTN_DATA_ELEMENT where ATTRIBUTE_TYPE_INFO_ID = 29;
delete from dyextn_attribute_type_info where identifier = 29;
delete from DYEXTN_CADSR_VALUE_DOMAIN_INFO where PRIMITIVE_ATTRIBUTE_ID = 62;
delete from dyextn_primitive_attribute where identifier = 62;
delete from dyextn_attribute where identifier = 62;
delete from DYEXTN_SEMANTIC_PROPERTY where ABSTRACT_METADATA_ID = 62;
delete from DYEXTN_BASE_ABSTRACT_ATTRIBUTE where identifier = 62;
delete from DYEXTN_TAGGED_VALUE where ABSTRACT_METADATA_ID = 62;
delete from dyextn_abstract_metadata where identifier = 62;
delete from dyextn_column_properties where identifier = 114;
delete from dyextn_database_properties where identifier = 114;
delete from  dyextn_integer_type_info where identifier = 36;
delete from dyextn_numeric_type_info where identifier = 36;
delete from DYEXTN_PERMISSIBLE_VALUE where ATTRIBUTE_TYPE_INFO_ID =36;
delete from DYEXTN_DATA_ELEMENT where ATTRIBUTE_TYPE_INFO_ID = 36;
delete from dyextn_attribute_type_info where identifier = 36;
delete from DYEXTN_CADSR_VALUE_DOMAIN_INFO where PRIMITIVE_ATTRIBUTE_ID = 79;
delete from dyextn_primitive_attribute where identifier = 79;
delete from dyextn_attribute where identifier = 79;
delete from DYEXTN_SEMANTIC_PROPERTY where ABSTRACT_METADATA_ID = 79;
delete from DYEXTN_BASE_ABSTRACT_ATTRIBUTE where identifier = 79;
delete from DYEXTN_TAGGED_VALUE where ABSTRACT_METADATA_ID = 79;
delete from dyextn_abstract_metadata where identifier = 79;
delete from dyextn_column_properties where identifier = 115;
delete from dyextn_database_properties where identifier = 115;
delete from  dyextn_integer_type_info where identifier = 37;
delete from dyextn_numeric_type_info where identifier = 37;
delete from DYEXTN_PERMISSIBLE_VALUE where ATTRIBUTE_TYPE_INFO_ID =37;
delete from DYEXTN_DATA_ELEMENT where ATTRIBUTE_TYPE_INFO_ID = 37;
delete from dyextn_attribute_type_info where identifier = 37;
delete from DYEXTN_CADSR_VALUE_DOMAIN_INFO where PRIMITIVE_ATTRIBUTE_ID = 80;
delete from dyextn_primitive_attribute where identifier = 80;
delete from dyextn_attribute where identifier = 80;
delete from DYEXTN_SEMANTIC_PROPERTY where ABSTRACT_METADATA_ID = 80;
delete from DYEXTN_BASE_ABSTRACT_ATTRIBUTE where identifier = 80;
delete from DYEXTN_TAGGED_VALUE where ABSTRACT_METADATA_ID = 80;
delete from dyextn_abstract_metadata where identifier = 80;
delete from dyextn_column_properties where identifier = 41;
delete from dyextn_database_properties where identifier = 41;
delete from  dyextn_integer_type_info where identifier = 3;
delete from dyextn_numeric_type_info where identifier = 3;
delete from DYEXTN_PERMISSIBLE_VALUE where ATTRIBUTE_TYPE_INFO_ID =3;
delete from DYEXTN_DATA_ELEMENT where ATTRIBUTE_TYPE_INFO_ID = 3;
delete from dyextn_attribute_type_info where identifier = 3;
delete from DYEXTN_CADSR_VALUE_DOMAIN_INFO where PRIMITIVE_ATTRIBUTE_ID = 16;
delete from dyextn_primitive_attribute where identifier = 16;
delete from dyextn_attribute where identifier = 16;
delete from DYEXTN_SEMANTIC_PROPERTY where ABSTRACT_METADATA_ID = 16;
delete from DYEXTN_BASE_ABSTRACT_ATTRIBUTE where identifier = 16;
delete from DYEXTN_TAGGED_VALUE where ABSTRACT_METADATA_ID = 16;
delete from dyextn_abstract_metadata where identifier = 16;
delete from dyextn_column_properties where identifier = 53;
delete from dyextn_database_properties where identifier = 53;
delete from  dyextn_integer_type_info where identifier = 15;
delete from dyextn_numeric_type_info where identifier = 15;
delete from DYEXTN_PERMISSIBLE_VALUE where ATTRIBUTE_TYPE_INFO_ID =15;
delete from DYEXTN_DATA_ELEMENT where ATTRIBUTE_TYPE_INFO_ID = 15;
delete from dyextn_attribute_type_info where identifier = 15;
delete from DYEXTN_CADSR_VALUE_DOMAIN_INFO where PRIMITIVE_ATTRIBUTE_ID = 28;
delete from dyextn_primitive_attribute where identifier = 28;
delete from dyextn_attribute where identifier = 28;
delete from DYEXTN_SEMANTIC_PROPERTY where ABSTRACT_METADATA_ID = 28;
delete from DYEXTN_BASE_ABSTRACT_ATTRIBUTE where identifier = 28;
delete from DYEXTN_TAGGED_VALUE where ABSTRACT_METADATA_ID = 28;
delete from dyextn_abstract_metadata where identifier = 28;
delete from dyextn_column_properties where identifier = 76;
delete from dyextn_database_properties where identifier = 76;
delete from  dyextn_integer_type_info where identifier = 19;
delete from dyextn_numeric_type_info where identifier = 19;
delete from DYEXTN_PERMISSIBLE_VALUE where ATTRIBUTE_TYPE_INFO_ID =19;
delete from DYEXTN_DATA_ELEMENT where ATTRIBUTE_TYPE_INFO_ID = 19;
delete from dyextn_attribute_type_info where identifier = 19;
delete from DYEXTN_CADSR_VALUE_DOMAIN_INFO where PRIMITIVE_ATTRIBUTE_ID = 48;
delete from dyextn_primitive_attribute where identifier = 48;
delete from dyextn_attribute where identifier = 48;
delete from DYEXTN_SEMANTIC_PROPERTY where ABSTRACT_METADATA_ID = 48;
delete from DYEXTN_BASE_ABSTRACT_ATTRIBUTE where identifier = 48;
delete from DYEXTN_TAGGED_VALUE where ABSTRACT_METADATA_ID = 48;
delete from dyextn_abstract_metadata where identifier = 48;
delete from dyextn_column_properties where identifier = 77;
delete from dyextn_database_properties where identifier = 77;
delete from  dyextn_integer_type_info where identifier = 20;
delete from dyextn_numeric_type_info where identifier = 20;
delete from DYEXTN_PERMISSIBLE_VALUE where ATTRIBUTE_TYPE_INFO_ID =20;
delete from DYEXTN_DATA_ELEMENT where ATTRIBUTE_TYPE_INFO_ID = 20;
delete from dyextn_attribute_type_info where identifier = 20;
delete from DYEXTN_CADSR_VALUE_DOMAIN_INFO where PRIMITIVE_ATTRIBUTE_ID = 49;
delete from dyextn_primitive_attribute where identifier = 49;
delete from dyextn_attribute where identifier = 49;
delete from DYEXTN_SEMANTIC_PROPERTY where ABSTRACT_METADATA_ID = 49;
delete from DYEXTN_BASE_ABSTRACT_ATTRIBUTE where identifier = 49;
delete from DYEXTN_TAGGED_VALUE where ABSTRACT_METADATA_ID = 49;
delete from dyextn_abstract_metadata where identifier = 49;
delete from dyextn_column_properties where identifier = 93;
delete from dyextn_database_properties where identifier = 93;
delete from  dyextn_integer_type_info where identifier = 28;
delete from dyextn_numeric_type_info where identifier = 28;
delete from DYEXTN_PERMISSIBLE_VALUE where ATTRIBUTE_TYPE_INFO_ID =28;
delete from DYEXTN_DATA_ELEMENT where ATTRIBUTE_TYPE_INFO_ID = 28;
delete from dyextn_attribute_type_info where identifier = 28;
delete from DYEXTN_CADSR_VALUE_DOMAIN_INFO where PRIMITIVE_ATTRIBUTE_ID = 61;
delete from dyextn_primitive_attribute where identifier = 61;
delete from dyextn_attribute where identifier = 61;
delete from DYEXTN_SEMANTIC_PROPERTY where ABSTRACT_METADATA_ID = 61;
delete from DYEXTN_BASE_ABSTRACT_ATTRIBUTE where identifier = 61;
delete from DYEXTN_TAGGED_VALUE where ABSTRACT_METADATA_ID = 61;
delete from dyextn_abstract_metadata where identifier = 61;
delete from dyextn_column_properties where identifier = 94;
delete from dyextn_database_properties where identifier = 94;
delete from  dyextn_integer_type_info where identifier = 29;
delete from dyextn_numeric_type_info where identifier = 29;
delete from DYEXTN_PERMISSIBLE_VALUE where ATTRIBUTE_TYPE_INFO_ID =29;
delete from DYEXTN_DATA_ELEMENT where ATTRIBUTE_TYPE_INFO_ID = 29;
delete from dyextn_attribute_type_info where identifier = 29;
delete from DYEXTN_CADSR_VALUE_DOMAIN_INFO where PRIMITIVE_ATTRIBUTE_ID = 62;
delete from dyextn_primitive_attribute where identifier = 62;
delete from dyextn_attribute where identifier = 62;
delete from DYEXTN_SEMANTIC_PROPERTY where ABSTRACT_METADATA_ID = 62;
delete from DYEXTN_BASE_ABSTRACT_ATTRIBUTE where identifier = 62;
delete from DYEXTN_TAGGED_VALUE where ABSTRACT_METADATA_ID = 62;
delete from dyextn_abstract_metadata where identifier = 62;
delete from dyextn_column_properties where identifier = 114;
delete from dyextn_database_properties where identifier = 114;
delete from  dyextn_integer_type_info where identifier = 36;
delete from dyextn_numeric_type_info where identifier = 36;
delete from DYEXTN_PERMISSIBLE_VALUE where ATTRIBUTE_TYPE_INFO_ID =36;
delete from DYEXTN_DATA_ELEMENT where ATTRIBUTE_TYPE_INFO_ID = 36;
delete from dyextn_attribute_type_info where identifier = 36;
delete from DYEXTN_CADSR_VALUE_DOMAIN_INFO where PRIMITIVE_ATTRIBUTE_ID = 79;
delete from dyextn_primitive_attribute where identifier = 79;
delete from dyextn_attribute where identifier = 79;
delete from DYEXTN_SEMANTIC_PROPERTY where ABSTRACT_METADATA_ID = 79;
delete from DYEXTN_BASE_ABSTRACT_ATTRIBUTE where identifier = 79;
delete from DYEXTN_TAGGED_VALUE where ABSTRACT_METADATA_ID = 79;
delete from dyextn_abstract_metadata where identifier = 79;
delete from dyextn_column_properties where identifier = 115;
delete from dyextn_database_properties where identifier = 115;
delete from  dyextn_integer_type_info where identifier = 37;
delete from dyextn_numeric_type_info where identifier = 37;
delete from DYEXTN_PERMISSIBLE_VALUE where ATTRIBUTE_TYPE_INFO_ID =37;
delete from DYEXTN_DATA_ELEMENT where ATTRIBUTE_TYPE_INFO_ID = 37;
delete from dyextn_attribute_type_info where identifier = 37;
delete from DYEXTN_CADSR_VALUE_DOMAIN_INFO where PRIMITIVE_ATTRIBUTE_ID = 80;
delete from dyextn_primitive_attribute where identifier = 80;
delete from dyextn_attribute where identifier = 80;
delete from DYEXTN_SEMANTIC_PROPERTY where ABSTRACT_METADATA_ID = 80;
delete from DYEXTN_BASE_ABSTRACT_ATTRIBUTE where identifier = 80;
delete from DYEXTN_TAGGED_VALUE where ABSTRACT_METADATA_ID = 80;
delete from dyextn_abstract_metadata where identifier = 80;
delete from dyextn_column_properties where identifier = 41;
delete from dyextn_database_properties where identifier = 41;
delete from  dyextn_integer_type_info where identifier = 3;
delete from dyextn_numeric_type_info where identifier = 3;
delete from DYEXTN_PERMISSIBLE_VALUE where ATTRIBUTE_TYPE_INFO_ID =3;
delete from DYEXTN_DATA_ELEMENT where ATTRIBUTE_TYPE_INFO_ID = 3;
delete from dyextn_attribute_type_info where identifier = 3;
delete from DYEXTN_CADSR_VALUE_DOMAIN_INFO where PRIMITIVE_ATTRIBUTE_ID = 16;
delete from dyextn_primitive_attribute where identifier = 16;
delete from dyextn_attribute where identifier = 16;
delete from DYEXTN_SEMANTIC_PROPERTY where ABSTRACT_METADATA_ID = 16;
delete from DYEXTN_BASE_ABSTRACT_ATTRIBUTE where identifier = 16;
delete from DYEXTN_TAGGED_VALUE where ABSTRACT_METADATA_ID = 16;
delete from dyextn_abstract_metadata where identifier = 16;
delete from dyextn_column_properties where identifier = 53;
delete from dyextn_database_properties where identifier = 53;
delete from  dyextn_integer_type_info where identifier = 15;
delete from dyextn_numeric_type_info where identifier = 15;
delete from DYEXTN_PERMISSIBLE_VALUE where ATTRIBUTE_TYPE_INFO_ID =15;
delete from DYEXTN_DATA_ELEMENT where ATTRIBUTE_TYPE_INFO_ID = 15;
delete from dyextn_attribute_type_info where identifier = 15;
delete from DYEXTN_CADSR_VALUE_DOMAIN_INFO where PRIMITIVE_ATTRIBUTE_ID = 28;
delete from dyextn_primitive_attribute where identifier = 28;
delete from dyextn_attribute where identifier = 28;
delete from DYEXTN_SEMANTIC_PROPERTY where ABSTRACT_METADATA_ID = 28;
delete from DYEXTN_BASE_ABSTRACT_ATTRIBUTE where identifier = 28;
delete from DYEXTN_TAGGED_VALUE where ABSTRACT_METADATA_ID = 28;
delete from dyextn_abstract_metadata where identifier = 28;
delete from dyextn_column_properties where identifier = 76;
delete from dyextn_database_properties where identifier = 76;
delete from  dyextn_integer_type_info where identifier = 19;
delete from dyextn_numeric_type_info where identifier = 19;
delete from DYEXTN_PERMISSIBLE_VALUE where ATTRIBUTE_TYPE_INFO_ID =19;
delete from DYEXTN_DATA_ELEMENT where ATTRIBUTE_TYPE_INFO_ID = 19;
delete from dyextn_attribute_type_info where identifier = 19;
delete from DYEXTN_CADSR_VALUE_DOMAIN_INFO where PRIMITIVE_ATTRIBUTE_ID = 48;
delete from dyextn_primitive_attribute where identifier = 48;
delete from dyextn_attribute where identifier = 48;
delete from DYEXTN_SEMANTIC_PROPERTY where ABSTRACT_METADATA_ID = 48;
delete from DYEXTN_BASE_ABSTRACT_ATTRIBUTE where identifier = 48;
delete from DYEXTN_TAGGED_VALUE where ABSTRACT_METADATA_ID = 48;
delete from dyextn_abstract_metadata where identifier = 48;
delete from dyextn_column_properties where identifier = 77;
delete from dyextn_database_properties where identifier = 77;
delete from  dyextn_integer_type_info where identifier = 20;
delete from dyextn_numeric_type_info where identifier = 20;
delete from DYEXTN_PERMISSIBLE_VALUE where ATTRIBUTE_TYPE_INFO_ID =20;
delete from DYEXTN_DATA_ELEMENT where ATTRIBUTE_TYPE_INFO_ID = 20;
delete from dyextn_attribute_type_info where identifier = 20;
delete from DYEXTN_CADSR_VALUE_DOMAIN_INFO where PRIMITIVE_ATTRIBUTE_ID = 49;
delete from dyextn_primitive_attribute where identifier = 49;
delete from dyextn_attribute where identifier = 49;
delete from DYEXTN_SEMANTIC_PROPERTY where ABSTRACT_METADATA_ID = 49;
delete from DYEXTN_BASE_ABSTRACT_ATTRIBUTE where identifier = 49;
delete from DYEXTN_TAGGED_VALUE where ABSTRACT_METADATA_ID = 49;
delete from dyextn_abstract_metadata where identifier = 49;
delete from dyextn_column_properties where identifier = 93;
delete from dyextn_database_properties where identifier = 93;
delete from  dyextn_integer_type_info where identifier = 28;
delete from dyextn_numeric_type_info where identifier = 28;
delete from DYEXTN_PERMISSIBLE_VALUE where ATTRIBUTE_TYPE_INFO_ID =28;
delete from DYEXTN_DATA_ELEMENT where ATTRIBUTE_TYPE_INFO_ID = 28;
delete from dyextn_attribute_type_info where identifier = 28;
delete from DYEXTN_CADSR_VALUE_DOMAIN_INFO where PRIMITIVE_ATTRIBUTE_ID = 61;
delete from dyextn_primitive_attribute where identifier = 61;
delete from dyextn_attribute where identifier = 61;
delete from DYEXTN_SEMANTIC_PROPERTY where ABSTRACT_METADATA_ID = 61;
delete from DYEXTN_BASE_ABSTRACT_ATTRIBUTE where identifier = 61;
delete from DYEXTN_TAGGED_VALUE where ABSTRACT_METADATA_ID = 61;
delete from dyextn_abstract_metadata where identifier = 61;
delete from dyextn_column_properties where identifier = 94;
delete from dyextn_database_properties where identifier = 94;
delete from  dyextn_integer_type_info where identifier = 29;
delete from dyextn_numeric_type_info where identifier = 29;
delete from DYEXTN_PERMISSIBLE_VALUE where ATTRIBUTE_TYPE_INFO_ID =29;
delete from DYEXTN_DATA_ELEMENT where ATTRIBUTE_TYPE_INFO_ID = 29;
delete from dyextn_attribute_type_info where identifier = 29;
delete from DYEXTN_CADSR_VALUE_DOMAIN_INFO where PRIMITIVE_ATTRIBUTE_ID = 62;
delete from dyextn_primitive_attribute where identifier = 62;
delete from dyextn_attribute where identifier = 62;
delete from DYEXTN_SEMANTIC_PROPERTY where ABSTRACT_METADATA_ID = 62;
delete from DYEXTN_BASE_ABSTRACT_ATTRIBUTE where identifier = 62;
delete from DYEXTN_TAGGED_VALUE where ABSTRACT_METADATA_ID = 62;
delete from dyextn_abstract_metadata where identifier = 62;
delete from dyextn_column_properties where identifier = 114;
delete from dyextn_database_properties where identifier = 114;
delete from  dyextn_integer_type_info where identifier = 36;
delete from dyextn_numeric_type_info where identifier = 36;
delete from DYEXTN_PERMISSIBLE_VALUE where ATTRIBUTE_TYPE_INFO_ID =36;
delete from DYEXTN_DATA_ELEMENT where ATTRIBUTE_TYPE_INFO_ID = 36;
delete from dyextn_attribute_type_info where identifier = 36;
delete from DYEXTN_CADSR_VALUE_DOMAIN_INFO where PRIMITIVE_ATTRIBUTE_ID = 79;
delete from dyextn_primitive_attribute where identifier = 79;
delete from dyextn_attribute where identifier = 79;
delete from DYEXTN_SEMANTIC_PROPERTY where ABSTRACT_METADATA_ID = 79;
delete from DYEXTN_BASE_ABSTRACT_ATTRIBUTE where identifier = 79;
delete from DYEXTN_TAGGED_VALUE where ABSTRACT_METADATA_ID = 79;
delete from dyextn_abstract_metadata where identifier = 79;
delete from dyextn_column_properties where identifier = 115;
delete from dyextn_database_properties where identifier = 115;
delete from  dyextn_integer_type_info where identifier = 37;
delete from dyextn_numeric_type_info where identifier = 37;
delete from DYEXTN_PERMISSIBLE_VALUE where ATTRIBUTE_TYPE_INFO_ID =37;
delete from DYEXTN_DATA_ELEMENT where ATTRIBUTE_TYPE_INFO_ID = 37;
delete from dyextn_attribute_type_info where identifier = 37;
delete from DYEXTN_CADSR_VALUE_DOMAIN_INFO where PRIMITIVE_ATTRIBUTE_ID = 80;
delete from dyextn_primitive_attribute where identifier = 80;
delete from dyextn_attribute where identifier = 80;
delete from DYEXTN_SEMANTIC_PROPERTY where ABSTRACT_METADATA_ID = 80;
delete from DYEXTN_BASE_ABSTRACT_ATTRIBUTE where identifier = 80;
delete from DYEXTN_TAGGED_VALUE where ABSTRACT_METADATA_ID = 80;
delete from dyextn_abstract_metadata where identifier = 80;
delete from dyextn_column_properties where identifier = 41;
delete from dyextn_database_properties where identifier = 41;
delete from  dyextn_integer_type_info where identifier = 3;
delete from dyextn_numeric_type_info where identifier = 3;
delete from DYEXTN_PERMISSIBLE_VALUE where ATTRIBUTE_TYPE_INFO_ID =3;
delete from DYEXTN_DATA_ELEMENT where ATTRIBUTE_TYPE_INFO_ID = 3;
delete from dyextn_attribute_type_info where identifier = 3;
delete from DYEXTN_CADSR_VALUE_DOMAIN_INFO where PRIMITIVE_ATTRIBUTE_ID = 16;
delete from dyextn_primitive_attribute where identifier = 16;
delete from dyextn_attribute where identifier = 16;
delete from DYEXTN_SEMANTIC_PROPERTY where ABSTRACT_METADATA_ID = 16;
delete from DYEXTN_BASE_ABSTRACT_ATTRIBUTE where identifier = 16;
delete from DYEXTN_TAGGED_VALUE where ABSTRACT_METADATA_ID = 16;
delete from dyextn_abstract_metadata where identifier = 16;
delete from dyextn_column_properties where identifier = 53;
delete from dyextn_database_properties where identifier = 53;
delete from  dyextn_integer_type_info where identifier = 15;
delete from dyextn_numeric_type_info where identifier = 15;
delete from DYEXTN_PERMISSIBLE_VALUE where ATTRIBUTE_TYPE_INFO_ID =15;
delete from DYEXTN_DATA_ELEMENT where ATTRIBUTE_TYPE_INFO_ID = 15;
delete from dyextn_attribute_type_info where identifier = 15;
delete from DYEXTN_CADSR_VALUE_DOMAIN_INFO where PRIMITIVE_ATTRIBUTE_ID = 28;
delete from dyextn_primitive_attribute where identifier = 28;
delete from dyextn_attribute where identifier = 28;
delete from DYEXTN_SEMANTIC_PROPERTY where ABSTRACT_METADATA_ID = 28;
delete from DYEXTN_BASE_ABSTRACT_ATTRIBUTE where identifier = 28;
delete from DYEXTN_TAGGED_VALUE where ABSTRACT_METADATA_ID = 28;
delete from dyextn_abstract_metadata where identifier = 28;
delete from dyextn_column_properties where identifier = 76;
delete from dyextn_database_properties where identifier = 76;
delete from  dyextn_integer_type_info where identifier = 19;
delete from dyextn_numeric_type_info where identifier = 19;
delete from DYEXTN_PERMISSIBLE_VALUE where ATTRIBUTE_TYPE_INFO_ID =19;
delete from DYEXTN_DATA_ELEMENT where ATTRIBUTE_TYPE_INFO_ID = 19;
delete from dyextn_attribute_type_info where identifier = 19;
delete from DYEXTN_CADSR_VALUE_DOMAIN_INFO where PRIMITIVE_ATTRIBUTE_ID = 48;
delete from dyextn_primitive_attribute where identifier = 48;
delete from dyextn_attribute where identifier = 48;
delete from DYEXTN_SEMANTIC_PROPERTY where ABSTRACT_METADATA_ID = 48;
delete from DYEXTN_BASE_ABSTRACT_ATTRIBUTE where identifier = 48;
delete from DYEXTN_TAGGED_VALUE where ABSTRACT_METADATA_ID = 48;
delete from dyextn_abstract_metadata where identifier = 48;
delete from dyextn_column_properties where identifier = 77;
delete from dyextn_database_properties where identifier = 77;
delete from  dyextn_integer_type_info where identifier = 20;
delete from dyextn_numeric_type_info where identifier = 20;
delete from DYEXTN_PERMISSIBLE_VALUE where ATTRIBUTE_TYPE_INFO_ID =20;
delete from DYEXTN_DATA_ELEMENT where ATTRIBUTE_TYPE_INFO_ID = 20;
delete from dyextn_attribute_type_info where identifier = 20;
delete from DYEXTN_CADSR_VALUE_DOMAIN_INFO where PRIMITIVE_ATTRIBUTE_ID = 49;
delete from dyextn_primitive_attribute where identifier = 49;
delete from dyextn_attribute where identifier = 49;
delete from DYEXTN_SEMANTIC_PROPERTY where ABSTRACT_METADATA_ID = 49;
delete from DYEXTN_BASE_ABSTRACT_ATTRIBUTE where identifier = 49;
delete from DYEXTN_TAGGED_VALUE where ABSTRACT_METADATA_ID = 49;
delete from dyextn_abstract_metadata where identifier = 49;
delete from dyextn_column_properties where identifier = 93;
delete from dyextn_database_properties where identifier = 93;
delete from  dyextn_integer_type_info where identifier = 28;
delete from dyextn_numeric_type_info where identifier = 28;
delete from DYEXTN_PERMISSIBLE_VALUE where ATTRIBUTE_TYPE_INFO_ID =28;
delete from DYEXTN_DATA_ELEMENT where ATTRIBUTE_TYPE_INFO_ID = 28;
delete from dyextn_attribute_type_info where identifier = 28;
delete from DYEXTN_CADSR_VALUE_DOMAIN_INFO where PRIMITIVE_ATTRIBUTE_ID = 61;
delete from dyextn_primitive_attribute where identifier = 61;
delete from dyextn_attribute where identifier = 61;
delete from DYEXTN_SEMANTIC_PROPERTY where ABSTRACT_METADATA_ID = 61;
delete from DYEXTN_BASE_ABSTRACT_ATTRIBUTE where identifier = 61;
delete from DYEXTN_TAGGED_VALUE where ABSTRACT_METADATA_ID = 61;
delete from dyextn_abstract_metadata where identifier = 61;
delete from dyextn_column_properties where identifier = 94;
delete from dyextn_database_properties where identifier = 94;
delete from  dyextn_integer_type_info where identifier = 29;
delete from dyextn_numeric_type_info where identifier = 29;
delete from DYEXTN_PERMISSIBLE_VALUE where ATTRIBUTE_TYPE_INFO_ID =29;
delete from DYEXTN_DATA_ELEMENT where ATTRIBUTE_TYPE_INFO_ID = 29;
delete from dyextn_attribute_type_info where identifier = 29;
delete from DYEXTN_CADSR_VALUE_DOMAIN_INFO where PRIMITIVE_ATTRIBUTE_ID = 62;
delete from dyextn_primitive_attribute where identifier = 62;
delete from dyextn_attribute where identifier = 62;
delete from DYEXTN_SEMANTIC_PROPERTY where ABSTRACT_METADATA_ID = 62;
delete from DYEXTN_BASE_ABSTRACT_ATTRIBUTE where identifier = 62;
delete from DYEXTN_TAGGED_VALUE where ABSTRACT_METADATA_ID = 62;
delete from dyextn_abstract_metadata where identifier = 62;
delete from dyextn_column_properties where identifier = 114;
delete from dyextn_database_properties where identifier = 114;
delete from  dyextn_integer_type_info where identifier = 36;
delete from dyextn_numeric_type_info where identifier = 36;
delete from DYEXTN_PERMISSIBLE_VALUE where ATTRIBUTE_TYPE_INFO_ID =36;
delete from DYEXTN_DATA_ELEMENT where ATTRIBUTE_TYPE_INFO_ID = 36;
delete from dyextn_attribute_type_info where identifier = 36;
delete from DYEXTN_CADSR_VALUE_DOMAIN_INFO where PRIMITIVE_ATTRIBUTE_ID = 79;
delete from dyextn_primitive_attribute where identifier = 79;
delete from dyextn_attribute where identifier = 79;
delete from DYEXTN_SEMANTIC_PROPERTY where ABSTRACT_METADATA_ID = 79;
delete from DYEXTN_BASE_ABSTRACT_ATTRIBUTE where identifier = 79;
delete from DYEXTN_TAGGED_VALUE where ABSTRACT_METADATA_ID = 79;
delete from dyextn_abstract_metadata where identifier = 79;
delete from dyextn_column_properties where identifier = 115;
delete from dyextn_database_properties where identifier = 115;
delete from  dyextn_integer_type_info where identifier = 37;
delete from dyextn_numeric_type_info where identifier = 37;
delete from DYEXTN_PERMISSIBLE_VALUE where ATTRIBUTE_TYPE_INFO_ID =37;
delete from DYEXTN_DATA_ELEMENT where ATTRIBUTE_TYPE_INFO_ID = 37;
delete from dyextn_attribute_type_info where identifier = 37;
delete from DYEXTN_CADSR_VALUE_DOMAIN_INFO where PRIMITIVE_ATTRIBUTE_ID = 80;
delete from dyextn_primitive_attribute where identifier = 80;
delete from dyextn_attribute where identifier = 80;
delete from DYEXTN_SEMANTIC_PROPERTY where ABSTRACT_METADATA_ID = 80;
delete from DYEXTN_BASE_ABSTRACT_ATTRIBUTE where identifier = 80;
delete from DYEXTN_TAGGED_VALUE where ABSTRACT_METADATA_ID = 80;
delete from dyextn_abstract_metadata where identifier = 80;
delete from dyextn_column_properties where identifier = 41;
delete from dyextn_database_properties where identifier = 41;
delete from  dyextn_integer_type_info where identifier = 3;
delete from dyextn_numeric_type_info where identifier = 3;
delete from DYEXTN_PERMISSIBLE_VALUE where ATTRIBUTE_TYPE_INFO_ID =3;
delete from DYEXTN_DATA_ELEMENT where ATTRIBUTE_TYPE_INFO_ID = 3;
delete from dyextn_attribute_type_info where identifier = 3;
delete from DYEXTN_CADSR_VALUE_DOMAIN_INFO where PRIMITIVE_ATTRIBUTE_ID = 16;
delete from dyextn_primitive_attribute where identifier = 16;
delete from dyextn_attribute where identifier = 16;
delete from DYEXTN_SEMANTIC_PROPERTY where ABSTRACT_METADATA_ID = 16;
delete from DYEXTN_BASE_ABSTRACT_ATTRIBUTE where identifier = 16;
delete from DYEXTN_TAGGED_VALUE where ABSTRACT_METADATA_ID = 16;
delete from dyextn_abstract_metadata where identifier = 16;
delete from dyextn_column_properties where identifier = 53;
delete from dyextn_database_properties where identifier = 53;
delete from  dyextn_integer_type_info where identifier = 15;
delete from dyextn_numeric_type_info where identifier = 15;
delete from DYEXTN_PERMISSIBLE_VALUE where ATTRIBUTE_TYPE_INFO_ID =15;
delete from DYEXTN_DATA_ELEMENT where ATTRIBUTE_TYPE_INFO_ID = 15;
delete from dyextn_attribute_type_info where identifier = 15;
delete from DYEXTN_CADSR_VALUE_DOMAIN_INFO where PRIMITIVE_ATTRIBUTE_ID = 28;
delete from dyextn_primitive_attribute where identifier = 28;
delete from dyextn_attribute where identifier = 28;
delete from DYEXTN_SEMANTIC_PROPERTY where ABSTRACT_METADATA_ID = 28;
delete from DYEXTN_BASE_ABSTRACT_ATTRIBUTE where identifier = 28;
delete from DYEXTN_TAGGED_VALUE where ABSTRACT_METADATA_ID = 28;
delete from dyextn_abstract_metadata where identifier = 28;
delete from dyextn_column_properties where identifier = 76;
delete from dyextn_database_properties where identifier = 76;
delete from  dyextn_integer_type_info where identifier = 19;
delete from dyextn_numeric_type_info where identifier = 19;
delete from DYEXTN_PERMISSIBLE_VALUE where ATTRIBUTE_TYPE_INFO_ID =19;
delete from DYEXTN_DATA_ELEMENT where ATTRIBUTE_TYPE_INFO_ID = 19;
delete from dyextn_attribute_type_info where identifier = 19;
delete from DYEXTN_CADSR_VALUE_DOMAIN_INFO where PRIMITIVE_ATTRIBUTE_ID = 48;
delete from dyextn_primitive_attribute where identifier = 48;
delete from dyextn_attribute where identifier = 48;
delete from DYEXTN_SEMANTIC_PROPERTY where ABSTRACT_METADATA_ID = 48;
delete from DYEXTN_BASE_ABSTRACT_ATTRIBUTE where identifier = 48;
delete from DYEXTN_TAGGED_VALUE where ABSTRACT_METADATA_ID = 48;
delete from dyextn_abstract_metadata where identifier = 48;
delete from dyextn_column_properties where identifier = 77;
delete from dyextn_database_properties where identifier = 77;
delete from  dyextn_integer_type_info where identifier = 20;
delete from dyextn_numeric_type_info where identifier = 20;
delete from DYEXTN_PERMISSIBLE_VALUE where ATTRIBUTE_TYPE_INFO_ID =20;
delete from DYEXTN_DATA_ELEMENT where ATTRIBUTE_TYPE_INFO_ID = 20;
delete from dyextn_attribute_type_info where identifier = 20;
delete from DYEXTN_CADSR_VALUE_DOMAIN_INFO where PRIMITIVE_ATTRIBUTE_ID = 49;
delete from dyextn_primitive_attribute where identifier = 49;
delete from dyextn_attribute where identifier = 49;
delete from DYEXTN_SEMANTIC_PROPERTY where ABSTRACT_METADATA_ID = 49;
delete from DYEXTN_BASE_ABSTRACT_ATTRIBUTE where identifier = 49;
delete from DYEXTN_TAGGED_VALUE where ABSTRACT_METADATA_ID = 49;
delete from dyextn_abstract_metadata where identifier = 49;
delete from dyextn_column_properties where identifier = 45;
delete from dyextn_database_properties where identifier = 45;
delete from dyextn_boolean_type_info where identifier = 7;
delete from dyextn_attribute_type_info where identifier = 7;
delete from DYEXTN_CADSR_VALUE_DOMAIN_INFO where PRIMITIVE_ATTRIBUTE_ID = 20;
delete from dyextn_primitive_attribute where identifier = 20;
delete from dyextn_attribute where identifier = 20;
delete from DYEXTN_SEMANTIC_PROPERTY where ABSTRACT_METADATA_ID = 20;
delete from DYEXTN_BASE_ABSTRACT_ATTRIBUTE where identifier = 20;
delete from DYEXTN_TAGGED_VALUE where ABSTRACT_METADATA_ID = 20;
delete from dyextn_abstract_metadata where identifier = 20;

delete from dyextn_column_properties where identifier = 489;
 delete from dyextn_database_properties where identifier = 489;
 delete from  dyextn_integer_type_info where identifier = 182;
 delete from dyextn_numeric_type_info where identifier = 182;
 delete from dyextn_attribute_type_info where identifier = 182;
 delete from DYEXTN_CADSR_VALUE_DOMAIN_INFO where PRIMITIVE_ATTRIBUTE_ID = 345;
 delete from dyextn_primitive_attribute where identifier = 345;
 delete from dyextn_attribute where identifier = 345;
 delete from DYEXTN_SEMANTIC_PROPERTY where ABSTRACT_METADATA_ID = 345;
 delete from DYEXTN_BASE_ABSTRACT_ATTRIBUTE where identifier = 345;
 delete from DYEXTN_TAGGED_VALUE where ABSTRACT_METADATA_ID = 345;
 delete from dyextn_abstract_metadata where identifier = 345;

 delete from dyextn_column_properties where identifier = 501;
 delete from dyextn_database_properties where identifier = 501;
 delete from  dyextn_integer_type_info where identifier = 194;
 delete from dyextn_numeric_type_info where identifier = 194;
 delete from dyextn_attribute_type_info where identifier = 194;
 delete from DYEXTN_CADSR_VALUE_DOMAIN_INFO where PRIMITIVE_ATTRIBUTE_ID = 357;
 delete from dyextn_primitive_attribute where identifier = 357;
 delete from dyextn_attribute where identifier = 357;
 delete from DYEXTN_SEMANTIC_PROPERTY where ABSTRACT_METADATA_ID = 357;
 delete from DYEXTN_BASE_ABSTRACT_ATTRIBUTE where identifier = 357;
 delete from DYEXTN_TAGGED_VALUE where ABSTRACT_METADATA_ID = 357;
 delete from dyextn_abstract_metadata where identifier = 357;

 delete from dyextn_column_properties where identifier = 303;
 delete from dyextn_database_properties where identifier = 303;
 delete from  dyextn_integer_type_info where identifier = 139;
 delete from dyextn_numeric_type_info where identifier = 139;
 delete from dyextn_attribute_type_info where identifier = 139;
 delete from DYEXTN_CADSR_VALUE_DOMAIN_INFO where PRIMITIVE_ATTRIBUTE_ID = 237;
 delete from dyextn_primitive_attribute where identifier = 237;
 delete from dyextn_attribute where identifier = 237;
 delete from DYEXTN_SEMANTIC_PROPERTY where ABSTRACT_METADATA_ID = 237;
 delete from DYEXTN_BASE_ABSTRACT_ATTRIBUTE where identifier = 237;
 delete from DYEXTN_TAGGED_VALUE where ABSTRACT_METADATA_ID = 237;
 delete from dyextn_abstract_metadata where identifier = 237;

 delete from dyextn_column_properties where identifier = 316;
 delete from dyextn_database_properties where identifier = 316;
 delete from  dyextn_integer_type_info where identifier = 152;
 delete from dyextn_numeric_type_info where identifier = 152;
 delete from dyextn_attribute_type_info where identifier = 152;
 delete from DYEXTN_CADSR_VALUE_DOMAIN_INFO where PRIMITIVE_ATTRIBUTE_ID = 250;
 delete from dyextn_primitive_attribute where identifier = 250;
 delete from dyextn_attribute where identifier = 250;
 delete from DYEXTN_SEMANTIC_PROPERTY where ABSTRACT_METADATA_ID = 250;
 delete from DYEXTN_BASE_ABSTRACT_ATTRIBUTE where identifier = 250;
 delete from DYEXTN_TAGGED_VALUE where ABSTRACT_METADATA_ID = 250;
 delete from dyextn_abstract_metadata where identifier = 250;

 delete from dyextn_column_properties where identifier = 365;
 delete from dyextn_database_properties where identifier = 365;
 delete from  dyextn_integer_type_info where identifier = 154;
 delete from dyextn_numeric_type_info where identifier = 154;
 delete from dyextn_attribute_type_info where identifier = 154;
 delete from DYEXTN_CADSR_VALUE_DOMAIN_INFO where PRIMITIVE_ATTRIBUTE_ID = 273;
 delete from dyextn_primitive_attribute where identifier = 273;
 delete from dyextn_attribute where identifier = 273;
 delete from DYEXTN_SEMANTIC_PROPERTY where ABSTRACT_METADATA_ID = 273;
 delete from DYEXTN_BASE_ABSTRACT_ATTRIBUTE where identifier = 273;
 delete from DYEXTN_TAGGED_VALUE where ABSTRACT_METADATA_ID = 273;
 delete from dyextn_abstract_metadata where identifier = 273;

 delete from dyextn_column_properties where identifier = 377;
 delete from dyextn_database_properties where identifier = 377;
 delete from  dyextn_integer_type_info where identifier = 166;
 delete from dyextn_numeric_type_info where identifier = 166;
 delete from dyextn_attribute_type_info where identifier = 166;
 delete from DYEXTN_CADSR_VALUE_DOMAIN_INFO where PRIMITIVE_ATTRIBUTE_ID = 285;
 delete from dyextn_primitive_attribute where identifier = 285;
 delete from dyextn_attribute where identifier = 285;
 delete from DYEXTN_SEMANTIC_PROPERTY where ABSTRACT_METADATA_ID = 285;
 delete from DYEXTN_BASE_ABSTRACT_ATTRIBUTE where identifier = 285;
 delete from DYEXTN_TAGGED_VALUE where ABSTRACT_METADATA_ID = 285;
 delete from dyextn_abstract_metadata where identifier = 285;

 delete from dyextn_column_properties where identifier = 427;
 delete from dyextn_database_properties where identifier = 427;
 delete from  dyextn_integer_type_info where identifier = 168;
 delete from dyextn_numeric_type_info where identifier = 168;
 delete from dyextn_attribute_type_info where identifier = 168;
 delete from DYEXTN_CADSR_VALUE_DOMAIN_INFO where PRIMITIVE_ATTRIBUTE_ID = 309;
 delete from dyextn_primitive_attribute where identifier = 309;
 delete from dyextn_attribute where identifier = 309;
 delete from DYEXTN_SEMANTIC_PROPERTY where ABSTRACT_METADATA_ID = 309;
 delete from DYEXTN_BASE_ABSTRACT_ATTRIBUTE where identifier = 309;
 delete from DYEXTN_TAGGED_VALUE where ABSTRACT_METADATA_ID = 309;
 delete from dyextn_abstract_metadata where identifier = 309;

 delete from dyextn_column_properties where identifier = 439;
 delete from dyextn_database_properties where identifier = 439;
 delete from  dyextn_integer_type_info where identifier = 180;
 delete from dyextn_numeric_type_info where identifier = 180;
 delete from dyextn_attribute_type_info where identifier = 180;
 delete from DYEXTN_CADSR_VALUE_DOMAIN_INFO where PRIMITIVE_ATTRIBUTE_ID = 321;
 delete from dyextn_primitive_attribute where identifier = 321;
 delete from dyextn_attribute where identifier = 321;
 delete from DYEXTN_SEMANTIC_PROPERTY where ABSTRACT_METADATA_ID = 321;
 delete from DYEXTN_BASE_ABSTRACT_ATTRIBUTE where identifier = 321;
 delete from DYEXTN_TAGGED_VALUE where ABSTRACT_METADATA_ID = 321;
 delete from dyextn_abstract_metadata where identifier = 321;

 delete from dyextn_column_properties where identifier = 489;
 delete from dyextn_database_properties where identifier = 489;
 delete from  dyextn_integer_type_info where identifier = 182;
 delete from dyextn_numeric_type_info where identifier = 182;
 delete from dyextn_attribute_type_info where identifier = 182;
 delete from DYEXTN_CADSR_VALUE_DOMAIN_INFO where PRIMITIVE_ATTRIBUTE_ID = 345;
 delete from dyextn_primitive_attribute where identifier = 345;
 delete from dyextn_attribute where identifier = 345;
 delete from DYEXTN_SEMANTIC_PROPERTY where ABSTRACT_METADATA_ID = 345;
 delete from DYEXTN_BASE_ABSTRACT_ATTRIBUTE where identifier = 345;
 delete from DYEXTN_TAGGED_VALUE where ABSTRACT_METADATA_ID = 345;
 delete from dyextn_abstract_metadata where identifier = 345;

 delete from dyextn_column_properties where identifier = 501;
 delete from dyextn_database_properties where identifier = 501;
 delete from  dyextn_integer_type_info where identifier = 194;
 delete from dyextn_numeric_type_info where identifier = 194;
 delete from dyextn_attribute_type_info where identifier = 194;
 delete from DYEXTN_CADSR_VALUE_DOMAIN_INFO where PRIMITIVE_ATTRIBUTE_ID = 357;
 delete from dyextn_primitive_attribute where identifier = 357;
 delete from dyextn_attribute where identifier = 357;
 delete from DYEXTN_SEMANTIC_PROPERTY where ABSTRACT_METADATA_ID = 357;
 delete from DYEXTN_BASE_ABSTRACT_ATTRIBUTE where identifier = 357;
 delete from DYEXTN_TAGGED_VALUE where ABSTRACT_METADATA_ID = 357;
 delete from dyextn_abstract_metadata where identifier = 357;

 delete from dyextn_column_properties where identifier = 303;
 delete from dyextn_database_properties where identifier = 303;
 delete from  dyextn_integer_type_info where identifier = 139;
 delete from dyextn_numeric_type_info where identifier = 139;
 delete from dyextn_attribute_type_info where identifier = 139;
 delete from DYEXTN_CADSR_VALUE_DOMAIN_INFO where PRIMITIVE_ATTRIBUTE_ID = 237;
 delete from dyextn_primitive_attribute where identifier = 237;
 delete from dyextn_attribute where identifier = 237;
 delete from DYEXTN_SEMANTIC_PROPERTY where ABSTRACT_METADATA_ID = 237;
 delete from DYEXTN_BASE_ABSTRACT_ATTRIBUTE where identifier = 237;
 delete from DYEXTN_TAGGED_VALUE where ABSTRACT_METADATA_ID = 237;
 delete from dyextn_abstract_metadata where identifier = 237;

 delete from dyextn_column_properties where identifier = 316;
 delete from dyextn_database_properties where identifier = 316;
 delete from  dyextn_integer_type_info where identifier = 152;
 delete from dyextn_numeric_type_info where identifier = 152;
 delete from dyextn_attribute_type_info where identifier = 152;
 delete from DYEXTN_CADSR_VALUE_DOMAIN_INFO where PRIMITIVE_ATTRIBUTE_ID = 250;
 delete from dyextn_primitive_attribute where identifier = 250;
 delete from dyextn_attribute where identifier = 250;
 delete from DYEXTN_SEMANTIC_PROPERTY where ABSTRACT_METADATA_ID = 250;
 delete from DYEXTN_BASE_ABSTRACT_ATTRIBUTE where identifier = 250;
 delete from DYEXTN_TAGGED_VALUE where ABSTRACT_METADATA_ID = 250;
 delete from dyextn_abstract_metadata where identifier = 250;

 delete from dyextn_column_properties where identifier = 365;
 delete from dyextn_database_properties where identifier = 365;
 delete from  dyextn_integer_type_info where identifier = 154;
 delete from dyextn_numeric_type_info where identifier = 154;
 delete from dyextn_attribute_type_info where identifier = 154;
 delete from DYEXTN_CADSR_VALUE_DOMAIN_INFO where PRIMITIVE_ATTRIBUTE_ID = 273;
 delete from dyextn_primitive_attribute where identifier = 273;
 delete from dyextn_attribute where identifier = 273;
 delete from DYEXTN_SEMANTIC_PROPERTY where ABSTRACT_METADATA_ID = 273;
 delete from DYEXTN_BASE_ABSTRACT_ATTRIBUTE where identifier = 273;
 delete from DYEXTN_TAGGED_VALUE where ABSTRACT_METADATA_ID = 273;
 delete from dyextn_abstract_metadata where identifier = 273;

 delete from dyextn_column_properties where identifier = 377;
 delete from dyextn_database_properties where identifier = 377;
 delete from  dyextn_integer_type_info where identifier = 166;
 delete from dyextn_numeric_type_info where identifier = 166;
 delete from dyextn_attribute_type_info where identifier = 166;
 delete from DYEXTN_CADSR_VALUE_DOMAIN_INFO where PRIMITIVE_ATTRIBUTE_ID = 285;
 delete from dyextn_primitive_attribute where identifier = 285;
 delete from dyextn_attribute where identifier = 285;
 delete from DYEXTN_SEMANTIC_PROPERTY where ABSTRACT_METADATA_ID = 285;
 delete from DYEXTN_BASE_ABSTRACT_ATTRIBUTE where identifier = 285;
 delete from DYEXTN_TAGGED_VALUE where ABSTRACT_METADATA_ID = 285;
 delete from dyextn_abstract_metadata where identifier = 285;

 delete from dyextn_column_properties where identifier = 427;
 delete from dyextn_database_properties where identifier = 427;
 delete from  dyextn_integer_type_info where identifier = 168;
 delete from dyextn_numeric_type_info where identifier = 168;
 delete from dyextn_attribute_type_info where identifier = 168;
 delete from DYEXTN_CADSR_VALUE_DOMAIN_INFO where PRIMITIVE_ATTRIBUTE_ID = 309;
 delete from dyextn_primitive_attribute where identifier = 309;
 delete from dyextn_attribute where identifier = 309;
 delete from DYEXTN_SEMANTIC_PROPERTY where ABSTRACT_METADATA_ID = 309;
 delete from DYEXTN_BASE_ABSTRACT_ATTRIBUTE where identifier = 309;
 delete from DYEXTN_TAGGED_VALUE where ABSTRACT_METADATA_ID = 309;
 delete from dyextn_abstract_metadata where identifier = 309;

 delete from dyextn_column_properties where identifier = 439;
 delete from dyextn_database_properties where identifier = 439;
 delete from  dyextn_integer_type_info where identifier = 180;
 delete from dyextn_numeric_type_info where identifier = 180;
 delete from dyextn_attribute_type_info where identifier = 180;
 delete from DYEXTN_CADSR_VALUE_DOMAIN_INFO where PRIMITIVE_ATTRIBUTE_ID = 321;
 delete from dyextn_primitive_attribute where identifier = 321;
 delete from dyextn_attribute where identifier = 321;
 delete from DYEXTN_SEMANTIC_PROPERTY where ABSTRACT_METADATA_ID = 321;
 delete from DYEXTN_BASE_ABSTRACT_ATTRIBUTE where identifier = 321;
 delete from DYEXTN_TAGGED_VALUE where ABSTRACT_METADATA_ID = 321;
 delete from dyextn_abstract_metadata where identifier = 321;

 delete from dyextn_column_properties where identifier = 489;
 delete from dyextn_database_properties where identifier = 489;
 delete from  dyextn_integer_type_info where identifier = 182;
 delete from dyextn_numeric_type_info where identifier = 182;
 delete from dyextn_attribute_type_info where identifier = 182;
 delete from DYEXTN_CADSR_VALUE_DOMAIN_INFO where PRIMITIVE_ATTRIBUTE_ID = 345;
 delete from dyextn_primitive_attribute where identifier = 345;
 delete from dyextn_attribute where identifier = 345;
 delete from DYEXTN_SEMANTIC_PROPERTY where ABSTRACT_METADATA_ID = 345;
 delete from DYEXTN_BASE_ABSTRACT_ATTRIBUTE where identifier = 345;
 delete from DYEXTN_TAGGED_VALUE where ABSTRACT_METADATA_ID = 345;
 delete from dyextn_abstract_metadata where identifier = 345;

 delete from dyextn_column_properties where identifier = 501;
 delete from dyextn_database_properties where identifier = 501;
 delete from  dyextn_integer_type_info where identifier = 194;
 delete from dyextn_numeric_type_info where identifier = 194;
 delete from dyextn_attribute_type_info where identifier = 194;
 delete from DYEXTN_CADSR_VALUE_DOMAIN_INFO where PRIMITIVE_ATTRIBUTE_ID = 357;
 delete from dyextn_primitive_attribute where identifier = 357;
 delete from dyextn_attribute where identifier = 357;
 delete from DYEXTN_SEMANTIC_PROPERTY where ABSTRACT_METADATA_ID = 357;
 delete from DYEXTN_BASE_ABSTRACT_ATTRIBUTE where identifier = 357;
 delete from DYEXTN_TAGGED_VALUE where ABSTRACT_METADATA_ID = 357;
 delete from dyextn_abstract_metadata where identifier = 357;

 delete from dyextn_column_properties where identifier = 303;
 delete from dyextn_database_properties where identifier = 303;
 delete from  dyextn_integer_type_info where identifier = 139;
 delete from dyextn_numeric_type_info where identifier = 139;
 delete from dyextn_attribute_type_info where identifier = 139;
 delete from DYEXTN_CADSR_VALUE_DOMAIN_INFO where PRIMITIVE_ATTRIBUTE_ID = 237;
 delete from dyextn_primitive_attribute where identifier = 237;
 delete from dyextn_attribute where identifier = 237;
 delete from DYEXTN_SEMANTIC_PROPERTY where ABSTRACT_METADATA_ID = 237;
 delete from DYEXTN_BASE_ABSTRACT_ATTRIBUTE where identifier = 237;
 delete from DYEXTN_TAGGED_VALUE where ABSTRACT_METADATA_ID = 237;
 delete from dyextn_abstract_metadata where identifier = 237;

 delete from dyextn_column_properties where identifier = 316;
 delete from dyextn_database_properties where identifier = 316;
 delete from  dyextn_integer_type_info where identifier = 152;
 delete from dyextn_numeric_type_info where identifier = 152;
 delete from dyextn_attribute_type_info where identifier = 152;
 delete from DYEXTN_CADSR_VALUE_DOMAIN_INFO where PRIMITIVE_ATTRIBUTE_ID = 250;
 delete from dyextn_primitive_attribute where identifier = 250;
 delete from dyextn_attribute where identifier = 250;
 delete from DYEXTN_SEMANTIC_PROPERTY where ABSTRACT_METADATA_ID = 250;
 delete from DYEXTN_BASE_ABSTRACT_ATTRIBUTE where identifier = 250;
 delete from DYEXTN_TAGGED_VALUE where ABSTRACT_METADATA_ID = 250;
 delete from dyextn_abstract_metadata where identifier = 250;

 delete from dyextn_column_properties where identifier = 365;
 delete from dyextn_database_properties where identifier = 365;
 delete from  dyextn_integer_type_info where identifier = 154;
 delete from dyextn_numeric_type_info where identifier = 154;
 delete from dyextn_attribute_type_info where identifier = 154;
 delete from DYEXTN_CADSR_VALUE_DOMAIN_INFO where PRIMITIVE_ATTRIBUTE_ID = 273;
 delete from dyextn_primitive_attribute where identifier = 273;
 delete from dyextn_attribute where identifier = 273;
 delete from DYEXTN_SEMANTIC_PROPERTY where ABSTRACT_METADATA_ID = 273;
 delete from DYEXTN_BASE_ABSTRACT_ATTRIBUTE where identifier = 273;
 delete from DYEXTN_TAGGED_VALUE where ABSTRACT_METADATA_ID = 273;
 delete from dyextn_abstract_metadata where identifier = 273;

 delete from dyextn_column_properties where identifier = 377;
 delete from dyextn_database_properties where identifier = 377;
 delete from  dyextn_integer_type_info where identifier = 166;
 delete from dyextn_numeric_type_info where identifier = 166;
 delete from dyextn_attribute_type_info where identifier = 166;
 delete from DYEXTN_CADSR_VALUE_DOMAIN_INFO where PRIMITIVE_ATTRIBUTE_ID = 285;
 delete from dyextn_primitive_attribute where identifier = 285;
 delete from dyextn_attribute where identifier = 285;
 delete from DYEXTN_SEMANTIC_PROPERTY where ABSTRACT_METADATA_ID = 285;
 delete from DYEXTN_BASE_ABSTRACT_ATTRIBUTE where identifier = 285;
 delete from DYEXTN_TAGGED_VALUE where ABSTRACT_METADATA_ID = 285;
 delete from dyextn_abstract_metadata where identifier = 285;

 delete from dyextn_column_properties where identifier = 427;
 delete from dyextn_database_properties where identifier = 427;
 delete from  dyextn_integer_type_info where identifier = 168;
 delete from dyextn_numeric_type_info where identifier = 168;
 delete from dyextn_attribute_type_info where identifier = 168;
 delete from DYEXTN_CADSR_VALUE_DOMAIN_INFO where PRIMITIVE_ATTRIBUTE_ID = 309;
 delete from dyextn_primitive_attribute where identifier = 309;
 delete from dyextn_attribute where identifier = 309;
 delete from DYEXTN_SEMANTIC_PROPERTY where ABSTRACT_METADATA_ID = 309;
 delete from DYEXTN_BASE_ABSTRACT_ATTRIBUTE where identifier = 309;
 delete from DYEXTN_TAGGED_VALUE where ABSTRACT_METADATA_ID = 309;
 delete from dyextn_abstract_metadata where identifier = 309;

 delete from dyextn_column_properties where identifier = 439;
 delete from dyextn_database_properties where identifier = 439;
 delete from  dyextn_integer_type_info where identifier = 180;
 delete from dyextn_numeric_type_info where identifier = 180;
 delete from dyextn_attribute_type_info where identifier = 180;
 delete from DYEXTN_CADSR_VALUE_DOMAIN_INFO where PRIMITIVE_ATTRIBUTE_ID = 321;
 delete from dyextn_primitive_attribute where identifier = 321;
 delete from dyextn_attribute where identifier = 321;
 delete from DYEXTN_SEMANTIC_PROPERTY where ABSTRACT_METADATA_ID = 321;
 delete from DYEXTN_BASE_ABSTRACT_ATTRIBUTE where identifier = 321;
 delete from DYEXTN_TAGGED_VALUE where ABSTRACT_METADATA_ID = 321;
 delete from dyextn_abstract_metadata where identifier = 321;

 delete from dyextn_column_properties where identifier = 489;
 delete from dyextn_database_properties where identifier = 489;
 delete from  dyextn_integer_type_info where identifier = 182;
 delete from dyextn_numeric_type_info where identifier = 182;
 delete from dyextn_attribute_type_info where identifier = 182;
 delete from DYEXTN_CADSR_VALUE_DOMAIN_INFO where PRIMITIVE_ATTRIBUTE_ID = 345;
 delete from dyextn_primitive_attribute where identifier = 345;
 delete from dyextn_attribute where identifier = 345;
 delete from DYEXTN_SEMANTIC_PROPERTY where ABSTRACT_METADATA_ID = 345;
 delete from DYEXTN_BASE_ABSTRACT_ATTRIBUTE where identifier = 345;
 delete from DYEXTN_TAGGED_VALUE where ABSTRACT_METADATA_ID = 345;
 delete from dyextn_abstract_metadata where identifier = 345;

 delete from dyextn_column_properties where identifier = 501;
 delete from dyextn_database_properties where identifier = 501;
 delete from  dyextn_integer_type_info where identifier = 194;
 delete from dyextn_numeric_type_info where identifier = 194;
 delete from dyextn_attribute_type_info where identifier = 194;
 delete from DYEXTN_CADSR_VALUE_DOMAIN_INFO where PRIMITIVE_ATTRIBUTE_ID = 357;
 delete from dyextn_primitive_attribute where identifier = 357;
 delete from dyextn_attribute where identifier = 357;
 delete from DYEXTN_SEMANTIC_PROPERTY where ABSTRACT_METADATA_ID = 357;
 delete from DYEXTN_BASE_ABSTRACT_ATTRIBUTE where identifier = 357;
 delete from DYEXTN_TAGGED_VALUE where ABSTRACT_METADATA_ID = 357;
 delete from dyextn_abstract_metadata where identifier = 357;

 delete from dyextn_column_properties where identifier = 303;
 delete from dyextn_database_properties where identifier = 303;
 delete from  dyextn_integer_type_info where identifier = 139;
 delete from dyextn_numeric_type_info where identifier = 139;
 delete from dyextn_attribute_type_info where identifier = 139;
 delete from DYEXTN_CADSR_VALUE_DOMAIN_INFO where PRIMITIVE_ATTRIBUTE_ID = 237;
 delete from dyextn_primitive_attribute where identifier = 237;
 delete from dyextn_attribute where identifier = 237;
 delete from DYEXTN_SEMANTIC_PROPERTY where ABSTRACT_METADATA_ID = 237;
 delete from DYEXTN_BASE_ABSTRACT_ATTRIBUTE where identifier = 237;
 delete from DYEXTN_TAGGED_VALUE where ABSTRACT_METADATA_ID = 237;
 delete from dyextn_abstract_metadata where identifier = 237;

 delete from dyextn_column_properties where identifier = 316;
 delete from dyextn_database_properties where identifier = 316;
 delete from  dyextn_integer_type_info where identifier = 152;
 delete from dyextn_numeric_type_info where identifier = 152;
 delete from dyextn_attribute_type_info where identifier = 152;
 delete from DYEXTN_CADSR_VALUE_DOMAIN_INFO where PRIMITIVE_ATTRIBUTE_ID = 250;
 delete from dyextn_primitive_attribute where identifier = 250;
 delete from dyextn_attribute where identifier = 250;
 delete from DYEXTN_SEMANTIC_PROPERTY where ABSTRACT_METADATA_ID = 250;
 delete from DYEXTN_BASE_ABSTRACT_ATTRIBUTE where identifier = 250;
 delete from DYEXTN_TAGGED_VALUE where ABSTRACT_METADATA_ID = 250;
 delete from dyextn_abstract_metadata where identifier = 250;

 delete from dyextn_column_properties where identifier = 365;
 delete from dyextn_database_properties where identifier = 365;
 delete from  dyextn_integer_type_info where identifier = 154;
 delete from dyextn_numeric_type_info where identifier = 154;
 delete from dyextn_attribute_type_info where identifier = 154;
 delete from DYEXTN_CADSR_VALUE_DOMAIN_INFO where PRIMITIVE_ATTRIBUTE_ID = 273;
 delete from dyextn_primitive_attribute where identifier = 273;
 delete from dyextn_attribute where identifier = 273;
 delete from DYEXTN_SEMANTIC_PROPERTY where ABSTRACT_METADATA_ID = 273;
 delete from DYEXTN_BASE_ABSTRACT_ATTRIBUTE where identifier = 273;
 delete from DYEXTN_TAGGED_VALUE where ABSTRACT_METADATA_ID = 273;
 delete from dyextn_abstract_metadata where identifier = 273;

 delete from dyextn_column_properties where identifier = 377;
 delete from dyextn_database_properties where identifier = 377;
 delete from  dyextn_integer_type_info where identifier = 166;
 delete from dyextn_numeric_type_info where identifier = 166;
 delete from dyextn_attribute_type_info where identifier = 166;
 delete from DYEXTN_CADSR_VALUE_DOMAIN_INFO where PRIMITIVE_ATTRIBUTE_ID = 285;
 delete from dyextn_primitive_attribute where identifier = 285;
 delete from dyextn_attribute where identifier = 285;
 delete from DYEXTN_SEMANTIC_PROPERTY where ABSTRACT_METADATA_ID = 285;
 delete from DYEXTN_BASE_ABSTRACT_ATTRIBUTE where identifier = 285;
 delete from DYEXTN_TAGGED_VALUE where ABSTRACT_METADATA_ID = 285;
 delete from dyextn_abstract_metadata where identifier = 285;

 delete from dyextn_column_properties where identifier = 427;
 delete from dyextn_database_properties where identifier = 427;
 delete from  dyextn_integer_type_info where identifier = 168;
 delete from dyextn_numeric_type_info where identifier = 168;
 delete from dyextn_attribute_type_info where identifier = 168;
 delete from DYEXTN_CADSR_VALUE_DOMAIN_INFO where PRIMITIVE_ATTRIBUTE_ID = 309;
 delete from dyextn_primitive_attribute where identifier = 309;
 delete from dyextn_attribute where identifier = 309;
 delete from DYEXTN_SEMANTIC_PROPERTY where ABSTRACT_METADATA_ID = 309;
 delete from DYEXTN_BASE_ABSTRACT_ATTRIBUTE where identifier = 309;
 delete from DYEXTN_TAGGED_VALUE where ABSTRACT_METADATA_ID = 309;
 delete from dyextn_abstract_metadata where identifier = 309;

 delete from dyextn_column_properties where identifier = 439;
 delete from dyextn_database_properties where identifier = 439;
 delete from  dyextn_integer_type_info where identifier = 180;
 delete from dyextn_numeric_type_info where identifier = 180;
 delete from dyextn_attribute_type_info where identifier = 180;
 delete from DYEXTN_CADSR_VALUE_DOMAIN_INFO where PRIMITIVE_ATTRIBUTE_ID = 321;
 delete from dyextn_primitive_attribute where identifier = 321;
 delete from dyextn_attribute where identifier = 321;
 delete from DYEXTN_SEMANTIC_PROPERTY where ABSTRACT_METADATA_ID = 321;
 delete from DYEXTN_BASE_ABSTRACT_ATTRIBUTE where identifier = 321;
 delete from DYEXTN_TAGGED_VALUE where ABSTRACT_METADATA_ID = 321;
 delete from dyextn_abstract_metadata where identifier = 321;

INSERT INTO dyextn_abstract_metadata values(1854,NULL,NULL,NULL,'edu.wustl.catissuecore.domain.AbstractPosition',null);
INSERT INTO dyextn_abstract_entity values(1854);
INSERT INTO dyextn_entity values(1854,3,0,NULL,3,NULL,NULL,1);
INSERT INTO dyextn_database_properties values(1849,'CATISSUE_ABSTRACT_POSITION');
INSERT INTO dyextn_table_properties (IDENTIFIER,ABSTRACT_ENTITY_ID) values(1849,1854);
INSERT INTO dyextn_abstract_metadata values(1855,NULL,NULL,NULL,'id',null);
INSERT INTO DYEXTN_BASE_ABSTRACT_ATTRIBUTE values(1855);
INSERT INTO dyextn_attribute values (1855,1854);
insert into dyextn_primitive_attribute (IDENTIFIER,IS_COLLECTION,IS_IDENTIFIED,IS_PRIMARY_KEY,IS_NULLABLE) values (1855,0,NULL,1,1);
insert into dyextn_attribute_type_info (IDENTIFIER,PRIMITIVE_ATTRIBUTE_ID) values (1138,1855);
insert into dyextn_numeric_type_info (IDENTIFIER,MEASUREMENT_UNITS,DECIMAL_PLACES,NO_DIGITS) values (1138,NULL,0,NULL);
insert into dyextn_long_type_info (IDENTIFIER) values (1138);
insert into dyextn_database_properties (IDENTIFIER,NAME) values (1850,'IDENTIFIER');
insert into dyextn_column_properties (IDENTIFIER,PRIMITIVE_ATTRIBUTE_ID) values (1850,1855);
INSERT INTO dyextn_abstract_metadata values(1856,NULL,NULL,NULL,'positionDimensionOne',null);
INSERT INTO DYEXTN_BASE_ABSTRACT_ATTRIBUTE values(1856);
INSERT INTO dyextn_attribute values (1856,1854);
insert into dyextn_primitive_attribute (IDENTIFIER,IS_COLLECTION,IS_IDENTIFIED,IS_PRIMARY_KEY,IS_NULLABLE) values (1856,0,NULL,0,1);
insert into dyextn_attribute_type_info (IDENTIFIER,PRIMITIVE_ATTRIBUTE_ID) values (1139,1856);
insert into dyextn_numeric_type_info (IDENTIFIER,MEASUREMENT_UNITS,DECIMAL_PLACES,NO_DIGITS) values (1139,NULL,0,NULL);
insert into dyextn_integer_type_info (IDENTIFIER) values (1139);
insert into dyextn_database_properties (IDENTIFIER,NAME) values (1851,'POSITION_DIMENSION_ONE');
insert into dyextn_column_properties (IDENTIFIER,PRIMITIVE_ATTRIBUTE_ID) values (1851,1856);
INSERT INTO dyextn_abstract_metadata values(1857,NULL,NULL,NULL,'positionDimensionTwo',null);
INSERT INTO DYEXTN_BASE_ABSTRACT_ATTRIBUTE values(1857);
INSERT INTO dyextn_attribute values (1857,1854);
insert into dyextn_primitive_attribute (IDENTIFIER,IS_COLLECTION,IS_IDENTIFIED,IS_PRIMARY_KEY,IS_NULLABLE) values (1857,0,NULL,0,1);
insert into dyextn_attribute_type_info (IDENTIFIER,PRIMITIVE_ATTRIBUTE_ID) values (1140,1857);
insert into dyextn_numeric_type_info (IDENTIFIER,MEASUREMENT_UNITS,DECIMAL_PLACES,NO_DIGITS) values (1140,NULL,0,NULL);
insert into dyextn_integer_type_info (IDENTIFIER) values (1140);
insert into dyextn_database_properties (IDENTIFIER,NAME) values (1852,'POSITION_DIMENSION_TWO');
insert into dyextn_column_properties (IDENTIFIER,PRIMITIVE_ATTRIBUTE_ID) values (1852,1857);

INSERT INTO dyextn_abstract_metadata values(1858,NULL,NULL,NULL,'edu.wustl.catissuecore.domain.ContainerPosition',null);
INSERT INTO dyextn_abstract_entity values(1858);
INSERT INTO dyextn_entity values(1858,3,0,1854,3,NULL,NULL,1);
INSERT INTO dyextn_database_properties values(1853,'CATISSUE_CONTAINER_POSITION');
INSERT INTO dyextn_table_properties (IDENTIFIER,ABSTRACT_ENTITY_ID) values(1853,1858);
INSERT INTO dyextn_abstract_metadata values(1859,NULL,NULL,NULL,'id',null);
INSERT INTO DYEXTN_BASE_ABSTRACT_ATTRIBUTE values(1859);
INSERT INTO dyextn_attribute values (1859,1858);
insert into dyextn_primitive_attribute (IDENTIFIER,IS_COLLECTION,IS_IDENTIFIED,IS_PRIMARY_KEY,IS_NULLABLE) values (1859,0,NULL,1,1);
insert into dyextn_attribute_type_info (IDENTIFIER,PRIMITIVE_ATTRIBUTE_ID) values (1141,1859);
insert into dyextn_numeric_type_info (IDENTIFIER,MEASUREMENT_UNITS,DECIMAL_PLACES,NO_DIGITS) values (1141,NULL,0,NULL);
insert into dyextn_long_type_info (IDENTIFIER) values (1141);
insert into dyextn_database_properties (IDENTIFIER,NAME) values (1854,'IDENTIFIER');
insert into dyextn_column_properties (IDENTIFIER,PRIMITIVE_ATTRIBUTE_ID) values (1854,1859);
insert into dyextn_abstract_metadata values (1860,null,null,null,'container_containerPosition',null);
INSERT INTO DYEXTN_BASE_ABSTRACT_ATTRIBUTE values(1860);
insert into dyextn_attribute values (1860,40);
insert into dyextn_role values (1343,'CONTAINTMENT',2,0,'occupiedPositions');
insert into dyextn_role values (1344,'ASSOCIATION',1,0,'occupiedContainer');
insert into dyextn_association values (1860,'BI_DIRECTIONAL',1858,1344,1343,1);
insert into dyextn_database_properties values (1855,'container_containerPosition');
insert into dyextn_constraint_properties (IDENTIFIER,SOURCE_ENTITY_KEY,TARGET_ENTITY_KEY,ASSOCIATION_ID) values(1855,null,'PARENT_CONTAINER_ID',1860);
insert into association values(813,2);
insert into intra_model_association values(813,1860);
insert into path values (985587,40,813,1858);
insert into dyextn_abstract_metadata values (1861,null,null,null,'containerPosition_container',null);
INSERT INTO DYEXTN_BASE_ABSTRACT_ATTRIBUTE values(1861);
insert into dyextn_attribute values (1861,1858);
insert into dyextn_association values (1861,'BI_DIRECTIONAL',40,1343,1344,1);
insert into dyextn_database_properties values (1856,'containerPosition_container');
insert into dyextn_constraint_properties (IDENTIFIER,SOURCE_ENTITY_KEY,TARGET_ENTITY_KEY,ASSOCIATION_ID) values(1856,'PARENT_CONTAINER_ID',null,1861);
insert into association values(814,2);
insert into intra_model_association values(814,1861);
insert into path values (985588,1858,814,40);

INSERT INTO dyextn_abstract_metadata values(1862,NULL,NULL,NULL,'edu.wustl.catissuecore.domain.SpecimenPosition',null);
INSERT INTO dyextn_abstract_entity values(1862);
INSERT INTO dyextn_entity values(1862,3,0,1854,3,NULL,NULL,1);
INSERT INTO dyextn_database_properties values(1857,'CATISSUE_SPECIMEN_POSITION');
INSERT INTO dyextn_table_properties (IDENTIFIER,ABSTRACT_ENTITY_ID) values(1857,1862);
INSERT INTO dyextn_abstract_metadata values(1863,NULL,NULL,NULL,'id',null);
INSERT INTO DYEXTN_BASE_ABSTRACT_ATTRIBUTE values(1863);
INSERT INTO dyextn_attribute values (1863,1862);
insert into dyextn_primitive_attribute (IDENTIFIER,IS_COLLECTION,IS_IDENTIFIED,IS_PRIMARY_KEY,IS_NULLABLE) values (1863,0,NULL,1,1);
insert into dyextn_attribute_type_info (IDENTIFIER,PRIMITIVE_ATTRIBUTE_ID) values (1142,1863);
insert into dyextn_numeric_type_info (IDENTIFIER,MEASUREMENT_UNITS,DECIMAL_PLACES,NO_DIGITS) values (1142,NULL,0,NULL);
insert into dyextn_long_type_info (IDENTIFIER) values (1142);
insert into dyextn_database_properties (IDENTIFIER,NAME) values (1858,'IDENTIFIER');
insert into dyextn_column_properties (IDENTIFIER,PRIMITIVE_ATTRIBUTE_ID) values (1858,1863);
insert into dyextn_abstract_metadata values (1864,null,null,null,'storageContainer_specimenPosition',null);
INSERT INTO DYEXTN_BASE_ABSTRACT_ATTRIBUTE values(1864);
insert into dyextn_attribute values (1864,70);
insert into dyextn_role values (1345,'CONTAINTMENT',2,0,'specimenPositionCollection');
insert into dyextn_role values (1346,'ASSOCIATION',1,0,'storageContainer');
insert into dyextn_association values (1864,'BI_DIRECTIONAL',1862,1346,1345,1);
insert into dyextn_database_properties values (1859,'storageContainer_specimenPosition');
insert into dyextn_constraint_properties (IDENTIFIER,SOURCE_ENTITY_KEY,TARGET_ENTITY_KEY,ASSOCIATION_ID) values(1859,null,'CONTAINER_ID',1864);
insert into association values(815,2);
insert into intra_model_association values(815,1864);
insert into path values (985589,70,815,1862);
insert into dyextn_abstract_metadata values (1865,null,null,null,'specimenPosition_storageContainer',null);
INSERT INTO DYEXTN_BASE_ABSTRACT_ATTRIBUTE values(1865);
insert into dyextn_attribute values (1865,1862);
insert into dyextn_association values (1865,'BI_DIRECTIONAL',70,1345,1346,1);
insert into dyextn_database_properties values (1860,'specimenPosition_storageContainer');
insert into dyextn_constraint_properties (IDENTIFIER,SOURCE_ENTITY_KEY,TARGET_ENTITY_KEY,ASSOCIATION_ID) values(1860,'CONTAINER_ID',null,1865);
insert into association values(816,2);
insert into intra_model_association values(816,1865);
insert into path values (985590,1862,816,70);

INSERT INTO dyextn_abstract_metadata values(1866,NULL,NULL,NULL,'edu.wustl.catissuecore.domain.AbstractSpecimen',null);
INSERT INTO dyextn_abstract_entity values(1866);
INSERT INTO dyextn_entity values(1866,3,0,NULL,3,NULL,NULL,1);
INSERT INTO dyextn_database_properties values(1861,'CATISSUE_ABSTRACT_SPECIMEN');
INSERT INTO dyextn_table_properties (IDENTIFIER,ABSTRACT_ENTITY_ID) values(1861,1866);

INSERT INTO dyextn_abstract_metadata values(1867,NULL,NULL,NULL,'id',null);
INSERT INTO DYEXTN_BASE_ABSTRACT_ATTRIBUTE values(1867);
INSERT INTO dyextn_attribute values (1867,1866);
insert into dyextn_primitive_attribute (IDENTIFIER,IS_COLLECTION,IS_IDENTIFIED,IS_PRIMARY_KEY,IS_NULLABLE) values (1867,0,NULL,1,1);
insert into dyextn_attribute_type_info (IDENTIFIER,PRIMITIVE_ATTRIBUTE_ID) values (1143,1867);
insert into dyextn_numeric_type_info (IDENTIFIER,MEASUREMENT_UNITS,DECIMAL_PLACES,NO_DIGITS) values (1143,NULL,0,NULL);
insert into dyextn_long_type_info (IDENTIFIER) values (1143);
insert into dyextn_database_properties (IDENTIFIER,NAME) values (1862,'IDENTIFIER');
insert into dyextn_column_properties (IDENTIFIER,PRIMITIVE_ATTRIBUTE_ID) values (1862,1867);

INSERT INTO dyextn_abstract_metadata values(1868,NULL,NULL,NULL,'edu.wustl.catissuecore.domain.RequirementSpecimen',null);
INSERT INTO dyextn_abstract_entity values(1868);
INSERT INTO dyextn_entity values(1868,3,0,1866,3,NULL,NULL,1);
INSERT INTO dyextn_database_properties values(1863,'CATISSUE_CP_REQ_SPECIMEN');
INSERT INTO dyextn_table_properties (IDENTIFIER,ABSTRACT_ENTITY_ID) values(1863,1868);
INSERT INTO dyextn_abstract_metadata values(1869,NULL,NULL,NULL,'id',null);
INSERT INTO DYEXTN_BASE_ABSTRACT_ATTRIBUTE values(1869);
INSERT INTO dyextn_attribute values (1869,1868);
insert into dyextn_primitive_attribute (IDENTIFIER,IS_COLLECTION,IS_IDENTIFIED,IS_PRIMARY_KEY,IS_NULLABLE) values (1869,0,NULL,1,1);
insert into dyextn_attribute_type_info (IDENTIFIER,PRIMITIVE_ATTRIBUTE_ID) values (1144,1869);
insert into dyextn_numeric_type_info (IDENTIFIER,MEASUREMENT_UNITS,DECIMAL_PLACES,NO_DIGITS) values (1144,NULL,0,NULL);
insert into dyextn_long_type_info (IDENTIFIER) values (1144);
insert into dyextn_database_properties (IDENTIFIER,NAME) values (1864,'IDENTIFIER');
insert into dyextn_column_properties (IDENTIFIER,PRIMITIVE_ATTRIBUTE_ID) values (1864,1869);
INSERT INTO dyextn_abstract_metadata values(1870,NULL,NULL,NULL,'storageType',null);
INSERT INTO DYEXTN_BASE_ABSTRACT_ATTRIBUTE values(1870);
INSERT INTO dyextn_attribute values (1870,1868);
insert into dyextn_primitive_attribute (IDENTIFIER,IS_COLLECTION,IS_IDENTIFIED,IS_PRIMARY_KEY,IS_NULLABLE) values (1870,0,NULL,0,1);
insert into dyextn_attribute_type_info (IDENTIFIER,PRIMITIVE_ATTRIBUTE_ID) values (1145,1870);
insert into dyextn_string_type_info (IDENTIFIER) values (1145);
insert into dyextn_database_properties (IDENTIFIER,NAME) values (1865,'STORAGE_TYPE');
insert into dyextn_column_properties (IDENTIFIER,PRIMITIVE_ATTRIBUTE_ID) values (1865,1870);
insert into dyextn_abstract_metadata values (1871,null,null,null,'collectionProtocolEvent_requirementSpecimen',null);
INSERT INTO DYEXTN_BASE_ABSTRACT_ATTRIBUTE values(1871);
insert into dyextn_attribute values (1871,717);
insert into dyextn_role values (1347,'CONTAINTMENT',2,0,'requirementSpecimenCollection');
insert into dyextn_role values (1348,'ASSOCIATION',1,0,'CollectionProtocolEvent');
insert into dyextn_association values (1871,'BI_DIRECTIONAL',1868,1348,1347,1);
insert into dyextn_database_properties values (1866,'collectionProtocolEvent_requirementSpecimen');
insert into dyextn_constraint_properties (IDENTIFIER,SOURCE_ENTITY_KEY,TARGET_ENTITY_KEY,ASSOCIATION_ID) values(1866,null,'COLLECTION_PROTOCOL_EVENT_ID',1871);
insert into association values(817,2);
insert into intra_model_association values(817,1871);
insert into path values (985591,717,817,1868);
insert into dyextn_abstract_metadata values (1872,null,null,null,'requirementSpecimen_collectionProtocolEvent',null);
INSERT INTO DYEXTN_BASE_ABSTRACT_ATTRIBUTE values(1872);
insert into dyextn_attribute values (1872,1868);
insert into dyextn_association values (1872,'BI_DIRECTIONAL',717,1347,1348,1);
insert into dyextn_database_properties values (1867,'requirementSpecimen_collectionProtocolEvent');
insert into dyextn_constraint_properties (IDENTIFIER,SOURCE_ENTITY_KEY,TARGET_ENTITY_KEY,ASSOCIATION_ID) values(1867,'COLLECTION_PROTOCOL_EVENT_ID',null,1872);
insert into association values(818,2);
insert into intra_model_association values(818,1872);
insert into path values (985592,1868,818,717);
insert into dyextn_abstract_metadata values (1873,null,null,null,'requirementSpecimen_specimen',null);
INSERT INTO DYEXTN_BASE_ABSTRACT_ATTRIBUTE values(1873);
insert into dyextn_attribute values (1873,1868);
insert into dyextn_role values (1349,'CONTAINTMENT',2,0,'specimenCollection');
insert into dyextn_role values (1350,'ASSOCIATION',1,0,'requirementSpecimen');
insert into dyextn_association values (1873,'BI_DIRECTIONAL',4,1350,1349,1);
insert into dyextn_database_properties values (1868,'requirementSpecimen_specimen');
insert into dyextn_constraint_properties (IDENTIFIER,SOURCE_ENTITY_KEY,TARGET_ENTITY_KEY,ASSOCIATION_ID) values(1868,null,'REQ_SPECIMEN_ID',1873);
insert into association values(819,2);
insert into intra_model_association values(819,1873);
insert into path values (985593,1868,819,4);
insert into dyextn_abstract_metadata values (1874,null,null,null,'specimen_requirementSpecimen',null);
INSERT INTO DYEXTN_BASE_ABSTRACT_ATTRIBUTE values(1874);
insert into dyextn_attribute values (1874,4);
insert into dyextn_association values (1874,'BI_DIRECTIONAL',1868,1349,1350,1);
insert into dyextn_database_properties values (1869,'specimen_requirementSpecimen');
insert into dyextn_constraint_properties (IDENTIFIER,SOURCE_ENTITY_KEY,TARGET_ENTITY_KEY,ASSOCIATION_ID) values(1869,'REQ_SPECIMEN_ID',null,1874);
insert into association values(820,2);
insert into intra_model_association values(820,1874);
insert into path values (985594,4,820,1868);

INSERT INTO dyextn_abstract_metadata values(1875,NULL,NULL,NULL,'specimenClass',null);
INSERT INTO DYEXTN_BASE_ABSTRACT_ATTRIBUTE values(1875);
INSERT INTO dyextn_attribute values (1875,1866);
insert into dyextn_primitive_attribute (IDENTIFIER,IS_COLLECTION,IS_IDENTIFIED,IS_PRIMARY_KEY,IS_NULLABLE) values (1875,0,NULL,0,1);
insert into dyextn_attribute_type_info (IDENTIFIER,PRIMITIVE_ATTRIBUTE_ID) values (1146,1875);
insert into dyextn_string_type_info (IDENTIFIER) values (1146);
insert into dyextn_database_properties (IDENTIFIER,NAME) values (1870,'SPECIMEN_CLASS');
insert into dyextn_column_properties (IDENTIFIER,PRIMITIVE_ATTRIBUTE_ID) values (1870,1875);

insert into dyextn_abstract_metadata values (1876,null,null,null,'specimen_specimenPosition',null);
INSERT INTO DYEXTN_BASE_ABSTRACT_ATTRIBUTE values(1876);
insert into dyextn_attribute values (1876,4);
insert into dyextn_role values (1351,'ASSOCIATION',1,0,'specimen');
insert into dyextn_role values (1352,'ASSOCIATION',1,0,'specimenPosition');
insert into dyextn_association values (1876,'BI_DIRECTIONAL',1862,1352,1351,1);
insert into dyextn_database_properties values (1871,'specimen_specimenPosition');
insert into dyextn_constraint_properties (IDENTIFIER,SOURCE_ENTITY_KEY,TARGET_ENTITY_KEY,ASSOCIATION_ID) values(1871,null,'SPECIMEN_ID',1876);
insert into association values(821,2);
insert into intra_model_association values(821,1876);
insert into path values (985595,4,821,1862);

insert into dyextn_abstract_metadata values (1877,null,null,null,'specimenPosition_specimen',null);
INSERT INTO DYEXTN_BASE_ABSTRACT_ATTRIBUTE values(1877);
insert into dyextn_attribute values (1877,1862);
insert into dyextn_association values (1877,'BI_DIRECTIONAL',4,1351,1352,0);
insert into dyextn_database_properties values (1872,'specimenPosition_specimen');
insert into dyextn_constraint_properties (IDENTIFIER,SOURCE_ENTITY_KEY,TARGET_ENTITY_KEY,ASSOCIATION_ID) values(1872,'SPECIMEN_ID',null,1877);
insert into association values(822,2);
insert into intra_model_association values(822,1877);
insert into path values (985596,1862,822,4);

insert into dyextn_abstract_metadata values (1878,null,null,null,'abstractSpecimen_SpecimenEventParameters',null);
INSERT INTO DYEXTN_BASE_ABSTRACT_ATTRIBUTE values(1878);
insert into dyextn_attribute values (1878,1866);
insert into dyextn_role values (1353,'CONTAINTMENT',2,0,'specimenEventCollection');
insert into dyextn_role values (1354,'ASSOCIATION',1,0,'abstractSpecimen');
insert into dyextn_association values (1878,'BI_DIRECTIONAL',415,1354,1353,1);
insert into dyextn_database_properties values (1873,'abstractSpecimen_SpecimenEventParameters');
insert into dyextn_constraint_properties (IDENTIFIER,SOURCE_ENTITY_KEY,TARGET_ENTITY_KEY,ASSOCIATION_ID) values(1873,null,'SPECIMEN_ID',1878);
insert into association values(823,2);
insert into intra_model_association values(823,1878);
insert into path values (985597,1866,823,415);

insert into dyextn_abstract_metadata values (1879,null,null,null,'SpecimenEventParameters_abstractSpecimen',null);
INSERT INTO DYEXTN_BASE_ABSTRACT_ATTRIBUTE values(1879);
insert into dyextn_attribute values (1879,415);
insert into dyextn_association values (1879,'BI_DIRECTIONAL',1866,1353,1354,1);
insert into dyextn_database_properties values (1874,'SpecimenEventParameters_abstractSpecimen');
insert into dyextn_constraint_properties (IDENTIFIER,SOURCE_ENTITY_KEY,TARGET_ENTITY_KEY,ASSOCIATION_ID) values(1874,'SPECIMEN_ID',null,1879);
insert into association values(824,2);
insert into intra_model_association values(824,1879);
insert into path values (985598,415,824,1866);

INSERT INTO dyextn_abstract_metadata values(1880,NULL,NULL,NULL,'edu.wustl.catissuecore.domain.CellRequirementSpecimen',null);
INSERT INTO dyextn_abstract_entity values(1880);
INSERT INTO dyextn_entity values(1880,3,0,1868,3,NULL,NULL,1);
INSERT INTO dyextn_database_properties values(1875,'CATISSUE_CELL_REQ_SPECIMEN');
INSERT INTO dyextn_table_properties (IDENTIFIER,ABSTRACT_ENTITY_ID) values(1875,1880);

INSERT INTO dyextn_abstract_metadata values(1881,NULL,NULL,NULL,'edu.wustl.catissuecore.domain.FluidRequirementSpecimen',null);
INSERT INTO dyextn_abstract_entity values(1881);
INSERT INTO dyextn_entity values(1881,3,0,1868,3,NULL,NULL,1);
INSERT INTO dyextn_database_properties values(1876,'CATISSUE_FLUID_REQ_SPECIMEN');
INSERT INTO dyextn_table_properties (IDENTIFIER,ABSTRACT_ENTITY_ID) values(1876,1881);

INSERT INTO dyextn_abstract_metadata values(1882,NULL,NULL,NULL,'edu.wustl.catissuecore.domain.MolecularRequirementSpecimen',null);
INSERT INTO dyextn_abstract_entity values(1882);
INSERT INTO dyextn_entity values(1882,3,0,1868,3,NULL,NULL,1);
INSERT INTO dyextn_database_properties values(1877,'CATISSUE_MOL_REQ_SPECIMEN');
INSERT INTO dyextn_table_properties (IDENTIFIER,ABSTRACT_ENTITY_ID) values(1877,1882);

INSERT INTO dyextn_abstract_metadata values(1883,NULL,NULL,NULL,'edu.wustl.catissuecore.domain.TissueRequirementSpecimen',null);
INSERT INTO dyextn_abstract_entity values(1883);
INSERT INTO dyextn_entity values(1883,3,0,1868,3,NULL,NULL,1);
INSERT INTO dyextn_database_properties values(1878,'CATISSUE_TISSUE_REQ_SPECIMEN');
INSERT INTO dyextn_table_properties (IDENTIFIER,ABSTRACT_ENTITY_ID) values(1878,1883);

INSERT INTO dyextn_abstract_metadata values(1884,NULL,NULL,NULL,'id',null);
INSERT INTO DYEXTN_BASE_ABSTRACT_ATTRIBUTE values(1884);
INSERT INTO dyextn_attribute values (1884,1882);
insert into dyextn_primitive_attribute (IDENTIFIER,IS_COLLECTION,IS_IDENTIFIED,IS_PRIMARY_KEY,IS_NULLABLE) values (1884,0,NULL,1,1);
insert into dyextn_attribute_type_info (IDENTIFIER,PRIMITIVE_ATTRIBUTE_ID) values (1147,1884);
insert into dyextn_numeric_type_info (IDENTIFIER,MEASUREMENT_UNITS,DECIMAL_PLACES,NO_DIGITS) values (1147,NULL,0,NULL);
insert into dyextn_long_type_info (IDENTIFIER) values (1147);
insert into dyextn_database_properties (IDENTIFIER,NAME) values (1879,'IDENTIFIER');
insert into dyextn_column_properties (IDENTIFIER,PRIMITIVE_ATTRIBUTE_ID) values (1879,1884);

INSERT INTO dyextn_abstract_metadata values(1885,NULL,NULL,NULL,'concentrationInMicrogramPerMicroliter',null);
INSERT INTO DYEXTN_BASE_ABSTRACT_ATTRIBUTE values(1885);
INSERT INTO dyextn_attribute values (1885,1882);
insert into dyextn_primitive_attribute (IDENTIFIER,IS_COLLECTION,IS_IDENTIFIED,IS_PRIMARY_KEY,IS_NULLABLE) values (1885,0,NULL,0,1);
insert into dyextn_attribute_type_info (IDENTIFIER,PRIMITIVE_ATTRIBUTE_ID) values (1148,1885);
insert into dyextn_numeric_type_info (IDENTIFIER,MEASUREMENT_UNITS,DECIMAL_PLACES,NO_DIGITS) values (1148,NULL,0,NULL);
insert into dyextn_double_type_info (IDENTIFIER) values (1148);
insert into dyextn_database_properties (IDENTIFIER,NAME) values (1880,'CONCENTRATION');
insert into dyextn_column_properties (IDENTIFIER,PRIMITIVE_ATTRIBUTE_ID) values (1880,1885);

INSERT INTO dyextn_abstract_metadata values(1886,NULL,NULL,NULL,'id',null);
INSERT INTO DYEXTN_BASE_ABSTRACT_ATTRIBUTE values(1886);
INSERT INTO dyextn_attribute values (1886,1880);
insert into dyextn_primitive_attribute (IDENTIFIER,IS_COLLECTION,IS_IDENTIFIED,IS_PRIMARY_KEY,IS_NULLABLE) values (1886,0,NULL,1,1);
insert into dyextn_attribute_type_info (IDENTIFIER,PRIMITIVE_ATTRIBUTE_ID) values (1149,1886);
insert into dyextn_numeric_type_info (IDENTIFIER,MEASUREMENT_UNITS,DECIMAL_PLACES,NO_DIGITS) values (1149,NULL,0,NULL);
insert into dyextn_long_type_info (IDENTIFIER) values (1149);
insert into dyextn_database_properties (IDENTIFIER,NAME) values (1881,'IDENTIFIER');
insert into dyextn_column_properties (IDENTIFIER,PRIMITIVE_ATTRIBUTE_ID) values (1881,1886);

INSERT INTO dyextn_abstract_metadata values(1887,NULL,NULL,NULL,'id',null);
INSERT INTO DYEXTN_BASE_ABSTRACT_ATTRIBUTE values(1887);
INSERT INTO dyextn_attribute values (1887,1881);
insert into dyextn_primitive_attribute (IDENTIFIER,IS_COLLECTION,IS_IDENTIFIED,IS_PRIMARY_KEY,IS_NULLABLE) values (1887,0,NULL,1,1);
insert into dyextn_attribute_type_info (IDENTIFIER,PRIMITIVE_ATTRIBUTE_ID) values (1150,1887);
insert into dyextn_numeric_type_info (IDENTIFIER,MEASUREMENT_UNITS,DECIMAL_PLACES,NO_DIGITS) values (1150,NULL,0,NULL);
insert into dyextn_long_type_info (IDENTIFIER) values (1150);
insert into dyextn_database_properties (IDENTIFIER,NAME) values (1882,'IDENTIFIER');
insert into dyextn_column_properties (IDENTIFIER,PRIMITIVE_ATTRIBUTE_ID) values (1882,1887);

INSERT INTO dyextn_abstract_metadata values(1888,NULL,NULL,NULL,'id',null);
INSERT INTO DYEXTN_BASE_ABSTRACT_ATTRIBUTE values(1888);
INSERT INTO dyextn_attribute values (1888,1883);
insert into dyextn_primitive_attribute (IDENTIFIER,IS_COLLECTION,IS_IDENTIFIED,IS_PRIMARY_KEY,IS_NULLABLE) values (1888,0,NULL,1,1);
insert into dyextn_attribute_type_info (IDENTIFIER,PRIMITIVE_ATTRIBUTE_ID) values (1151,1888);
insert into dyextn_numeric_type_info (IDENTIFIER,MEASUREMENT_UNITS,DECIMAL_PLACES,NO_DIGITS) values (1151,NULL,0,NULL);
insert into dyextn_long_type_info (IDENTIFIER) values (1151);
insert into dyextn_database_properties (IDENTIFIER,NAME) values (1883,'IDENTIFIER');
insert into dyextn_column_properties (IDENTIFIER,PRIMITIVE_ATTRIBUTE_ID) values (1883,1888);

INSERT INTO dyextn_abstract_metadata values(1889,NULL,NULL,NULL,'quantity',null);
INSERT INTO DYEXTN_BASE_ABSTRACT_ATTRIBUTE values(1889);
INSERT INTO dyextn_attribute values (1889,932);
insert into dyextn_primitive_attribute (IDENTIFIER,IS_COLLECTION,IS_IDENTIFIED,IS_PRIMARY_KEY,IS_NULLABLE) values (1889,0,NULL,0,1);
insert into dyextn_attribute_type_info (IDENTIFIER,PRIMITIVE_ATTRIBUTE_ID) values (1152,1889);
insert into dyextn_numeric_type_info (IDENTIFIER,MEASUREMENT_UNITS,DECIMAL_PLACES,NO_DIGITS) values (1152,NULL,0,NULL);
insert into dyextn_double_type_info (IDENTIFIER) values (1152);
insert into dyextn_database_properties (IDENTIFIER,NAME) values (1884,'QUANTITY');
insert into dyextn_column_properties (IDENTIFIER,PRIMITIVE_ATTRIBUTE_ID) values (1884,1889);

Update dyextn_attribute set ENTIY_ID = 1866 where IDENTIFIER in (18,23,26,1210);
Update dyextn_database_properties set NAME = 'SPECIMEN_TYPE' where IDENTIFIER = 48;
Update dyextn_database_properties set NAME = 'INITIAL_QUANTITY' where IDENTIFIER = 1208;
Update dyextn_abstract_metadata set NAME = 'specimenType' where IDENTIFIER = 23;

Update path set FIRST_ENTITY_ID =1866 where PATH_ID = 27441;
update dyextn_attribute set ENTIY_ID=1866 where IDENTIFIER=14;

Update path set LAST_ENTITY_ID = 1866 where PATH_ID in (985265,985266);
Update path set FIRST_ENTITY_ID = 1866 where PATH_ID in (985265,985266);

Update dyextn_association set TARGET_ENTITY_ID = 1866 where IDENTIFIER = 13;
Update dyextn_association set TARGET_ENTITY_ID = 1866 where IDENTIFIER = 1005;

Update dyextn_attribute set ENTIY_ID = 1866 where IDENTIFIER = 13;
Update dyextn_attribute set ENTIY_ID = 1866 where IDENTIFIER = 1005;

Update dyextn_entity set PARENT_ENTITY_ID = 373 where IDENTIFIER = 717;
update dyextn_entity set PARENT_ENTITY_ID=(select identifier from dyextn_abstract_metadata where name like 'edu.wustl.catissuecore.domain.AbstractSpecimen') where identifier=(select identifier from dyextn_abstract_metadata where name like 'edu.wustl.catissuecore.domain.Specimen')

update dyextn_database_properties set NAME='CATISSUE_DISTRIBUTION_SPEC_REQ' where NAME = 'CATISSUE_SPECIMEN_REQUIREMENT';

update dyextn_role set Name='distributionSpecimenRequirementCollection', MIN_CARDINALITY=0 where identifier=831;

update dyextn_role set Name='distributionProtocol', MIN_CARDINALITY=0, MAX_CARDINALITY=1 where identifier=832;

update dyextn_abstract_metadata set NAME='edu.wustl.catissuecore.domain.DistributionSpecimenRequirement' where NAME='edu.wustl.catissuecore.domain.SpecimenRequirement';

delete from path where FIRST_ENTITY_ID in (select identifier from dyextn_abstract_metadata where NAME='edu.wustl.catissuecore.domain.DistributionSpecimenRequirement') 
and LAST_ENTITY_ID= (select identifier from dyextn_abstract_metadata where NAME='edu.wustl.catissuecore.domain.QuantityInMicrogram');

delete from path where FIRST_ENTITY_ID in (select identifier from dyextn_abstract_metadata where NAME='edu.wustl.catissuecore.domain.DistributionSpecimenRequirement') 
and LAST_ENTITY_ID= (select identifier from dyextn_abstract_metadata where NAME='edu.wustl.catissuecore.domain.QuantityInGram');

delete from path where FIRST_ENTITY_ID in (select identifier from dyextn_abstract_metadata where NAME='edu.wustl.catissuecore.domain.DistributionSpecimenRequirement') 
and LAST_ENTITY_ID= (select identifier from dyextn_abstract_metadata where NAME='edu.wustl.catissuecore.domain.QuantityInMilliliter');

delete from path where FIRST_ENTITY_ID in (select identifier from dyextn_abstract_metadata where NAME='edu.wustl.catissuecore.domain.DistributionSpecimenRequirement') 
and LAST_ENTITY_ID= (select identifier from dyextn_abstract_metadata where NAME='edu.wustl.catissuecore.domain.QuantityInCount');

update dyextn_constraint_properties set SOURCE_ENTITY_KEY='DISTRIBUTION_PROTOCOL_ID', TARGET_ENTITY_KEY=NULL where ASSOCIATION_ID=933;

update dyextn_constraint_properties set SOURCE_ENTITY_KEY=NULL, TARGET_ENTITY_KEY='DISTRIBUTION_PROTOCOL_ID' where ASSOCIATION_ID=1032;