<?xml version="1.0" encoding="ISO-8859-1" ?>

<!DOCTYPE struts-config
PUBLIC
"-//Apache Software Foundation//DTD Struts Configuration 1.1//EN"
"http://jakarta.apache.org/struts/dtds/struts-config_1_1.dtd">

<struts-config>

	<!-- Action Forms -->
	<form-beans>
		<form-bean name="shipmentRequestForm" type="edu.wustl.catissuecore.actionForm.shippingtracking.ShipmentRequestForm"/>
		<form-bean name="dashboardForm" type="edu.wustl.catissuecore.actionForm.shippingtracking.DashboardForm"/>
		<form-bean name="shippingtrackingLoginForm" type="edu.wustl.catissuecore.actionForm.LoginForm"/>
		<form-bean name="shipmentForm" type="edu.wustl.catissuecore.actionForm.shippingtracking.ShipmentForm"/>
		<form-bean name="shipmentReceivingForm" type="edu.wustl.catissuecore.actionForm.shippingtracking.ShipmentReceivingForm" />
	</form-beans>
	
	<!-- Global Exception Definitions -->
	<global-exceptions>
	
	</global-exceptions>
	
	<!-- Actions -->
	<action-mappings>
		<action path="/ShippingTrackingDashboard"
			type="edu.wustl.catissuecore.action.shippingtracking.ShippingTrackingDashBoardAction"
			name="dashboardForm"
			validate="false"
			scope="request">
			<forward name="success" path=".shippingtracking.dashboardPageDef" />
		</action>
		<action path="/st_RequestDetails"
			type="edu.wustl.catissuecore.action.shippingtracking.RequestDetailsAction"
			name="shipmentRequestForm"
			validate="false"
			scope="request">
			<forward name="success" path=" " />
		</action>
		<action path="/ShipmentDetails"
			type="edu.wustl.catissuecore.action.shippingtracking.ShipmentDetailsAction"
			name="shipmentForm"
			validate="false"
			scope="request">
			<forward name="success" path=" " />
		</action>
		<action path="/Shipment"
			type="edu.wustl.catissuecore.action.shippingtracking.ShipmentAction"
			name="shipmentForm"
			validate="false"
			scope="request">
			<forward name="success" path=" " />
		</action>
			<action path="/ShipmentRequest"
			type="edu.wustl.catissuecore.action.shippingtracking.ShipmentRequestAction"
			name="shipmentRequestForm"
			validate="false"
			scope="request">
			<forward name="success" path=" " />
		</action>
		<action path="/RequestReceived"
			type="edu.wustl.catissuecore.action.shippingtracking.RequestReceivedAction"
			validate="false"
			scope="request">
			<forward name="success" path=".shippingTracking.requestReceived" />
		</action>
		<action path="/ShipmentReceived"
			type="edu.wustl.catissuecore.action.shippingtracking.ShipmentReceivedAction"
			validate="false"
			scope="request">
			<forward name="success" path=".shippingTracking.requestReceived" />
		</action>
		<action path="/Outgoingshipment"
			type="edu.wustl.catissuecore.action.shippingtracking.OutgoingShipmentAction"
			validate="false"
			scope="request">
			<forward name="success" path=".shippingTracking.outgoingShipments" />
		</action>
		<action path="/ShippingTrackingLogin"
			type="edu.wustl.catissuecore.action.shippingtracking.ShippingTrackingLoginAction"
			name="shippingtrackingLoginForm"
			validate="true"
			scope="request">
			<forward name="success" path="/ShowDashboardAction.do" />
			<forward name="failure" path="/pages/shippingtracking/index.jsp" />
		</action>
		
		<!-- For Shipment -->	
		<action path="/BaseShipment"
			type="edu.wustl.catissuecore.action.shippingtracking.BaseShipmentAction"
			validate="false"
			scope="request">
			<forward name="success" path=".shippingTracking.newShipment" />
		</action>
		
		<action path="/CreateNewShipment"
			type="edu.wustl.common.action.CommonAddEditAction"
			validate="true"
			name="shipmentForm"
			input="/BaseShipment.do?operation=add"
			scope="request">
			<forward name="success" path="/ShowShipmentSummary.do" />
			<forward name="failure" path="/BaseShipment.do?operation=add" />
		</action>
		
		<action path="/SNTSearchObject"
		    type="edu.wustl.catissuecore.action.SearchObjectAction"
			scope="request">
			<forward name="pageOfShipment" path="/ShipmentSearch.do"/>
		</action>	
		
		<action path="/ShipmentSearch"
			type="edu.wustl.common.action.CommonSearchAction"
			name="shipmentForm"
			input="/BaseShipment.do?operation=edit"
			scope="request">
			<forward name="pageOfShipment" path="/BaseShipment.do?operation=edit&amp;pageOf=pageOfShipment"/>
			<forward name="pageOfSimpleQueryInterface" path="/BaseShipment.do?operation=edit&amp;pageOf=pageOfSimpleQueryInterface&amp;menuSelected=3"/>
			<forward name="failure" path="/BaseShipment.do?operation=edit&amp;pageOf=pageOfShipment&amp;menuSelected=3"/>
		</action>
		<!-- End of For Shipment -->	
		
		<!-- For ShipmentRequest -->
		<action path="/ShipmentRequestAction"
			type="edu.wustl.catissuecore.action.shippingtracking.BaseShipmentAction"
			validate="false"
			scope="request">
			<forward name="success" path=".shippingTracking.newShipmentRequest" />
		</action>	
		
		<action path="/CreateShipmentRequest"
			type="edu.wustl.common.action.CommonAddEditAction"
			validate="true"
			name="shipmentRequestForm"
			input="/ShipmentRequestAction.do?operation=add"
			scope="request">
			<forward name="success" path="/ShipmentRequestAction.do?operation=edit"/>
			<forward name="failure" path="/ShipmentRequestAction.do?operation=add" />
		</action>
		
		<action path="/EditShipmentRequest"
			type="edu.wustl.common.action.CommonAddEditAction"
			validate="true"
			name="shipmentRequestForm"
			input="/ShipmentRequestAction.do?operation=edit"
			scope="request">
			<forward name="success" path="/ShipmentRequestAction.do?operation=edit"/>
			<forward name="failure" path="/ShipmentRequestAction.do?operation=add" />
		</action>
		
		<action path="/ViewRequestSummary"
			type="edu.wustl.catissuecore.action.shippingtracking.ViewRequestSummaryAction"
			validate="true"
			name="shipmentRequestForm"
			input="/ShipmentRequestAction.do"
			scope="request">
			<forward name="success" path="/AddEditShipmentRequest.do" />
		</action>
		
		<action path="/AddEditShipmentRequest"
			type="edu.wustl.catissuecore.action.shippingtracking.AddEditShipmentRequestAction"
			validate="false"
			name="shipmentRequestForm"
			input="/ViewRequestSummary.do?operation=add"
			scope="request">
			<forward name="success" path=".shippingTracking.viewShipmentRequestSummary" />
		</action>
		<!-- End of for ShipmentRequest -->
		
		<!-- For Dashboard -->
		<action path="/ShowDashboardAction"
			type="edu.wustl.catissuecore.action.shippingtracking.ShowDashboardAction"
			name="dashboardForm"
			validate="false"
			scope="request">
			<forward name="success" path=".shippingTracking.dashboard" />
		</action>
		
		<action path="/ShowShipmentSummary"
			type="edu.wustl.catissuecore.action.shippingtracking.BaseShipmentAction"
			validate="false"
			name="shipmentForm"
			scope="request">
			<forward name="success" path=".shippingTracking.viewShipmentSummary" />
		</action>
		
		<action path="/ShipmentReceived"
			type="edu.wustl.catissuecore.action.shippingtracking.ShipmentReceivedAction"
			validate="false"
			scope="request">
			<forward name="acceptOrRejectShipment" path="/ShowShipmentSummary.do"/>
			<forward name="viewShipment" path="/ShowShipmentSummary.do?operation=view&amp;pageOf=pageOfShipment"/>
			<forward name="failure" path="/ShowDashboardAction.do"/>
		</action>
		
		<action path="/OutgoingShipment"
			type="edu.wustl.catissuecore.action.shippingtracking.OutgoingShipmentAction"
			validate="false"
			scope="request">
			<forward name="editShipment" path="/BaseShipment.do?operation=edit&amp;pageOf=pageOfShipment"/>
			<forward name="viewShipment" path="/ShowShipmentSummary.do"/>
			<forward name="failure" path="/ShowDashboardAction.do"/>
		</action>

		<action path="/OutgoingShipmentRequest"
			type="edu.wustl.catissuecore.action.shippingtracking.OutgoingShipmentRequestAction"
			name="shipmentRequestForm"
			validate="false"
			scope="request">
			<forward name="editShipmentRequest" path="/ShipmentRequestAction.do?operation=edit&amp;pageOf=pageOfShipmentRequest"/>
			<forward name="viewShipmentRequest" path="/ShipmentRequestAction.do?operation=edit&amp;pageOf=pageOfShipmentRequest"/>
			<forward name="failure" path="/ShowDashboardAction.do"/>
		</action>
		
		<action path="/IncomingShipmentRequest"
			type="edu.wustl.catissuecore.action.shippingtracking.IncomingShipmentRequestAction"
			name="shipmentRequestForm"
			validate="false"
			scope="request">
			<forward name="createShipment" path="/ShipmentRequestAction.do?operation=edit&amp;pageOf=pageOfShipmentRequest"/>
			<forward name="viewShipmentRequest" path="/ShipmentRequestAction.do?operation=edit&amp;pageOf=pageOfShipmentRequest"/>
			<forward name="failure" path="/ShowDashboardAction.do"/>
		</action>
		
		<action path="/RequestReceived"
			type="edu.wustl.catissuecore.action.shippingtracking.RequestReceivedAction"
			validate="false"
			scope="request">
			<forward name="createShipmentForRequest" path="/EditRequestCreateShipment.do?operation=edit&amp;pageOf=pageOfShipmentRequest"/>
			<forward name="viewShipmentRequest" path="/ShipmentRequestAction.do?operation=view&amp;pageOf=pageOfShipmentRequest"/>
			<forward name="failure" path="/ShowDashboardAction.do"/>
		</action>
		
		<action path="/EditRequestCreateShipment"
			type="edu.wustl.common.action.CommonAddEditAction"
			validate="true"
			name="shipmentRequestForm"
			input="/ShipmentRequestAction.do?operation=edit"
			scope="request">
			<forward name="success" path="/ShipmentFromRequest.do?operation=add&amp;pageOf=pageOfShipmentRequest"/>
			<forward name="failure" path="/ShowDashboardAction.do" />
		</action>
		
		<action path="/ShowRequestDetails"
			type="edu.wustl.catissuecore.action.shippingtracking.ViewRequestSummaryAction"
			validate="false"
			name="shipmentRequestForm"
			input="/ShowDashboardAction.do"
			scope="request">
			<forward name="success" path=".shippingTracking.viewShipmentRequestSummary" />
		</action>
		
		
		<action path="/ShipmentFromRequest"
			type="edu.wustl.catissuecore.action.shippingtracking.ShipmentFromRequestAction"
			validate="false"
			scope="request">
			<forward name="success" path="/BaseShipment.do?operation=add&amp;pageOf=pageOfShipment"/>
		</action>
		
		<action path="/RejectShipmentRequest"
			type="edu.wustl.catissuecore.action.shippingtracking.RejectShipmentRequestAction"
			name="shipmentRequestForm"
 			validate="false"
			scope="request">
			<forward name="success" path="/EditShipmentRequestForwardToDashboard.do?operation=edit&amp;pageOf=pageOfShipmentRequest"/>
		</action>
		
		<action path="/EditShipmentRequestForwardToDashboard"
			type="edu.wustl.common.action.CommonAddEditAction"
			validate="false"
			name="shipmentRequestForm"
			input="/ShipmentRequestAction.do?operation=edit"
			scope="request">
			<forward name="success" path="/ShowDashboardAction.do"/>
			<forward name="failure" path="/ShowDashboardAction.do" />
		</action>
		
		<action path="/ProcessMyListCreateShipmentRequest"
			type="edu.wustl.catissuecore.action.shippingtracking.ProcessMyListInputAction"
			validate="false"
			name="shipmentRequestForm"
			input="/ShipmentRequestAction.do?operation=edit"
			scope="request">
			<forward name="success" path="/ShipmentRequestAction.do?operation=add"/>
		</action>
		
		<action path="/ProcessMyListCreateShipment"
			type="edu.wustl.catissuecore.action.shippingtracking.ProcessMyListInputAction"
			validate="false"
			name="shipmentForm"
			input="/ShipmentRequestAction.do?operation=edit"
			scope="request">
			<forward name="success" path="/BaseShipment.do??operation=add"/>
		</action>
		<!-- End of for ShipmentRequest -->
	
		<!--  Shipment receiving -->
		<action path="/st_ShowShipmentReceving"
			type="edu.wustl.catissuecore.action.shippingtracking.ShowShipmentReceivingAction"
			validate="false"
			name="shipmentReceivingForm"
			scope="request">
			<forward name="success" path=".shippingTracking.shipmentReceiving" />
			<forward name="failure" path="" />
		</action>
		
		<action path="/st_ShipmentReceving"
			type="edu.wustl.common.action.CommonAddEditAction"
			validate="false"
			name="shipmentReceivingForm"
			input="/st_ShowShipmentReceving.do"
			scope="request">
			<forward name="success" path="/ShowDashboardAction.do" />
			<forward name="failure" path="" />
		</action>
		
		<!-- type="edu.wustl.catissuecore.action.shippingtracking.ShipmentReceivingAction" -->
		
	</action-mappings>
	
	<message-resources parameter="ShippingTrackingApplicationResources" key="msg.shippingtracking" null="false" />
	
	<plug-in className="org.apache.struts.tiles.TilesPlugin" >
		<set-property property="definitions-config"
		value="/WEB-INF/ShippingTracking-tiles-defs.xml" />
		<set-property property="moduleAware" value="true" />
		<set-property property="definitions-parser-validate" value="true" />
	</plug-in>
	
</struts-config>