<?xml version="1.0"?>

<!DOCTYPE hibernate-mapping PUBLIC
    "-//Hibernate/Hibernate Mapping DTD 2.0//EN" 
    "http://hibernate.sourceforge.net/hibernate-mapping-2.0.dtd">

<hibernate-mapping>
    <class
        name="edu.wustl.common.querysuite.queryobject.impl.Constraints"
        table="QUERY_CONSTRAINTS"
        dynamic-update="false"
        dynamic-insert="false"
    >
        <cache usage="read-write" />

        <id
            name="id"
            column="IDENTIFIER"
            type="long"
            length="30"
            unsaved-value="null"
        >
            <generator class="native">
                <param name="sequence">CONSTRAINT_SEQ</param>
            </generator>
        </id>

        <set
            name="expressionCollection"
            lazy="false"
            inverse="false"
            cascade="all-delete-orphan"
            sort="unsorted"
        >
            <cache 
                usage="read-write" 
             />

              <key
                  column="QUERY_CONSTRAINT_ID"
              />

              <one-to-many
                  class="edu.wustl.common.querysuite.queryobject.impl.Expression"
              />
        </set>

        <many-to-one
            name="joinGraph"
            class="edu.wustl.common.querysuite.queryobject.impl.JoinGraph"
            cascade="all"
            outer-join="auto"
            update="true"
            insert="true"
            column="QUERY_JOIN_GRAPH_ID"
            unique="true"
        />

        <!--
            To add non XDoclet property mappings, create a file named
                hibernate-properties-Constraints.xml
            containing the additional properties and place it in your merge dir.
        -->

    </class>

</hibernate-mapping>
