/* ******************** Clear Query interface related tables if there is any data***************/
delete from CATISSUE_RELATED_TABLES_MAP;
delete from CATISSUE_TABLE_RELATION;
delete from CATISSUE_SEARCH_DISPLAY_DATA;
delete from CATISSUE_INTERFACE_COLUMN_DATA;
delete from CATISSUE_QUERY_TABLE_DATA;
/***********************************************************************************************/

SET IDENTITY_INSERT CATISSUE_QUERY_TABLE_DATA ON;
insert into CATISSUE_QUERY_TABLE_DATA  ( TABLE_ID, TABLE_NAME, DISPLAY_NAME, ALIAS_NAME, PRIVILEGE_ID) values ( 4, 'CATISSUE_ADDRESS', 'Address', 'Address', 2);
insert into CATISSUE_QUERY_TABLE_DATA  ( TABLE_ID, TABLE_NAME, DISPLAY_NAME, ALIAS_NAME, PRIVILEGE_ID) values ( 39, 'CATISSUE_AUDIT_EVENT', 'Audit Event', 'AuditEvent',1);
insert into CATISSUE_QUERY_TABLE_DATA  ( TABLE_ID, TABLE_NAME, DISPLAY_NAME, ALIAS_NAME, PRIVILEGE_ID) values ( 40, 'CATISSUE_AUDIT_EVENT_DETAILS', 'Audit Event Details', 'AuditEventDetails',1);
insert into CATISSUE_QUERY_TABLE_DATA  ( TABLE_ID, TABLE_NAME, DISPLAY_NAME, ALIAS_NAME, PRIVILEGE_ID) values ( 41, 'CATISSUE_AUDIT_EVENT_LOG', 'Audit Event Log', 'AuditEventLog',1);
insert into CATISSUE_QUERY_TABLE_DATA  ( TABLE_ID, TABLE_NAME, DISPLAY_NAME, ALIAS_NAME, PRIVILEGE_ID, FOR_SQI) values ( 8, 'CATISSUE_BIOHAZARD', 'Biohazard', 'Biohazard',1,1);
insert into CATISSUE_QUERY_TABLE_DATA  ( TABLE_ID, TABLE_NAME, DISPLAY_NAME, ALIAS_NAME, PRIVILEGE_ID, FOR_SQI) values ( 7, 'CATISSUE_CANCER_RESEARCH_GROUP', 'Cancer Research Group', 'CancerResearchGroup',1,1);
insert into CATISSUE_QUERY_TABLE_DATA  ( TABLE_ID, TABLE_NAME, DISPLAY_NAME, ALIAS_NAME, PRIVILEGE_ID) values ( 42, 'CATISSUE_CDE', 'Cde', 'Cde',0);
insert into CATISSUE_QUERY_TABLE_DATA  ( TABLE_ID, TABLE_NAME, DISPLAY_NAME, ALIAS_NAME, PRIVILEGE_ID, FOR_SQI) values ( 43, 'CATISSUE_CELL_SPE_REVIEW_PARAM', 'Cell Specimen Review Parameters', 'CellSpecimenParam',2,2);
insert into CATISSUE_QUERY_TABLE_DATA  ( TABLE_ID, TABLE_NAME, DISPLAY_NAME, ALIAS_NAME, PRIVILEGE_ID, FOR_SQI) values ( 44, 'CATISSUE_IN_OUT_EVENT_PARAM', 'Checkin Checkout Event Parameter', 'CheckinoutEventParam',2,2);
insert into CATISSUE_QUERY_TABLE_DATA  ( TABLE_ID, TABLE_NAME, DISPLAY_NAME, ALIAS_NAME, PRIVILEGE_ID) values ( 17, 'CATISSUE_COLL_COORDINATORS', 'Collection Coordinators', 'CollectionCoordinators',2);
insert into CATISSUE_QUERY_TABLE_DATA  ( TABLE_ID, TABLE_NAME, DISPLAY_NAME, ALIAS_NAME, PRIVILEGE_ID) values ( 45, 'CATISSUE_COLL_DISTRIBUTION_REL', 'Collection Distribution Relation', 'CollectionDistributionRel',2);
insert into CATISSUE_QUERY_TABLE_DATA  ( TABLE_ID, TABLE_NAME, DISPLAY_NAME, ALIAS_NAME, PRIVILEGE_ID, FOR_SQI) values ( 46, 'CATISSUE_COLL_EVENT_PARAM', 'Collection Event Parameters', 'CollectionEventParam',2,2);
insert into CATISSUE_QUERY_TABLE_DATA  ( TABLE_ID, TABLE_NAME, DISPLAY_NAME, ALIAS_NAME, PRIVILEGE_ID, FOR_SQI) values ( 10, 'CATISSUE_COLLECTION_PROTOCOL', 'Collection Protocol', 'CollectionProtocol',2,1);
insert into CATISSUE_QUERY_TABLE_DATA  ( TABLE_ID, TABLE_NAME, DISPLAY_NAME, ALIAS_NAME, PRIVILEGE_ID) values ( 11, 'CATISSUE_COLL_PROT_EVENT', 'Collection Protocol Event', 'CollectionProtocolEvent',2);
insert into CATISSUE_QUERY_TABLE_DATA  ( TABLE_ID, TABLE_NAME, DISPLAY_NAME, ALIAS_NAME, PRIVILEGE_ID, FOR_SQI) values ( 27, 'CATISSUE_COLL_PROT_REG', 'Collection Protocol Registration', 'CollectionProtReg',2,1);
insert into CATISSUE_QUERY_TABLE_DATA  ( TABLE_ID, TABLE_NAME, DISPLAY_NAME, ALIAS_NAME, PRIVILEGE_ID) values ( 18, 'CATISSUE_COLL_SPECIMEN_REQ', 'Collection Specimen Requirement', 'CollectionSpecReq',2);
insert into CATISSUE_QUERY_TABLE_DATA  ( TABLE_ID, TABLE_NAME, DISPLAY_NAME, ALIAS_NAME, PRIVILEGE_ID, FOR_SQI) values ( 5, 'CATISSUE_DEPARTMENT', 'Department', 'Department',1, 1);
insert into CATISSUE_QUERY_TABLE_DATA  ( TABLE_ID, TABLE_NAME, DISPLAY_NAME, ALIAS_NAME, PRIVILEGE_ID, FOR_SQI) values ( 47, 'CATISSUE_DISPOSAL_EVENT_PARAM', 'Disposal Event Parameters', 'DisposalEventParam',2,2);
insert into CATISSUE_QUERY_TABLE_DATA  ( TABLE_ID, TABLE_NAME, DISPLAY_NAME, ALIAS_NAME, PRIVILEGE_ID) values ( 37, 'CATISSUE_DISTRIBUTED_ITEM', 'Distributed Item', 'DistributedItem',1);
insert into CATISSUE_QUERY_TABLE_DATA  ( TABLE_ID, TABLE_NAME, DISPLAY_NAME, ALIAS_NAME, PRIVILEGE_ID, FOR_SQI) values ( 38, 'CATISSUE_DISTRIBUTION', 'Distribution', 'Distribution', 2, 1);
insert into CATISSUE_QUERY_TABLE_DATA  ( TABLE_ID, TABLE_NAME, DISPLAY_NAME, ALIAS_NAME, PRIVILEGE_ID, FOR_SQI) values ( 19, 'CATISSUE_DISTRIBUTION_PROTOCOL', 'Distribution Protocol', 'DistributionProtocol',2, 1);
insert into CATISSUE_QUERY_TABLE_DATA  ( TABLE_ID, TABLE_NAME, DISPLAY_NAME, ALIAS_NAME, PRIVILEGE_ID) values ( 20, 'CATISSUE_DISTRIBUTION_SPE_REQ', 'Distribution Specimen Requirement', 'DistributionSpecReq',1);
insert into CATISSUE_QUERY_TABLE_DATA  ( TABLE_ID, TABLE_NAME, DISPLAY_NAME, ALIAS_NAME, PRIVILEGE_ID, FOR_SQI) values ( 48, 'CATISSUE_EMBEDDED_EVENT_PARAM', 'Embedded Event Parameters', 'EmbeddedEventParam',2,2);
insert into CATISSUE_QUERY_TABLE_DATA  ( TABLE_ID, TABLE_NAME, DISPLAY_NAME, ALIAS_NAME, PRIVILEGE_ID) values ( 28, 'CATISSUE_EXTERNAL_IDENTIFIER', 'External Identifier', 'ExternalIdentifier',2);
insert into CATISSUE_QUERY_TABLE_DATA  ( TABLE_ID, TABLE_NAME, DISPLAY_NAME, ALIAS_NAME, PRIVILEGE_ID, FOR_SQI) values ( 49, 'CATISSUE_FIXED_EVENT_PARAM', 'Fixed Event Parameters', 'FixedEventParameters',2,2);
insert into CATISSUE_QUERY_TABLE_DATA  ( TABLE_ID, TABLE_NAME, DISPLAY_NAME, ALIAS_NAME, PRIVILEGE_ID, FOR_SQI) values ( 50, 'CATISSUE_FLUID_SPE_EVENT_PARAM', 'Fluid Specimen Review Event Parameters', 'FluidSpecEventParam',2,2);
insert into CATISSUE_QUERY_TABLE_DATA  ( TABLE_ID, TABLE_NAME, DISPLAY_NAME, ALIAS_NAME, PRIVILEGE_ID, FOR_SQI) values ( 51, 'CATISSUE_FROZEN_EVENT_PARAM', 'Frozen Event Parameters', 'FrozenEventParameters',2,2);
insert into CATISSUE_QUERY_TABLE_DATA  ( TABLE_ID, TABLE_NAME, DISPLAY_NAME, ALIAS_NAME, PRIVILEGE_ID, FOR_SQI) values ( 6, 'CATISSUE_INSTITUTION', 'Institution', 'Institution',1, 1);
insert into CATISSUE_QUERY_TABLE_DATA  ( TABLE_ID, TABLE_NAME, DISPLAY_NAME, ALIAS_NAME, PRIVILEGE_ID, FOR_SQI) values ( 52, 'CATISSUE_MOL_SPE_REVIEW_PARAM', 'Molecular Specimen Review Parameters', 'MolecularSpecParam',2,2);
insert into CATISSUE_QUERY_TABLE_DATA  ( TABLE_ID, TABLE_NAME, DISPLAY_NAME, ALIAS_NAME, PRIVILEGE_ID, FOR_SQI) values ( 31, 'CATISSUE_PARTICIPANT', 'Participant', 'Participant',2, 1);
insert into CATISSUE_QUERY_TABLE_DATA  ( TABLE_ID, TABLE_NAME, DISPLAY_NAME, ALIAS_NAME, PRIVILEGE_ID) values ( 73, 'CATISSUE_RACE', 'Race', 'Race',0);
insert into CATISSUE_QUERY_TABLE_DATA  ( TABLE_ID, TABLE_NAME, DISPLAY_NAME, ALIAS_NAME, PRIVILEGE_ID) values ( 32, 'CATISSUE_PART_MEDICAL_ID', 'Participant Medical Identifier', 'ParticipantMedicalId',2);
insert into CATISSUE_QUERY_TABLE_DATA  ( TABLE_ID, TABLE_NAME, DISPLAY_NAME, ALIAS_NAME, PRIVILEGE_ID) values ( 53, 'CATISSUE_PERMISSIBLE_VALUE', 'Permissible Value', 'PermissibleValue',0);
insert into CATISSUE_QUERY_TABLE_DATA  ( TABLE_ID, TABLE_NAME, DISPLAY_NAME, ALIAS_NAME, PRIVILEGE_ID, FOR_SQI) values ( 54, 'CATISSUE_PROCEDURE_EVENT_PARAM', 'Procedure Event Parameters', 'ProcedureEventParam',2,2);
insert into CATISSUE_QUERY_TABLE_DATA  ( TABLE_ID, TABLE_NAME, DISPLAY_NAME, ALIAS_NAME, PRIVILEGE_ID) values ( 55, 'CATISSUE_INTERFACE_COLUMN_DATA', 'Query Interface Column Data', 'QueryInterfaceColumnData',0);
insert into CATISSUE_QUERY_TABLE_DATA  ( TABLE_ID, TABLE_NAME, DISPLAY_NAME, ALIAS_NAME, PRIVILEGE_ID) values ( 56, 'CATISSUE_QUERY_TABLE_DATA', 'Query Interface Table Data', 'QueryInterfaceTableData',0);
insert into CATISSUE_QUERY_TABLE_DATA  ( TABLE_ID, TABLE_NAME, DISPLAY_NAME, ALIAS_NAME, PRIVILEGE_ID, FOR_SQI) values ( 57, 'CATISSUE_RECEIVED_EVENT_PARAM', 'Received Event Parameters', 'ReceivedEventParam',2,2);
insert into CATISSUE_QUERY_TABLE_DATA  ( TABLE_ID, TABLE_NAME, DISPLAY_NAME, ALIAS_NAME, PRIVILEGE_ID) values ( 58, 'CATISSUE_RELATED_TABLES_MAP', 'Related Tables Map', 'RelatedTablesMap',0);
insert into CATISSUE_QUERY_TABLE_DATA  ( TABLE_ID, TABLE_NAME, DISPLAY_NAME, ALIAS_NAME, PRIVILEGE_ID, FOR_SQI) values ( 59, 'CATISSUE_REPORTED_PROBLEM', 'Reported Problem', 'ReportedProblem',1, 1);
insert into CATISSUE_QUERY_TABLE_DATA  ( TABLE_ID, TABLE_NAME, DISPLAY_NAME, ALIAS_NAME, PRIVILEGE_ID) values ( 60, 'CATISSUE_EVENT_PARAM', 'Review Event Parameters', 'ReviewEventParameters',2);
insert into CATISSUE_QUERY_TABLE_DATA  ( TABLE_ID, TABLE_NAME, DISPLAY_NAME, ALIAS_NAME, PRIVILEGE_ID) values ( 61, 'CATISSUE_SIGNUP_USER', 'Signup User', 'SignupUser',2);
insert into CATISSUE_QUERY_TABLE_DATA  ( TABLE_ID, TABLE_NAME, DISPLAY_NAME, ALIAS_NAME, PRIVILEGE_ID, FOR_SQI) values ( 3, 'CATISSUE_SITE', 'Site', 'Site',2, 1);
insert into CATISSUE_QUERY_TABLE_DATA  ( TABLE_ID, TABLE_NAME, DISPLAY_NAME, ALIAS_NAME, PRIVILEGE_ID,FOR_SQI) values ( 33, 'CATISSUE_SPECIMEN', 'Specimen', 'Specimen',2,1);
insert into CATISSUE_QUERY_TABLE_DATA  ( TABLE_ID, TABLE_NAME, DISPLAY_NAME, ALIAS_NAME, PRIVILEGE_ID) values ( 74, 'CATISSUE_QUANTITY', 'Quantity', 'Quantity',0);
insert into CATISSUE_QUERY_TABLE_DATA  ( TABLE_ID, TABLE_NAME, DISPLAY_NAME, ALIAS_NAME, PRIVILEGE_ID) values ( 62, 'CATISSUE_SPECIMEN_BIOHZ_REL', 'Biohazard', 'SpecimenBiohazardRel',2);
insert into CATISSUE_QUERY_TABLE_DATA  ( TABLE_ID, TABLE_NAME, DISPLAY_NAME, ALIAS_NAME, PRIVILEGE_ID) values ( 34, 'CATISSUE_SPECIMEN_CHAR', 'Specimen Characteristics', 'SpecimenCharacteristics',2);
insert into CATISSUE_QUERY_TABLE_DATA  ( TABLE_ID, TABLE_NAME, DISPLAY_NAME, ALIAS_NAME, PRIVILEGE_ID, FOR_SQI) values ( 35, 'CATISSUE_SPECIMEN_COLL_GROUP', 'Specimen Collection Group', 'SpecimenCollectionGroup',2,1);
insert into CATISSUE_QUERY_TABLE_DATA  ( TABLE_ID, TABLE_NAME, DISPLAY_NAME, ALIAS_NAME, PRIVILEGE_ID) values ( 63, 'CATISSUE_SPECIMEN_EVENT_PARAM', 'Specimen Event Parameters', 'SpecimenEventParameters',2);
insert into CATISSUE_QUERY_TABLE_DATA  ( TABLE_ID, TABLE_NAME, DISPLAY_NAME, ALIAS_NAME, PRIVILEGE_ID) values ( 9, 'CATISSUE_SPECIMEN_PROTOCOL', 'Specimen Protocol', 'SpecimenProtocol',2);
insert into CATISSUE_QUERY_TABLE_DATA  ( TABLE_ID, TABLE_NAME, DISPLAY_NAME, ALIAS_NAME, PRIVILEGE_ID) values ( 12, 'CATISSUE_SPECIMEN_REQUIREMENT', 'Specimen Requirement', 'SpecimenRequirement',2);
insert into CATISSUE_QUERY_TABLE_DATA  ( TABLE_ID, TABLE_NAME, DISPLAY_NAME, ALIAS_NAME, PRIVILEGE_ID, FOR_SQI) values ( 64, 'CATISSUE_SPUN_EVENT_PARAMETERS', 'Spun Event Parameters', 'SpunEventParameters',2,2);
insert into CATISSUE_QUERY_TABLE_DATA  ( TABLE_ID, TABLE_NAME, DISPLAY_NAME, ALIAS_NAME, PRIVILEGE_ID, FOR_SQI) values ( 21, 'CATISSUE_STORAGE_CONTAINER', 'Storage Container', 'StorageContainer',2,1);
insert into CATISSUE_QUERY_TABLE_DATA  ( TABLE_ID, TABLE_NAME, DISPLAY_NAME, ALIAS_NAME, PRIVILEGE_ID) values ( 70, 'CATISSUE_CONTAINER', 'Container', 'Container',0);
insert into CATISSUE_QUERY_TABLE_DATA  ( TABLE_ID, TABLE_NAME, DISPLAY_NAME, ALIAS_NAME, PRIVILEGE_ID) values ( 2, 'CATISSUE_CAPACITY', 'Storage Container Capacity', 'StorageContainerCapacity',2);
insert into CATISSUE_QUERY_TABLE_DATA  ( TABLE_ID, TABLE_NAME, DISPLAY_NAME, ALIAS_NAME, PRIVILEGE_ID, FOR_SQI) values ( 1, 'CATISSUE_STORAGE_TYPE', 'Storage Type', 'StorageType',1,1);
insert into CATISSUE_QUERY_TABLE_DATA  ( TABLE_ID, TABLE_NAME, DISPLAY_NAME, ALIAS_NAME, PRIVILEGE_ID) values ( 69, 'CATISSUE_CONTAINER_TYPE', 'Container Type', 'ContainerType',0);
insert into CATISSUE_QUERY_TABLE_DATA  ( TABLE_ID, TABLE_NAME, DISPLAY_NAME, ALIAS_NAME, PRIVILEGE_ID) values ( 65, 'CATISSUE_TABLE_RELATION', 'Table Relation', 'TableRelation',0);
insert into CATISSUE_QUERY_TABLE_DATA  ( TABLE_ID, TABLE_NAME, DISPLAY_NAME, ALIAS_NAME, PRIVILEGE_ID, FOR_SQI) values ( 66, 'CATISSUE_THAW_EVENT_PARAMETERS', 'Thaw Event Parameters', 'ThawEventParameters',2,2);
insert into CATISSUE_QUERY_TABLE_DATA  ( TABLE_ID, TABLE_NAME, DISPLAY_NAME, ALIAS_NAME, PRIVILEGE_ID, FOR_SQI) values ( 67, 'CATISSUE_TIS_SPE_EVENT_PARAM', 'Tissue Specimen Review Event Parameters', 'TissueSpecEventParam',2,2);
insert into CATISSUE_QUERY_TABLE_DATA  ( TABLE_ID, TABLE_NAME, DISPLAY_NAME, ALIAS_NAME, PRIVILEGE_ID, FOR_SQI) values ( 68, 'CATISSUE_TRANSFER_EVENT_PARAM', 'Transfer Event Parameter', 'TransferEventParameter',2,2);
insert into CATISSUE_QUERY_TABLE_DATA  ( TABLE_ID, TABLE_NAME, DISPLAY_NAME, ALIAS_NAME, PRIVILEGE_ID, FOR_SQI) values ( 23, 'CATISSUE_USER', 'User', 'User',2,1);
INSERT INTO CATISSUE_QUERY_TABLE_DATA  ( TABLE_ID, TABLE_NAME, DISPLAY_NAME, ALIAS_NAME, PRIVILEGE_ID,FOR_SQI) values ( 75, 'CATISSUE_DISTRIBUTION', 'Distribution_array', 'Distribution_array',2,1);
/*Ordering System*/
insert into CATISSUE_QUERY_TABLE_DATA  ( TABLE_ID, TABLE_NAME, DISPLAY_NAME, ALIAS_NAME, PRIVILEGE_ID) values ( 76, 'CATISSUE_ORDER', 'Order', 'OrderDetails', 2);

/* caTIES related tables*/
insert into CATISSUE_QUERY_TABLE_DATA  ( TABLE_ID, TABLE_NAME, DISPLAY_NAME, ALIAS_NAME, PRIVILEGE_ID) values ( 77, 'CATISSUE_REPORT_QUEUE', 'Report Queue', 'ReportQueue', 2);
insert into CATISSUE_QUERY_TABLE_DATA  ( TABLE_ID, TABLE_NAME, DISPLAY_NAME, ALIAS_NAME, PRIVILEGE_ID) values ( 78, 'CATISSUE_PATHOLOGY_REPORT', 'Surgical Pathology Report', 'SurgicalPathologyReport', 2);
insert into CATISSUE_QUERY_TABLE_DATA  ( TABLE_ID, TABLE_NAME, DISPLAY_NAME, ALIAS_NAME, PRIVILEGE_ID) values ( 79, 'CATISSUE_IDENTIFIED_REPORT', 'Identified Surgical Pathology Report', 'IdentifiedSurgicalPathologyReport', 2);
insert into CATISSUE_QUERY_TABLE_DATA  ( TABLE_ID, TABLE_NAME, DISPLAY_NAME, ALIAS_NAME, PRIVILEGE_ID) values ( 80, 'CATISSUE_DEIDENTIFIED_REPORT', 'Deidentified Surgical Pathology Report', 'DeidentifiedSurgicalPathologyReport', 2);
insert into CATISSUE_QUERY_TABLE_DATA  ( TABLE_ID, TABLE_NAME, DISPLAY_NAME, ALIAS_NAME, PRIVILEGE_ID) values ( 81, 'CATISSUE_REPORT_CONTENT', 'Report Content', 'ReportContent', 2);
insert into CATISSUE_QUERY_TABLE_DATA  ( TABLE_ID, TABLE_NAME, DISPLAY_NAME, ALIAS_NAME, PRIVILEGE_ID) values ( 82, 'CATISSUE_REPORT_TEXTCONTENT', 'Text Content', 'TextContent', 2);
insert into CATISSUE_QUERY_TABLE_DATA  ( TABLE_ID, TABLE_NAME, DISPLAY_NAME, ALIAS_NAME, PRIVILEGE_ID) values ( 83, 'CATISSUE_REPORT_BICONTENT', 'Binary Content', 'BinaryContent', 2);
insert into CATISSUE_QUERY_TABLE_DATA  ( TABLE_ID, TABLE_NAME, DISPLAY_NAME, ALIAS_NAME, PRIVILEGE_ID) values ( 84, 'CATISSUE_REPORT_SECTION', 'Report Section', 'ReportSection', 2);
insert into CATISSUE_QUERY_TABLE_DATA  ( TABLE_ID, TABLE_NAME, DISPLAY_NAME, ALIAS_NAME, PRIVILEGE_ID) values ( 85, 'CATISSUE_CONCEPT', 'Concept', 'Concept', 2);
insert into CATISSUE_QUERY_TABLE_DATA  ( TABLE_ID, TABLE_NAME, DISPLAY_NAME, ALIAS_NAME, PRIVILEGE_ID) values ( 87, 'CATISSUE_CONCEPT_REFERENT', 'Concept Referent', 'ConceptReferent', 2);
insert into CATISSUE_QUERY_TABLE_DATA  ( TABLE_ID, TABLE_NAME, DISPLAY_NAME, ALIAS_NAME, PRIVILEGE_ID) values ( 88, 'CATISSUE_CONCEPT_CLASSIFICATN', 'Concept Referent Classification', 'ConceptReferentClassification', 2);
insert into CATISSUE_QUERY_TABLE_DATA  ( TABLE_ID, TABLE_NAME, DISPLAY_NAME, ALIAS_NAME, PRIVILEGE_ID) values ( 89, 'CATISSUE_SEMANTIC_TYPE', 'Semantic Type', 'SemanticType', 2);
insert into CATISSUE_QUERY_TABLE_DATA  ( TABLE_ID, TABLE_NAME, DISPLAY_NAME, ALIAS_NAME, PRIVILEGE_ID) values ( 90, 'CATISSUE_REVIEW_PARAMS', 'Pathology Report Review Parameter', 'PathologyReportReviewParameter', 2);
insert into CATISSUE_QUERY_TABLE_DATA  ( TABLE_ID, TABLE_NAME, DISPLAY_NAME, ALIAS_NAME, PRIVILEGE_ID) values ( 91, 'CATISSUE_QUARANTINE_PARAMS', 'Quarantine Event Parameter', 'QuarantineEventParameter', 2);
/*Changes due to model change (Virender Mehta  12th Oct 2007)*/ 
INSERT INTO CATISSUE_QUERY_TABLE_DATA(TABLE_ID, TABLE_NAME, DISPLAY_NAME, ALIAS_NAME, PRIVILEGE_ID, FOR_SQI)
values( 92, 'CATISSUE_ABS_SPECI_COLL_GROUP', 'Abstract Specimen Coll Group', 'AbstractScg',2,null);
/*Changes due to model change (Virender Mehta  12th Oct 2007)*/ 

INSERT INTO CATISSUE_QUERY_TABLE_DATA(TABLE_ID, TABLE_NAME, DISPLAY_NAME, ALIAS_NAME, PRIVILEGE_ID, FOR_SQI)
values(93, 'CATISSUE_ABSTRACT_POSITION', 'Abstract Position', 'AbstractPosition',2,NULL);
INSERT INTO CATISSUE_QUERY_TABLE_DATA(TABLE_ID, TABLE_NAME, DISPLAY_NAME, ALIAS_NAME, PRIVILEGE_ID, FOR_SQI)
values(94, 'CATISSUE_SPECIMEN_POSITION', 'Specimen Position', 'SpecimenPosition',2,1);
INSERT INTO CATISSUE_QUERY_TABLE_DATA(TABLE_ID, TABLE_NAME, DISPLAY_NAME, ALIAS_NAME, PRIVILEGE_ID, FOR_SQI)
values(95, 'CATISSUE_CONTAINER_POSITION', 'Container Position', 'ContainerPosition',2,1);

INSERT INTO CATISSUE_QUERY_TABLE_DATA  ( TABLE_ID, TABLE_NAME, DISPLAY_NAME, ALIAS_NAME, PRIVILEGE_ID,FOR_SQI)
VALUES ( 96, 'catissue_tissue_specimen', 'Tissue Specimen', 'Tissue Specimen',2,NULL);

INSERT INTO CATISSUE_QUERY_TABLE_DATA  ( TABLE_ID, TABLE_NAME, DISPLAY_NAME, ALIAS_NAME, PRIVILEGE_ID,FOR_SQI)
VALUES ( 97, 'catissue_cell_specimen', 'Cell Specimen', 'Cell Specimen',2,NULL);

INSERT INTO CATISSUE_QUERY_TABLE_DATA  ( TABLE_ID, TABLE_NAME, DISPLAY_NAME, ALIAS_NAME, PRIVILEGE_ID,FOR_SQI)
VALUES ( 98, 'catissue_fluid_specimen', 'Fluid Specimen', 'Fluid Specimen',2,NULL);

INSERT INTO CATISSUE_QUERY_TABLE_DATA  ( TABLE_ID, TABLE_NAME, DISPLAY_NAME, ALIAS_NAME, PRIVILEGE_ID,FOR_SQI)
VALUES ( 99, 'catissue_molecular_specimen', 'Molecular Specimen', 'Molecular Specimen',2,NULL);

--commit;

/*Metadata for Specimen due to model changes*/

INSERT INTO CATISSUE_QUERY_TABLE_DATA(TABLE_ID, TABLE_NAME, DISPLAY_NAME, ALIAS_NAME, PRIVILEGE_ID, FOR_SQI)
VALUES(100,'CATISSUE_ABSTRACT_SPECIMEN','Abstract Specimen','AbstractSpecimen',2,NULL);

SET IDENTITY_INSERT CATISSUE_QUERY_TABLE_DATA OFF;


/*Kapil: Removed as the table is mearged with specimen */
/*insert into CATISSUE_QUERY_TABLE_DATA  ( TABLE_ID, TABLE_NAME, DISPLAY_NAME, ALIAS_NAME, PRIVILEGE_ID) values ( 25, 'CATISSUE_CELL_SPECIMEN', 'Cell Specimen', 'CellSpecimen',2);*/
/*insert into CATISSUE_INTERFACE_COLUMN_DATA ( IDENTIFIER, TABLE_ID, COLUMN_NAME , ATTRIBUTE_TYPE ) values ( 34, 25, 'IDENTIFIER', 'bigint');*/
/*insert into CATISSUE_INTERFACE_COLUMN_DATA ( IDENTIFIER, TABLE_ID, COLUMN_NAME , ATTRIBUTE_TYPE ) values ( 35, 25, 'QUANTITY_IN_CELL_COUNT', 'integer');*/
/*insert into CATISSUE_INTERFACE_COLUMN_DATA ( IDENTIFIER, TABLE_ID, COLUMN_NAME , ATTRIBUTE_TYPE ) values ( 36, 25, 'AVAILABLE_QUANTITY_IN_CELL_COUNT', 'integer');*/

/*Kapil: Removed as table is mearged with specimen requirement*/
/*insert into CATISSUE_QUERY_TABLE_DATA  ( TABLE_ID, TABLE_NAME, DISPLAY_NAME, ALIAS_NAME, PRIVILEGE_ID) values ( 13, 'CATISSUE_CELL_SPECIMEN_REQUIREMENT', 'Cell Specimen Requirement', 'CellSpecimenRequirement',2);*/
/*insert into CATISSUE_INTERFACE_COLUMN_DATA ( IDENTIFIER, TABLE_ID, COLUMN_NAME , ATTRIBUTE_TYPE ) values ( 37, 13, 'IDENTIFIER', 'bigint');*/
/*insert into CATISSUE_INTERFACE_COLUMN_DATA ( IDENTIFIER, TABLE_ID, COLUMN_NAME , ATTRIBUTE_TYPE ) values ( 38, 13, 'QUANTITY_IN_CELL_COUNT', 'integer');*/



SET IDENTITY_INSERT CATISSUE_INTERFACE_COLUMN_DATA ON;
insert into CATISSUE_INTERFACE_COLUMN_DATA ( IDENTIFIER, TABLE_ID, COLUMN_NAME , ATTRIBUTE_TYPE ) values ( 1, 4, 'IDENTIFIER', 'bigint');
insert into CATISSUE_INTERFACE_COLUMN_DATA ( IDENTIFIER, TABLE_ID, COLUMN_NAME , ATTRIBUTE_TYPE ) values ( 2, 4, 'STREET', 'varchar');
insert into CATISSUE_INTERFACE_COLUMN_DATA ( IDENTIFIER, TABLE_ID, COLUMN_NAME , ATTRIBUTE_TYPE ) values ( 3, 4, 'CITY', 'varchar');
insert into CATISSUE_INTERFACE_COLUMN_DATA ( IDENTIFIER, TABLE_ID, COLUMN_NAME , ATTRIBUTE_TYPE ) values ( 4, 4, 'STATE', 'varchar');
insert into CATISSUE_INTERFACE_COLUMN_DATA ( IDENTIFIER, TABLE_ID, COLUMN_NAME , ATTRIBUTE_TYPE ) values ( 5, 4, 'COUNTRY', 'varchar');
insert into CATISSUE_INTERFACE_COLUMN_DATA ( IDENTIFIER, TABLE_ID, COLUMN_NAME , ATTRIBUTE_TYPE ) values ( 6, 4, 'ZIPCODE', 'varchar');
insert into CATISSUE_INTERFACE_COLUMN_DATA ( IDENTIFIER, TABLE_ID, COLUMN_NAME , ATTRIBUTE_TYPE ) values ( 7, 4, 'PHONE_NUMBER', 'varchar');
insert into CATISSUE_INTERFACE_COLUMN_DATA ( IDENTIFIER, TABLE_ID, COLUMN_NAME , ATTRIBUTE_TYPE ) values ( 8, 4, 'FAX_NUMBER', 'varchar');

insert into CATISSUE_INTERFACE_COLUMN_DATA ( IDENTIFIER, TABLE_ID, COLUMN_NAME , ATTRIBUTE_TYPE ) values ( 9, 39, 'IDENTIFIER', 'bigint');
insert into CATISSUE_INTERFACE_COLUMN_DATA ( IDENTIFIER, TABLE_ID, COLUMN_NAME , ATTRIBUTE_TYPE ) values ( 10, 39, 'IP_ADDRESS', 'varchar');
insert into CATISSUE_INTERFACE_COLUMN_DATA ( IDENTIFIER, TABLE_ID, COLUMN_NAME , ATTRIBUTE_TYPE ) values ( 11, 39, 'EVENT_TIMESTAMP', 'timestamp');
insert into CATISSUE_INTERFACE_COLUMN_DATA ( IDENTIFIER, TABLE_ID, COLUMN_NAME , ATTRIBUTE_TYPE ) values ( 12, 39, 'USER_ID', 'bigint');
insert into CATISSUE_INTERFACE_COLUMN_DATA ( IDENTIFIER, TABLE_ID, COLUMN_NAME , ATTRIBUTE_TYPE ) values ( 13, 39, 'COMMENTS', 'text');

insert into CATISSUE_INTERFACE_COLUMN_DATA ( IDENTIFIER, TABLE_ID, COLUMN_NAME , ATTRIBUTE_TYPE ) values ( 14, 40, 'IDENTIFIER', 'bigint');
insert into CATISSUE_INTERFACE_COLUMN_DATA ( IDENTIFIER, TABLE_ID, COLUMN_NAME , ATTRIBUTE_TYPE ) values ( 15, 40, 'ELEMENT_NAME', 'varchar');
insert into CATISSUE_INTERFACE_COLUMN_DATA ( IDENTIFIER, TABLE_ID, COLUMN_NAME , ATTRIBUTE_TYPE ) values ( 16, 40, 'PREVIOUS_VALUE', 'varchar');
insert into CATISSUE_INTERFACE_COLUMN_DATA ( IDENTIFIER, TABLE_ID, COLUMN_NAME , ATTRIBUTE_TYPE ) values ( 17, 40, 'CURRENT_VALUE', 'varchar');
insert into CATISSUE_INTERFACE_COLUMN_DATA ( IDENTIFIER, TABLE_ID, COLUMN_NAME , ATTRIBUTE_TYPE ) values ( 18, 40, 'AUDIT_EVENT_LOG_ID', 'bigint');

insert into CATISSUE_INTERFACE_COLUMN_DATA ( IDENTIFIER, TABLE_ID, COLUMN_NAME , ATTRIBUTE_TYPE ) values ( 19, 41, 'IDENTIFIER', 'bigint');
insert into CATISSUE_INTERFACE_COLUMN_DATA ( IDENTIFIER, TABLE_ID, COLUMN_NAME , ATTRIBUTE_TYPE ) values ( 20, 41, 'OBJECT_IDENTIFIER', 'bigint');
insert into CATISSUE_INTERFACE_COLUMN_DATA ( IDENTIFIER, TABLE_ID, COLUMN_NAME , ATTRIBUTE_TYPE ) values ( 21, 41, 'OBJECT_NAME', 'varchar');
insert into CATISSUE_INTERFACE_COLUMN_DATA ( IDENTIFIER, TABLE_ID, COLUMN_NAME , ATTRIBUTE_TYPE ) values ( 22, 41, 'EVENT_TYPE', 'varchar');
insert into CATISSUE_INTERFACE_COLUMN_DATA ( IDENTIFIER, TABLE_ID, COLUMN_NAME , ATTRIBUTE_TYPE ) values ( 23, 41, 'AUDIT_EVENT_ID', 'bigint');

insert into CATISSUE_INTERFACE_COLUMN_DATA ( IDENTIFIER, TABLE_ID, COLUMN_NAME , ATTRIBUTE_TYPE ) values ( 24, 8, 'IDENTIFIER', 'bigint');
insert into CATISSUE_INTERFACE_COLUMN_DATA ( IDENTIFIER, TABLE_ID, COLUMN_NAME , ATTRIBUTE_TYPE ) values ( 25, 8, 'NAME', 'varchar');
insert into CATISSUE_INTERFACE_COLUMN_DATA ( IDENTIFIER, TABLE_ID, COLUMN_NAME , ATTRIBUTE_TYPE ) values ( 26, 8, 'COMMENTS', 'text');
insert into CATISSUE_INTERFACE_COLUMN_DATA ( IDENTIFIER, TABLE_ID, COLUMN_NAME , ATTRIBUTE_TYPE ) values ( 27, 8, 'TYPE', 'varchar');

insert into CATISSUE_INTERFACE_COLUMN_DATA ( IDENTIFIER, TABLE_ID, COLUMN_NAME , ATTRIBUTE_TYPE ) values ( 28, 7, 'IDENTIFIER', 'bigint');
insert into CATISSUE_INTERFACE_COLUMN_DATA ( IDENTIFIER, TABLE_ID, COLUMN_NAME , ATTRIBUTE_TYPE ) values ( 29, 7, 'NAME', 'varchar');

insert into CATISSUE_INTERFACE_COLUMN_DATA ( IDENTIFIER, TABLE_ID, COLUMN_NAME , ATTRIBUTE_TYPE ) values ( 30, 42, 'PUBLIC_ID', 'varchar');
insert into CATISSUE_INTERFACE_COLUMN_DATA ( IDENTIFIER, TABLE_ID, COLUMN_NAME , ATTRIBUTE_TYPE ) values ( 31, 42, 'LONG_NAME', 'varchar');
insert into CATISSUE_INTERFACE_COLUMN_DATA ( IDENTIFIER, TABLE_ID, COLUMN_NAME , ATTRIBUTE_TYPE ) values ( 32, 42, 'DEFINITION', 'text');
insert into CATISSUE_INTERFACE_COLUMN_DATA ( IDENTIFIER, TABLE_ID, COLUMN_NAME , ATTRIBUTE_TYPE ) values ( 33, 42, 'VERSION', 'varchar');

insert into CATISSUE_INTERFACE_COLUMN_DATA ( IDENTIFIER, TABLE_ID, COLUMN_NAME , ATTRIBUTE_TYPE ) values ( 39, 43, 'IDENTIFIER', 'bigint');
insert into CATISSUE_INTERFACE_COLUMN_DATA ( IDENTIFIER, TABLE_ID, COLUMN_NAME , ATTRIBUTE_TYPE ) values ( 40, 43, 'NEOPLASTIC_CELLULARITY_PER', 'double');
insert into CATISSUE_INTERFACE_COLUMN_DATA ( IDENTIFIER, TABLE_ID, COLUMN_NAME , ATTRIBUTE_TYPE ) values ( 41, 43, 'VIABLE_CELL_PERCENTAGE', 'double');

insert into CATISSUE_INTERFACE_COLUMN_DATA ( IDENTIFIER, TABLE_ID, COLUMN_NAME , ATTRIBUTE_TYPE ) values ( 42, 44, 'IDENTIFIER', 'bigint');
insert into CATISSUE_INTERFACE_COLUMN_DATA ( IDENTIFIER, TABLE_ID, COLUMN_NAME , ATTRIBUTE_TYPE ) values ( 43, 44, 'STORAGE_STATUS', 'varchar');

insert into CATISSUE_INTERFACE_COLUMN_DATA ( IDENTIFIER, TABLE_ID, COLUMN_NAME , ATTRIBUTE_TYPE ) values ( 47, 17, 'COLLECTION_PROTOCOL_ID', 'bigint');
insert into CATISSUE_INTERFACE_COLUMN_DATA ( IDENTIFIER, TABLE_ID, COLUMN_NAME , ATTRIBUTE_TYPE ) values ( 48, 17, 'USER_ID', 'bigint');

insert into CATISSUE_INTERFACE_COLUMN_DATA ( IDENTIFIER, TABLE_ID, COLUMN_NAME , ATTRIBUTE_TYPE ) values ( 49, 45, 'COLLECTION_PROTOCOL_ID', 'bigint');
insert into CATISSUE_INTERFACE_COLUMN_DATA ( IDENTIFIER, TABLE_ID, COLUMN_NAME , ATTRIBUTE_TYPE ) values ( 50, 45, 'DISTRIBUTION_PROTOCOL_ID', 'bigint');

insert into CATISSUE_INTERFACE_COLUMN_DATA ( IDENTIFIER, TABLE_ID, COLUMN_NAME , ATTRIBUTE_TYPE ) values ( 51, 46, 'IDENTIFIER', 'bigint');
insert into CATISSUE_INTERFACE_COLUMN_DATA ( IDENTIFIER, TABLE_ID, COLUMN_NAME , ATTRIBUTE_TYPE ) values ( 52, 46, 'COLLECTION_PROCEDURE', 'varchar');
insert into CATISSUE_INTERFACE_COLUMN_DATA ( IDENTIFIER, TABLE_ID, COLUMN_NAME , ATTRIBUTE_TYPE ) values ( 53, 46, 'CONTAINER', 'varchar');

insert into CATISSUE_INTERFACE_COLUMN_DATA ( IDENTIFIER, TABLE_ID, COLUMN_NAME , ATTRIBUTE_TYPE ) values ( 54, 10, 'IDENTIFIER', 'bigint');
insert into CATISSUE_INTERFACE_COLUMN_DATA ( IDENTIFIER, TABLE_ID, COLUMN_NAME , ATTRIBUTE_TYPE ) values ( 55, 11, 'IDENTIFIER', 'bigint');
insert into CATISSUE_INTERFACE_COLUMN_DATA ( IDENTIFIER, TABLE_ID, COLUMN_NAME , ATTRIBUTE_TYPE ) values ( 56, 11, 'CLINICAL_STATUS', 'varchar');
insert into CATISSUE_INTERFACE_COLUMN_DATA ( IDENTIFIER, TABLE_ID, COLUMN_NAME , ATTRIBUTE_TYPE ) values ( 57, 11, 'STUDY_CALENDAR_EVENT_POINT', 'double');
insert into CATISSUE_INTERFACE_COLUMN_DATA ( IDENTIFIER, TABLE_ID, COLUMN_NAME , ATTRIBUTE_TYPE ) values ( 58, 11, 'COLLECTION_PROTOCOL_ID', 'bigint');
/*Patch ID: 4171_2*/
/*Adding CollectionProtocolEvent.collectionPointLabel attribute in simple search.*/
insert into CATISSUE_INTERFACE_COLUMN_DATA ( IDENTIFIER, TABLE_ID, COLUMN_NAME , ATTRIBUTE_TYPE ) values ( 329, 11, 'COLLECTION_POINT_LABEL', 'varchar');

insert into CATISSUE_INTERFACE_COLUMN_DATA ( IDENTIFIER, TABLE_ID, COLUMN_NAME , ATTRIBUTE_TYPE ) values ( 59, 27, 'IDENTIFIER', 'bigint');
insert into CATISSUE_INTERFACE_COLUMN_DATA ( IDENTIFIER, TABLE_ID, COLUMN_NAME , ATTRIBUTE_TYPE ) values ( 60, 27, 'PROTOCOL_PARTICIPANT_ID', 'varchar');
insert into CATISSUE_INTERFACE_COLUMN_DATA ( IDENTIFIER, TABLE_ID, COLUMN_NAME , ATTRIBUTE_TYPE ) values ( 61, 27, 'REGISTRATION_DATE', 'date');
insert into CATISSUE_INTERFACE_COLUMN_DATA ( IDENTIFIER, TABLE_ID, COLUMN_NAME , ATTRIBUTE_TYPE ) values ( 62, 27, 'PARTICIPANT_ID', 'bigint');
insert into CATISSUE_INTERFACE_COLUMN_DATA ( IDENTIFIER, TABLE_ID, COLUMN_NAME , ATTRIBUTE_TYPE ) values ( 63, 27, 'COLLECTION_PROTOCOL_ID', 'bigint');
insert into CATISSUE_INTERFACE_COLUMN_DATA ( IDENTIFIER, TABLE_ID, COLUMN_NAME , ATTRIBUTE_TYPE ) values ( 64, 27, 'ACTIVITY_STATUS', 'varchar');


insert into CATISSUE_INTERFACE_COLUMN_DATA ( IDENTIFIER, TABLE_ID, COLUMN_NAME , ATTRIBUTE_TYPE ) values ( 65, 18, 'COLLECTION_PROTOCOL_EVENT_ID', 'bigint');
insert into CATISSUE_INTERFACE_COLUMN_DATA ( IDENTIFIER, TABLE_ID, COLUMN_NAME , ATTRIBUTE_TYPE ) values ( 66, 18, 'SPECIMEN_REQUIREMENT_ID', 'bigint');

insert into CATISSUE_INTERFACE_COLUMN_DATA ( IDENTIFIER, TABLE_ID, COLUMN_NAME , ATTRIBUTE_TYPE ) values ( 67, 5, 'IDENTIFIER', 'bigint');
insert into CATISSUE_INTERFACE_COLUMN_DATA ( IDENTIFIER, TABLE_ID, COLUMN_NAME , ATTRIBUTE_TYPE ) values ( 68, 5, 'NAME', 'varchar');

insert into CATISSUE_INTERFACE_COLUMN_DATA ( IDENTIFIER, TABLE_ID, COLUMN_NAME , ATTRIBUTE_TYPE ) values ( 69, 47, 'IDENTIFIER', 'bigint');
insert into CATISSUE_INTERFACE_COLUMN_DATA ( IDENTIFIER, TABLE_ID, COLUMN_NAME , ATTRIBUTE_TYPE ) values ( 70, 47, 'REASON', 'varchar');

insert into CATISSUE_INTERFACE_COLUMN_DATA ( IDENTIFIER, TABLE_ID, COLUMN_NAME , ATTRIBUTE_TYPE ) values ( 71, 37, 'IDENTIFIER', 'bigint');
insert into CATISSUE_INTERFACE_COLUMN_DATA ( IDENTIFIER, TABLE_ID, COLUMN_NAME , ATTRIBUTE_TYPE ) values ( 72, 37, 'QUANTITY', 'double');
insert into CATISSUE_INTERFACE_COLUMN_DATA ( IDENTIFIER, TABLE_ID, COLUMN_NAME , ATTRIBUTE_TYPE ) values ( 73, 37, 'SPECIMEN_ID', 'bigint');
insert into CATISSUE_INTERFACE_COLUMN_DATA ( IDENTIFIER, TABLE_ID, COLUMN_NAME , ATTRIBUTE_TYPE ) values ( 74, 37, 'DISTRIBUTION_ID', 'bigint');

insert into CATISSUE_INTERFACE_COLUMN_DATA ( IDENTIFIER, TABLE_ID, COLUMN_NAME , ATTRIBUTE_TYPE ) values ( 75, 38, 'IDENTIFIER', 'bigint');
insert into CATISSUE_INTERFACE_COLUMN_DATA ( IDENTIFIER, TABLE_ID, COLUMN_NAME , ATTRIBUTE_TYPE ) values ( 76, 38, 'TO_SITE_ID', 'bigint');
/*insert into CATISSUE_INTERFACE_COLUMN_DATA ( IDENTIFIER, TABLE_ID, COLUMN_NAME , ATTRIBUTE_TYPE ) values ( 77, 38, 'FROM_SITE_ID', 'bigint');*/
insert into CATISSUE_INTERFACE_COLUMN_DATA ( IDENTIFIER, TABLE_ID, COLUMN_NAME , ATTRIBUTE_TYPE ) values ( 78, 38, 'DISTRIBUTION_PROTOCOL_ID', 'bigint');
/* Kapil: Added for distribution */
insert into CATISSUE_INTERFACE_COLUMN_DATA ( IDENTIFIER, TABLE_ID, COLUMN_NAME , ATTRIBUTE_TYPE ) values ( 297, 38, 'ACTIVITY_STATUS', 'varchar');
insert into CATISSUE_INTERFACE_COLUMN_DATA ( IDENTIFIER, TABLE_ID, COLUMN_NAME , ATTRIBUTE_TYPE ) values ( 298, 38, 'EVENT_TIMESTAMP', 'timestampdate');
insert into CATISSUE_INTERFACE_COLUMN_DATA ( IDENTIFIER, TABLE_ID, COLUMN_NAME , ATTRIBUTE_TYPE ) values ( 299, 38, 'USER_ID', 'bigint');
insert into CATISSUE_INTERFACE_COLUMN_DATA ( IDENTIFIER, TABLE_ID, COLUMN_NAME , ATTRIBUTE_TYPE ) values ( 300, 38, 'COMMENTS', 'varchar');
insert into CATISSUE_INTERFACE_COLUMN_DATA ( IDENTIFIER, TABLE_ID, COLUMN_NAME , ATTRIBUTE_TYPE ) values ( 301, 38, 'SPECIMEN_ID', 'bigint');
insert into CATISSUE_INTERFACE_COLUMN_DATA ( IDENTIFIER, TABLE_ID, COLUMN_NAME , ATTRIBUTE_TYPE ) values ( 302, 38, 'EVENT_TIMESTAMP', 'timestamptime');

insert into CATISSUE_INTERFACE_COLUMN_DATA ( IDENTIFIER, TABLE_ID, COLUMN_NAME , ATTRIBUTE_TYPE ) values ( 79, 19, 'IDENTIFIER', 'bigint');

insert into CATISSUE_INTERFACE_COLUMN_DATA ( IDENTIFIER, TABLE_ID, COLUMN_NAME , ATTRIBUTE_TYPE ) values ( 80, 20, 'DISTRIBUTION_PROTOCOL_ID', 'bigint');
insert into CATISSUE_INTERFACE_COLUMN_DATA ( IDENTIFIER, TABLE_ID, COLUMN_NAME , ATTRIBUTE_TYPE ) values ( 81, 20, 'SPECIMEN_REQUIREMENT_ID', 'bigint');

insert into CATISSUE_INTERFACE_COLUMN_DATA ( IDENTIFIER, TABLE_ID, COLUMN_NAME , ATTRIBUTE_TYPE ) values ( 82, 48, 'IDENTIFIER', 'bigint');
insert into CATISSUE_INTERFACE_COLUMN_DATA ( IDENTIFIER, TABLE_ID, COLUMN_NAME , ATTRIBUTE_TYPE ) values ( 83, 48, 'EMBEDDING_MEDIUM', 'varchar');

insert into CATISSUE_INTERFACE_COLUMN_DATA ( IDENTIFIER, TABLE_ID, COLUMN_NAME , ATTRIBUTE_TYPE ) values ( 84, 28, 'IDENTIFIER', 'bigint');
insert into CATISSUE_INTERFACE_COLUMN_DATA ( IDENTIFIER, TABLE_ID, COLUMN_NAME , ATTRIBUTE_TYPE ) values ( 85, 28, 'NAME', 'varchar');
insert into CATISSUE_INTERFACE_COLUMN_DATA ( IDENTIFIER, TABLE_ID, COLUMN_NAME , ATTRIBUTE_TYPE ) values ( 86, 28, 'VALUE', 'varchar');
insert into CATISSUE_INTERFACE_COLUMN_DATA ( IDENTIFIER, TABLE_ID, COLUMN_NAME , ATTRIBUTE_TYPE ) values ( 87, 28, 'SPECIMEN_ID', 'bigint');

insert into CATISSUE_INTERFACE_COLUMN_DATA ( IDENTIFIER, TABLE_ID, COLUMN_NAME , ATTRIBUTE_TYPE ) values ( 88, 49, 'IDENTIFIER', 'bigint');
insert into CATISSUE_INTERFACE_COLUMN_DATA ( IDENTIFIER, TABLE_ID, COLUMN_NAME , ATTRIBUTE_TYPE ) values ( 89, 49, 'FIXATION_TYPE', 'varchar');
insert into CATISSUE_INTERFACE_COLUMN_DATA ( IDENTIFIER, TABLE_ID, COLUMN_NAME , ATTRIBUTE_TYPE ) values ( 90, 49, 'DURATION_IN_MINUTES', 'integer');

/*Kapil: Removed as the table is mearged with specimen */
/*insert into CATISSUE_QUERY_TABLE_DATA  ( TABLE_ID, TABLE_NAME, DISPLAY_NAME, ALIAS_NAME, PRIVILEGE_ID) values ( 29, 'CATISSUE_FLUID_SPECIMEN', 'Fluid Specimen', 'FluidSpecimen',2);*/
/*insert into CATISSUE_INTERFACE_COLUMN_DATA ( IDENTIFIER, TABLE_ID, COLUMN_NAME , ATTRIBUTE_TYPE ) values ( 91, 29, 'IDENTIFIER', 'bigint');*/
/*insert into CATISSUE_INTERFACE_COLUMN_DATA ( IDENTIFIER, TABLE_ID, COLUMN_NAME , ATTRIBUTE_TYPE ) values ( 92, 29, 'QUANTITY_IN_MILILITER', 'double');*/
/*insert into CATISSUE_INTERFACE_COLUMN_DATA ( IDENTIFIER, TABLE_ID, COLUMN_NAME , ATTRIBUTE_TYPE ) values ( 93, 29, 'AVAILABLE_QUANTITY_IN_MILILITER', 'double');*/

/*Kapil: Removed as table is mearged with specimen requirement*/
/*insert into CATISSUE_QUERY_TABLE_DATA  ( TABLE_ID, TABLE_NAME, DISPLAY_NAME, ALIAS_NAME, PRIVILEGE_ID) values ( 16, 'CATISSUE_FLUID_SPECIMEN_REQUIREMENT', 'Fluid Specimen Requirement', 'FluidSpecimenRequirement',2);*/
/*insert into CATISSUE_INTERFACE_COLUMN_DATA ( IDENTIFIER, TABLE_ID, COLUMN_NAME , ATTRIBUTE_TYPE ) values ( 94, 16, 'IDENTIFIER', 'bigint');*/
/*insert into CATISSUE_INTERFACE_COLUMN_DATA ( IDENTIFIER, TABLE_ID, COLUMN_NAME , ATTRIBUTE_TYPE ) values ( 95, 16, 'QUANTITY_IN_MILILITER', 'double');*/

insert into CATISSUE_INTERFACE_COLUMN_DATA ( IDENTIFIER, TABLE_ID, COLUMN_NAME , ATTRIBUTE_TYPE ) values ( 96, 50, 'IDENTIFIER', 'bigint');
insert into CATISSUE_INTERFACE_COLUMN_DATA ( IDENTIFIER, TABLE_ID, COLUMN_NAME , ATTRIBUTE_TYPE ) values ( 97, 50, 'CELL_COUNT', 'double');

insert into CATISSUE_INTERFACE_COLUMN_DATA ( IDENTIFIER, TABLE_ID, COLUMN_NAME , ATTRIBUTE_TYPE ) values ( 98, 51, 'IDENTIFIER', 'bigint');
insert into CATISSUE_INTERFACE_COLUMN_DATA ( IDENTIFIER, TABLE_ID, COLUMN_NAME , ATTRIBUTE_TYPE ) values ( 99, 51, 'METHOD', 'varchar');

insert into CATISSUE_INTERFACE_COLUMN_DATA ( IDENTIFIER, TABLE_ID, COLUMN_NAME , ATTRIBUTE_TYPE ) values ( 100, 6, 'IDENTIFIER', 'bigint');
insert into CATISSUE_INTERFACE_COLUMN_DATA ( IDENTIFIER, TABLE_ID, COLUMN_NAME , ATTRIBUTE_TYPE ) values ( 101, 6, 'NAME', 'varchar');

/*Kapil: Removed as the table is mearged with specimen */
/*insert into CATISSUE_QUERY_TABLE_DATA  ( TABLE_ID, TABLE_NAME, DISPLAY_NAME, ALIAS_NAME, PRIVILEGE_ID) values ( 30, 'CATISSUE_MOLECULAR_SPECIMEN', 'Molecular Specimen', 'MolecularSpecimen',2);*/
/*insert into CATISSUE_INTERFACE_COLUMN_DATA ( IDENTIFIER, TABLE_ID, COLUMN_NAME , ATTRIBUTE_TYPE ) values ( 102, 30, 'IDENTIFIER', 'bigint');*/
/*insert into CATISSUE_INTERFACE_COLUMN_DATA ( IDENTIFIER, TABLE_ID, COLUMN_NAME , ATTRIBUTE_TYPE ) values ( 103, 30, 'CONCENTRATION_IN_MICROGRAM_PER_MICROLITER', 'double');*/
/*insert into CATISSUE_INTERFACE_COLUMN_DATA ( IDENTIFIER, TABLE_ID, COLUMN_NAME , ATTRIBUTE_TYPE ) values ( 104, 30, 'QUANTITY_IN_MICROGRAM', 'double');*/
/*insert into CATISSUE_INTERFACE_COLUMN_DATA ( IDENTIFIER, TABLE_ID, COLUMN_NAME , ATTRIBUTE_TYPE ) values ( 105, 30, 'AVAILABLE_QUANTITY_IN_MICROGRAM', 'double');*/

/*Kapil: Removed as table is mearged with specimen requirement*/
/*insert into CATISSUE_QUERY_TABLE_DATA  ( TABLE_ID, TABLE_NAME, DISPLAY_NAME, ALIAS_NAME, PRIVILEGE_ID) values ( 14, 'CATISSUE_MOLECULAR_SPECIMEN_REQUIREMENT', 'Molecular Specimen Requirement', 'MolecularSpecimenRequirement',2);*/
/*insert into CATISSUE_INTERFACE_COLUMN_DATA ( IDENTIFIER, TABLE_ID, COLUMN_NAME , ATTRIBUTE_TYPE ) values ( 106, 14, 'IDENTIFIER', 'bigint');*/
/*insert into CATISSUE_INTERFACE_COLUMN_DATA ( IDENTIFIER, TABLE_ID, COLUMN_NAME , ATTRIBUTE_TYPE ) values ( 107, 14, 'QUANTITY_IN_MICRO_GRAM', 'double');*/

insert into CATISSUE_INTERFACE_COLUMN_DATA ( IDENTIFIER, TABLE_ID, COLUMN_NAME , ATTRIBUTE_TYPE ) values ( 108, 52, 'IDENTIFIER', 'bigint');
insert into CATISSUE_INTERFACE_COLUMN_DATA ( IDENTIFIER, TABLE_ID, COLUMN_NAME , ATTRIBUTE_TYPE ) values ( 109, 52, 'GEL_IMAGE_URL', 'varchar');
insert into CATISSUE_INTERFACE_COLUMN_DATA ( IDENTIFIER, TABLE_ID, COLUMN_NAME , ATTRIBUTE_TYPE ) values ( 110, 52, 'QUALITY_INDEX', 'varchar');
insert into CATISSUE_INTERFACE_COLUMN_DATA ( IDENTIFIER, TABLE_ID, COLUMN_NAME , ATTRIBUTE_TYPE ) values ( 111, 52, 'LANE_NUMBER', 'varchar');
insert into CATISSUE_INTERFACE_COLUMN_DATA ( IDENTIFIER, TABLE_ID, COLUMN_NAME , ATTRIBUTE_TYPE ) values ( 112, 52, 'GEL_NUMBER', 'integer');
insert into CATISSUE_INTERFACE_COLUMN_DATA ( IDENTIFIER, TABLE_ID, COLUMN_NAME , ATTRIBUTE_TYPE ) values ( 113, 52, 'ABSORBANCE_AT_260', 'double');
insert into CATISSUE_INTERFACE_COLUMN_DATA ( IDENTIFIER, TABLE_ID, COLUMN_NAME , ATTRIBUTE_TYPE ) values ( 114, 52, 'ABSORBANCE_AT_280', 'double');
insert into CATISSUE_INTERFACE_COLUMN_DATA ( IDENTIFIER, TABLE_ID, COLUMN_NAME , ATTRIBUTE_TYPE ) values ( 115, 52, 'RATIO_28S_TO_18S', 'double');

insert into CATISSUE_INTERFACE_COLUMN_DATA ( IDENTIFIER, TABLE_ID, COLUMN_NAME , ATTRIBUTE_TYPE ) values ( 116, 31, 'IDENTIFIER', 'bigint');
insert into CATISSUE_INTERFACE_COLUMN_DATA ( IDENTIFIER, TABLE_ID, COLUMN_NAME , ATTRIBUTE_TYPE ) values ( 117, 31, 'LAST_NAME', 'varchar');
insert into CATISSUE_INTERFACE_COLUMN_DATA ( IDENTIFIER, TABLE_ID, COLUMN_NAME , ATTRIBUTE_TYPE ) values ( 118, 31, 'FIRST_NAME', 'varchar');
insert into CATISSUE_INTERFACE_COLUMN_DATA ( IDENTIFIER, TABLE_ID, COLUMN_NAME , ATTRIBUTE_TYPE ) values ( 119, 31, 'MIDDLE_NAME', 'varchar');
insert into CATISSUE_INTERFACE_COLUMN_DATA ( IDENTIFIER, TABLE_ID, COLUMN_NAME , ATTRIBUTE_TYPE ) values ( 120, 31, 'BIRTH_DATE', 'date');
insert into CATISSUE_INTERFACE_COLUMN_DATA ( IDENTIFIER, TABLE_ID, COLUMN_NAME , ATTRIBUTE_TYPE ) values ( 303, 31, 'DEATH_DATE', 'date');
insert into CATISSUE_INTERFACE_COLUMN_DATA ( IDENTIFIER, TABLE_ID, COLUMN_NAME , ATTRIBUTE_TYPE ) values ( 304, 31, 'VITAL_STATUS', 'varchar');
insert into CATISSUE_INTERFACE_COLUMN_DATA ( IDENTIFIER, TABLE_ID, COLUMN_NAME , ATTRIBUTE_TYPE ) values ( 121, 31, 'GENDER', 'varchar');
insert into CATISSUE_INTERFACE_COLUMN_DATA ( IDENTIFIER, TABLE_ID, COLUMN_NAME , ATTRIBUTE_TYPE ) values ( 122, 31, 'GENOTYPE', 'varchar');
/*insert into CATISSUE_INTERFACE_COLUMN_DATA ( IDENTIFIER, TABLE_ID, COLUMN_NAME , ATTRIBUTE_TYPE ) values ( 123, 31, 'RACE', 'varchar');*/
insert into CATISSUE_INTERFACE_COLUMN_DATA ( IDENTIFIER, TABLE_ID, COLUMN_NAME , ATTRIBUTE_TYPE ) values ( 124, 31, 'ETHNICITY', 'varchar');
insert into CATISSUE_INTERFACE_COLUMN_DATA ( IDENTIFIER, TABLE_ID, COLUMN_NAME , ATTRIBUTE_TYPE ) values ( 125, 31, 'SOCIAL_SECURITY_NUMBER', 'varchar');
insert into CATISSUE_INTERFACE_COLUMN_DATA ( IDENTIFIER, TABLE_ID, COLUMN_NAME , ATTRIBUTE_TYPE ) values ( 126, 31, 'ACTIVITY_STATUS', 'varchar');

insert into CATISSUE_INTERFACE_COLUMN_DATA ( IDENTIFIER, TABLE_ID, COLUMN_NAME , ATTRIBUTE_TYPE ) values ( 316, 73, 'PARTICIPANT_ID', 'bigint');
insert into CATISSUE_INTERFACE_COLUMN_DATA ( IDENTIFIER, TABLE_ID, COLUMN_NAME , ATTRIBUTE_TYPE ) values ( 317, 73, 'RACE_NAME', 'varchar');


insert into CATISSUE_INTERFACE_COLUMN_DATA ( IDENTIFIER, TABLE_ID, COLUMN_NAME , ATTRIBUTE_TYPE ) values ( 127, 32, 'IDENTIFIER', 'bigint');
insert into CATISSUE_INTERFACE_COLUMN_DATA ( IDENTIFIER, TABLE_ID, COLUMN_NAME , ATTRIBUTE_TYPE ) values ( 128, 32, 'MEDICAL_RECORD_NUMBER', 'varchar');
insert into CATISSUE_INTERFACE_COLUMN_DATA ( IDENTIFIER, TABLE_ID, COLUMN_NAME , ATTRIBUTE_TYPE ) values ( 129, 32, 'SITE_ID', 'bigint');
insert into CATISSUE_INTERFACE_COLUMN_DATA ( IDENTIFIER, TABLE_ID, COLUMN_NAME , ATTRIBUTE_TYPE ) values ( 130, 32, 'PARTICIPANT_ID', 'bigint');

insert into CATISSUE_INTERFACE_COLUMN_DATA ( IDENTIFIER, TABLE_ID, COLUMN_NAME , ATTRIBUTE_TYPE ) values ( 131, 53, 'IDENTIFIER', 'varchar');
insert into CATISSUE_INTERFACE_COLUMN_DATA ( IDENTIFIER, TABLE_ID, COLUMN_NAME , ATTRIBUTE_TYPE ) values ( 132, 53, 'CONCEPT_CODE', 'varchar');
insert into CATISSUE_INTERFACE_COLUMN_DATA ( IDENTIFIER, TABLE_ID, COLUMN_NAME , ATTRIBUTE_TYPE ) values ( 133, 53, 'DEFINITION', 'text');
insert into CATISSUE_INTERFACE_COLUMN_DATA ( IDENTIFIER, TABLE_ID, COLUMN_NAME , ATTRIBUTE_TYPE ) values ( 134, 53, 'EVS_CODE', 'text');
insert into CATISSUE_INTERFACE_COLUMN_DATA ( IDENTIFIER, TABLE_ID, COLUMN_NAME , ATTRIBUTE_TYPE ) values ( 135, 53, 'PARENT_IDENTIFIER', 'varchar');
insert into CATISSUE_INTERFACE_COLUMN_DATA ( IDENTIFIER, TABLE_ID, COLUMN_NAME , ATTRIBUTE_TYPE ) values ( 136, 53, 'VALUE', 'varchar');
insert into CATISSUE_INTERFACE_COLUMN_DATA ( IDENTIFIER, TABLE_ID, COLUMN_NAME , ATTRIBUTE_TYPE ) values ( 137, 53, 'PUBLIC_ID', 'varchar');

insert into CATISSUE_INTERFACE_COLUMN_DATA ( IDENTIFIER, TABLE_ID, COLUMN_NAME , ATTRIBUTE_TYPE ) values ( 138, 54, 'IDENTIFIER', 'bigint');
insert into CATISSUE_INTERFACE_COLUMN_DATA ( IDENTIFIER, TABLE_ID, COLUMN_NAME , ATTRIBUTE_TYPE ) values ( 139, 54, 'URL', 'varchar');
insert into CATISSUE_INTERFACE_COLUMN_DATA ( IDENTIFIER, TABLE_ID, COLUMN_NAME , ATTRIBUTE_TYPE ) values ( 140, 54, 'NAME', 'varchar');

insert into CATISSUE_INTERFACE_COLUMN_DATA ( IDENTIFIER, TABLE_ID, COLUMN_NAME , ATTRIBUTE_TYPE ) values ( 141, 55, 'IDENTIFIER', 'bigint');
insert into CATISSUE_INTERFACE_COLUMN_DATA ( IDENTIFIER, TABLE_ID, COLUMN_NAME , ATTRIBUTE_TYPE ) values ( 142, 55, 'TABLE_ID', 'bigint');
insert into CATISSUE_INTERFACE_COLUMN_DATA ( IDENTIFIER, TABLE_ID, COLUMN_NAME , ATTRIBUTE_TYPE ) values ( 143, 55, 'COLUMN_NAME', 'varchar');
insert into CATISSUE_INTERFACE_COLUMN_DATA ( IDENTIFIER, TABLE_ID, COLUMN_NAME , ATTRIBUTE_TYPE ) values ( 144, 55, 'DISPLAY_NAME', 'varchar');
insert into CATISSUE_INTERFACE_COLUMN_DATA ( IDENTIFIER, TABLE_ID, COLUMN_NAME , ATTRIBUTE_TYPE ) values ( 145, 55, 'ATTRIBUTE_TYPE', 'varchar');

insert into CATISSUE_INTERFACE_COLUMN_DATA ( IDENTIFIER, TABLE_ID, COLUMN_NAME , ATTRIBUTE_TYPE ) values ( 146, 56, 'TABLE_ID', 'bigint');
insert into CATISSUE_INTERFACE_COLUMN_DATA ( IDENTIFIER, TABLE_ID, COLUMN_NAME , ATTRIBUTE_TYPE ) values ( 147, 56, 'DISPLAY_NAME', 'varchar');
insert into CATISSUE_INTERFACE_COLUMN_DATA ( IDENTIFIER, TABLE_ID, COLUMN_NAME , ATTRIBUTE_TYPE ) values ( 148, 56, 'TABLE_NAME', 'varchar');
insert into CATISSUE_INTERFACE_COLUMN_DATA ( IDENTIFIER, TABLE_ID, COLUMN_NAME , ATTRIBUTE_TYPE ) values ( 149, 56, 'ALIAS_NAME', 'varchar');

insert into CATISSUE_INTERFACE_COLUMN_DATA ( IDENTIFIER, TABLE_ID, COLUMN_NAME , ATTRIBUTE_TYPE ) values ( 150, 57, 'IDENTIFIER', 'bigint');
insert into CATISSUE_INTERFACE_COLUMN_DATA ( IDENTIFIER, TABLE_ID, COLUMN_NAME , ATTRIBUTE_TYPE ) values ( 151, 57, 'RECEIVED_QUALITY', 'varchar');

insert into CATISSUE_INTERFACE_COLUMN_DATA ( IDENTIFIER, TABLE_ID, COLUMN_NAME , ATTRIBUTE_TYPE ) values ( 152, 58, 'FIRST_TABLE_ID', 'bigint');
insert into CATISSUE_INTERFACE_COLUMN_DATA ( IDENTIFIER, TABLE_ID, COLUMN_NAME , ATTRIBUTE_TYPE ) values ( 153, 58, 'SECOND_TABLE_ID', 'bigint');
insert into CATISSUE_INTERFACE_COLUMN_DATA ( IDENTIFIER, TABLE_ID, COLUMN_NAME , ATTRIBUTE_TYPE ) values ( 154, 58, 'FIRST_TABLE_JOIN_COLUMN', 'varchar');
insert into CATISSUE_INTERFACE_COLUMN_DATA ( IDENTIFIER, TABLE_ID, COLUMN_NAME , ATTRIBUTE_TYPE ) values ( 155, 58, 'SECOND_TABLE_JOIN_COLUMN', 'varchar');

insert into CATISSUE_INTERFACE_COLUMN_DATA ( IDENTIFIER, TABLE_ID, COLUMN_NAME , ATTRIBUTE_TYPE ) values ( 156, 59, 'IDENTIFIER', 'bigint');
insert into CATISSUE_INTERFACE_COLUMN_DATA ( IDENTIFIER, TABLE_ID, COLUMN_NAME , ATTRIBUTE_TYPE ) values ( 157, 59, 'AFFILIATION', 'varchar');
insert into CATISSUE_INTERFACE_COLUMN_DATA ( IDENTIFIER, TABLE_ID, COLUMN_NAME , ATTRIBUTE_TYPE ) values ( 158, 59, 'NAME_OF_REPORTER', 'varchar');
insert into CATISSUE_INTERFACE_COLUMN_DATA ( IDENTIFIER, TABLE_ID, COLUMN_NAME , ATTRIBUTE_TYPE ) values ( 159, 59, 'REPORTERS_EMAIL_ID', 'varchar');
insert into CATISSUE_INTERFACE_COLUMN_DATA ( IDENTIFIER, TABLE_ID, COLUMN_NAME , ATTRIBUTE_TYPE ) values ( 160, 59, 'MESSAGE_BODY', 'varchar');
insert into CATISSUE_INTERFACE_COLUMN_DATA ( IDENTIFIER, TABLE_ID, COLUMN_NAME , ATTRIBUTE_TYPE ) values ( 161, 59, 'SUBJECT', 'varchar');
insert into CATISSUE_INTERFACE_COLUMN_DATA ( IDENTIFIER, TABLE_ID, COLUMN_NAME , ATTRIBUTE_TYPE ) values ( 162, 59, 'REPORTED_DATE', 'date');
insert into CATISSUE_INTERFACE_COLUMN_DATA ( IDENTIFIER, TABLE_ID, COLUMN_NAME , ATTRIBUTE_TYPE ) values ( 163, 59, 'ACTIVITY_STATUS', 'varchar');
insert into CATISSUE_INTERFACE_COLUMN_DATA ( IDENTIFIER, TABLE_ID, COLUMN_NAME , ATTRIBUTE_TYPE ) values ( 164, 59, 'COMMENTS', 'text');

insert into CATISSUE_INTERFACE_COLUMN_DATA ( IDENTIFIER, TABLE_ID, COLUMN_NAME , ATTRIBUTE_TYPE ) values ( 165, 60, 'IDENTIFIER', 'bigint');

insert into CATISSUE_INTERFACE_COLUMN_DATA ( IDENTIFIER, TABLE_ID, COLUMN_NAME , ATTRIBUTE_TYPE ) values ( 166, 61, 'IDENTIFIER', 'bigint');
insert into CATISSUE_INTERFACE_COLUMN_DATA ( IDENTIFIER, TABLE_ID, COLUMN_NAME , ATTRIBUTE_TYPE ) values ( 167, 61, 'FIRST_NAME', 'varchar');
insert into CATISSUE_INTERFACE_COLUMN_DATA ( IDENTIFIER, TABLE_ID, COLUMN_NAME , ATTRIBUTE_TYPE ) values ( 168, 61, 'LAST_NAME', 'varchar');
insert into CATISSUE_INTERFACE_COLUMN_DATA ( IDENTIFIER, TABLE_ID, COLUMN_NAME , ATTRIBUTE_TYPE ) values ( 169, 61, 'LOGIN_NAME', 'varchar');
insert into CATISSUE_INTERFACE_COLUMN_DATA ( IDENTIFIER, TABLE_ID, COLUMN_NAME , ATTRIBUTE_TYPE ) values ( 170, 61, 'EMAIL_ADDRESS', 'varchar');
insert into CATISSUE_INTERFACE_COLUMN_DATA ( IDENTIFIER, TABLE_ID, COLUMN_NAME , ATTRIBUTE_TYPE ) values ( 171, 61, 'START_DATE', 'date');
insert into CATISSUE_INTERFACE_COLUMN_DATA ( IDENTIFIER, TABLE_ID, COLUMN_NAME , ATTRIBUTE_TYPE ) values ( 172, 61, 'ACTIVITY_STATUS', 'varchar');
insert into CATISSUE_INTERFACE_COLUMN_DATA ( IDENTIFIER, TABLE_ID, COLUMN_NAME , ATTRIBUTE_TYPE ) values ( 173, 61, 'DEPARTMENT_ID', 'bigint');
insert into CATISSUE_INTERFACE_COLUMN_DATA ( IDENTIFIER, TABLE_ID, COLUMN_NAME , ATTRIBUTE_TYPE ) values ( 174, 61, 'STREET', 'varchar');
insert into CATISSUE_INTERFACE_COLUMN_DATA ( IDENTIFIER, TABLE_ID, COLUMN_NAME , ATTRIBUTE_TYPE ) values ( 175, 61, 'CITY', 'varchar');
insert into CATISSUE_INTERFACE_COLUMN_DATA ( IDENTIFIER, TABLE_ID, COLUMN_NAME , ATTRIBUTE_TYPE ) values ( 176, 61, 'STATE', 'varchar');
insert into CATISSUE_INTERFACE_COLUMN_DATA ( IDENTIFIER, TABLE_ID, COLUMN_NAME , ATTRIBUTE_TYPE ) values ( 177, 61, 'COUNTRY', 'varchar');
insert into CATISSUE_INTERFACE_COLUMN_DATA ( IDENTIFIER, TABLE_ID, COLUMN_NAME , ATTRIBUTE_TYPE ) values ( 178, 61, 'ZIPCODE', 'varchar');
insert into CATISSUE_INTERFACE_COLUMN_DATA ( IDENTIFIER, TABLE_ID, COLUMN_NAME , ATTRIBUTE_TYPE ) values ( 179, 61, 'PHONE_NUMBER', 'varchar');
insert into CATISSUE_INTERFACE_COLUMN_DATA ( IDENTIFIER, TABLE_ID, COLUMN_NAME , ATTRIBUTE_TYPE ) values ( 180, 61, 'FAX_NUMBER', 'varchar');
insert into CATISSUE_INTERFACE_COLUMN_DATA ( IDENTIFIER, TABLE_ID, COLUMN_NAME , ATTRIBUTE_TYPE ) values ( 181, 61, 'CANCER_RESEARCH_GROUP_ID', 'bigint');
insert into CATISSUE_INTERFACE_COLUMN_DATA ( IDENTIFIER, TABLE_ID, COLUMN_NAME , ATTRIBUTE_TYPE ) values ( 182, 61, 'INSTITUTION_ID', 'bigint');
insert into CATISSUE_INTERFACE_COLUMN_DATA ( IDENTIFIER, TABLE_ID, COLUMN_NAME , ATTRIBUTE_TYPE ) values ( 183, 61, 'STATUS_COMMENT', 'text');

insert into CATISSUE_INTERFACE_COLUMN_DATA ( IDENTIFIER, TABLE_ID, COLUMN_NAME , ATTRIBUTE_TYPE ) values ( 184, 3, 'IDENTIFIER', 'bigint');
insert into CATISSUE_INTERFACE_COLUMN_DATA ( IDENTIFIER, TABLE_ID, COLUMN_NAME , ATTRIBUTE_TYPE ) values ( 185, 3, 'NAME', 'varchar');
insert into CATISSUE_INTERFACE_COLUMN_DATA ( IDENTIFIER, TABLE_ID, COLUMN_NAME , ATTRIBUTE_TYPE ) values ( 186, 3, 'TYPE', 'varchar');
insert into CATISSUE_INTERFACE_COLUMN_DATA ( IDENTIFIER, TABLE_ID, COLUMN_NAME , ATTRIBUTE_TYPE ) values ( 187, 3, 'EMAIL_ADDRESS', 'varchar');
insert into CATISSUE_INTERFACE_COLUMN_DATA ( IDENTIFIER, TABLE_ID, COLUMN_NAME , ATTRIBUTE_TYPE ) values ( 188, 3, 'USER_ID', 'bigint');
insert into CATISSUE_INTERFACE_COLUMN_DATA ( IDENTIFIER, TABLE_ID, COLUMN_NAME , ATTRIBUTE_TYPE ) values ( 189, 3, 'ACTIVITY_STATUS', 'varchar');
insert into CATISSUE_INTERFACE_COLUMN_DATA ( IDENTIFIER, TABLE_ID, COLUMN_NAME , ATTRIBUTE_TYPE ) values ( 190, 3, 'ADDRESS_ID', 'bigint');

insert into CATISSUE_INTERFACE_COLUMN_DATA ( IDENTIFIER, TABLE_ID, COLUMN_NAME , ATTRIBUTE_TYPE ) values ( 191, 33, 'IDENTIFIER', 'bigint');
insert into CATISSUE_INTERFACE_COLUMN_DATA ( IDENTIFIER, TABLE_ID, COLUMN_NAME , ATTRIBUTE_TYPE ) values ( 192, 33, 'TYPE', 'varchar');
insert into CATISSUE_INTERFACE_COLUMN_DATA ( IDENTIFIER, TABLE_ID, COLUMN_NAME , ATTRIBUTE_TYPE ) values ( 193, 33, 'AVAILABLE', 'tinyint');
/*insert into CATISSUE_INTERFACE_COLUMN_DATA ( IDENTIFIER, TABLE_ID, COLUMN_NAME , ATTRIBUTE_TYPE ) values ( 194, 33, 'POSITION_DIMENSION_ONE', 'integer');*/
/*insert into CATISSUE_INTERFACE_COLUMN_DATA ( IDENTIFIER, TABLE_ID, COLUMN_NAME , ATTRIBUTE_TYPE ) values ( 195, 33, 'POSITION_DIMENSION_TWO', 'integer');*/
insert into CATISSUE_INTERFACE_COLUMN_DATA ( IDENTIFIER, TABLE_ID, COLUMN_NAME , ATTRIBUTE_TYPE ) values ( 196, 33, 'BARCODE', 'varchar');
insert into CATISSUE_INTERFACE_COLUMN_DATA ( IDENTIFIER, TABLE_ID, COLUMN_NAME , ATTRIBUTE_TYPE ) values ( 197, 33, 'COMMENTS', 'varchar');
insert into CATISSUE_INTERFACE_COLUMN_DATA ( IDENTIFIER, TABLE_ID, COLUMN_NAME , ATTRIBUTE_TYPE ) values ( 198, 33, 'ACTIVITY_STATUS', 'varchar');
insert into CATISSUE_INTERFACE_COLUMN_DATA ( IDENTIFIER, TABLE_ID, COLUMN_NAME , ATTRIBUTE_TYPE ) values ( 199, 33, 'PARENT_SPECIMEN_ID', 'bigint');
insert into CATISSUE_INTERFACE_COLUMN_DATA ( IDENTIFIER, TABLE_ID, COLUMN_NAME , ATTRIBUTE_TYPE ) values ( 200, 33, 'STORAGE_CONTAINER_IDENTIFIER', 'bigint');
insert into CATISSUE_INTERFACE_COLUMN_DATA ( IDENTIFIER, TABLE_ID, COLUMN_NAME , ATTRIBUTE_TYPE ) values ( 201, 33, 'SPECIMEN_COLLECTION_GROUP_ID', 'bigint');
insert into CATISSUE_INTERFACE_COLUMN_DATA ( IDENTIFIER, TABLE_ID, COLUMN_NAME , ATTRIBUTE_TYPE ) values ( 202, 33, 'SPECIMEN_CHARACTERISTICS_ID', 'bigint');
/* Aniruddha : Model Change for Specimen */
insert into CATISSUE_INTERFACE_COLUMN_DATA ( IDENTIFIER, TABLE_ID, COLUMN_NAME , ATTRIBUTE_TYPE ) values ( 208, 33, 'PATHOLOGICAL_STATUS', 'varchar');

/*Kapil: Added*/
insert into CATISSUE_INTERFACE_COLUMN_DATA ( IDENTIFIER, TABLE_ID, COLUMN_NAME , ATTRIBUTE_TYPE ) values ( 102, 33, 'SPECIMEN_CLASS', 'varchar');

/* Aarti: Bug#1496- To allow query on initial quantity as well as available quantity */
insert into CATISSUE_INTERFACE_COLUMN_DATA ( IDENTIFIER, TABLE_ID, COLUMN_NAME , ATTRIBUTE_TYPE ) values ( 103, 33, 'QUANTITY', 'double');
insert into CATISSUE_INTERFACE_COLUMN_DATA ( IDENTIFIER, TABLE_ID, COLUMN_NAME , ATTRIBUTE_TYPE ) values ( 104, 33, 'AVAILABLE_QUANTITY', 'double');
insert into CATISSUE_INTERFACE_COLUMN_DATA ( IDENTIFIER, TABLE_ID, COLUMN_NAME , ATTRIBUTE_TYPE ) values ( 105, 33, 'CONCENTRATION', 'double');
/* Aarti: Added for Bug#2352- User can not search for specific specimen. */
insert into CATISSUE_INTERFACE_COLUMN_DATA ( IDENTIFIER, TABLE_ID, COLUMN_NAME , ATTRIBUTE_TYPE ) values ( 322, 33, 'LINEAGE', 'varchar');
insert into CATISSUE_INTERFACE_COLUMN_DATA ( IDENTIFIER, TABLE_ID, COLUMN_NAME , ATTRIBUTE_TYPE ) values ( 323, 33, 'LABEL', 'varchar');

/*Shital:Bug#3835:Added entry for created date in specimen*/
insert into CATISSUE_INTERFACE_COLUMN_DATA ( IDENTIFIER, TABLE_ID, COLUMN_NAME , ATTRIBUTE_TYPE ) values ( 328, 33, 'CREATED_ON_DATE', 'date');

insert into CATISSUE_INTERFACE_COLUMN_DATA ( IDENTIFIER, TABLE_ID, COLUMN_NAME , ATTRIBUTE_TYPE ) values ( 318, 74, 'IDENTIFIER', 'bigint');
insert into CATISSUE_INTERFACE_COLUMN_DATA ( IDENTIFIER, TABLE_ID, COLUMN_NAME , ATTRIBUTE_TYPE ) values ( 319, 74, 'QUANTITY', 'double');


insert into CATISSUE_INTERFACE_COLUMN_DATA ( IDENTIFIER, TABLE_ID, COLUMN_NAME , ATTRIBUTE_TYPE ) values ( 203, 62, 'BIOHAZARD_ID', 'bigint');
insert into CATISSUE_INTERFACE_COLUMN_DATA ( IDENTIFIER, TABLE_ID, COLUMN_NAME , ATTRIBUTE_TYPE ) values ( 204, 62, 'SPECIMEN_ID', 'bigint');

insert into CATISSUE_INTERFACE_COLUMN_DATA ( IDENTIFIER, TABLE_ID, COLUMN_NAME , ATTRIBUTE_TYPE ) values ( 205, 34, 'IDENTIFIER', 'bigint');
insert into CATISSUE_INTERFACE_COLUMN_DATA ( IDENTIFIER, TABLE_ID, COLUMN_NAME , ATTRIBUTE_TYPE ) values ( 206, 34, 'TISSUE_SITE', 'varchar');
insert into CATISSUE_INTERFACE_COLUMN_DATA ( IDENTIFIER, TABLE_ID, COLUMN_NAME , ATTRIBUTE_TYPE ) values ( 207, 34, 'TISSUE_SIDE', 'varchar');

insert into CATISSUE_INTERFACE_COLUMN_DATA ( IDENTIFIER, TABLE_ID, COLUMN_NAME , ATTRIBUTE_TYPE ) values ( 209, 35, 'IDENTIFIER', 'bigint');
insert into CATISSUE_INTERFACE_COLUMN_DATA ( IDENTIFIER, TABLE_ID, COLUMN_NAME , ATTRIBUTE_TYPE ) values ( 320, 35, 'NAME', 'varchar');
/* Changes relates to model replacing Table_id from 35 to 92 Virender Mehta 12th Oct 2007 */
insert into CATISSUE_INTERFACE_COLUMN_DATA ( IDENTIFIER, TABLE_ID, COLUMN_NAME , ATTRIBUTE_TYPE ) values ( 210, 92, 'CLINICAL_DIAGNOSIS', 'varchar');
insert into CATISSUE_INTERFACE_COLUMN_DATA ( IDENTIFIER, TABLE_ID, COLUMN_NAME , ATTRIBUTE_TYPE ) values ( 211, 92, 'CLINICAL_STATUS', 'varchar');
insert into CATISSUE_INTERFACE_COLUMN_DATA ( IDENTIFIER, TABLE_ID, COLUMN_NAME , ATTRIBUTE_TYPE ) values ( 212, 92, 'ACTIVITY_STATUS', 'varchar');
insert into CATISSUE_INTERFACE_COLUMN_DATA ( IDENTIFIER, TABLE_ID, COLUMN_NAME , ATTRIBUTE_TYPE ) values ( 213, 92, 'SITE_ID', 'bigint');
/* Changes relates to model replacing Table_id from 35 to 92 Virender Mehta 12th Oct 2007 */
insert into CATISSUE_INTERFACE_COLUMN_DATA ( IDENTIFIER, TABLE_ID, COLUMN_NAME , ATTRIBUTE_TYPE ) values ( 214, 35, 'COLLECTION_PROTOCOL_EVENT_ID', 'bigint');
insert into CATISSUE_INTERFACE_COLUMN_DATA ( IDENTIFIER, TABLE_ID, COLUMN_NAME , ATTRIBUTE_TYPE ) values ( 215, 35, 'SURGICAL_PATHOLOGY_NUMBER', 'varchar');
insert into CATISSUE_INTERFACE_COLUMN_DATA ( IDENTIFIER, TABLE_ID, COLUMN_NAME , ATTRIBUTE_TYPE ) values ( 216, 35, 'COLLECTION_PROTOCOL_REG_ID', 'bigint');

insert into CATISSUE_INTERFACE_COLUMN_DATA ( IDENTIFIER, TABLE_ID, COLUMN_NAME , ATTRIBUTE_TYPE ) values ( 217, 63, 'IDENTIFIER', 'bigint');
insert into CATISSUE_INTERFACE_COLUMN_DATA ( IDENTIFIER, TABLE_ID, COLUMN_NAME , ATTRIBUTE_TYPE ) values ( 218, 63, 'SPECIMEN_ID', 'bigint');
insert into CATISSUE_INTERFACE_COLUMN_DATA ( IDENTIFIER, TABLE_ID, COLUMN_NAME , ATTRIBUTE_TYPE ) values ( 219, 63, 'EVENT_TIMESTAMP', 'timestamptime');
insert into CATISSUE_INTERFACE_COLUMN_DATA ( IDENTIFIER, TABLE_ID, COLUMN_NAME , ATTRIBUTE_TYPE ) values ( 220, 63, 'USER_ID', 'bigint');
insert into CATISSUE_INTERFACE_COLUMN_DATA ( IDENTIFIER, TABLE_ID, COLUMN_NAME , ATTRIBUTE_TYPE ) values ( 221, 63, 'COMMENTS', 'text');
insert into CATISSUE_INTERFACE_COLUMN_DATA ( IDENTIFIER, TABLE_ID, COLUMN_NAME , ATTRIBUTE_TYPE ) values ( 296, 63, 'EVENT_TIMESTAMP', 'timestampdate');

insert into CATISSUE_INTERFACE_COLUMN_DATA ( IDENTIFIER, TABLE_ID, COLUMN_NAME , ATTRIBUTE_TYPE ) values ( 222, 9, 'IDENTIFIER', 'bigint');
insert into CATISSUE_INTERFACE_COLUMN_DATA ( IDENTIFIER, TABLE_ID, COLUMN_NAME , ATTRIBUTE_TYPE ) values ( 223, 9, 'PRINCIPAL_INVESTIGATOR_ID', 'bigint');
insert into CATISSUE_INTERFACE_COLUMN_DATA ( IDENTIFIER, TABLE_ID, COLUMN_NAME , ATTRIBUTE_TYPE ) values ( 224, 9, 'TITLE', 'varchar');
insert into CATISSUE_INTERFACE_COLUMN_DATA ( IDENTIFIER, TABLE_ID, COLUMN_NAME , ATTRIBUTE_TYPE ) values ( 225, 9, 'SHORT_TITLE', 'varchar');
insert into CATISSUE_INTERFACE_COLUMN_DATA ( IDENTIFIER, TABLE_ID, COLUMN_NAME , ATTRIBUTE_TYPE ) values ( 226, 9, 'IRB_IDENTIFIER', 'varchar');
insert into CATISSUE_INTERFACE_COLUMN_DATA ( IDENTIFIER, TABLE_ID, COLUMN_NAME , ATTRIBUTE_TYPE ) values ( 227, 9, 'START_DATE', 'date');
insert into CATISSUE_INTERFACE_COLUMN_DATA ( IDENTIFIER, TABLE_ID, COLUMN_NAME , ATTRIBUTE_TYPE ) values ( 228, 9, 'END_DATE', 'date');
insert into CATISSUE_INTERFACE_COLUMN_DATA ( IDENTIFIER, TABLE_ID, COLUMN_NAME , ATTRIBUTE_TYPE ) values ( 229, 9, 'ENROLLMENT', 'integer');
insert into CATISSUE_INTERFACE_COLUMN_DATA ( IDENTIFIER, TABLE_ID, COLUMN_NAME , ATTRIBUTE_TYPE ) values ( 230, 9, 'DESCRIPTION_URL', 'varchar');
insert into CATISSUE_INTERFACE_COLUMN_DATA ( IDENTIFIER, TABLE_ID, COLUMN_NAME , ATTRIBUTE_TYPE ) values ( 231, 9, 'ACTIVITY_STATUS', 'varchar');

insert into CATISSUE_INTERFACE_COLUMN_DATA ( IDENTIFIER, TABLE_ID, COLUMN_NAME , ATTRIBUTE_TYPE ) values ( 232, 12, 'IDENTIFIER', 'bigint');
insert into CATISSUE_INTERFACE_COLUMN_DATA ( IDENTIFIER, TABLE_ID, COLUMN_NAME , ATTRIBUTE_TYPE ) values ( 233, 12, 'SPECIMEN_TYPE', 'varchar');
insert into CATISSUE_INTERFACE_COLUMN_DATA ( IDENTIFIER, TABLE_ID, COLUMN_NAME , ATTRIBUTE_TYPE ) values ( 234, 12, 'TISSUE_SITE', 'varchar');
insert into CATISSUE_INTERFACE_COLUMN_DATA ( IDENTIFIER, TABLE_ID, COLUMN_NAME , ATTRIBUTE_TYPE ) values ( 235, 12, 'PATHOLOGY_STATUS', 'varchar');
/*Kapil: added*/
insert into CATISSUE_INTERFACE_COLUMN_DATA ( IDENTIFIER, TABLE_ID, COLUMN_NAME , ATTRIBUTE_TYPE ) values ( 37, 12, 'QUANTITY_ID', 'bigint');
insert into CATISSUE_INTERFACE_COLUMN_DATA ( IDENTIFIER, TABLE_ID, COLUMN_NAME , ATTRIBUTE_TYPE ) values ( 38, 12, 'SPECIMEN_CLASS', 'varchar');

insert into CATISSUE_INTERFACE_COLUMN_DATA ( IDENTIFIER, TABLE_ID, COLUMN_NAME , ATTRIBUTE_TYPE ) values ( 236, 64, 'IDENTIFIER', 'bigint');
insert into CATISSUE_INTERFACE_COLUMN_DATA ( IDENTIFIER, TABLE_ID, COLUMN_NAME , ATTRIBUTE_TYPE ) values ( 237, 64, 'GFORCE', 'double');
insert into CATISSUE_INTERFACE_COLUMN_DATA ( IDENTIFIER, TABLE_ID, COLUMN_NAME , ATTRIBUTE_TYPE ) values ( 238, 64, 'DURATION_IN_MINUTES', 'integer');

insert into CATISSUE_INTERFACE_COLUMN_DATA ( IDENTIFIER, TABLE_ID, COLUMN_NAME , ATTRIBUTE_TYPE ) values ( 239, 21, 'IDENTIFIER', 'bigint');
insert into CATISSUE_INTERFACE_COLUMN_DATA ( IDENTIFIER, TABLE_ID, COLUMN_NAME , ATTRIBUTE_TYPE ) values ( 241, 21, 'TEMPERATURE', 'double');
insert into CATISSUE_INTERFACE_COLUMN_DATA ( IDENTIFIER, TABLE_ID, COLUMN_NAME , ATTRIBUTE_TYPE ) values ( 245, 21, 'STORAGE_TYPE_ID', 'bigint');
insert into CATISSUE_INTERFACE_COLUMN_DATA ( IDENTIFIER, TABLE_ID, COLUMN_NAME , ATTRIBUTE_TYPE ) values ( 246, 21, 'SITE_ID', 'bigint');


insert into CATISSUE_INTERFACE_COLUMN_DATA ( IDENTIFIER, TABLE_ID, COLUMN_NAME , ATTRIBUTE_TYPE ) values ( 309, 70, 'IDENTIFIER', 'bigint');
insert into CATISSUE_INTERFACE_COLUMN_DATA ( IDENTIFIER, TABLE_ID, COLUMN_NAME , ATTRIBUTE_TYPE ) values ( 240, 70, 'NAME', 'varchar');
insert into CATISSUE_INTERFACE_COLUMN_DATA ( IDENTIFIER, TABLE_ID, COLUMN_NAME , ATTRIBUTE_TYPE ) values ( 242, 70, 'FULL', 'tinyint');
insert into CATISSUE_INTERFACE_COLUMN_DATA ( IDENTIFIER, TABLE_ID, COLUMN_NAME , ATTRIBUTE_TYPE ) values ( 243, 70, 'BARCODE', 'varchar');
insert into CATISSUE_INTERFACE_COLUMN_DATA ( IDENTIFIER, TABLE_ID, COLUMN_NAME , ATTRIBUTE_TYPE ) values ( 244, 70, 'ACTIVITY_STATUS', 'varchar');
insert into CATISSUE_INTERFACE_COLUMN_DATA ( IDENTIFIER, TABLE_ID, COLUMN_NAME , ATTRIBUTE_TYPE ) values ( 247, 70, 'PARENT_CONTAINER_ID', 'bigint');
insert into CATISSUE_INTERFACE_COLUMN_DATA ( IDENTIFIER, TABLE_ID, COLUMN_NAME , ATTRIBUTE_TYPE ) values ( 248, 70, 'CAPACITY_ID', 'bigint');
insert into CATISSUE_INTERFACE_COLUMN_DATA ( IDENTIFIER, TABLE_ID, COLUMN_NAME , ATTRIBUTE_TYPE ) values ( 249, 70, 'POSITION_DIMENSION_ONE', 'integer');
insert into CATISSUE_INTERFACE_COLUMN_DATA ( IDENTIFIER, TABLE_ID, COLUMN_NAME , ATTRIBUTE_TYPE ) values ( 250, 70, 'POSITION_DIMENSION_TWO', 'integer');
insert into CATISSUE_INTERFACE_COLUMN_DATA ( IDENTIFIER, TABLE_ID, COLUMN_NAME , ATTRIBUTE_TYPE ) values ( 310, 70, 'COMMENTS', 'varchar');

insert into CATISSUE_INTERFACE_COLUMN_DATA ( IDENTIFIER, TABLE_ID, COLUMN_NAME , ATTRIBUTE_TYPE ) values ( 251, 2, 'IDENTIFIER', 'bigint');
insert into CATISSUE_INTERFACE_COLUMN_DATA ( IDENTIFIER, TABLE_ID, COLUMN_NAME , ATTRIBUTE_TYPE ) values ( 252, 2, 'ONE_DIMENSION_CAPACITY', 'integer');
insert into CATISSUE_INTERFACE_COLUMN_DATA ( IDENTIFIER, TABLE_ID, COLUMN_NAME , ATTRIBUTE_TYPE ) values ( 253, 2, 'TWO_DIMENSION_CAPACITY', 'integer');

/*insert into CATISSUE_QUERY_TABLE_DATA  ( TABLE_ID, TABLE_NAME, DISPLAY_NAME, ALIAS_NAME, PRIVILEGE_ID) values ( 22, 'CATISSUE_STORAGE_CONT_DETAILS', 'Storage Container Details', 'StorageContainerDetails',2);*/
/*insert into CATISSUE_INTERFACE_COLUMN_DATA ( IDENTIFIER, TABLE_ID, COLUMN_NAME , ATTRIBUTE_TYPE ) values ( 254, 22, 'IDENTIFIER', 'bigint');*/
/*insert into CATISSUE_INTERFACE_COLUMN_DATA ( IDENTIFIER, TABLE_ID, COLUMN_NAME , ATTRIBUTE_TYPE ) values ( 255, 22, 'PARAMETER_NAME', 'varchar');*/
/*insert into CATISSUE_INTERFACE_COLUMN_DATA ( IDENTIFIER, TABLE_ID, COLUMN_NAME , ATTRIBUTE_TYPE ) values ( 256, 22, 'VALUE', 'varchar');*/
/*insert into CATISSUE_INTERFACE_COLUMN_DATA ( IDENTIFIER, TABLE_ID, COLUMN_NAME , ATTRIBUTE_TYPE ) values ( 257, 22, 'STORAGE_CONTAINER_ID', 'bigint');*/

insert into CATISSUE_INTERFACE_COLUMN_DATA ( IDENTIFIER, TABLE_ID, COLUMN_NAME , ATTRIBUTE_TYPE ) values ( 258, 1, 'IDENTIFIER', 'bigint');
insert into CATISSUE_INTERFACE_COLUMN_DATA ( IDENTIFIER, TABLE_ID, COLUMN_NAME , ATTRIBUTE_TYPE ) values ( 260, 1, 'DEFAULT_TEMPERATURE', 'double');
insert into CATISSUE_INTERFACE_COLUMN_DATA ( IDENTIFIER, TABLE_ID, COLUMN_NAME , ATTRIBUTE_TYPE ) values ( 305, 1, 'ACTIVITY_STATUS', 'varchar');


insert into CATISSUE_INTERFACE_COLUMN_DATA ( IDENTIFIER, TABLE_ID, COLUMN_NAME , ATTRIBUTE_TYPE ) values ( 306, 69, 'IDENTIFIER', 'bigint');
insert into CATISSUE_INTERFACE_COLUMN_DATA ( IDENTIFIER, TABLE_ID, COLUMN_NAME , ATTRIBUTE_TYPE ) values ( 307, 69, 'NAME', 'varchar');
insert into CATISSUE_INTERFACE_COLUMN_DATA ( IDENTIFIER, TABLE_ID, COLUMN_NAME , ATTRIBUTE_TYPE ) values ( 261, 69, 'ONE_DIMENSION_LABEL', 'varchar');
insert into CATISSUE_INTERFACE_COLUMN_DATA ( IDENTIFIER, TABLE_ID, COLUMN_NAME , ATTRIBUTE_TYPE ) values ( 262, 69, 'TWO_DIMENSION_LABEL', 'varchar');
insert into CATISSUE_INTERFACE_COLUMN_DATA ( IDENTIFIER, TABLE_ID, COLUMN_NAME , ATTRIBUTE_TYPE ) values ( 263, 69, 'CAPACITY_ID', 'bigint');
insert into CATISSUE_INTERFACE_COLUMN_DATA ( IDENTIFIER, TABLE_ID, COLUMN_NAME , ATTRIBUTE_TYPE ) values ( 308, 69, 'COMMENTS', 'varchar');


insert into CATISSUE_INTERFACE_COLUMN_DATA ( IDENTIFIER, TABLE_ID, COLUMN_NAME , ATTRIBUTE_TYPE ) values ( 264, 65, 'PARENT_TABLE_ID', 'bigint');
insert into CATISSUE_INTERFACE_COLUMN_DATA ( IDENTIFIER, TABLE_ID, COLUMN_NAME , ATTRIBUTE_TYPE ) values ( 265, 65, 'CHILD_TABLE_ID', 'bigint');

insert into CATISSUE_INTERFACE_COLUMN_DATA ( IDENTIFIER, TABLE_ID, COLUMN_NAME , ATTRIBUTE_TYPE ) values ( 266, 66, 'IDENTIFIER', 'bigint');

/*Kapil: Removed as the table is mearged with specimen */
/*insert into CATISSUE_QUERY_TABLE_DATA  ( TABLE_ID, TABLE_NAME, DISPLAY_NAME, ALIAS_NAME, PRIVILEGE_ID) values ( 36, 'CATISSUE_TISSUE_SPECIMEN', 'Tissue Specimen', 'TissueSpecimen',2);*/
/*insert into CATISSUE_INTERFACE_COLUMN_DATA ( IDENTIFIER, TABLE_ID, COLUMN_NAME , ATTRIBUTE_TYPE ) values ( 267, 36, 'IDENTIFIER', 'bigint');*/
/*insert into CATISSUE_INTERFACE_COLUMN_DATA ( IDENTIFIER, TABLE_ID, COLUMN_NAME , ATTRIBUTE_TYPE ) values ( 268, 36, 'QUANTITY_IN_GRAM', 'double');*/
/*insert into CATISSUE_INTERFACE_COLUMN_DATA ( IDENTIFIER, TABLE_ID, COLUMN_NAME , ATTRIBUTE_TYPE ) values ( 269, 36, 'AVAILABLE_QUANTITY_IN_GRAM', 'double');*/

/*Kapil: Removed as table is mearged with specimen requirement*/
/*insert into CATISSUE_QUERY_TABLE_DATA  ( TABLE_ID, TABLE_NAME, DISPLAY_NAME, ALIAS_NAME, PRIVILEGE_ID) values ( 15, 'CATISSUE_TISSUE_SPECIMEN_REQUIREMENT', 'Tissue Specimen Requirement', 'TissueSpecimenRequirement',2);*/
/*insert into CATISSUE_INTERFACE_COLUMN_DATA ( IDENTIFIER, TABLE_ID, COLUMN_NAME , ATTRIBUTE_TYPE ) values ( 270, 15, 'IDENTIFIER', 'bigint');*/
/*insert into CATISSUE_INTERFACE_COLUMN_DATA ( IDENTIFIER, TABLE_ID, COLUMN_NAME , ATTRIBUTE_TYPE ) values ( 271, 15, 'QUANTITY_IN_GRAM', 'double');*/

insert into CATISSUE_INTERFACE_COLUMN_DATA ( IDENTIFIER, TABLE_ID, COLUMN_NAME , ATTRIBUTE_TYPE ) values ( 272, 67, 'IDENTIFIER', 'bigint');
insert into CATISSUE_INTERFACE_COLUMN_DATA ( IDENTIFIER, TABLE_ID, COLUMN_NAME , ATTRIBUTE_TYPE ) values ( 273, 67, 'NEOPLASTIC_CELLULARITY_PER', 'double');
insert into CATISSUE_INTERFACE_COLUMN_DATA ( IDENTIFIER, TABLE_ID, COLUMN_NAME , ATTRIBUTE_TYPE ) values ( 274, 67, 'NECROSIS_PERCENTAGE', 'double');
insert into CATISSUE_INTERFACE_COLUMN_DATA ( IDENTIFIER, TABLE_ID, COLUMN_NAME , ATTRIBUTE_TYPE ) values ( 275, 67, 'LYMPHOCYTIC_PERCENTAGE', 'double');
insert into CATISSUE_INTERFACE_COLUMN_DATA ( IDENTIFIER, TABLE_ID, COLUMN_NAME , ATTRIBUTE_TYPE ) values ( 276, 67, 'TOTAL_CELLULARITY_PERCENTAGE', 'double');
insert into CATISSUE_INTERFACE_COLUMN_DATA ( IDENTIFIER, TABLE_ID, COLUMN_NAME , ATTRIBUTE_TYPE ) values ( 277, 67, 'HISTOLOGICAL_QUALITY', 'varchar');

insert into CATISSUE_INTERFACE_COLUMN_DATA ( IDENTIFIER, TABLE_ID, COLUMN_NAME , ATTRIBUTE_TYPE ) values ( 278, 68, 'IDENTIFIER', 'bigint');
insert into CATISSUE_INTERFACE_COLUMN_DATA ( IDENTIFIER, TABLE_ID, COLUMN_NAME , ATTRIBUTE_TYPE ) values ( 279, 68, 'FROM_POSITION_DIMENSION_ONE', 'integer');
insert into CATISSUE_INTERFACE_COLUMN_DATA ( IDENTIFIER, TABLE_ID, COLUMN_NAME , ATTRIBUTE_TYPE ) values ( 280, 68, 'FROM_POSITION_DIMENSION_TWO', 'integer');
insert into CATISSUE_INTERFACE_COLUMN_DATA ( IDENTIFIER, TABLE_ID, COLUMN_NAME , ATTRIBUTE_TYPE ) values ( 281, 68, 'TO_POSITION_DIMENSION_ONE', 'integer');
insert into CATISSUE_INTERFACE_COLUMN_DATA ( IDENTIFIER, TABLE_ID, COLUMN_NAME , ATTRIBUTE_TYPE ) values ( 282, 68, 'TO_POSITION_DIMENSION_TWO', 'integer');
insert into CATISSUE_INTERFACE_COLUMN_DATA ( IDENTIFIER, TABLE_ID, COLUMN_NAME , ATTRIBUTE_TYPE ) values ( 283, 68, 'TO_STORAGE_CONTAINER_ID', 'bigint');
insert into CATISSUE_INTERFACE_COLUMN_DATA ( IDENTIFIER, TABLE_ID, COLUMN_NAME , ATTRIBUTE_TYPE ) values ( 284, 68, 'FROM_STORAGE_CONTAINER_ID', 'bigint');

insert into CATISSUE_INTERFACE_COLUMN_DATA ( IDENTIFIER, TABLE_ID, COLUMN_NAME , ATTRIBUTE_TYPE ) values ( 285, 23, 'IDENTIFIER', 'bigint');
insert into CATISSUE_INTERFACE_COLUMN_DATA ( IDENTIFIER, TABLE_ID, COLUMN_NAME , ATTRIBUTE_TYPE ) values ( 286, 23, 'ACTIVITY_STATUS', 'varchar');
insert into CATISSUE_INTERFACE_COLUMN_DATA ( IDENTIFIER, TABLE_ID, COLUMN_NAME , ATTRIBUTE_TYPE ) values ( 287, 23, 'DEPARTMENT_ID', 'bigint');
insert into CATISSUE_INTERFACE_COLUMN_DATA ( IDENTIFIER, TABLE_ID, COLUMN_NAME , ATTRIBUTE_TYPE ) values ( 288, 23, 'CANCER_RESEARCH_GROUP_ID', 'bigint');
insert into CATISSUE_INTERFACE_COLUMN_DATA ( IDENTIFIER, TABLE_ID, COLUMN_NAME , ATTRIBUTE_TYPE ) values ( 289, 23, 'INSTITUTION_ID', 'bigint');
insert into CATISSUE_INTERFACE_COLUMN_DATA ( IDENTIFIER, TABLE_ID, COLUMN_NAME , ATTRIBUTE_TYPE ) values ( 290, 23, 'ADDRESS_ID', 'bigint');
insert into CATISSUE_INTERFACE_COLUMN_DATA ( IDENTIFIER, TABLE_ID, COLUMN_NAME , ATTRIBUTE_TYPE ) values ( 291, 23, 'STATUS_COMMENT', 'text');
insert into CATISSUE_INTERFACE_COLUMN_DATA ( IDENTIFIER, TABLE_ID, COLUMN_NAME , ATTRIBUTE_TYPE ) values ( 292, 23, 'LAST_NAME', 'varchar');
insert into CATISSUE_INTERFACE_COLUMN_DATA ( IDENTIFIER, TABLE_ID, COLUMN_NAME , ATTRIBUTE_TYPE ) values ( 293, 23, 'FIRST_NAME', 'varchar');
insert into CATISSUE_INTERFACE_COLUMN_DATA ( IDENTIFIER, TABLE_ID, COLUMN_NAME , ATTRIBUTE_TYPE ) values ( 294, 23, 'LOGIN_NAME', 'varchar');
insert into CATISSUE_INTERFACE_COLUMN_DATA ( IDENTIFIER, TABLE_ID, COLUMN_NAME , ATTRIBUTE_TYPE ) values ( 295, 23, 'START_DATE', 'date');

insert into CATISSUE_INTERFACE_COLUMN_DATA ( IDENTIFIER, TABLE_ID, COLUMN_NAME , ATTRIBUTE_TYPE ) values ( 311, 71, 'IDENTIFIER', 'bigint');
insert into CATISSUE_INTERFACE_COLUMN_DATA ( IDENTIFIER, TABLE_ID, COLUMN_NAME , ATTRIBUTE_TYPE ) values ( 312, 71, 'SPECIMEN_CLASS', 'varchar');

insert into CATISSUE_INTERFACE_COLUMN_DATA ( IDENTIFIER, TABLE_ID, COLUMN_NAME , ATTRIBUTE_TYPE ) values ( 324, 72, 'AVAILABLE', 'tinyint');
insert into CATISSUE_INTERFACE_COLUMN_DATA ( IDENTIFIER, TABLE_ID, COLUMN_NAME , ATTRIBUTE_TYPE ) values ( 313, 72, 'IDENTIFIER', 'bigint');
insert into CATISSUE_INTERFACE_COLUMN_DATA ( IDENTIFIER, TABLE_ID, COLUMN_NAME , ATTRIBUTE_TYPE ) values ( 314, 72, 'CREATED_BY_ID', 'bigint');
insert into CATISSUE_INTERFACE_COLUMN_DATA ( IDENTIFIER, TABLE_ID, COLUMN_NAME , ATTRIBUTE_TYPE ) values ( 315, 72, 'SPECIMEN_ARRAY_TYPE_ID', 'bigint');

INSERT INTO CATISSUE_INTERFACE_COLUMN_DATA ( IDENTIFIER, TABLE_ID, COLUMN_NAME , ATTRIBUTE_TYPE ) values ( 321, 72, 'DISTRIBUTION_ID', 'bigint');
INSERT INTO CATISSUE_INTERFACE_COLUMN_DATA ( IDENTIFIER, TABLE_ID, COLUMN_NAME , ATTRIBUTE_TYPE ) values ( 327, 75, 'IDENTIFIER', 'bigint');
INSERT INTO CATISSUE_INTERFACE_COLUMN_DATA ( IDENTIFIER, TABLE_ID, COLUMN_NAME , ATTRIBUTE_TYPE ) values ( 325, 75, 'EVENT_TIMESTAMP', 'timestampdate');
INSERT INTO CATISSUE_INTERFACE_COLUMN_DATA ( IDENTIFIER, TABLE_ID, COLUMN_NAME , ATTRIBUTE_TYPE ) values ( 326, 75, 'EVENT_TIMESTAMP', 'timestamptime');
INSERT INTO CATISSUE_INTERFACE_COLUMN_DATA(IDENTIFIER, TABLE_ID, COLUMN_NAME , ATTRIBUTE_TYPE )
values ( 330, 92, 'IDENTIFIER', 'bigint');
INSERT INTO CATISSUE_INTERFACE_COLUMN_DATA(IDENTIFIER, TABLE_ID, COLUMN_NAME , ATTRIBUTE_TYPE )
values (331,94,'IDENTIFIER','bigint');
INSERT INTO CATISSUE_INTERFACE_COLUMN_DATA(IDENTIFIER, TABLE_ID, COLUMN_NAME , ATTRIBUTE_TYPE )
values (332,94,'SPECIMEN_ID','bigint');
INSERT INTO CATISSUE_INTERFACE_COLUMN_DATA(IDENTIFIER, TABLE_ID, COLUMN_NAME , ATTRIBUTE_TYPE )
values (333,94,'CONTAINER_ID','bigint');
INSERT INTO CATISSUE_INTERFACE_COLUMN_DATA(IDENTIFIER, TABLE_ID, COLUMN_NAME , ATTRIBUTE_TYPE )
values (334,95,'IDENTIFIER','bigint');
INSERT INTO CATISSUE_INTERFACE_COLUMN_DATA(IDENTIFIER, TABLE_ID, COLUMN_NAME , ATTRIBUTE_TYPE )
values (335,95,'CONTAINER_ID','bigint');
INSERT INTO CATISSUE_INTERFACE_COLUMN_DATA(IDENTIFIER, TABLE_ID, COLUMN_NAME , ATTRIBUTE_TYPE )
values (336,93,'IDENTIFIER','bigint');
INSERT INTO CATISSUE_INTERFACE_COLUMN_DATA(IDENTIFIER, TABLE_ID, COLUMN_NAME , ATTRIBUTE_TYPE )
VALUES(337,100,'IDENTIFIER','bigint');
INSERT INTO CATISSUE_INTERFACE_COLUMN_DATA(IDENTIFIER, TABLE_ID, COLUMN_NAME , ATTRIBUTE_TYPE )
VALUES (338,35,'BARCODE','varchar');
INSERT INTO CATISSUE_INTERFACE_COLUMN_DATA(IDENTIFIER, TABLE_ID, COLUMN_NAME , ATTRIBUTE_TYPE )
VALUES (339,27,'BARCODE','varchar');
INSERT INTO catissue_interface_column_data( IDENTIFIER, TABLE_ID, COLUMN_NAME , ATTRIBUTE_TYPE ) VALUES(340,20,'SPECIMEN_TYPE','varchar');
INSERT INTO catissue_interface_column_data( IDENTIFIER, TABLE_ID, COLUMN_NAME , ATTRIBUTE_TYPE ) VALUES(341,20,'SPECIMEN_CLASS','varchar');
INSERT INTO catissue_interface_column_data( IDENTIFIER, TABLE_ID, COLUMN_NAME , ATTRIBUTE_TYPE ) VALUES(342,20,'TISSUE_SITE','varchar');
INSERT INTO catissue_interface_column_data( IDENTIFIER, TABLE_ID, COLUMN_NAME , ATTRIBUTE_TYPE ) VALUES(343,20,'PATHOLOGY_STATUS','varchar');
INSERT INTO catissue_interface_column_data( IDENTIFIER, TABLE_ID, COLUMN_NAME , ATTRIBUTE_TYPE ) VALUES(344,20,'QUANTITY','double');

SET IDENTITY_INSERT CATISSUE_INTERFACE_COLUMN_DATA OFF;

SET IDENTITY_INSERT CATISSUE_TABLE_RELATION ON;
INSERT INTO CATISSUE_TABLE_RELATION (RELATIONSHIP_ID, PARENT_TABLE_ID, CHILD_TABLE_ID) values (1,1,1);
INSERT INTO CATISSUE_TABLE_RELATION (RELATIONSHIP_ID, PARENT_TABLE_ID, CHILD_TABLE_ID) values (2,6,6);
INSERT INTO CATISSUE_TABLE_RELATION (RELATIONSHIP_ID, PARENT_TABLE_ID, CHILD_TABLE_ID) values (3,5,5);
INSERT INTO CATISSUE_TABLE_RELATION (RELATIONSHIP_ID, PARENT_TABLE_ID, CHILD_TABLE_ID) values (4,7,7);
INSERT INTO CATISSUE_TABLE_RELATION (RELATIONSHIP_ID, PARENT_TABLE_ID, CHILD_TABLE_ID) values (5,8,8);
INSERT INTO CATISSUE_TABLE_RELATION (RELATIONSHIP_ID, PARENT_TABLE_ID, CHILD_TABLE_ID) values (6,3,3);

INSERT INTO CATISSUE_TABLE_RELATION (RELATIONSHIP_ID, PARENT_TABLE_ID, CHILD_TABLE_ID) values (7,3,4);
INSERT INTO CATISSUE_TABLE_RELATION (RELATIONSHIP_ID, PARENT_TABLE_ID, CHILD_TABLE_ID) values (12,10,10);
INSERT INTO CATISSUE_TABLE_RELATION (RELATIONSHIP_ID, PARENT_TABLE_ID, CHILD_TABLE_ID) values (13,10,9);
INSERT INTO CATISSUE_TABLE_RELATION (RELATIONSHIP_ID, PARENT_TABLE_ID, CHILD_TABLE_ID) values (14,10,11);
INSERT INTO CATISSUE_TABLE_RELATION (RELATIONSHIP_ID, PARENT_TABLE_ID, CHILD_TABLE_ID, TABLES_IN_PATH) values (15,10,12,'11:18');
INSERT INTO CATISSUE_TABLE_RELATION (RELATIONSHIP_ID, PARENT_TABLE_ID, CHILD_TABLE_ID, TABLES_IN_PATH) values (119,10,74,'11:18:12');
INSERT INTO CATISSUE_TABLE_RELATION (RELATIONSHIP_ID, PARENT_TABLE_ID, CHILD_TABLE_ID, TABLES_IN_PATH) values (16,10,18,'11');
INSERT INTO CATISSUE_TABLE_RELATION (RELATIONSHIP_ID, PARENT_TABLE_ID, CHILD_TABLE_ID) values (17,19,19);
INSERT INTO CATISSUE_TABLE_RELATION (RELATIONSHIP_ID, PARENT_TABLE_ID, CHILD_TABLE_ID) values (18,19,9);
INSERT INTO CATISSUE_TABLE_RELATION (RELATIONSHIP_ID, PARENT_TABLE_ID, CHILD_TABLE_ID) values (19,19,20);
INSERT INTO CATISSUE_TABLE_RELATION (RELATIONSHIP_ID, PARENT_TABLE_ID, CHILD_TABLE_ID, TABLES_IN_PATH) values (20,19,12,'20');
INSERT INTO CATISSUE_TABLE_RELATION (RELATIONSHIP_ID, PARENT_TABLE_ID, CHILD_TABLE_ID) values (21,23,23);
/*INSERT INTO CATISSUE_TABLE_RELATION (RELATIONSHIP_ID, PARENT_TABLE_ID, CHILD_TABLE_ID) values (22,23,24);*/
INSERT INTO CATISSUE_TABLE_RELATION (RELATIONSHIP_ID, PARENT_TABLE_ID, CHILD_TABLE_ID) values (23,23,4);
INSERT INTO CATISSUE_TABLE_RELATION (RELATIONSHIP_ID, PARENT_TABLE_ID, CHILD_TABLE_ID) values (24,23,5);
INSERT INTO CATISSUE_TABLE_RELATION (RELATIONSHIP_ID, PARENT_TABLE_ID, CHILD_TABLE_ID) values (25,23,6);
INSERT INTO CATISSUE_TABLE_RELATION (RELATIONSHIP_ID, PARENT_TABLE_ID, CHILD_TABLE_ID) values (26,23,7);
INSERT INTO CATISSUE_TABLE_RELATION (RELATIONSHIP_ID, PARENT_TABLE_ID, CHILD_TABLE_ID) values (27,31,31);
INSERT INTO CATISSUE_TABLE_RELATION (RELATIONSHIP_ID, PARENT_TABLE_ID, CHILD_TABLE_ID) values (28,31,32);
INSERT INTO CATISSUE_TABLE_RELATION (RELATIONSHIP_ID, PARENT_TABLE_ID, CHILD_TABLE_ID) values (29,27,27);
INSERT INTO CATISSUE_TABLE_RELATION (RELATIONSHIP_ID, PARENT_TABLE_ID, CHILD_TABLE_ID) values (30,35,35);
INSERT INTO CATISSUE_TABLE_RELATION (RELATIONSHIP_ID, PARENT_TABLE_ID, CHILD_TABLE_ID) values (31,35,11);
INSERT INTO CATISSUE_TABLE_RELATION (RELATIONSHIP_ID, PARENT_TABLE_ID, CHILD_TABLE_ID) values (32,35,3);
INSERT INTO CATISSUE_TABLE_RELATION (RELATIONSHIP_ID, PARENT_TABLE_ID, CHILD_TABLE_ID) values (33,35,27);
INSERT INTO CATISSUE_TABLE_RELATION (RELATIONSHIP_ID, PARENT_TABLE_ID, CHILD_TABLE_ID) values (34,33,33);
INSERT INTO CATISSUE_TABLE_RELATION (RELATIONSHIP_ID, PARENT_TABLE_ID, CHILD_TABLE_ID) values (35,33,34);
INSERT INTO CATISSUE_TABLE_RELATION (RELATIONSHIP_ID, PARENT_TABLE_ID, CHILD_TABLE_ID) values (36,38,38);
INSERT INTO CATISSUE_TABLE_RELATION (RELATIONSHIP_ID, PARENT_TABLE_ID, CHILD_TABLE_ID) values (37,38,37);

/*Gautam : Removed the link between Site-User.*/
/*INSERT INTO CATISSUE_TABLE_RELATION (RELATIONSHIP_ID, PARENT_TABLE_ID, CHILD_TABLE_ID) values (38,3,23);*/
INSERT INTO CATISSUE_TABLE_RELATION (RELATIONSHIP_ID, PARENT_TABLE_ID, CHILD_TABLE_ID, TABLES_IN_PATH) values (40,10,23,'9');
INSERT INTO CATISSUE_TABLE_RELATION (RELATIONSHIP_ID, PARENT_TABLE_ID, CHILD_TABLE_ID) values (41,10,17);
/*INSERT INTO CATISSUE_TABLE_RELATION (RELATIONSHIP_ID, PARENT_TABLE_ID, CHILD_TABLE_ID) values (42,17,23);*/
INSERT INTO CATISSUE_TABLE_RELATION (RELATIONSHIP_ID, PARENT_TABLE_ID, CHILD_TABLE_ID, TABLES_IN_PATH) values (43,19,23,'9');
INSERT INTO CATISSUE_TABLE_RELATION (RELATIONSHIP_ID, PARENT_TABLE_ID, CHILD_TABLE_ID, TABLES_IN_PATH) values (44,31,3,'32');
INSERT INTO CATISSUE_TABLE_RELATION (RELATIONSHIP_ID, PARENT_TABLE_ID, CHILD_TABLE_ID, TABLES_IN_PATH) values (45,27,9,'10');
INSERT INTO CATISSUE_TABLE_RELATION (RELATIONSHIP_ID, PARENT_TABLE_ID, CHILD_TABLE_ID) values (46,27,31);
INSERT INTO CATISSUE_TABLE_RELATION (RELATIONSHIP_ID, PARENT_TABLE_ID, CHILD_TABLE_ID) values (47,35,26);
INSERT INTO CATISSUE_TABLE_RELATION (RELATIONSHIP_ID, PARENT_TABLE_ID, CHILD_TABLE_ID, TABLES_IN_PATH) values (48,35,9,'27:10');
/*Temp removed the relationship between specimen to biohazard.*/
/*INSERT INTO CATISSUE_TABLE_RELATION (RELATIONSHIP_ID, PARENT_TABLE_ID, CHILD_TABLE_ID, TABLES_IN_PATH) values (49,33,8,'62');*/
/*Gautam - For keeping the TABLES_IN_PATH for RELATIONSHIP_ID=49 use above sql & remove the below one.*/
/*INSERT INTO CATISSUE_TABLE_RELATION (RELATIONSHIP_ID, PARENT_TABLE_ID, CHILD_TABLE_ID, TABLES_IN_PATH) values (49,33,8, '62');*/
INSERT INTO CATISSUE_TABLE_RELATION (RELATIONSHIP_ID, PARENT_TABLE_ID, CHILD_TABLE_ID) values (50,33,28);
--INSERT INTO CATISSUE_TABLE_RELATION (RELATIONSHIP_ID, PARENT_TABLE_ID, CHILD_TABLE_ID) values (51,38,23);
INSERT INTO CATISSUE_TABLE_RELATION (RELATIONSHIP_ID, PARENT_TABLE_ID, CHILD_TABLE_ID, TABLES_IN_PATH) values (52,38,33,'37');
--INSERT INTO CATISSUE_TABLE_RELATION (RELATIONSHIP_ID, PARENT_TABLE_ID, CHILD_TABLE_ID, TABLES_IN_PATH) values (53,38,9,'19');
INSERT INTO CATISSUE_TABLE_RELATION (RELATIONSHIP_ID, PARENT_TABLE_ID, CHILD_TABLE_ID, TABLES_IN_PATH) values (55,38,34,'37:33');

INSERT INTO CATISSUE_TABLE_RELATION (RELATIONSHIP_ID, PARENT_TABLE_ID, CHILD_TABLE_ID, TABLES_IN_PATH) values (54,35,31,'27');


/* ******************9 aug 2007 ******* TABLE RELATION FOR DISTRIBUTION ARRAY ***********************************/

/* ************************************** QUERIES FOR SITE ***********************************************************/
INSERT INTO CATISSUE_SEARCH_DISPLAY_DATA (RELATIONSHIP_ID, COL_ID, DISPLAY_NAME, DEFAULT_VIEW_ATTRIBUTE) VALUES (6, 185, 'Name',1);
INSERT INTO CATISSUE_SEARCH_DISPLAY_DATA (RELATIONSHIP_ID, COL_ID, DISPLAY_NAME, DEFAULT_VIEW_ATTRIBUTE) VALUES (6, 184, 'Identifier',1);
INSERT INTO CATISSUE_SEARCH_DISPLAY_DATA (RELATIONSHIP_ID, COL_ID, DISPLAY_NAME, DEFAULT_VIEW_ATTRIBUTE) VALUES (6, 186, 'Type',1);
INSERT INTO CATISSUE_SEARCH_DISPLAY_DATA (RELATIONSHIP_ID, COL_ID, DISPLAY_NAME, DEFAULT_VIEW_ATTRIBUTE) VALUES (6, 187, 'Email Address',1);
/*INSERT INTO CATISSUE_SEARCH_DISPLAY_DATA (RELATIONSHIP_ID, COL_ID, DISPLAY_NAME) VALUES (6, 189, 'Activity Status');*/

/*Gautam : Removed the link between Site-User.*/
/*INSERT INTO CATISSUE_SEARCH_DISPLAY_DATA (RELATIONSHIP_ID, COL_ID, DISPLAY_NAME) VALUES (38, 292, 'Cordinator Last Name');*/
/*INSERT INTO CATISSUE_SEARCH_DISPLAY_DATA (RELATIONSHIP_ID, COL_ID, DISPLAY_NAME) VALUES (38, 293, 'Cordinator First Name');*/

INSERT INTO CATISSUE_SEARCH_DISPLAY_DATA (RELATIONSHIP_ID, COL_ID, DISPLAY_NAME, DEFAULT_VIEW_ATTRIBUTE) VALUES (7, 2, 'Street',1);
INSERT INTO CATISSUE_SEARCH_DISPLAY_DATA (RELATIONSHIP_ID, COL_ID, DISPLAY_NAME, DEFAULT_VIEW_ATTRIBUTE) VALUES (7, 3, 'City',1);
INSERT INTO CATISSUE_SEARCH_DISPLAY_DATA (RELATIONSHIP_ID, COL_ID, DISPLAY_NAME, DEFAULT_VIEW_ATTRIBUTE) VALUES (7, 4, 'State',1);
INSERT INTO CATISSUE_SEARCH_DISPLAY_DATA (RELATIONSHIP_ID, COL_ID, DISPLAY_NAME, DEFAULT_VIEW_ATTRIBUTE) VALUES (7, 5, 'Country',1);
INSERT INTO CATISSUE_SEARCH_DISPLAY_DATA (RELATIONSHIP_ID, COL_ID, DISPLAY_NAME, DEFAULT_VIEW_ATTRIBUTE) VALUES (7, 6, 'Zip Code',1);
INSERT INTO CATISSUE_SEARCH_DISPLAY_DATA (RELATIONSHIP_ID, COL_ID, DISPLAY_NAME, DEFAULT_VIEW_ATTRIBUTE) VALUES (7, 7, 'Phone Number',1);
INSERT INTO CATISSUE_SEARCH_DISPLAY_DATA (RELATIONSHIP_ID, COL_ID, DISPLAY_NAME, DEFAULT_VIEW_ATTRIBUTE) VALUES (7, 8, 'Fax Number',1);

/* ************************************** QUERIES FOR INSTITUTION ***********************************************************/
INSERT INTO CATISSUE_SEARCH_DISPLAY_DATA (RELATIONSHIP_ID, COL_ID, DISPLAY_NAME, DEFAULT_VIEW_ATTRIBUTE) VALUES (2, 101, 'Name',1);
INSERT INTO CATISSUE_SEARCH_DISPLAY_DATA (RELATIONSHIP_ID, COL_ID, DISPLAY_NAME, DEFAULT_VIEW_ATTRIBUTE) VALUES (2, 100, 'Identifier',1);

/* ************************************** QUERIES FOR DEPARTMENT ***********************************************************/
INSERT INTO CATISSUE_SEARCH_DISPLAY_DATA (RELATIONSHIP_ID, COL_ID, DISPLAY_NAME, DEFAULT_VIEW_ATTRIBUTE) VALUES (3, 68, 'Name',1);
INSERT INTO CATISSUE_SEARCH_DISPLAY_DATA (RELATIONSHIP_ID, COL_ID, DISPLAY_NAME, DEFAULT_VIEW_ATTRIBUTE) VALUES (3, 67, 'Identifier',1);

/* ************************************** QUERIES FOR CRG ******************************************************************/
INSERT INTO CATISSUE_SEARCH_DISPLAY_DATA (RELATIONSHIP_ID, COL_ID, DISPLAY_NAME, DEFAULT_VIEW_ATTRIBUTE) VALUES (4, 29, 'Name',1);
INSERT INTO CATISSUE_SEARCH_DISPLAY_DATA (RELATIONSHIP_ID, COL_ID, DISPLAY_NAME, DEFAULT_VIEW_ATTRIBUTE) VALUES (4, 28, 'Identifier',1);

/* ************************************** QUERIES FOR BIOHAZARD ***********************************************************/
INSERT INTO CATISSUE_SEARCH_DISPLAY_DATA (RELATIONSHIP_ID, COL_ID, DISPLAY_NAME, DEFAULT_VIEW_ATTRIBUTE) VALUES (5, 25, 'Name',1);
INSERT INTO CATISSUE_SEARCH_DISPLAY_DATA (RELATIONSHIP_ID, COL_ID, DISPLAY_NAME, DEFAULT_VIEW_ATTRIBUTE) VALUES (5, 24, 'Identifier',1);
INSERT INTO CATISSUE_SEARCH_DISPLAY_DATA (RELATIONSHIP_ID, COL_ID, DISPLAY_NAME, DEFAULT_VIEW_ATTRIBUTE) VALUES (5, 26, 'Comments',1);
INSERT INTO CATISSUE_SEARCH_DISPLAY_DATA (RELATIONSHIP_ID, COL_ID, DISPLAY_NAME, DEFAULT_VIEW_ATTRIBUTE) VALUES (5, 27, 'Type',1);

/* ************************************** QUERIES FOR STORAGE TYPE *********************************************************/
INSERT INTO CATISSUE_SEARCH_DISPLAY_DATA (RELATIONSHIP_ID, COL_ID, DISPLAY_NAME, DEFAULT_VIEW_ATTRIBUTE) VALUES (108, 307, 'Name',1);
INSERT INTO CATISSUE_SEARCH_DISPLAY_DATA (RELATIONSHIP_ID, COL_ID, DISPLAY_NAME, DEFAULT_VIEW_ATTRIBUTE) VALUES (1, 258, 'Identifier',1);
INSERT INTO CATISSUE_SEARCH_DISPLAY_DATA (RELATIONSHIP_ID, COL_ID, DISPLAY_NAME, DEFAULT_VIEW_ATTRIBUTE) VALUES (1, 260, 'Default Temperature',1);
INSERT INTO CATISSUE_SEARCH_DISPLAY_DATA (RELATIONSHIP_ID, COL_ID, DISPLAY_NAME, DEFAULT_VIEW_ATTRIBUTE) VALUES (108, 261, 'One Dimension Label',1);
INSERT INTO CATISSUE_SEARCH_DISPLAY_DATA (RELATIONSHIP_ID, COL_ID, DISPLAY_NAME, DEFAULT_VIEW_ATTRIBUTE) VALUES (108, 262, 'Two Dimension Label',1);
INSERT INTO CATISSUE_SEARCH_DISPLAY_DATA (RELATIONSHIP_ID, COL_ID, DISPLAY_NAME) VALUES (108, 308, 'Comments');


INSERT INTO CATISSUE_TABLE_RELATION (RELATIONSHIP_ID, PARENT_TABLE_ID, CHILD_TABLE_ID) values (108,1,69);

/*INSERT INTO CATISSUE_TABLE_RELATION (RELATIONSHIP_ID, PARENT_TABLE_ID, CHILD_TABLE_ID, TABLES_IN_PATH) values (109,1,2,'69');*/
/*INSERT INTO CATISSUE_SEARCH_DISPLAY_DATA (RELATIONSHIP_ID, COL_ID, DISPLAY_NAME) VALUES (109, 252, 'One Dimension Capacity');*/
/*INSERT INTO CATISSUE_SEARCH_DISPLAY_DATA (RELATIONSHIP_ID, COL_ID, DISPLAY_NAME) VALUES (109, 253, 'Two Dimension Capacity');*/

/* ************************************** QUERIES FOR STORAGE CONTAINER *****************************************************/
INSERT INTO CATISSUE_TABLE_RELATION (RELATIONSHIP_ID, PARENT_TABLE_ID, CHILD_TABLE_ID) values (8,21,21);
INSERT INTO CATISSUE_TABLE_RELATION (RELATIONSHIP_ID, PARENT_TABLE_ID, CHILD_TABLE_ID, TABLES_IN_PATH) values (9,21,2,'70');
INSERT INTO CATISSUE_TABLE_RELATION (RELATIONSHIP_ID, PARENT_TABLE_ID, CHILD_TABLE_ID, TABLES_IN_PATH) values (10,21,69,'1');
INSERT INTO CATISSUE_TABLE_RELATION (RELATIONSHIP_ID, PARENT_TABLE_ID, CHILD_TABLE_ID) values (11,21,3);
INSERT INTO CATISSUE_TABLE_RELATION (RELATIONSHIP_ID, PARENT_TABLE_ID, CHILD_TABLE_ID) values (110,21,70);

INSERT INTO CATISSUE_SEARCH_DISPLAY_DATA (RELATIONSHIP_ID, COL_ID, DISPLAY_NAME, DEFAULT_VIEW_ATTRIBUTE) VALUES (110, 240, 'Container Name',1);
INSERT INTO CATISSUE_SEARCH_DISPLAY_DATA (RELATIONSHIP_ID, COL_ID, DISPLAY_NAME, DEFAULT_VIEW_ATTRIBUTE) VALUES (8, 239, 'Identifier',1);
INSERT INTO CATISSUE_SEARCH_DISPLAY_DATA (RELATIONSHIP_ID, COL_ID, DISPLAY_NAME, DEFAULT_VIEW_ATTRIBUTE) VALUES (8, 241, 'Temperature',1);
INSERT INTO CATISSUE_SEARCH_DISPLAY_DATA (RELATIONSHIP_ID, COL_ID, DISPLAY_NAME, DEFAULT_VIEW_ATTRIBUTE) VALUES (9, 252, 'One Dimension Capacity',0);
INSERT INTO CATISSUE_SEARCH_DISPLAY_DATA (RELATIONSHIP_ID, COL_ID, DISPLAY_NAME, DEFAULT_VIEW_ATTRIBUTE) VALUES (9, 253, 'Two Dimension Capacity',0);

/*INSERT INTO CATISSUE_SEARCH_DISPLAY_DATA (RELATIONSHIP_ID, COL_ID, DISPLAY_NAME) VALUES (10, 259, 'Type');*/
INSERT INTO CATISSUE_SEARCH_DISPLAY_DATA (RELATIONSHIP_ID, COL_ID, DISPLAY_NAME) VALUES (10, 307, 'Container Type');
INSERT INTO CATISSUE_SEARCH_DISPLAY_DATA (RELATIONSHIP_ID, COL_ID, DISPLAY_NAME) VALUES (10, 261, 'One Dimension Label');
INSERT INTO CATISSUE_SEARCH_DISPLAY_DATA (RELATIONSHIP_ID, COL_ID, DISPLAY_NAME) VALUES (10, 262, 'Two Dimension Label');
INSERT INTO CATISSUE_SEARCH_DISPLAY_DATA (RELATIONSHIP_ID, COL_ID, DISPLAY_NAME, DEFAULT_VIEW_ATTRIBUTE) VALUES (11, 185, 'Site Name',1);
INSERT INTO CATISSUE_SEARCH_DISPLAY_DATA (RELATIONSHIP_ID, COL_ID, DISPLAY_NAME, DEFAULT_VIEW_ATTRIBUTE) VALUES (110, 242, 'Is Container Full',1);
INSERT INTO CATISSUE_SEARCH_DISPLAY_DATA (RELATIONSHIP_ID, COL_ID, DISPLAY_NAME, DEFAULT_VIEW_ATTRIBUTE) VALUES (110, 243, 'Barcode',1);
INSERT INTO CATISSUE_SEARCH_DISPLAY_DATA (RELATIONSHIP_ID, COL_ID, DISPLAY_NAME, DEFAULT_VIEW_ATTRIBUTE) VALUES (110, 247, 'Parent Container Identifier', 1);
INSERT INTO CATISSUE_SEARCH_DISPLAY_DATA (RELATIONSHIP_ID, COL_ID, DISPLAY_NAME, DEFAULT_VIEW_ATTRIBUTE) VALUES (110, 249, 'Position Dimension One',1);
INSERT INTO CATISSUE_SEARCH_DISPLAY_DATA (RELATIONSHIP_ID, COL_ID, DISPLAY_NAME, DEFAULT_VIEW_ATTRIBUTE) VALUES (110, 250, 'Position Dimension Two',1);
INSERT INTO CATISSUE_SEARCH_DISPLAY_DATA (RELATIONSHIP_ID, COL_ID, DISPLAY_NAME) VALUES (110, 310, 'Comments');




/*INSERT INTO CATISSUE_SEARCH_DISPLAY_DATA (RELATIONSHIP_ID, COL_ID, DISPLAY_NAME) VALUES (39, 255, 'Parameter Name');*/
/*INSERT INTO CATISSUE_SEARCH_DISPLAY_DATA (RELATIONSHIP_ID, COL_ID, DISPLAY_NAME) VALUES (39, 256, 'Parameter Value');*/

/* ************************************** QUERIES FOR SPECIMEN ARRAY TYPE *********************************************************/
INSERT INTO CATISSUE_TABLE_RELATION (RELATIONSHIP_ID, PARENT_TABLE_ID, CHILD_TABLE_ID) values (111,71,71);
INSERT INTO CATISSUE_TABLE_RELATION (RELATIONSHIP_ID, PARENT_TABLE_ID, CHILD_TABLE_ID) values (112,71,69);

/*Removed for PHI bug*/
/*INSERT INTO CATISSUE_TABLE_RELATION (RELATIONSHIP_ID, PARENT_TABLE_ID, CHILD_TABLE_ID, TABLES_IN_PATH) values (128,71,2,'69');*/

/*Removed for PHI bug*/
/*INSERT INTO CATISSUE_RELATED_TABLES_MAP values ( 69 , 2 , 'CAPACITY_ID','IDENTIFIER');*/


INSERT INTO CATISSUE_SEARCH_DISPLAY_DATA (RELATIONSHIP_ID, COL_ID, DISPLAY_NAME, DEFAULT_VIEW_ATTRIBUTE) VALUES (112, 307, 'Name', 1);
INSERT INTO CATISSUE_SEARCH_DISPLAY_DATA (RELATIONSHIP_ID, COL_ID, DISPLAY_NAME, DEFAULT_VIEW_ATTRIBUTE) VALUES (111, 311, 'Identifier',1);
INSERT INTO CATISSUE_SEARCH_DISPLAY_DATA (RELATIONSHIP_ID, COL_ID, DISPLAY_NAME, DEFAULT_VIEW_ATTRIBUTE) VALUES (111, 312, 'Specimen Class',1);
INSERT INTO CATISSUE_SEARCH_DISPLAY_DATA (RELATIONSHIP_ID, COL_ID, DISPLAY_NAME, DEFAULT_VIEW_ATTRIBUTE) VALUES (112, 261, 'One Dimension Label', 1);
INSERT INTO CATISSUE_SEARCH_DISPLAY_DATA (RELATIONSHIP_ID, COL_ID, DISPLAY_NAME, DEFAULT_VIEW_ATTRIBUTE) VALUES (112, 262, 'Two Dimension Label', 1);
/*Removed for PHI bug*/
/*INSERT INTO CATISSUE_SEARCH_DISPLAY_DATA (RELATIONSHIP_ID, COL_ID, DISPLAY_NAME, DEFAULT_VIEW_ATTRIBUTE) VALUES (128, 252, 'One Dimension Capacity',1);*/
/*INSERT INTO CATISSUE_SEARCH_DISPLAY_DATA (RELATIONSHIP_ID, COL_ID, DISPLAY_NAME, DEFAULT_VIEW_ATTRIBUTE) VALUES (128, 253, 'Two Dimension Capacity',1);*/
INSERT INTO CATISSUE_SEARCH_DISPLAY_DATA (RELATIONSHIP_ID, COL_ID, DISPLAY_NAME) VALUES (112, 308, 'Comments');

/* ************************************** QUERIES FOR SPECIMEN ARRAY *****************************************************/
INSERT INTO CATISSUE_TABLE_RELATION (RELATIONSHIP_ID, PARENT_TABLE_ID, CHILD_TABLE_ID) values (113,72,72);
INSERT INTO CATISSUE_TABLE_RELATION (RELATIONSHIP_ID, PARENT_TABLE_ID, CHILD_TABLE_ID) values (114,72,70);
INSERT INTO CATISSUE_TABLE_RELATION (RELATIONSHIP_ID, PARENT_TABLE_ID, CHILD_TABLE_ID, TABLES_IN_PATH) values (115,72,2,'70');
INSERT INTO CATISSUE_TABLE_RELATION (RELATIONSHIP_ID, PARENT_TABLE_ID, CHILD_TABLE_ID, TABLES_IN_PATH) values (116,72,69,'71');
INSERT INTO CATISSUE_TABLE_RELATION (RELATIONSHIP_ID, PARENT_TABLE_ID, CHILD_TABLE_ID) values (129,72,71);

INSERT INTO CATISSUE_SEARCH_DISPLAY_DATA (RELATIONSHIP_ID, COL_ID, DISPLAY_NAME, DEFAULT_VIEW_ATTRIBUTE) VALUES (114, 240, 'Array Label',1);
INSERT INTO CATISSUE_SEARCH_DISPLAY_DATA (RELATIONSHIP_ID, COL_ID, DISPLAY_NAME, DEFAULT_VIEW_ATTRIBUTE) VALUES (113, 313, 'Identifier',1);
/*INSERT INTO CATISSUE_SEARCH_DISPLAY_DATA (RELATIONSHIP_ID, COL_ID, DISPLAY_NAME, DEFAULT_VIEW_ATTRIBUTE) VALUES (113, 314, 'Creator User ID',1);*/
INSERT INTO CATISSUE_SEARCH_DISPLAY_DATA (RELATIONSHIP_ID, COL_ID, DISPLAY_NAME, DEFAULT_VIEW_ATTRIBUTE) VALUES (114, 242, 'Is Container Full', 1);
INSERT INTO CATISSUE_SEARCH_DISPLAY_DATA (RELATIONSHIP_ID, COL_ID, DISPLAY_NAME, DEFAULT_VIEW_ATTRIBUTE) VALUES (114, 243, 'Barcode',1);
INSERT INTO CATISSUE_SEARCH_DISPLAY_DATA (RELATIONSHIP_ID, COL_ID, DISPLAY_NAME, DEFAULT_VIEW_ATTRIBUTE) VALUES (114, 247, 'Parent Container Identifier',1);
INSERT INTO CATISSUE_SEARCH_DISPLAY_DATA (RELATIONSHIP_ID, COL_ID, DISPLAY_NAME, DEFAULT_VIEW_ATTRIBUTE) VALUES (114, 249, 'Position Dimension One',1);
INSERT INTO CATISSUE_SEARCH_DISPLAY_DATA (RELATIONSHIP_ID, COL_ID, DISPLAY_NAME, DEFAULT_VIEW_ATTRIBUTE) VALUES (114, 250, 'Position Dimension Two',1);
INSERT INTO CATISSUE_SEARCH_DISPLAY_DATA (RELATIONSHIP_ID, COL_ID, DISPLAY_NAME) VALUES (114, 310, 'Comments');
INSERT INTO CATISSUE_SEARCH_DISPLAY_DATA (RELATIONSHIP_ID, COL_ID, DISPLAY_NAME, DEFAULT_VIEW_ATTRIBUTE) VALUES (115, 252, 'One Dimension Capacity', 1);
INSERT INTO CATISSUE_SEARCH_DISPLAY_DATA (RELATIONSHIP_ID, COL_ID, DISPLAY_NAME, DEFAULT_VIEW_ATTRIBUTE) VALUES (115, 253, 'Two Dimension Capacity', 1);
/*INSERT INTO CATISSUE_SEARCH_DISPLAY_DATA (RELATIONSHIP_ID, COL_ID, DISPLAY_NAME) VALUES (116, 259, 'Type');*/
INSERT INTO CATISSUE_SEARCH_DISPLAY_DATA (RELATIONSHIP_ID, COL_ID, DISPLAY_NAME) VALUES (116, 307, 'Array Type');
/*INSERT INTO CATISSUE_SEARCH_DISPLAY_DATA (RELATIONSHIP_ID, COL_ID, DISPLAY_NAME) VALUES (116, 261, 'One Dimension Label');*/
/*INSERT INTO CATISSUE_SEARCH_DISPLAY_DATA (RELATIONSHIP_ID, COL_ID, DISPLAY_NAME) VALUES (116, 262, 'Two Dimension Label');*/
INSERT INTO CATISSUE_SEARCH_DISPLAY_DATA (RELATIONSHIP_ID, COL_ID, DISPLAY_NAME, DEFAULT_VIEW_ATTRIBUTE) VALUES (129, 312, 'SpecimenClass',1);

/* ************************************** QUERIES FOR COLLECTION PROTOCOL ***************************************************/
INSERT INTO CATISSUE_SEARCH_DISPLAY_DATA (RELATIONSHIP_ID, COL_ID, DISPLAY_NAME, DEFAULT_VIEW_ATTRIBUTE) VALUES (13, 224, 'Title',1);
INSERT INTO CATISSUE_SEARCH_DISPLAY_DATA (RELATIONSHIP_ID, COL_ID, DISPLAY_NAME, DEFAULT_VIEW_ATTRIBUTE) VALUES (12, 54, 'Identifier',1);
INSERT INTO CATISSUE_SEARCH_DISPLAY_DATA (RELATIONSHIP_ID, COL_ID, DISPLAY_NAME, DEFAULT_VIEW_ATTRIBUTE) VALUES (40, 292, 'Principal Investigator Last Name',1);
INSERT INTO CATISSUE_SEARCH_DISPLAY_DATA (RELATIONSHIP_ID, COL_ID, DISPLAY_NAME, DEFAULT_VIEW_ATTRIBUTE) VALUES (40, 293, 'Principal Investigator First Name',1);
INSERT INTO CATISSUE_SEARCH_DISPLAY_DATA (RELATIONSHIP_ID, COL_ID, DISPLAY_NAME) VALUES (42, 292, 'Protocol Coordinator Last Name');
INSERT INTO CATISSUE_SEARCH_DISPLAY_DATA (RELATIONSHIP_ID, COL_ID, DISPLAY_NAME) VALUES (42, 293, 'Protocol Coordinator First Name');

INSERT INTO CATISSUE_SEARCH_DISPLAY_DATA (RELATIONSHIP_ID, COL_ID, DISPLAY_NAME, DEFAULT_VIEW_ATTRIBUTE) VALUES (13, 225, 'Short Title',1);
INSERT INTO CATISSUE_SEARCH_DISPLAY_DATA (RELATIONSHIP_ID, COL_ID, DISPLAY_NAME, DEFAULT_VIEW_ATTRIBUTE) VALUES (13, 226, 'IRB Identifier',1);
INSERT INTO CATISSUE_SEARCH_DISPLAY_DATA (RELATIONSHIP_ID, COL_ID, DISPLAY_NAME, DEFAULT_VIEW_ATTRIBUTE) VALUES (13, 227, 'Start Date',1);

/*Commented by Virender for CP Search */

/*INSERT INTO CATISSUE_SEARCH_DISPLAY_DATA (RELATIONSHIP_ID, COL_ID, DISPLAY_NAME, DEFAULT_VIEW_ATTRIBUTE) VALUES (13, 228, 'End Date',1);*/
/*INSERT INTO CATISSUE_SEARCH_DISPLAY_DATA (RELATIONSHIP_ID, COL_ID, DISPLAY_NAME, DEFAULT_VIEW_ATTRIBUTE) VALUES (13, 229, 'Enrollment',1);*/
/*INSERT INTO CATISSUE_SEARCH_DISPLAY_DATA (RELATIONSHIP_ID, COL_ID, DISPLAY_NAME, DEFAULT_VIEW_ATTRIBUTE) VALUES (13, 230, 'Description URL',1);*/
/*INSERT INTO CATISSUE_SEARCH_DISPLAY_DATA (RELATIONSHIP_ID, COL_ID, DISPLAY_NAME) VALUES (13, 231, 'Activity Status');*/

/*INSERT INTO CATISSUE_SEARCH_DISPLAY_DATA (RELATIONSHIP_ID, COL_ID, DISPLAY_NAME) VALUES (14, 56, 'Clinical Status');*/
/*INSERT INTO CATISSUE_SEARCH_DISPLAY_DATA (RELATIONSHIP_ID, COL_ID, DISPLAY_NAME) VALUES (14, 57, 'Study Calendar Event Point');*/

/*Patch ID: 4171_3*/
/*Adding CollectionProtocolEvent.collectionPointLabel attribute in simple search of Collection Protocol object.*/
/*INSERT INTO CATISSUE_SEARCH_DISPLAY_DATA (RELATIONSHIP_ID, COL_ID, DISPLAY_NAME) VALUES (14, 329, 'Collection Point Label');*/
/*INSERT INTO CATISSUE_SEARCH_DISPLAY_DATA (RELATIONSHIP_ID, COL_ID, DISPLAY_NAME) VALUES (15, 233, 'Specimen Type');*/
/*INSERT INTO CATISSUE_SEARCH_DISPLAY_DATA (RELATIONSHIP_ID, COL_ID, DISPLAY_NAME) VALUES (15, 234, 'Tissue Site');*/
/*INSERT INTO CATISSUE_SEARCH_DISPLAY_DATA (RELATIONSHIP_ID, COL_ID, DISPLAY_NAME) VALUES (15, 235, 'Pathological Status');*/
/*INSERT INTO CATISSUE_SEARCH_DISPLAY_DATA (RELATIONSHIP_ID, COL_ID, DISPLAY_NAME) VALUES (16, 65, 'Collection Protocol Event Identifier');*/
/*INSERT INTO CATISSUE_SEARCH_DISPLAY_DATA (RELATIONSHIP_ID, COL_ID, DISPLAY_NAME) VALUES (119, 319, 'Required Specimen Quantity');*/


/* ************************************** QUERIES FOR DISTRIBUTION PROTOCOL *************************************************/
INSERT INTO CATISSUE_SEARCH_DISPLAY_DATA (RELATIONSHIP_ID, COL_ID, DISPLAY_NAME, DEFAULT_VIEW_ATTRIBUTE) VALUES (18, 224, 'Title', 1);
INSERT INTO CATISSUE_SEARCH_DISPLAY_DATA (RELATIONSHIP_ID, COL_ID, DISPLAY_NAME, DEFAULT_VIEW_ATTRIBUTE) VALUES (17, 79, 'Identifier',1);
INSERT INTO CATISSUE_SEARCH_DISPLAY_DATA (RELATIONSHIP_ID, COL_ID, DISPLAY_NAME, DEFAULT_VIEW_ATTRIBUTE) VALUES (18, 225, 'Short Title', 1);
INSERT INTO CATISSUE_SEARCH_DISPLAY_DATA (RELATIONSHIP_ID, COL_ID, DISPLAY_NAME, DEFAULT_VIEW_ATTRIBUTE) VALUES (18, 226, 'IRB Identifier', 1);
INSERT INTO CATISSUE_SEARCH_DISPLAY_DATA (RELATIONSHIP_ID, COL_ID, DISPLAY_NAME, DEFAULT_VIEW_ATTRIBUTE) VALUES (18, 227, 'Start Date', 1);
INSERT INTO CATISSUE_SEARCH_DISPLAY_DATA (RELATIONSHIP_ID, COL_ID, DISPLAY_NAME, DEFAULT_VIEW_ATTRIBUTE) VALUES (18, 228, 'End Date', 1);
INSERT INTO CATISSUE_SEARCH_DISPLAY_DATA (RELATIONSHIP_ID, COL_ID, DISPLAY_NAME, DEFAULT_VIEW_ATTRIBUTE) VALUES (18, 229, 'Enrollment', 1);
INSERT INTO CATISSUE_SEARCH_DISPLAY_DATA (RELATIONSHIP_ID, COL_ID, DISPLAY_NAME, DEFAULT_VIEW_ATTRIBUTE) VALUES (18, 230, 'Description URL', 1);
/*INSERT INTO CATISSUE_SEARCH_DISPLAY_DATA (RELATIONSHIP_ID, COL_ID, DISPLAY_NAME) VALUES (18, 231, 'Activity Status');*/

INSERT INTO CATISSUE_SEARCH_DISPLAY_DATA (RELATIONSHIP_ID, COL_ID, DISPLAY_NAME) VALUES (20, 233, 'Specimen Type');
INSERT INTO CATISSUE_SEARCH_DISPLAY_DATA (RELATIONSHIP_ID, COL_ID, DISPLAY_NAME) VALUES (20, 234, 'Tissue Site');
INSERT INTO CATISSUE_SEARCH_DISPLAY_DATA (RELATIONSHIP_ID, COL_ID, DISPLAY_NAME) VALUES (20, 235, 'Pathological Status');

/*INSERT INTO CATISSUE_SEARCH_DISPLAY_DATA (RELATIONSHIP_ID, COL_ID, DISPLAY_NAME) VALUES (20, 37, 'Required Specimen Quantity');*/
INSERT INTO CATISSUE_TABLE_RELATION (RELATIONSHIP_ID, PARENT_TABLE_ID, CHILD_TABLE_ID, TABLES_IN_PATH) values (120,19,74,'12');
INSERT INTO CATISSUE_SEARCH_DISPLAY_DATA (RELATIONSHIP_ID, COL_ID, DISPLAY_NAME) VALUES (120, 319, 'Required Specimen Quantity');

INSERT INTO CATISSUE_SEARCH_DISPLAY_DATA (RELATIONSHIP_ID, COL_ID, DISPLAY_NAME, DEFAULT_VIEW_ATTRIBUTE) VALUES (43, 292, 'Principal Investigator Last Name',1);
INSERT INTO CATISSUE_SEARCH_DISPLAY_DATA (RELATIONSHIP_ID, COL_ID, DISPLAY_NAME, DEFAULT_VIEW_ATTRIBUTE) VALUES (43, 293, 'Principal Investigator First Name',1);
INSERT INTO CATISSUE_SEARCH_DISPLAY_DATA (RELATIONSHIP_ID, COL_ID, DISPLAY_NAME) VALUES (19, 80, 'Distribution Protocol Identifier');

/* ************************************** QUERIES FOR USER ******************************************************************/

INSERT INTO CATISSUE_SEARCH_DISPLAY_DATA (RELATIONSHIP_ID, COL_ID, DISPLAY_NAME, DEFAULT_VIEW_ATTRIBUTE) VALUES (21, 293, 'First Name',1);
INSERT INTO CATISSUE_SEARCH_DISPLAY_DATA (RELATIONSHIP_ID, COL_ID, DISPLAY_NAME, DEFAULT_VIEW_ATTRIBUTE) VALUES (21, 292, 'Last Name',1);
INSERT INTO CATISSUE_SEARCH_DISPLAY_DATA (RELATIONSHIP_ID, COL_ID, DISPLAY_NAME, DEFAULT_VIEW_ATTRIBUTE) VALUES (21, 285, 'Identifier',1);

INSERT INTO CATISSUE_SEARCH_DISPLAY_DATA (RELATIONSHIP_ID, COL_ID, DISPLAY_NAME, DEFAULT_VIEW_ATTRIBUTE) VALUES (21, 294, 'Login Name',1);
INSERT INTO CATISSUE_SEARCH_DISPLAY_DATA (RELATIONSHIP_ID, COL_ID, DISPLAY_NAME, DEFAULT_VIEW_ATTRIBUTE) VALUES (21, 295, 'Date',1);
/*INSERT INTO CATISSUE_SEARCH_DISPLAY_DATA (RELATIONSHIP_ID, COL_ID, DISPLAY_NAME) VALUES (21, 286, 'Activity Status');*/

INSERT INTO CATISSUE_SEARCH_DISPLAY_DATA (RELATIONSHIP_ID, COL_ID, DISPLAY_NAME, DEFAULT_VIEW_ATTRIBUTE) VALUES (23, 2, 'Street',1);
INSERT INTO CATISSUE_SEARCH_DISPLAY_DATA (RELATIONSHIP_ID, COL_ID, DISPLAY_NAME, DEFAULT_VIEW_ATTRIBUTE) VALUES (23, 3, 'City',1);
INSERT INTO CATISSUE_SEARCH_DISPLAY_DATA (RELATIONSHIP_ID, COL_ID, DISPLAY_NAME, DEFAULT_VIEW_ATTRIBUTE) VALUES (23, 4, 'State',1);
INSERT INTO CATISSUE_SEARCH_DISPLAY_DATA (RELATIONSHIP_ID, COL_ID, DISPLAY_NAME, DEFAULT_VIEW_ATTRIBUTE) VALUES (23, 5, 'Country',1);
INSERT INTO CATISSUE_SEARCH_DISPLAY_DATA (RELATIONSHIP_ID, COL_ID, DISPLAY_NAME, DEFAULT_VIEW_ATTRIBUTE) VALUES (23, 6, 'Zip Code',1);
INSERT INTO CATISSUE_SEARCH_DISPLAY_DATA (RELATIONSHIP_ID, COL_ID, DISPLAY_NAME, DEFAULT_VIEW_ATTRIBUTE) VALUES (23, 7, 'Phone Number',1);
INSERT INTO CATISSUE_SEARCH_DISPLAY_DATA (RELATIONSHIP_ID, COL_ID, DISPLAY_NAME, DEFAULT_VIEW_ATTRIBUTE) VALUES (23, 8, 'Fax Number',1);

INSERT INTO CATISSUE_SEARCH_DISPLAY_DATA (RELATIONSHIP_ID, COL_ID, DISPLAY_NAME, DEFAULT_VIEW_ATTRIBUTE) VALUES (25, 101, 'Institution Name',1);

INSERT INTO CATISSUE_SEARCH_DISPLAY_DATA (RELATIONSHIP_ID, COL_ID, DISPLAY_NAME, DEFAULT_VIEW_ATTRIBUTE) VALUES (24, 68, 'Department Name',1);

INSERT INTO CATISSUE_SEARCH_DISPLAY_DATA (RELATIONSHIP_ID, COL_ID, DISPLAY_NAME, DEFAULT_VIEW_ATTRIBUTE) VALUES (26, 29, 'Cancer Research Group Name',1);

/* ************************************** QUERIES FOR PARTICIPANT ***********************************************************/
/*Bug#3549 Inserting value for ATTRIBUTE_ORDER in participant*/
INSERT INTO CATISSUE_SEARCH_DISPLAY_DATA (RELATIONSHIP_ID, COL_ID, DISPLAY_NAME, DEFAULT_VIEW_ATTRIBUTE,ATTRIBUTE_ORDER) VALUES (27, 118, 'First Name',1,2);
INSERT INTO CATISSUE_SEARCH_DISPLAY_DATA (RELATIONSHIP_ID, COL_ID, DISPLAY_NAME, DEFAULT_VIEW_ATTRIBUTE,ATTRIBUTE_ORDER) VALUES (27, 117, 'Last Name',1,1);

INSERT INTO CATISSUE_SEARCH_DISPLAY_DATA (RELATIONSHIP_ID, COL_ID, DISPLAY_NAME, DEFAULT_VIEW_ATTRIBUTE,ATTRIBUTE_ORDER) VALUES (27, 116, 'Identifier',1,12);
INSERT INTO CATISSUE_SEARCH_DISPLAY_DATA (RELATIONSHIP_ID, COL_ID, DISPLAY_NAME, DEFAULT_VIEW_ATTRIBUTE,ATTRIBUTE_ORDER) VALUES (27, 119, 'Middle Name',1,3);
INSERT INTO CATISSUE_SEARCH_DISPLAY_DATA (RELATIONSHIP_ID, COL_ID, DISPLAY_NAME, DEFAULT_VIEW_ATTRIBUTE,ATTRIBUTE_ORDER) VALUES (27, 120, 'Birth Date',1,5);

INSERT INTO CATISSUE_SEARCH_DISPLAY_DATA (RELATIONSHIP_ID, COL_ID, DISPLAY_NAME, DEFAULT_VIEW_ATTRIBUTE,ATTRIBUTE_ORDER) VALUES (27, 303, 'Death Date',1,11);
INSERT INTO CATISSUE_SEARCH_DISPLAY_DATA (RELATIONSHIP_ID, COL_ID, DISPLAY_NAME, DEFAULT_VIEW_ATTRIBUTE,ATTRIBUTE_ORDER) VALUES (27, 304, 'Vital Status',1,10);

INSERT INTO CATISSUE_SEARCH_DISPLAY_DATA (RELATIONSHIP_ID, COL_ID, DISPLAY_NAME, DEFAULT_VIEW_ATTRIBUTE,ATTRIBUTE_ORDER) VALUES (27, 121, 'Gender',1,6);
INSERT INTO CATISSUE_SEARCH_DISPLAY_DATA (RELATIONSHIP_ID, COL_ID, DISPLAY_NAME, DEFAULT_VIEW_ATTRIBUTE,ATTRIBUTE_ORDER) VALUES (27, 122, 'Genotype',1,7);
/*INSERT INTO CATISSUE_SEARCH_DISPLAY_DATA (RELATIONSHIP_ID, COL_ID, DISPLAY_NAME, DEFAULT_VIEW_ATTRIBUTE) VALUES (27, 123, 'Race',1);*/
INSERT INTO CATISSUE_SEARCH_DISPLAY_DATA (RELATIONSHIP_ID, COL_ID, DISPLAY_NAME, DEFAULT_VIEW_ATTRIBUTE,ATTRIBUTE_ORDER) VALUES (27, 124, 'Ethnicity',1,8);
INSERT INTO CATISSUE_SEARCH_DISPLAY_DATA (RELATIONSHIP_ID, COL_ID, DISPLAY_NAME, DEFAULT_VIEW_ATTRIBUTE,ATTRIBUTE_ORDER) VALUES (27, 125, 'Social Security Number',1,9);
/*INSERT INTO CATISSUE_SEARCH_DISPLAY_DATA (RELATIONSHIP_ID, COL_ID, DISPLAY_NAME, DEFAULT_VIEW_ATTRIBUTE) VALUES (27, 126, 'Activity Status',1);*/

/*INSERT INTO CATISSUE_SEARCH_DISPLAY_DATA (RELATIONSHIP_ID, COL_ID, DISPLAY_NAME) VALUES (44, 185, 'Medical Record Number Source');*/

INSERT INTO CATISSUE_SEARCH_DISPLAY_DATA (RELATIONSHIP_ID, COL_ID, DISPLAY_NAME,ATTRIBUTE_ORDER) VALUES (28, 128, 'Medical Record Number',4);

/* ************************************** QUERIES FOR COLLECTION PROTOCOL REGISTRATION ************************************** */
/*Bug#3549 Inserting value for ATTRIBUTE_ORDER in coll protocol reg*/
INSERT INTO CATISSUE_SEARCH_DISPLAY_DATA (RELATIONSHIP_ID, COL_ID, DISPLAY_NAME, DEFAULT_VIEW_ATTRIBUTE,ATTRIBUTE_ORDER) VALUES (29, 59, 'Identifier',1,8);

INSERT INTO CATISSUE_SEARCH_DISPLAY_DATA (RELATIONSHIP_ID, COL_ID, DISPLAY_NAME,ATTRIBUTE_ORDER) VALUES (45, 224, 'Protocol Title',6);

INSERT INTO CATISSUE_SEARCH_DISPLAY_DATA (RELATIONSHIP_ID, COL_ID, DISPLAY_NAME, DEFAULT_VIEW_ATTRIBUTE,ATTRIBUTE_ORDER) VALUES (29, 60, 'Participant Protocol Identifier',1,1);
INSERT INTO CATISSUE_SEARCH_DISPLAY_DATA (RELATIONSHIP_ID, COL_ID, DISPLAY_NAME, DEFAULT_VIEW_ATTRIBUTE,ATTRIBUTE_ORDER) VALUES (29, 61, 'Registration Date',1,7);
/*INSERT INTO CATISSUE_SEARCH_DISPLAY_DATA (RELATIONSHIP_ID, COL_ID, DISPLAY_NAME, DEFAULT_VIEW_ATTRIBUTE) VALUES (29, 64, 'Activity Status',1);*/

INSERT INTO CATISSUE_SEARCH_DISPLAY_DATA (RELATIONSHIP_ID, COL_ID, DISPLAY_NAME, DEFAULT_VIEW_ATTRIBUTE,ATTRIBUTE_ORDER) VALUES (46, 117, 'Participant Last Name', 1,2);
INSERT INTO CATISSUE_SEARCH_DISPLAY_DATA (RELATIONSHIP_ID, COL_ID, DISPLAY_NAME, DEFAULT_VIEW_ATTRIBUTE,ATTRIBUTE_ORDER) VALUES (46, 118, 'Participant First Name', 1,3);
INSERT INTO CATISSUE_SEARCH_DISPLAY_DATA (RELATIONSHIP_ID, COL_ID, DISPLAY_NAME, DEFAULT_VIEW_ATTRIBUTE,ATTRIBUTE_ORDER) VALUES (46, 119, 'Participant Middle Name', 1,4);
INSERT INTO CATISSUE_SEARCH_DISPLAY_DATA (RELATIONSHIP_ID, COL_ID, DISPLAY_NAME, DEFAULT_VIEW_ATTRIBUTE,ATTRIBUTE_ORDER) VALUES (46, 120, 'Participant Birth Date', 1,5);

/* ************************************** QUERIES FOR SPECIMEN COLLECTION GROUP **********************************************/
/*Bug#3549 Inserting value for ATTRIBUTE_ORDER in specimen coll grp*/
INSERT INTO CATISSUE_SEARCH_DISPLAY_DATA (RELATIONSHIP_ID, COL_ID, DISPLAY_NAME, DEFAULT_VIEW_ATTRIBUTE,ATTRIBUTE_ORDER) VALUES (30, 320, 'Name',1,1);
INSERT INTO CATISSUE_SEARCH_DISPLAY_DATA (RELATIONSHIP_ID, COL_ID, DISPLAY_NAME, DEFAULT_VIEW_ATTRIBUTE,ATTRIBUTE_ORDER) VALUES (30, 209, 'Identifier',1,12);

/* Changes related to Model Change, Replacing relationship_id from 30 to 137 Virender Mehta 12th Oct 2007*/
INSERT INTO CATISSUE_SEARCH_DISPLAY_DATA (RELATIONSHIP_ID, COL_ID, DISPLAY_NAME, DEFAULT_VIEW_ATTRIBUTE,ATTRIBUTE_ORDER) VALUES (137, 210, 'Clinical Diagnosis',1,7);
INSERT INTO CATISSUE_SEARCH_DISPLAY_DATA (RELATIONSHIP_ID, COL_ID, DISPLAY_NAME, DEFAULT_VIEW_ATTRIBUTE,ATTRIBUTE_ORDER) VALUES (137, 211, 'Clinical Status',1,8);
/* Changes related to Model Change, Replacing relationship_id from 30 to 137 Virender Mehta 12th Oct 2007*/

/*INSERT INTO CATISSUE_SEARCH_DISPLAY_DATA (RELATIONSHIP_ID, COL_ID, DISPLAY_NAME, DEFAULT_VIEW_ATTRIBUTE) VALUES (30, 212, 'Activity Status',1);*/
INSERT INTO CATISSUE_SEARCH_DISPLAY_DATA (RELATIONSHIP_ID, COL_ID, DISPLAY_NAME,ATTRIBUTE_ORDER) VALUES (48, 224, 'Collection Protocol Title',11);

INSERT INTO CATISSUE_SEARCH_DISPLAY_DATA (RELATIONSHIP_ID, COL_ID, DISPLAY_NAME, DEFAULT_VIEW_ATTRIBUTE,ATTRIBUTE_ORDER) VALUES (31, 57, 'Study Calendar Event Point', 1,9);
/*Patch ID: 4171_4*/
/*Adding CollectionProtocolEvent.collectionPointLabel attribute in simple search of SpecimenCollectionGroup object.*/
INSERT INTO CATISSUE_SEARCH_DISPLAY_DATA (RELATIONSHIP_ID, COL_ID, DISPLAY_NAME, DEFAULT_VIEW_ATTRIBUTE,ATTRIBUTE_ORDER) VALUES (31, 329, 'Collection Point Label',0, 9);

INSERT INTO CATISSUE_SEARCH_DISPLAY_DATA (RELATIONSHIP_ID, COL_ID, DISPLAY_NAME, DEFAULT_VIEW_ATTRIBUTE,ATTRIBUTE_ORDER) VALUES (32, 185, 'Site Name', 1,10);

INSERT INTO CATISSUE_SEARCH_DISPLAY_DATA (RELATIONSHIP_ID, COL_ID, DISPLAY_NAME, DEFAULT_VIEW_ATTRIBUTE,ATTRIBUTE_ORDER) VALUES (33, 60, 'Protocol Participant Identifier', 1,2);

INSERT INTO CATISSUE_SEARCH_DISPLAY_DATA (RELATIONSHIP_ID, COL_ID, DISPLAY_NAME, DEFAULT_VIEW_ATTRIBUTE,ATTRIBUTE_ORDER) VALUES (47, 45, 'Surgical Pathology Number', 1,6);
INSERT INTO CATISSUE_SEARCH_DISPLAY_DATA (RELATIONSHIP_ID, COL_ID, DISPLAY_NAME, DEFAULT_VIEW_ATTRIBUTE,ATTRIBUTE_ORDER) VALUES (47, 46, 'Medical Record Number', 1,5);

INSERT INTO CATISSUE_SEARCH_DISPLAY_DATA (RELATIONSHIP_ID, COL_ID, DISPLAY_NAME, DEFAULT_VIEW_ATTRIBUTE,ATTRIBUTE_ORDER) VALUES (54, 117, 'Participant Last Name', 1,3);
INSERT INTO CATISSUE_SEARCH_DISPLAY_DATA (RELATIONSHIP_ID, COL_ID, DISPLAY_NAME, DEFAULT_VIEW_ATTRIBUTE,ATTRIBUTE_ORDER) VALUES (54, 118, 'Participant First Name', 1,4);

/* ************************************** QUERIES FOR SPECIMEN ***************************************************************/
/*Bug#3549 Inserting value for ATTRIBUTE_ORDER in specimen */
INSERT INTO CATISSUE_SEARCH_DISPLAY_DATA (RELATIONSHIP_ID, COL_ID, DISPLAY_NAME, DEFAULT_VIEW_ATTRIBUTE,ATTRIBUTE_ORDER) VALUES (34, 323, 'Label',1,2);
INSERT INTO CATISSUE_SEARCH_DISPLAY_DATA (RELATIONSHIP_ID, COL_ID, DISPLAY_NAME, DEFAULT_VIEW_ATTRIBUTE,ATTRIBUTE_ORDER) VALUES (34, 191, 'Identifier',1,20);
INSERT INTO CATISSUE_SEARCH_DISPLAY_DATA (RELATIONSHIP_ID, COL_ID, DISPLAY_NAME, DEFAULT_VIEW_ATTRIBUTE,ATTRIBUTE_ORDER) VALUES (34, 102, 'Class',1,6);
INSERT INTO CATISSUE_SEARCH_DISPLAY_DATA (RELATIONSHIP_ID, COL_ID, DISPLAY_NAME, DEFAULT_VIEW_ATTRIBUTE,ATTRIBUTE_ORDER) VALUES (34, 201, 'Specimen Collection Group Identifier',1,5);
INSERT INTO CATISSUE_SEARCH_DISPLAY_DATA (RELATIONSHIP_ID, COL_ID, DISPLAY_NAME, DEFAULT_VIEW_ATTRIBUTE,ATTRIBUTE_ORDER) VALUES (34, 199, 'Parent Specimen Identifier',1,9);
INSERT INTO CATISSUE_SEARCH_DISPLAY_DATA (RELATIONSHIP_ID, COL_ID, DISPLAY_NAME, DEFAULT_VIEW_ATTRIBUTE,ATTRIBUTE_ORDER) VALUES (34, 192, 'Type',1,7);
/* Aniruddha : Model Changes for Specimen */
INSERT INTO CATISSUE_SEARCH_DISPLAY_DATA (RELATIONSHIP_ID, COL_ID, DISPLAY_NAME, DEFAULT_VIEW_ATTRIBUTE,ATTRIBUTE_ORDER) VALUES (34, 208, 'Pathological Status',1,12);

INSERT INTO CATISSUE_SEARCH_DISPLAY_DATA (RELATIONSHIP_ID, COL_ID, DISPLAY_NAME, DEFAULT_VIEW_ATTRIBUTE,ATTRIBUTE_ORDER) VALUES (34, 193, 'Is Available',1,16);
INSERT INTO CATISSUE_SEARCH_DISPLAY_DATA (RELATIONSHIP_ID, COL_ID, DISPLAY_NAME, DEFAULT_VIEW_ATTRIBUTE,ATTRIBUTE_ORDER) VALUES (34, 194, 'Position Dimension One',1,17);
INSERT INTO CATISSUE_SEARCH_DISPLAY_DATA (RELATIONSHIP_ID, COL_ID, DISPLAY_NAME, DEFAULT_VIEW_ATTRIBUTE,ATTRIBUTE_ORDER) VALUES (34, 195, 'Position Dimension Two',1,18);
INSERT INTO CATISSUE_SEARCH_DISPLAY_DATA (RELATIONSHIP_ID, COL_ID, DISPLAY_NAME, DEFAULT_VIEW_ATTRIBUTE, ATTRIBUTE_ORDER) VALUES (34, 196, 'Barcode',1,1);
/*INSERT INTO CATISSUE_SEARCH_DISPLAY_DATA (RELATIONSHIP_ID, COL_ID, DISPLAY_NAME, DEFAULT_VIEW_ATTRIBUTE) VALUES (34, 198, 'Activity Status',1);*/
/*Kapil: Mearge the columns of the sub-specimens.*/
/* Aarti: Bug#1496- To allow query on initial quantity as well as available quantity */
INSERT INTO CATISSUE_SEARCH_DISPLAY_DATA (RELATIONSHIP_ID, COL_ID, DISPLAY_NAME, DEFAULT_VIEW_ATTRIBUTE,ATTRIBUTE_ORDER) VALUES (34, 103, 'Initial Quantity',1,13);
INSERT INTO CATISSUE_SEARCH_DISPLAY_DATA (RELATIONSHIP_ID, COL_ID, DISPLAY_NAME, DEFAULT_VIEW_ATTRIBUTE,ATTRIBUTE_ORDER) VALUES (34, 104, 'Available Quantity',1,14);
INSERT INTO CATISSUE_SEARCH_DISPLAY_DATA (RELATIONSHIP_ID, COL_ID, DISPLAY_NAME, DEFAULT_VIEW_ATTRIBUTE,ATTRIBUTE_ORDER) VALUES (34, 105, 'Concentration',1,15);
/* Aarti: Added for Bug#2352- User can not search for specific specimen. */
INSERT INTO CATISSUE_SEARCH_DISPLAY_DATA (RELATIONSHIP_ID, COL_ID, DISPLAY_NAME, DEFAULT_VIEW_ATTRIBUTE,ATTRIBUTE_ORDER) VALUES (34, 322, 'Lineage',1,8);
/*Shital : Bug#3835: Added entry for created date in specimen*/
INSERT INTO CATISSUE_SEARCH_DISPLAY_DATA (RELATIONSHIP_ID, COL_ID, DISPLAY_NAME, DEFAULT_VIEW_ATTRIBUTE,ATTRIBUTE_ORDER) VALUES (34, 328, 'Created On',1,19);


/* Aarti: Bug#1496- To allow query on initial quantity as well as available quantity */
/*INSERT INTO CATISSUE_TABLE_RELATION (RELATIONSHIP_ID, PARENT_TABLE_ID, CHILD_TABLE_ID) values (118,33,74);*/
/*INSERT INTO CATISSUE_SEARCH_DISPLAY_DATA (RELATIONSHIP_ID, COL_ID, DISPLAY_NAME) VALUES (118, 319, 'Quantity');*/

INSERT INTO CATISSUE_SEARCH_DISPLAY_DATA (RELATIONSHIP_ID, COL_ID, DISPLAY_NAME, DEFAULT_VIEW_ATTRIBUTE,ATTRIBUTE_ORDER) VALUES (35, 206, 'Tissue Site', 1,11);
INSERT INTO CATISSUE_SEARCH_DISPLAY_DATA (RELATIONSHIP_ID, COL_ID, DISPLAY_NAME, DEFAULT_VIEW_ATTRIBUTE,ATTRIBUTE_ORDER) VALUES (35, 207, 'Tissue Side', 1,10);
/* Aniruddha : Model Changes for Specimen 
INSERT INTO CATISSUE_SEARCH_DISPLAY_DATA (RELATIONSHIP_ID, COL_ID, DISPLAY_NAME) VALUES (35, 208, 'Pathological Status'); */

/*Removed for now...Need to add bewfore beta.*/
/*INSERT INTO CATISSUE_SEARCH_DISPLAY_DATA (RELATIONSHIP_ID, COL_ID, DISPLAY_NAME) VALUES (49, 27, 'Biohazard Type');*/
/*INSERT INTO CATISSUE_SEARCH_DISPLAY_DATA (RELATIONSHIP_ID, COL_ID, DISPLAY_NAME) VALUES (49, 25, 'Biohazard Name');*/

INSERT INTO CATISSUE_SEARCH_DISPLAY_DATA (RELATIONSHIP_ID, COL_ID, DISPLAY_NAME, DEFAULT_VIEW_ATTRIBUTE,ATTRIBUTE_ORDER) VALUES (50, 85, 'External Identifier Name', 1,3);
INSERT INTO CATISSUE_SEARCH_DISPLAY_DATA (RELATIONSHIP_ID, COL_ID, DISPLAY_NAME, DEFAULT_VIEW_ATTRIBUTE,ATTRIBUTE_ORDER) VALUES (50, 86, 'External Identifier Value', 1,4);

/* ************************************** QUERIES FOR DISTRIBUTION ************************************************************/
/* Removed the mapping form distribution to specimen event */
/* INSERT INTO CATISSUE_TABLE_RELATION (RELATIONSHIP_ID, PARENT_TABLE_ID, CHILD_TABLE_ID) values (106,38,63); */

INSERT INTO CATISSUE_SEARCH_DISPLAY_DATA (RELATIONSHIP_ID, COL_ID, DISPLAY_NAME, DEFAULT_VIEW_ATTRIBUTE) VALUES (36, 75, 'Identifier',1);
INSERT INTO CATISSUE_SEARCH_DISPLAY_DATA (RELATIONSHIP_ID, COL_ID, DISPLAY_NAME, DEFAULT_VIEW_ATTRIBUTE) VALUES (36, 298, 'Distribution Date',1);
INSERT INTO CATISSUE_SEARCH_DISPLAY_DATA (RELATIONSHIP_ID, COL_ID, DISPLAY_NAME, DEFAULT_VIEW_ATTRIBUTE) VALUES (36, 302, 'Distribution Time',1);

INSERT INTO CATISSUE_SEARCH_DISPLAY_DATA (RELATIONSHIP_ID, COL_ID, DISPLAY_NAME, DEFAULT_VIEW_ATTRIBUTE) VALUES (37, 72, 'Distributed Quantity',1);

--INSERT INTO CATISSUE_SEARCH_DISPLAY_DATA (RELATIONSHIP_ID, COL_ID, DISPLAY_NAME) VALUES (51, 292, 'Principal Investigator Last Name');
--INSERT INTO CATISSUE_SEARCH_DISPLAY_DATA (RELATIONSHIP_ID, COL_ID, DISPLAY_NAME) VALUES (51, 293, 'Principal Investigator First Name');

INSERT INTO CATISSUE_SEARCH_DISPLAY_DATA (RELATIONSHIP_ID, COL_ID, DISPLAY_NAME, DEFAULT_VIEW_ATTRIBUTE) VALUES (52, 191, 'Distributed Specimen Identifier',1);
INSERT INTO CATISSUE_SEARCH_DISPLAY_DATA (RELATIONSHIP_ID, COL_ID, DISPLAY_NAME, DEFAULT_VIEW_ATTRIBUTE) VALUES (52, 192, 'Distributed Specimen Type',1);
INSERT INTO CATISSUE_SEARCH_DISPLAY_DATA (RELATIONSHIP_ID, COL_ID, DISPLAY_NAME, DEFAULT_VIEW_ATTRIBUTE) VALUES (55, 206, 'Distributed Specimen Tissue Site',1);
INSERT INTO CATISSUE_SEARCH_DISPLAY_DATA (RELATIONSHIP_ID, COL_ID, DISPLAY_NAME, DEFAULT_VIEW_ATTRIBUTE) VALUES (55, 207, 'Distributed Specimen Tissue Side',1);
INSERT INTO CATISSUE_SEARCH_DISPLAY_DATA (RELATIONSHIP_ID, COL_ID, DISPLAY_NAME, DEFAULT_VIEW_ATTRIBUTE) VALUES (52, 208, 'Distributed Specimen Pathological Status',1);

--INSERT INTO CATISSUE_SEARCH_DISPLAY_DATA (RELATIONSHIP_ID, COL_ID, DISPLAY_NAME) VALUES (53, 224, 'Distribution Protocol Title');



/*TABLE MAP DATA*/
insert into CATISSUE_RELATED_TABLES_MAP values ( 10 , 11 , 'IDENTIFIER','COLLECTION_PROTOCOL_ID');
insert into CATISSUE_RELATED_TABLES_MAP values ( 5 , 23 , 'IDENTIFIER','DEPARTMENT_ID');
insert into CATISSUE_RELATED_TABLES_MAP values ( 6 , 23 , 'IDENTIFIER','INSTITUTION_ID');
insert into CATISSUE_RELATED_TABLES_MAP values ( 7 , 23 , 'IDENTIFIER','CANCER_RESEARCH_GROUP_ID');
insert into CATISSUE_RELATED_TABLES_MAP values ( 4 , 23 , 'IDENTIFIER','ADDRESS_ID');

/*Gautam : Removed the link between Site-User.*/
/*insert into CATISSUE_RELATED_TABLES_MAP values ( 23 , 3 , 'IDENTIFIER','USER_ID');*/
insert into CATISSUE_RELATED_TABLES_MAP values ( 4 , 3 , 'IDENTIFIER','ADDRESS_ID');
insert into CATISSUE_RELATED_TABLES_MAP values ( 9 , 10 , 'IDENTIFIER','IDENTIFIER');
insert into CATISSUE_RELATED_TABLES_MAP values ( 23 , 9 , 'IDENTIFIER','PRINCIPAL_INVESTIGATOR_ID');
insert into CATISSUE_RELATED_TABLES_MAP values ( 23 , 17 , 'IDENTIFIER','USER_ID');
insert into CATISSUE_RELATED_TABLES_MAP values ( 10 , 17 , 'IDENTIFIER','COLLECTION_PROTOCOL_ID');
insert into CATISSUE_RELATED_TABLES_MAP values ( 12 , 18, 'IDENTIFIER','SPECIMEN_REQUIREMENT_ID');
insert into CATISSUE_RELATED_TABLES_MAP values ( 11 , 18 , 'IDENTIFIER','COLLECTION_PROTOCOL_EVENT_ID');
insert into CATISSUE_RELATED_TABLES_MAP values ( 9 , 19 , 'IDENTIFIER','IDENTIFIER');
insert into CATISSUE_RELATED_TABLES_MAP values ( 12 , 20 , 'IDENTIFIER','SPECIMEN_REQUIREMENT_ID');
insert into CATISSUE_RELATED_TABLES_MAP values ( 19 , 20 , 'IDENTIFIER','DISTRIBUTION_PROTOCOL_ID');

/*Kpail: removed as all the sub-specimen requirement table are mearged in single table.*/
/*insert into CATISSUE_RELATED_TABLES_MAP values ( 13 , 12 , 'IDENTIFIER','IDENTIFIER');*/
/*insert into CATISSUE_RELATED_TABLES_MAP values ( 14 , 12 , 'IDENTIFIER','IDENTIFIER');*/
/*insert into CATISSUE_RELATED_TABLES_MAP values ( 15 , 12 , 'IDENTIFIER','IDENTIFIER');*/
/*insert into CATISSUE_RELATED_TABLES_MAP values ( 16 , 12 , 'IDENTIFIER','IDENTIFIER');*/

insert into CATISSUE_RELATED_TABLES_MAP values ( 12 , 74 , 'QUANTITY_ID','IDENTIFIER');

insert into CATISSUE_RELATED_TABLES_MAP values ( 23 , 24 , 'IDENTIFIER','USER_ID');
insert into CATISSUE_RELATED_TABLES_MAP values ( 31 , 32 , 'IDENTIFIER','PARTICIPANT_ID');
insert into CATISSUE_RELATED_TABLES_MAP values ( 31 , 73 , 'IDENTIFIER','PARTICIPANT_ID');
insert into CATISSUE_RELATED_TABLES_MAP values ( 10 , 27 , 'IDENTIFIER','COLLECTION_PROTOCOL_ID');
insert into CATISSUE_RELATED_TABLES_MAP values ( 31 , 27 , 'IDENTIFIER','PARTICIPANT_ID');
/* Changes related to model change, replaced 35 with 92 Virender Mehta 12th Oct 2007*/
insert into CATISSUE_RELATED_TABLES_MAP values ( 3 , 92 , 'IDENTIFIER','SITE_ID');
/* Changes related to model change, replaced second_table_id from 35 to 92 Virender Mehta 12th Oct 2007*/
insert into CATISSUE_RELATED_TABLES_MAP values ( 11 , 35 , 'IDENTIFIER','COLLECTION_PROTOCOL_EVENT_ID');
insert into CATISSUE_RELATED_TABLES_MAP values ( 27 , 35 , 'IDENTIFIER','COLLECTION_PROTOCOL_REG_ID');
/*insert into CATISSUE_RELATED_TABLES_MAP values ( 21 , 33 , 'IDENTIFIER','STORAGE_CONTAINER_IDENTIFIER');*/
insert into CATISSUE_RELATED_TABLES_MAP values ( 35 , 33 , 'IDENTIFIER','SPECIMEN_COLLECTION_GROUP_ID');
insert into CATISSUE_RELATED_TABLES_MAP values ( 34 , 33 , 'IDENTIFIER','SPECIMEN_CHARACTERISTICS_ID');
insert into CATISSUE_RELATED_TABLES_MAP values ( 33 , 33 , 'IDENTIFIER','PARENT_SPECIMEN_ID');
insert into CATISSUE_RELATED_TABLES_MAP values ( 33 , 37 , 'IDENTIFIER','SPECIMEN_ID');
insert into CATISSUE_RELATED_TABLES_MAP values ( 38 , 37 , 'IDENTIFIER','DISTRIBUTION_ID');
/*insert into CATISSUE_RELATED_TABLES_MAP values ( 38 , 19 , 'DISTRIBUTION_PROTOCOL_ID','IDENTIFIER');*/


/*Gautam : Removed link between Participant Medical Identifier - Site.*/
/*insert into CATISSUE_RELATED_TABLES_MAP values ( 32 , 3 , 'SITE_ID','IDENTIFIER');*/
--insert into CATISSUE_RELATED_TABLES_MAP values ( 38 , 19 , 'DISTRIBUTION_PROTOCOL_ID','IDENTIFIER');
--insert into CATISSUE_RELATED_TABLES_MAP values ( 38 , 23 , 'USER_ID','IDENTIFIER');


insert into CATISSUE_RELATED_TABLES_MAP values ( 33, 62 , 'IDENTIFIER' , 'SPECIMEN_ID');
insert into CATISSUE_RELATED_TABLES_MAP values ( 8 , 62 , 'IDENTIFIER' , 'BIOHAZARD_ID');

insert into CATISSUE_RELATED_TABLES_MAP values ( 33, 28 , 'IDENTIFIER','SPECIMEN_ID');

/* Aarti: Bug#1496- To allow query on initial quantity as well as available quantity */
/*insert into CATISSUE_RELATED_TABLES_MAP values ( 33, 118 , 'QUANTITY_ID','IDENTIFIER');*/

/* Aarti:adding relationship between specimen and specimen event parameters for specimen event queries*/
INSERT INTO CATISSUE_RELATED_TABLES_MAP VALUES(33,63,'IDENTIFIER','SPECIMEN_ID');

/* ***************** RELATIONSHIP QUERIES FOR STORAGE TYPE ********************************************/
INSERT INTO CATISSUE_RELATED_TABLES_MAP VALUES(1,69,'IDENTIFIER','IDENTIFIER');
/*INSERT INTO CATISSUE_RELATED_TABLES_MAP VALUES(2,69,'IDENTIFIER','CAPACITY_ID');*/

/* ***************** RELATIONSHIP QUERIES FOR STORAGE CONTAINER ********************************************/
insert into CATISSUE_RELATED_TABLES_MAP values ( 3 , 21 , 'IDENTIFIER','SITE_ID');
insert into CATISSUE_RELATED_TABLES_MAP values ( 2 , 70 , 'IDENTIFIER','CAPACITY_ID');
insert into CATISSUE_RELATED_TABLES_MAP values ( 1 , 21 , 'IDENTIFIER','STORAGE_TYPE_ID');
insert into CATISSUE_RELATED_TABLES_MAP values ( 70 , 21 , 'IDENTIFIER','IDENTIFIER');
/*insert into CATISSUE_RELATED_TABLES_MAP values ( 22 , 21 , 'STORAGE_CONTAINER_ID','IDENTIFIER');*/

/* ***************** RELATIONSHIP QUERIES FOR SPECIMEN ARRAY TYPE ********************************************/
INSERT INTO CATISSUE_RELATED_TABLES_MAP VALUES(71,69,'IDENTIFIER','IDENTIFIER');

/* ***************** RELATIONSHIP QUERIES FOR SPECIMEN ARRAY  ********************************************/
insert into CATISSUE_RELATED_TABLES_MAP values ( 72 , 71 , 'SPECIMEN_ARRAY_TYPE_ID', 'IDENTIFIER');
insert into CATISSUE_RELATED_TABLES_MAP values ( 72 , 70 , 'IDENTIFIER','IDENTIFIER');

/* ******9 aug 2007************ RELATIONSHIP QUERIES FOR DISTRIBUTION ARRAY ***************************************/
insert into CATISSUE_RELATED_TABLES_MAP values ( 75 , 37 , 'IDENTIFIER', 'DISTRIBUTION_ID');
insert into CATISSUE_RELATED_TABLES_MAP values ( 72 , 37 , 'IDENTIFIER','SPECIMEN_ARRAY_ID');


/* ***************** RELATIONSHIP QUERIES FOR CELL SPECIMEN REVIEW EVENT PARAMETERS ********************************************/
INSERT INTO CATISSUE_TABLE_RELATION (RELATIONSHIP_ID, PARENT_TABLE_ID, CHILD_TABLE_ID) VALUES (57, 43, 43);
INSERT INTO CATISSUE_TABLE_RELATION (RELATIONSHIP_ID, PARENT_TABLE_ID, CHILD_TABLE_ID) VALUES (58, 43, 63);
INSERT INTO CATISSUE_TABLE_RELATION (RELATIONSHIP_ID, PARENT_TABLE_ID, CHILD_TABLE_ID) VALUES (59, 43, 23);

INSERT INTO CATISSUE_SEARCH_DISPLAY_DATA (RELATIONSHIP_ID, COL_ID, DISPLAY_NAME, DEFAULT_VIEW_ATTRIBUTE) VALUES (57, 39, 'Identifier',1);

INSERT INTO CATISSUE_SEARCH_DISPLAY_DATA (RELATIONSHIP_ID, COL_ID, DISPLAY_NAME) VALUES (58, 218, 'Specimen Identifier');
INSERT INTO CATISSUE_SEARCH_DISPLAY_DATA (RELATIONSHIP_ID, COL_ID, DISPLAY_NAME) VALUES (58, 219, 'Event Timestamp');
INSERT INTO CATISSUE_SEARCH_DISPLAY_DATA (RELATIONSHIP_ID, COL_ID, DISPLAY_NAME) VALUES (58, 221, 'Comments');

INSERT INTO CATISSUE_SEARCH_DISPLAY_DATA (RELATIONSHIP_ID, COL_ID, DISPLAY_NAME) VALUES (59, 292, 'User Last Name');
INSERT INTO CATISSUE_SEARCH_DISPLAY_DATA (RELATIONSHIP_ID, COL_ID, DISPLAY_NAME) VALUES (59, 293, 'User First Name');

INSERT INTO CATISSUE_SEARCH_DISPLAY_DATA (RELATIONSHIP_ID, COL_ID, DISPLAY_NAME) VALUES (57, 40, 'Neoplastic Cellularity Percentage');
INSERT INTO CATISSUE_SEARCH_DISPLAY_DATA (RELATIONSHIP_ID, COL_ID, DISPLAY_NAME) VALUES (57, 41, 'Viable Cell Percentage');

/* ***************** RELATIONSHIP QUERIES FOR CHECK IN CHECK OUT EVENT PARAMETERS ********************************************/
INSERT INTO CATISSUE_TABLE_RELATION (RELATIONSHIP_ID, PARENT_TABLE_ID, CHILD_TABLE_ID) VALUES (60, 44, 44);
INSERT INTO CATISSUE_TABLE_RELATION (RELATIONSHIP_ID, PARENT_TABLE_ID, CHILD_TABLE_ID) VALUES (61, 44, 63);
INSERT INTO CATISSUE_TABLE_RELATION (RELATIONSHIP_ID, PARENT_TABLE_ID, CHILD_TABLE_ID) VALUES (62, 44, 23);

INSERT INTO CATISSUE_SEARCH_DISPLAY_DATA (RELATIONSHIP_ID, COL_ID, DISPLAY_NAME, DEFAULT_VIEW_ATTRIBUTE) VALUES (60, 42, 'Identifier',1);

INSERT INTO CATISSUE_SEARCH_DISPLAY_DATA (RELATIONSHIP_ID, COL_ID, DISPLAY_NAME) VALUES (61, 218, 'Specimen Identifier');
INSERT INTO CATISSUE_SEARCH_DISPLAY_DATA (RELATIONSHIP_ID, COL_ID, DISPLAY_NAME) VALUES (61, 219, 'Event Timestamp');
INSERT INTO CATISSUE_SEARCH_DISPLAY_DATA (RELATIONSHIP_ID, COL_ID, DISPLAY_NAME) VALUES (61, 221, 'Comments');

INSERT INTO CATISSUE_SEARCH_DISPLAY_DATA (RELATIONSHIP_ID, COL_ID, DISPLAY_NAME) VALUES (62, 292, 'User Last Name');
INSERT INTO CATISSUE_SEARCH_DISPLAY_DATA (RELATIONSHIP_ID, COL_ID, DISPLAY_NAME) VALUES (62, 293, 'User First Name');

INSERT INTO CATISSUE_SEARCH_DISPLAY_DATA (RELATIONSHIP_ID, COL_ID, DISPLAY_NAME, DEFAULT_VIEW_ATTRIBUTE) VALUES (60, 43, 'Storage Status',1);

/* ************************* RELATIONSHIP QUERIES FOR COLLECTION EVENT PARAMETERS ********************************************/
INSERT INTO CATISSUE_TABLE_RELATION (RELATIONSHIP_ID, PARENT_TABLE_ID, CHILD_TABLE_ID) VALUES (63, 46, 46);
INSERT INTO CATISSUE_TABLE_RELATION (RELATIONSHIP_ID, PARENT_TABLE_ID, CHILD_TABLE_ID) VALUES (64, 46, 63);
INSERT INTO CATISSUE_TABLE_RELATION (RELATIONSHIP_ID, PARENT_TABLE_ID, CHILD_TABLE_ID) VALUES (65, 46, 23);

INSERT INTO CATISSUE_SEARCH_DISPLAY_DATA (RELATIONSHIP_ID, COL_ID, DISPLAY_NAME, DEFAULT_VIEW_ATTRIBUTE) VALUES (63, 51, 'Identifier',1);

INSERT INTO CATISSUE_SEARCH_DISPLAY_DATA (RELATIONSHIP_ID, COL_ID, DISPLAY_NAME) VALUES (64, 218, 'Specimen Identifier');
INSERT INTO CATISSUE_SEARCH_DISPLAY_DATA (RELATIONSHIP_ID, COL_ID, DISPLAY_NAME) VALUES (64, 219, 'Event Timestamp');
INSERT INTO CATISSUE_SEARCH_DISPLAY_DATA (RELATIONSHIP_ID, COL_ID, DISPLAY_NAME) VALUES (64, 221, 'Comments');

INSERT INTO CATISSUE_SEARCH_DISPLAY_DATA (RELATIONSHIP_ID, COL_ID, DISPLAY_NAME) VALUES (65, 292, 'User Last Name');
INSERT INTO CATISSUE_SEARCH_DISPLAY_DATA (RELATIONSHIP_ID, COL_ID, DISPLAY_NAME) VALUES (65, 293, 'User First Name');

INSERT INTO CATISSUE_SEARCH_DISPLAY_DATA (RELATIONSHIP_ID, COL_ID, DISPLAY_NAME, DEFAULT_VIEW_ATTRIBUTE) VALUES (63, 52, 'Collection Procedure',1);
INSERT INTO CATISSUE_SEARCH_DISPLAY_DATA (RELATIONSHIP_ID, COL_ID, DISPLAY_NAME, DEFAULT_VIEW_ATTRIBUTE) VALUES (63, 53, 'Container',1);

/* ************************* RELATIONSHIP QUERIES FOR DISPOSAL EVENT PARAMETERS ********************************************/
INSERT INTO CATISSUE_TABLE_RELATION (RELATIONSHIP_ID, PARENT_TABLE_ID, CHILD_TABLE_ID) VALUES (66, 47, 47);
INSERT INTO CATISSUE_TABLE_RELATION (RELATIONSHIP_ID, PARENT_TABLE_ID, CHILD_TABLE_ID) VALUES (67, 47, 63);
INSERT INTO CATISSUE_TABLE_RELATION (RELATIONSHIP_ID, PARENT_TABLE_ID, CHILD_TABLE_ID) VALUES (68, 47, 23);

INSERT INTO CATISSUE_SEARCH_DISPLAY_DATA (RELATIONSHIP_ID, COL_ID, DISPLAY_NAME, DEFAULT_VIEW_ATTRIBUTE) VALUES (66, 69, 'Identifier',1);

INSERT INTO CATISSUE_SEARCH_DISPLAY_DATA (RELATIONSHIP_ID, COL_ID, DISPLAY_NAME) VALUES (67, 218, 'Specimen Identifier');
INSERT INTO CATISSUE_SEARCH_DISPLAY_DATA (RELATIONSHIP_ID, COL_ID, DISPLAY_NAME) VALUES (67, 219, 'Event Timestamp');
INSERT INTO CATISSUE_SEARCH_DISPLAY_DATA (RELATIONSHIP_ID, COL_ID, DISPLAY_NAME) VALUES (67, 221, 'Comments');

INSERT INTO CATISSUE_SEARCH_DISPLAY_DATA (RELATIONSHIP_ID, COL_ID, DISPLAY_NAME) VALUES (68, 292, 'User Last Name');
INSERT INTO CATISSUE_SEARCH_DISPLAY_DATA (RELATIONSHIP_ID, COL_ID, DISPLAY_NAME) VALUES (68, 293, 'User First Name');

INSERT INTO CATISSUE_SEARCH_DISPLAY_DATA (RELATIONSHIP_ID, COL_ID, DISPLAY_NAME, DEFAULT_VIEW_ATTRIBUTE) VALUES (66, 70, 'Reason',1);

/* ************************* RELATIONSHIP QUERIES FOR EMBEDDED EVENT PARAMETERS ********************************************/
INSERT INTO CATISSUE_TABLE_RELATION (RELATIONSHIP_ID, PARENT_TABLE_ID, CHILD_TABLE_ID) VALUES (69, 48, 48);
INSERT INTO CATISSUE_TABLE_RELATION (RELATIONSHIP_ID, PARENT_TABLE_ID, CHILD_TABLE_ID) VALUES (70, 48, 63);
INSERT INTO CATISSUE_TABLE_RELATION (RELATIONSHIP_ID, PARENT_TABLE_ID, CHILD_TABLE_ID) VALUES (71, 48, 23);

INSERT INTO CATISSUE_SEARCH_DISPLAY_DATA (RELATIONSHIP_ID, COL_ID, DISPLAY_NAME, DEFAULT_VIEW_ATTRIBUTE) VALUES (69, 82, 'Identifier',1);

INSERT INTO CATISSUE_SEARCH_DISPLAY_DATA (RELATIONSHIP_ID, COL_ID, DISPLAY_NAME) VALUES (70, 218, 'Specimen Identifier');
INSERT INTO CATISSUE_SEARCH_DISPLAY_DATA (RELATIONSHIP_ID, COL_ID, DISPLAY_NAME) VALUES (70, 219, 'Event Timestamp');
INSERT INTO CATISSUE_SEARCH_DISPLAY_DATA (RELATIONSHIP_ID, COL_ID, DISPLAY_NAME) VALUES (70, 221, 'Comments');

INSERT INTO CATISSUE_SEARCH_DISPLAY_DATA (RELATIONSHIP_ID, COL_ID, DISPLAY_NAME) VALUES (71, 292, 'User Last Name');
INSERT INTO CATISSUE_SEARCH_DISPLAY_DATA (RELATIONSHIP_ID, COL_ID, DISPLAY_NAME) VALUES (71, 293, 'User First Name');

INSERT INTO CATISSUE_SEARCH_DISPLAY_DATA (RELATIONSHIP_ID, COL_ID, DISPLAY_NAME, DEFAULT_VIEW_ATTRIBUTE) VALUES (69, 83, 'Embedding Medium',1);

/* ************************* RELATIONSHIP QUERIES FOR FIXED EVENT PARAMETERS ***********************************************/
INSERT INTO CATISSUE_TABLE_RELATION (RELATIONSHIP_ID, PARENT_TABLE_ID, CHILD_TABLE_ID) VALUES (72, 49, 49);
INSERT INTO CATISSUE_TABLE_RELATION (RELATIONSHIP_ID, PARENT_TABLE_ID, CHILD_TABLE_ID) VALUES (73, 49, 63);
INSERT INTO CATISSUE_TABLE_RELATION (RELATIONSHIP_ID, PARENT_TABLE_ID, CHILD_TABLE_ID) VALUES (74, 49, 23);

INSERT INTO CATISSUE_SEARCH_DISPLAY_DATA (RELATIONSHIP_ID, COL_ID, DISPLAY_NAME, DEFAULT_VIEW_ATTRIBUTE) VALUES (72, 88, 'Identifier',1);

INSERT INTO CATISSUE_SEARCH_DISPLAY_DATA (RELATIONSHIP_ID, COL_ID, DISPLAY_NAME) VALUES (73, 218, 'Specimen Identifier');
INSERT INTO CATISSUE_SEARCH_DISPLAY_DATA (RELATIONSHIP_ID, COL_ID, DISPLAY_NAME) VALUES (73, 219, 'Event Timestamp');
INSERT INTO CATISSUE_SEARCH_DISPLAY_DATA (RELATIONSHIP_ID, COL_ID, DISPLAY_NAME) VALUES (73, 221, 'Comments');

INSERT INTO CATISSUE_SEARCH_DISPLAY_DATA (RELATIONSHIP_ID, COL_ID, DISPLAY_NAME) VALUES (74, 292, 'User Last Name');
INSERT INTO CATISSUE_SEARCH_DISPLAY_DATA (RELATIONSHIP_ID, COL_ID, DISPLAY_NAME) VALUES (74, 293, 'User First Name');

INSERT INTO CATISSUE_SEARCH_DISPLAY_DATA (RELATIONSHIP_ID, COL_ID, DISPLAY_NAME, DEFAULT_VIEW_ATTRIBUTE) VALUES (72, 89, 'Fixation Type',1);
INSERT INTO CATISSUE_SEARCH_DISPLAY_DATA (RELATIONSHIP_ID, COL_ID, DISPLAY_NAME, DEFAULT_VIEW_ATTRIBUTE) VALUES (72, 90, 'Duration In Minutes',1);

/* ************************* RELATIONSHIP QUERIES FOR FLUID SPECIMEN REVIEW EVENT PARAMETERS *******************************/
INSERT INTO CATISSUE_TABLE_RELATION (RELATIONSHIP_ID, PARENT_TABLE_ID, CHILD_TABLE_ID) VALUES (75, 50, 50);
INSERT INTO CATISSUE_TABLE_RELATION (RELATIONSHIP_ID, PARENT_TABLE_ID, CHILD_TABLE_ID) VALUES (76, 50, 63);
INSERT INTO CATISSUE_TABLE_RELATION (RELATIONSHIP_ID, PARENT_TABLE_ID, CHILD_TABLE_ID) VALUES (77, 50, 23);

INSERT INTO CATISSUE_SEARCH_DISPLAY_DATA (RELATIONSHIP_ID, COL_ID, DISPLAY_NAME, DEFAULT_VIEW_ATTRIBUTE) VALUES (75, 96, 'Identifier',1);

INSERT INTO CATISSUE_SEARCH_DISPLAY_DATA (RELATIONSHIP_ID, COL_ID, DISPLAY_NAME) VALUES (76, 218, 'Specimen Identifier');
INSERT INTO CATISSUE_SEARCH_DISPLAY_DATA (RELATIONSHIP_ID, COL_ID, DISPLAY_NAME) VALUES (76, 219, 'Event Timestamp');
INSERT INTO CATISSUE_SEARCH_DISPLAY_DATA (RELATIONSHIP_ID, COL_ID, DISPLAY_NAME) VALUES (76, 221, 'Comments');

INSERT INTO CATISSUE_SEARCH_DISPLAY_DATA (RELATIONSHIP_ID, COL_ID, DISPLAY_NAME) VALUES (77, 292, 'User Last Name');
INSERT INTO CATISSUE_SEARCH_DISPLAY_DATA (RELATIONSHIP_ID, COL_ID, DISPLAY_NAME) VALUES (77, 293, 'User First Name');

INSERT INTO CATISSUE_SEARCH_DISPLAY_DATA (RELATIONSHIP_ID, COL_ID, DISPLAY_NAME, DEFAULT_VIEW_ATTRIBUTE) VALUES (75, 97, 'Cell Count',1);

/* ************************* RELATIONSHIP QUERIES FOR FROZEN  EVENT PARAMETERS *******************************************/
INSERT INTO CATISSUE_TABLE_RELATION (RELATIONSHIP_ID, PARENT_TABLE_ID, CHILD_TABLE_ID) VALUES (78, 51, 51);
INSERT INTO CATISSUE_TABLE_RELATION (RELATIONSHIP_ID, PARENT_TABLE_ID, CHILD_TABLE_ID) VALUES (79, 51, 63);
INSERT INTO CATISSUE_TABLE_RELATION (RELATIONSHIP_ID, PARENT_TABLE_ID, CHILD_TABLE_ID) VALUES (80, 51, 23);

INSERT INTO CATISSUE_SEARCH_DISPLAY_DATA (RELATIONSHIP_ID, COL_ID, DISPLAY_NAME, DEFAULT_VIEW_ATTRIBUTE) VALUES (78, 98, 'Identifier',1);

INSERT INTO CATISSUE_SEARCH_DISPLAY_DATA (RELATIONSHIP_ID, COL_ID, DISPLAY_NAME) VALUES (79, 218, 'Specimen Identifier');
INSERT INTO CATISSUE_SEARCH_DISPLAY_DATA (RELATIONSHIP_ID, COL_ID, DISPLAY_NAME) VALUES (79, 219, 'Event Timestamp');
INSERT INTO CATISSUE_SEARCH_DISPLAY_DATA (RELATIONSHIP_ID, COL_ID, DISPLAY_NAME) VALUES (79, 221, 'Comments');

INSERT INTO CATISSUE_SEARCH_DISPLAY_DATA (RELATIONSHIP_ID, COL_ID, DISPLAY_NAME) VALUES (80, 292, 'User Last Name');
INSERT INTO CATISSUE_SEARCH_DISPLAY_DATA (RELATIONSHIP_ID, COL_ID, DISPLAY_NAME) VALUES (80, 293, 'User First Name');

INSERT INTO CATISSUE_SEARCH_DISPLAY_DATA (RELATIONSHIP_ID, COL_ID, DISPLAY_NAME, DEFAULT_VIEW_ATTRIBUTE) VALUES (78, 99, 'Method',1);

/* ************************* RELATIONSHIP QUERIES FOR MOLECULAR SPECIMEN EVENT PARAMETERS ********************************/
INSERT INTO CATISSUE_TABLE_RELATION (RELATIONSHIP_ID, PARENT_TABLE_ID, CHILD_TABLE_ID) VALUES (81, 52, 52);
INSERT INTO CATISSUE_TABLE_RELATION (RELATIONSHIP_ID, PARENT_TABLE_ID, CHILD_TABLE_ID) VALUES (82, 52, 63);
INSERT INTO CATISSUE_TABLE_RELATION (RELATIONSHIP_ID, PARENT_TABLE_ID, CHILD_TABLE_ID) VALUES (83, 52, 23);

INSERT INTO CATISSUE_SEARCH_DISPLAY_DATA (RELATIONSHIP_ID, COL_ID, DISPLAY_NAME, DEFAULT_VIEW_ATTRIBUTE) VALUES (81, 108, 'Identifier',1);

INSERT INTO CATISSUE_SEARCH_DISPLAY_DATA (RELATIONSHIP_ID, COL_ID, DISPLAY_NAME) VALUES (82, 218, 'Specimen Identifier');
INSERT INTO CATISSUE_SEARCH_DISPLAY_DATA (RELATIONSHIP_ID, COL_ID, DISPLAY_NAME) VALUES (82, 219, 'Event Timestamp');
INSERT INTO CATISSUE_SEARCH_DISPLAY_DATA (RELATIONSHIP_ID, COL_ID, DISPLAY_NAME) VALUES (82, 221, 'Comments');

INSERT INTO CATISSUE_SEARCH_DISPLAY_DATA (RELATIONSHIP_ID, COL_ID, DISPLAY_NAME) VALUES (83, 292, 'User Last Name');
INSERT INTO CATISSUE_SEARCH_DISPLAY_DATA (RELATIONSHIP_ID, COL_ID, DISPLAY_NAME) VALUES (83, 293, 'User First Name');

INSERT INTO CATISSUE_SEARCH_DISPLAY_DATA (RELATIONSHIP_ID, COL_ID, DISPLAY_NAME, DEFAULT_VIEW_ATTRIBUTE) VALUES (81, 109, 'Gel Image URL',1);
INSERT INTO CATISSUE_SEARCH_DISPLAY_DATA (RELATIONSHIP_ID, COL_ID, DISPLAY_NAME, DEFAULT_VIEW_ATTRIBUTE) VALUES (81, 110, 'Quality Index',1);
INSERT INTO CATISSUE_SEARCH_DISPLAY_DATA (RELATIONSHIP_ID, COL_ID, DISPLAY_NAME, DEFAULT_VIEW_ATTRIBUTE) VALUES (81, 111, 'Lane Number',1);
INSERT INTO CATISSUE_SEARCH_DISPLAY_DATA (RELATIONSHIP_ID, COL_ID, DISPLAY_NAME, DEFAULT_VIEW_ATTRIBUTE) VALUES (81, 112, 'Gel Number',1);
INSERT INTO CATISSUE_SEARCH_DISPLAY_DATA (RELATIONSHIP_ID, COL_ID, DISPLAY_NAME, DEFAULT_VIEW_ATTRIBUTE) VALUES (81, 113, 'Absorbance At 260',1);
INSERT INTO CATISSUE_SEARCH_DISPLAY_DATA (RELATIONSHIP_ID, COL_ID, DISPLAY_NAME, DEFAULT_VIEW_ATTRIBUTE) VALUES (81, 114, 'Absorbance At 280',1);
INSERT INTO CATISSUE_SEARCH_DISPLAY_DATA (RELATIONSHIP_ID, COL_ID, DISPLAY_NAME, DEFAULT_VIEW_ATTRIBUTE) VALUES (81, 115, 'Ratio 28S to 18S',1);

/* ************************* RELATIONSHIP QUERIES FOR PROCEDURE EVENT PARAMETERS ****************************************/
INSERT INTO CATISSUE_TABLE_RELATION (RELATIONSHIP_ID, PARENT_TABLE_ID, CHILD_TABLE_ID) VALUES (84, 54, 54);
INSERT INTO CATISSUE_TABLE_RELATION (RELATIONSHIP_ID, PARENT_TABLE_ID, CHILD_TABLE_ID) VALUES (85, 54, 63);
INSERT INTO CATISSUE_TABLE_RELATION (RELATIONSHIP_ID, PARENT_TABLE_ID, CHILD_TABLE_ID) VALUES (86, 54, 23);

INSERT INTO CATISSUE_SEARCH_DISPLAY_DATA (RELATIONSHIP_ID, COL_ID, DISPLAY_NAME, DEFAULT_VIEW_ATTRIBUTE) VALUES (84, 138, 'Identifier',1);

INSERT INTO CATISSUE_SEARCH_DISPLAY_DATA (RELATIONSHIP_ID, COL_ID, DISPLAY_NAME) VALUES (85, 218, 'Specimen Identifier');
INSERT INTO CATISSUE_SEARCH_DISPLAY_DATA (RELATIONSHIP_ID, COL_ID, DISPLAY_NAME) VALUES (85, 219, 'Event Timestamp');
INSERT INTO CATISSUE_SEARCH_DISPLAY_DATA (RELATIONSHIP_ID, COL_ID, DISPLAY_NAME) VALUES (85, 221, 'Comments');

INSERT INTO CATISSUE_SEARCH_DISPLAY_DATA (RELATIONSHIP_ID, COL_ID, DISPLAY_NAME) VALUES (86, 292, 'User Last Name');
INSERT INTO CATISSUE_SEARCH_DISPLAY_DATA (RELATIONSHIP_ID, COL_ID, DISPLAY_NAME) VALUES (86, 293, 'User First Name');

INSERT INTO CATISSUE_SEARCH_DISPLAY_DATA (RELATIONSHIP_ID, COL_ID, DISPLAY_NAME, DEFAULT_VIEW_ATTRIBUTE) VALUES (84, 139, 'URL',1);
INSERT INTO CATISSUE_SEARCH_DISPLAY_DATA (RELATIONSHIP_ID, COL_ID, DISPLAY_NAME, DEFAULT_VIEW_ATTRIBUTE) VALUES (84, 140, 'Name',1);

/* ************************* RELATIONSHIP QUERIES FOR RECEIVED EVENT PARAMETERS ****************************************/
INSERT INTO CATISSUE_TABLE_RELATION (RELATIONSHIP_ID, PARENT_TABLE_ID, CHILD_TABLE_ID) VALUES (87, 57, 57);
INSERT INTO CATISSUE_TABLE_RELATION (RELATIONSHIP_ID, PARENT_TABLE_ID, CHILD_TABLE_ID) VALUES (88, 57, 63);
INSERT INTO CATISSUE_TABLE_RELATION (RELATIONSHIP_ID, PARENT_TABLE_ID, CHILD_TABLE_ID) VALUES (89, 57, 23);

INSERT INTO CATISSUE_SEARCH_DISPLAY_DATA (RELATIONSHIP_ID, COL_ID, DISPLAY_NAME, DEFAULT_VIEW_ATTRIBUTE) VALUES (87, 150, 'Identifier',1);

INSERT INTO CATISSUE_SEARCH_DISPLAY_DATA (RELATIONSHIP_ID, COL_ID, DISPLAY_NAME) VALUES (88, 218, 'Specimen Identifier');
INSERT INTO CATISSUE_SEARCH_DISPLAY_DATA (RELATIONSHIP_ID, COL_ID, DISPLAY_NAME) VALUES (88, 219, 'Event Timestamp');
INSERT INTO CATISSUE_SEARCH_DISPLAY_DATA (RELATIONSHIP_ID, COL_ID, DISPLAY_NAME) VALUES (88, 221, 'Comments');

INSERT INTO CATISSUE_SEARCH_DISPLAY_DATA (RELATIONSHIP_ID, COL_ID, DISPLAY_NAME) VALUES (89, 292, 'User Last Name');
INSERT INTO CATISSUE_SEARCH_DISPLAY_DATA (RELATIONSHIP_ID, COL_ID, DISPLAY_NAME) VALUES (89, 293, 'User First Name');

INSERT INTO CATISSUE_SEARCH_DISPLAY_DATA (RELATIONSHIP_ID, COL_ID, DISPLAY_NAME, DEFAULT_VIEW_ATTRIBUTE) VALUES (87, 151, 'Received Quality',1);

/* ************************* RELATIONSHIP QUERIES FOR SPUN EVENT PARAMETERS ********************************************/
INSERT INTO CATISSUE_TABLE_RELATION (RELATIONSHIP_ID, PARENT_TABLE_ID, CHILD_TABLE_ID) VALUES (90, 64, 64);
INSERT INTO CATISSUE_TABLE_RELATION (RELATIONSHIP_ID, PARENT_TABLE_ID, CHILD_TABLE_ID) VALUES (91, 64, 63);
INSERT INTO CATISSUE_TABLE_RELATION (RELATIONSHIP_ID, PARENT_TABLE_ID, CHILD_TABLE_ID) VALUES (92, 64, 23);

INSERT INTO CATISSUE_SEARCH_DISPLAY_DATA (RELATIONSHIP_ID, COL_ID, DISPLAY_NAME, DEFAULT_VIEW_ATTRIBUTE) VALUES (90, 236, 'Identifier',1);

INSERT INTO CATISSUE_SEARCH_DISPLAY_DATA (RELATIONSHIP_ID, COL_ID, DISPLAY_NAME) VALUES (91, 218, 'Specimen Identifier');
INSERT INTO CATISSUE_SEARCH_DISPLAY_DATA (RELATIONSHIP_ID, COL_ID, DISPLAY_NAME) VALUES (91, 219, 'Event Timestamp');
INSERT INTO CATISSUE_SEARCH_DISPLAY_DATA (RELATIONSHIP_ID, COL_ID, DISPLAY_NAME) VALUES (91, 221, 'Comments');

INSERT INTO CATISSUE_SEARCH_DISPLAY_DATA (RELATIONSHIP_ID, COL_ID, DISPLAY_NAME) VALUES (92, 292, 'User Last Name');
INSERT INTO CATISSUE_SEARCH_DISPLAY_DATA (RELATIONSHIP_ID, COL_ID, DISPLAY_NAME) VALUES (92, 293, 'User First Name');

INSERT INTO CATISSUE_SEARCH_DISPLAY_DATA (RELATIONSHIP_ID, COL_ID, DISPLAY_NAME) VALUES (91, 237, 'GForce');
INSERT INTO CATISSUE_SEARCH_DISPLAY_DATA (RELATIONSHIP_ID, COL_ID, DISPLAY_NAME) VALUES (91, 238, 'Duration In Minutes');

/* ************************* RELATIONSHIP QUERIES FOR THAW EVENT PARAMETERS ********************************************/
INSERT INTO CATISSUE_TABLE_RELATION (RELATIONSHIP_ID, PARENT_TABLE_ID, CHILD_TABLE_ID) VALUES (93, 66, 66);
INSERT INTO CATISSUE_TABLE_RELATION (RELATIONSHIP_ID, PARENT_TABLE_ID, CHILD_TABLE_ID) VALUES (94, 66, 63);
INSERT INTO CATISSUE_TABLE_RELATION (RELATIONSHIP_ID, PARENT_TABLE_ID, CHILD_TABLE_ID) VALUES (95, 66, 23);

INSERT INTO CATISSUE_SEARCH_DISPLAY_DATA (RELATIONSHIP_ID, COL_ID, DISPLAY_NAME, DEFAULT_VIEW_ATTRIBUTE) VALUES (93, 266, 'Identifier',1);

INSERT INTO CATISSUE_SEARCH_DISPLAY_DATA (RELATIONSHIP_ID, COL_ID, DISPLAY_NAME) VALUES (94, 218, 'Specimen Identifier');
INSERT INTO CATISSUE_SEARCH_DISPLAY_DATA (RELATIONSHIP_ID, COL_ID, DISPLAY_NAME) VALUES (94, 219, 'Event Timestamp');
INSERT INTO CATISSUE_SEARCH_DISPLAY_DATA (RELATIONSHIP_ID, COL_ID, DISPLAY_NAME) VALUES (94, 221, 'Comments');

INSERT INTO CATISSUE_SEARCH_DISPLAY_DATA (RELATIONSHIP_ID, COL_ID, DISPLAY_NAME) VALUES (95, 292, 'User Last Name');
INSERT INTO CATISSUE_SEARCH_DISPLAY_DATA (RELATIONSHIP_ID, COL_ID, DISPLAY_NAME) VALUES (95, 293, 'User First Name');

/* ************************* RELATIONSHIP QUERIES FOR TISSUE SPECIMEN REVIEW EVENT PARAMETERS **************************/
INSERT INTO CATISSUE_TABLE_RELATION (RELATIONSHIP_ID, PARENT_TABLE_ID, CHILD_TABLE_ID) VALUES (96, 67, 67);
INSERT INTO CATISSUE_TABLE_RELATION (RELATIONSHIP_ID, PARENT_TABLE_ID, CHILD_TABLE_ID) VALUES (97, 67, 63);
INSERT INTO CATISSUE_TABLE_RELATION (RELATIONSHIP_ID, PARENT_TABLE_ID, CHILD_TABLE_ID) VALUES (98, 67, 23);

INSERT INTO CATISSUE_SEARCH_DISPLAY_DATA (RELATIONSHIP_ID, COL_ID, DISPLAY_NAME, DEFAULT_VIEW_ATTRIBUTE) VALUES (96, 272, 'Identifier',1);

INSERT INTO CATISSUE_SEARCH_DISPLAY_DATA (RELATIONSHIP_ID, COL_ID, DISPLAY_NAME) VALUES (97, 218, 'Specimen Identifier');
INSERT INTO CATISSUE_SEARCH_DISPLAY_DATA (RELATIONSHIP_ID, COL_ID, DISPLAY_NAME) VALUES (97, 219, 'Event Timestamp');
INSERT INTO CATISSUE_SEARCH_DISPLAY_DATA (RELATIONSHIP_ID, COL_ID, DISPLAY_NAME) VALUES (97, 221, 'Comments');

INSERT INTO CATISSUE_SEARCH_DISPLAY_DATA (RELATIONSHIP_ID, COL_ID, DISPLAY_NAME) VALUES (98, 292, 'User Last Name');
INSERT INTO CATISSUE_SEARCH_DISPLAY_DATA (RELATIONSHIP_ID, COL_ID, DISPLAY_NAME) VALUES (98, 293, 'User First Name');

INSERT INTO CATISSUE_SEARCH_DISPLAY_DATA (RELATIONSHIP_ID, COL_ID, DISPLAY_NAME, DEFAULT_VIEW_ATTRIBUTE) VALUES (96, 273, 'Neo Plastic Cellularity Percentage',1);
INSERT INTO CATISSUE_SEARCH_DISPLAY_DATA (RELATIONSHIP_ID, COL_ID, DISPLAY_NAME, DEFAULT_VIEW_ATTRIBUTE) VALUES (96, 274, 'Necrosis Percentage',1);
INSERT INTO CATISSUE_SEARCH_DISPLAY_DATA (RELATIONSHIP_ID, COL_ID, DISPLAY_NAME, DEFAULT_VIEW_ATTRIBUTE) VALUES (96, 275, 'Lymphocytic Percentage',1);
INSERT INTO CATISSUE_SEARCH_DISPLAY_DATA (RELATIONSHIP_ID, COL_ID, DISPLAY_NAME, DEFAULT_VIEW_ATTRIBUTE) VALUES (96, 276, 'Total Cellularity Percentage',1);
INSERT INTO CATISSUE_SEARCH_DISPLAY_DATA (RELATIONSHIP_ID, COL_ID, DISPLAY_NAME, DEFAULT_VIEW_ATTRIBUTE) VALUES (96, 277, 'Histological Quality',1);

/* ************************* RELATIONSHIP QUERIES FOR TRANSFER EVENT PARAMETERS ******************************************/
INSERT INTO CATISSUE_TABLE_RELATION (RELATIONSHIP_ID, PARENT_TABLE_ID, CHILD_TABLE_ID) VALUES (99, 68, 68);
INSERT INTO CATISSUE_TABLE_RELATION (RELATIONSHIP_ID, PARENT_TABLE_ID, CHILD_TABLE_ID) VALUES (100, 68, 63);
INSERT INTO CATISSUE_TABLE_RELATION (RELATIONSHIP_ID, PARENT_TABLE_ID, CHILD_TABLE_ID) VALUES (101, 68, 23);

INSERT INTO CATISSUE_SEARCH_DISPLAY_DATA (RELATIONSHIP_ID, COL_ID, DISPLAY_NAME, DEFAULT_VIEW_ATTRIBUTE) VALUES (99, 278, 'Identifier',1);

INSERT INTO CATISSUE_SEARCH_DISPLAY_DATA (RELATIONSHIP_ID, COL_ID, DISPLAY_NAME) VALUES (100, 218, 'Specimen Identifier');
INSERT INTO CATISSUE_SEARCH_DISPLAY_DATA (RELATIONSHIP_ID, COL_ID, DISPLAY_NAME) VALUES (100, 219, 'Event Timestamp');
INSERT INTO CATISSUE_SEARCH_DISPLAY_DATA (RELATIONSHIP_ID, COL_ID, DISPLAY_NAME) VALUES (100, 221, 'Comments');

INSERT INTO CATISSUE_SEARCH_DISPLAY_DATA (RELATIONSHIP_ID, COL_ID, DISPLAY_NAME) VALUES (101, 292, 'User Last Name');
INSERT INTO CATISSUE_SEARCH_DISPLAY_DATA (RELATIONSHIP_ID, COL_ID, DISPLAY_NAME) VALUES (101, 293, 'User First Name');

INSERT INTO CATISSUE_SEARCH_DISPLAY_DATA (RELATIONSHIP_ID, COL_ID, DISPLAY_NAME, DEFAULT_VIEW_ATTRIBUTE) VALUES (99, 284, 'From Storage Container Identifier',1);
INSERT INTO CATISSUE_SEARCH_DISPLAY_DATA (RELATIONSHIP_ID, COL_ID, DISPLAY_NAME, DEFAULT_VIEW_ATTRIBUTE) VALUES (99, 283, 'To Storage Container Identifier',1);
INSERT INTO CATISSUE_SEARCH_DISPLAY_DATA (RELATIONSHIP_ID, COL_ID, DISPLAY_NAME, DEFAULT_VIEW_ATTRIBUTE) VALUES (99, 279, 'From Position Dimension One',1);
INSERT INTO CATISSUE_SEARCH_DISPLAY_DATA (RELATIONSHIP_ID, COL_ID, DISPLAY_NAME, DEFAULT_VIEW_ATTRIBUTE) VALUES (99, 280, 'From Position Dimension Two',1);
INSERT INTO CATISSUE_SEARCH_DISPLAY_DATA (RELATIONSHIP_ID, COL_ID, DISPLAY_NAME, DEFAULT_VIEW_ATTRIBUTE) VALUES (99, 281, 'To Position Dimension One',1);
INSERT INTO CATISSUE_SEARCH_DISPLAY_DATA (RELATIONSHIP_ID, COL_ID, DISPLAY_NAME, DEFAULT_VIEW_ATTRIBUTE) VALUES (99, 282, 'To Position Dimension Two',1);

/* ************************* RELATIONSHIP QUERIES FOR REPORTED PROBLEMS ******************************************/
INSERT INTO CATISSUE_TABLE_RELATION (RELATIONSHIP_ID, PARENT_TABLE_ID, CHILD_TABLE_ID) values (102,59,59);

INSERT INTO CATISSUE_SEARCH_DISPLAY_DATA (RELATIONSHIP_ID, COL_ID, DISPLAY_NAME, DEFAULT_VIEW_ATTRIBUTE) VALUES (102, 156, 'Identifier',1);
INSERT INTO CATISSUE_SEARCH_DISPLAY_DATA (RELATIONSHIP_ID, COL_ID, DISPLAY_NAME, DEFAULT_VIEW_ATTRIBUTE) VALUES (102, 157, 'Affiliation',1);
INSERT INTO CATISSUE_SEARCH_DISPLAY_DATA (RELATIONSHIP_ID, COL_ID, DISPLAY_NAME, DEFAULT_VIEW_ATTRIBUTE) VALUES (102, 158, 'Name of reporter',1);
INSERT INTO CATISSUE_SEARCH_DISPLAY_DATA (RELATIONSHIP_ID, COL_ID, DISPLAY_NAME, DEFAULT_VIEW_ATTRIBUTE) VALUES (102, 159, 'Reporters email id',1);
INSERT INTO CATISSUE_SEARCH_DISPLAY_DATA (RELATIONSHIP_ID, COL_ID, DISPLAY_NAME, DEFAULT_VIEW_ATTRIBUTE) VALUES (102, 160, 'Message Body',1);
INSERT INTO CATISSUE_SEARCH_DISPLAY_DATA (RELATIONSHIP_ID, COL_ID, DISPLAY_NAME, DEFAULT_VIEW_ATTRIBUTE) VALUES (102, 161, 'Subject',1);
INSERT INTO CATISSUE_SEARCH_DISPLAY_DATA (RELATIONSHIP_ID, COL_ID, DISPLAY_NAME, DEFAULT_VIEW_ATTRIBUTE) VALUES (102, 162, 'Reported Date',1);
INSERT INTO CATISSUE_SEARCH_DISPLAY_DATA (RELATIONSHIP_ID, COL_ID, DISPLAY_NAME, DEFAULT_VIEW_ATTRIBUTE) VALUES (102, 163, 'Activity Status',1);

/* ******************************* MAPPING QUERIES FOR EVENT PARAMETERS *************************************************/
INSERT INTO CATISSUE_RELATED_TABLES_MAP(FIRST_TABLE_ID,SECOND_TABLE_ID,FIRST_TABLE_JOIN_COLUMN,SECOND_TABLE_JOIN_COLUMN) VALUES(63,43,'IDENTIFIER','IDENTIFIER');
INSERT INTO CATISSUE_RELATED_TABLES_MAP(FIRST_TABLE_ID,SECOND_TABLE_ID,FIRST_TABLE_JOIN_COLUMN,SECOND_TABLE_JOIN_COLUMN) VALUES(63,44,'IDENTIFIER','IDENTIFIER');
INSERT INTO CATISSUE_RELATED_TABLES_MAP(FIRST_TABLE_ID,SECOND_TABLE_ID,FIRST_TABLE_JOIN_COLUMN,SECOND_TABLE_JOIN_COLUMN) VALUES(63,46,'IDENTIFIER','IDENTIFIER');
INSERT INTO CATISSUE_RELATED_TABLES_MAP(FIRST_TABLE_ID,SECOND_TABLE_ID,FIRST_TABLE_JOIN_COLUMN,SECOND_TABLE_JOIN_COLUMN) VALUES(63,47,'IDENTIFIER','IDENTIFIER');
INSERT INTO CATISSUE_RELATED_TABLES_MAP(FIRST_TABLE_ID,SECOND_TABLE_ID,FIRST_TABLE_JOIN_COLUMN,SECOND_TABLE_JOIN_COLUMN) VALUES(63,48,'IDENTIFIER','IDENTIFIER');
INSERT INTO CATISSUE_RELATED_TABLES_MAP(FIRST_TABLE_ID,SECOND_TABLE_ID,FIRST_TABLE_JOIN_COLUMN,SECOND_TABLE_JOIN_COLUMN) VALUES(63,49,'IDENTIFIER','IDENTIFIER');
INSERT INTO CATISSUE_RELATED_TABLES_MAP(FIRST_TABLE_ID,SECOND_TABLE_ID,FIRST_TABLE_JOIN_COLUMN,SECOND_TABLE_JOIN_COLUMN) VALUES(63,50,'IDENTIFIER','IDENTIFIER');
INSERT INTO CATISSUE_RELATED_TABLES_MAP(FIRST_TABLE_ID,SECOND_TABLE_ID,FIRST_TABLE_JOIN_COLUMN,SECOND_TABLE_JOIN_COLUMN) VALUES(63,51,'IDENTIFIER','IDENTIFIER');
INSERT INTO CATISSUE_RELATED_TABLES_MAP(FIRST_TABLE_ID,SECOND_TABLE_ID,FIRST_TABLE_JOIN_COLUMN,SECOND_TABLE_JOIN_COLUMN) VALUES(63,52,'IDENTIFIER','IDENTIFIER');
INSERT INTO CATISSUE_RELATED_TABLES_MAP(FIRST_TABLE_ID,SECOND_TABLE_ID,FIRST_TABLE_JOIN_COLUMN,SECOND_TABLE_JOIN_COLUMN) VALUES(63,54,'IDENTIFIER','IDENTIFIER');
INSERT INTO CATISSUE_RELATED_TABLES_MAP(FIRST_TABLE_ID,SECOND_TABLE_ID,FIRST_TABLE_JOIN_COLUMN,SECOND_TABLE_JOIN_COLUMN) VALUES(63,57,'IDENTIFIER','IDENTIFIER');
INSERT INTO CATISSUE_RELATED_TABLES_MAP(FIRST_TABLE_ID,SECOND_TABLE_ID,FIRST_TABLE_JOIN_COLUMN,SECOND_TABLE_JOIN_COLUMN) VALUES(63,64,'IDENTIFIER','IDENTIFIER');
INSERT INTO CATISSUE_RELATED_TABLES_MAP(FIRST_TABLE_ID,SECOND_TABLE_ID,FIRST_TABLE_JOIN_COLUMN,SECOND_TABLE_JOIN_COLUMN) VALUES(63,66,'IDENTIFIER','IDENTIFIER');
INSERT INTO CATISSUE_RELATED_TABLES_MAP(FIRST_TABLE_ID,SECOND_TABLE_ID,FIRST_TABLE_JOIN_COLUMN,SECOND_TABLE_JOIN_COLUMN) VALUES(63,67,'IDENTIFIER','IDENTIFIER');
INSERT INTO CATISSUE_RELATED_TABLES_MAP(FIRST_TABLE_ID,SECOND_TABLE_ID,FIRST_TABLE_JOIN_COLUMN,SECOND_TABLE_JOIN_COLUMN) VALUES(63,68,'IDENTIFIER','IDENTIFIER');
/* Kapil: Removing distribution to event link */
/* INSERT INTO CATISSUE_RELATED_TABLES_MAP(FIRST_TABLE_ID,SECOND_TABLE_ID,FIRST_TABLE_JOIN_COLUMN,SECOND_TABLE_JOIN_COLUMN) VALUES(63,38,'IDENTIFIER','IDENTIFIER'); */


/*Poornima: Not required for search module.*/
/*INSERT INTO CATISSUE_RELATED_TABLES_MAP(FIRST_TABLE_ID,SECOND_TABLE_ID,FIRST_TABLE_JOIN_COLUMN,SECOND_TABLE_JOIN_COLUMN) VALUES(21,68,'IDENTIFIER','TO_STORAGE_CONTAINER_ID');*/
/*INSERT INTO CATISSUE_RELATED_TABLES_MAP(FIRST_TABLE_ID,SECOND_TABLE_ID,FIRST_TABLE_JOIN_COLUMN,SECOND_TABLE_JOIN_COLUMN) VALUES(21,68,'IDENTIFIER','FROM_STORAGE_CONTAINER_ID');*/

/* ************************* RELATIONSHIP QUERIES FOR ADVANCE QUERY SEARCH *******************************/
INSERT INTO CATISSUE_TABLE_RELATION (RELATIONSHIP_ID, PARENT_TABLE_ID, CHILD_TABLE_ID, TABLES_IN_PATH) values (103,31,10,'27');
INSERT INTO CATISSUE_TABLE_RELATION (RELATIONSHIP_ID, PARENT_TABLE_ID, CHILD_TABLE_ID, TABLES_IN_PATH) values (104,10,35,'27');

/* ************************* RELATIONSHIP QUERIES FOR SPECIMEN BIOHAZARD RELATIONSHIP ******************************************/
INSERT INTO CATISSUE_TABLE_RELATION (RELATIONSHIP_ID, PARENT_TABLE_ID, CHILD_TABLE_ID) values (105,62,8);
INSERT INTO CATISSUE_TABLE_RELATION (RELATIONSHIP_ID, PARENT_TABLE_ID, CHILD_TABLE_ID, TABLES_IN_PATH) values (106,33,8,'62');

/* Biohazard */
INSERT INTO CATISSUE_SEARCH_DISPLAY_DATA (RELATIONSHIP_ID, COL_ID, DISPLAY_NAME) VALUES (105, 24, 'Identifier');
INSERT INTO CATISSUE_SEARCH_DISPLAY_DATA (RELATIONSHIP_ID, COL_ID, DISPLAY_NAME) VALUES (105, 25, 'Name');
INSERT INTO CATISSUE_SEARCH_DISPLAY_DATA (RELATIONSHIP_ID, COL_ID, DISPLAY_NAME) VALUES (105, 26, 'Comments');
INSERT INTO CATISSUE_SEARCH_DISPLAY_DATA (RELATIONSHIP_ID, COL_ID, DISPLAY_NAME) VALUES (105, 27, 'Type');

/*************** RELATIONSHIP QUERIES FOR SpecimenEventParameters and User RELATIONSHIP *******************/
INSERT INTO CATISSUE_TABLE_RELATION (RELATIONSHIP_ID, PARENT_TABLE_ID, CHILD_TABLE_ID) values (107,23,63);
INSERT INTO CATISSUE_RELATED_TABLES_MAP(FIRST_TABLE_ID,SECOND_TABLE_ID,FIRST_TABLE_JOIN_COLUMN,SECOND_TABLE_JOIN_COLUMN) VALUES(23,63,'IDENTIFIER','USER_ID');

/************************* Added for Specimen Distribution:Jitendra **************************************/
INSERT INTO CATISSUE_TABLE_RELATION (RELATIONSHIP_ID, PARENT_TABLE_ID, CHILD_TABLE_ID) values (53,38,9);
INSERT into CATISSUE_RELATED_TABLES_MAP values ( 38 , 9 , 'DISTRIBUTION_PROTOCOL_ID','IDENTIFIER');
INSERT INTO CATISSUE_SEARCH_DISPLAY_DATA (RELATIONSHIP_ID, COL_ID, DISPLAY_NAME) VALUES (53, 224, 'Distribution Protocol Title');

/*changes added for array distribution */
INSERT INTO CATISSUE_TABLE_RELATION (RELATIONSHIP_ID, PARENT_TABLE_ID, CHILD_TABLE_ID, TABLES_IN_PATH) values (121,75,72,'37');
INSERT INTO CATISSUE_TABLE_RELATION (RELATIONSHIP_ID, PARENT_TABLE_ID, CHILD_TABLE_ID) values (122,75,75);
/* **********not required  INSERT INTO CATISSUE_RELATED_TABLES_MAP(FIRST_TABLE_ID,SECOND_TABLE_ID,FIRST_TABLE_JOIN_COLUMN,SECOND_TABLE_JOIN_COLUMN) VALUES(75,72,'IDENTIFIER','DISTRIBUTION_ID');*/
INSERT INTO CATISSUE_SEARCH_DISPLAY_DATA (RELATIONSHIP_ID, COL_ID, DISPLAY_NAME, DEFAULT_VIEW_ATTRIBUTE) VALUES (122, 327 , 'Distribution Id',1);

INSERT INTO CATISSUE_SEARCH_DISPLAY_DATA (RELATIONSHIP_ID, COL_ID, DISPLAY_NAME, DEFAULT_VIEW_ATTRIBUTE) VALUES (121, 315, 'Specimen Array Type Id',1);



/*Changes added by jitendra*/

INSERT INTO CATISSUE_SEARCH_DISPLAY_DATA (RELATIONSHIP_ID, COL_ID, DISPLAY_NAME, DEFAULT_VIEW_ATTRIBUTE) VALUES (122, 325, 'Distribution Date',1);
INSERT INTO CATISSUE_SEARCH_DISPLAY_DATA (RELATIONSHIP_ID, COL_ID, DISPLAY_NAME, DEFAULT_VIEW_ATTRIBUTE) VALUES (122, 326, 'Distribution Time',1);

INSERT INTO CATISSUE_TABLE_RELATION (RELATIONSHIP_ID, PARENT_TABLE_ID, CHILD_TABLE_ID) values (123,75,3);
INSERT INTO CATISSUE_RELATED_TABLES_MAP(FIRST_TABLE_ID,SECOND_TABLE_ID,FIRST_TABLE_JOIN_COLUMN,SECOND_TABLE_JOIN_COLUMN) VALUES(75,3,'TO_SITE_ID','IDENTIFIER');
INSERT INTO CATISSUE_SEARCH_DISPLAY_DATA (RELATIONSHIP_ID, COL_ID, DISPLAY_NAME, DEFAULT_VIEW_ATTRIBUTE) VALUES (123, 185 , 'Site Name',1);

INSERT INTO CATISSUE_TABLE_RELATION (RELATIONSHIP_ID, PARENT_TABLE_ID, CHILD_TABLE_ID) values (124,75,9);
INSERT into CATISSUE_RELATED_TABLES_MAP values (75 , 9 , 'DISTRIBUTION_PROTOCOL_ID','IDENTIFIER');
INSERT INTO CATISSUE_SEARCH_DISPLAY_DATA (RELATIONSHIP_ID, COL_ID, DISPLAY_NAME, DEFAULT_VIEW_ATTRIBUTE) VALUES (124, 224, 'Distribution Protocol Title',1);

INSERT INTO CATISSUE_TABLE_RELATION (RELATIONSHIP_ID, PARENT_TABLE_ID, CHILD_TABLE_ID,TABLES_IN_PATH) values (127,75,70,'37:72');
INSERT INTO CATISSUE_SEARCH_DISPLAY_DATA (RELATIONSHIP_ID, COL_ID, DISPLAY_NAME, DEFAULT_VIEW_ATTRIBUTE) VALUES (127, 240, 'SpecimenArray Name',1);

INSERT INTO CATISSUE_TABLE_RELATION (RELATIONSHIP_ID, PARENT_TABLE_ID, CHILD_TABLE_ID,TABLES_IN_PATH) values (125,75,69,'37:72:71');

/************** 9 aug 2007 **************** new relation for distribution array and distributed Item ****************/
INSERT INTO CATISSUE_TABLE_RELATION (RELATIONSHIP_ID, PARENT_TABLE_ID, CHILD_TABLE_ID) values (131,75,37);


/*Removed for PHI bug*/
/*INSERT INTO CATISSUE_RELATED_TABLES_MAP(FIRST_TABLE_ID,SECOND_TABLE_ID,FIRST_TABLE_JOIN_COLUMN,SECOND_TABLE_JOIN_COLUMN) VALUES(72,69,'SPECIMEN_ARRAY_TYPE_ID','IDENTIFIER');*/
INSERT INTO CATISSUE_SEARCH_DISPLAY_DATA (RELATIONSHIP_ID, COL_ID, DISPLAY_NAME, DEFAULT_VIEW_ATTRIBUTE) VALUES (125, 307 , 'SpecimenArrayType Name',1);


/*Jitendra:Bug 2684: Added on 22-12-06 Started*/ 
/*INSERT INTO CATISSUE_TABLE_RELATION (RELATIONSHIP_ID, PARENT_TABLE_ID, CHILD_TABLE_ID) values (130,33,70);*/
/*INSERT INTO CATISSUE_RELATED_TABLES_MAP values ( 33 , 70 , 'STORAGE_CONTAINER_IDENTIFIER','IDENTIFIER');*/
/*INSERT INTO CATISSUE_SEARCH_DISPLAY_DATA (RELATIONSHIP_ID, COL_ID, DISPLAY_NAME) VALUES (130, 240, 'Storage Position Name');*/
/*Jitendra:Bug 2684: Added on 22-12-06 End*/ 
/*Removed for PHI bug*/
INSERT INTO CATISSUE_TABLE_RELATION (RELATIONSHIP_ID, PARENT_TABLE_ID, CHILD_TABLE_ID) values (130,21,1);
INSERT INTO CATISSUE_SEARCH_DISPLAY_DATA (RELATIONSHIP_ID, COL_ID, DISPLAY_NAME) VALUES (130, 260 , 'Default Temperature In Centigrade');

/**************** 9 aug 2007 ********* inserting search display data for distribution array ******************/
INSERT INTO CATISSUE_SEARCH_DISPLAY_DATA (RELATIONSHIP_ID, COL_ID, DISPLAY_NAME, DEFAULT_VIEW_ATTRIBUTE) VALUES (131, 72 , 'Distributed Quantity', 0);

/*******************Simple Search Edit scripts starts here***********/
/*Patch ID: SimpleSearchEdit_12*/
/*Adding Metadata required for the Simple search edit feature.*/
INSERT INTO CATISSUE_QUERY_EDITLINK_COLS (TABLE_ID, COL_ID) values (8,25);
INSERT INTO CATISSUE_QUERY_EDITLINK_COLS (TABLE_ID, COL_ID) values (7,29);
INSERT INTO CATISSUE_QUERY_EDITLINK_COLS (TABLE_ID, COL_ID) values (10,225);
INSERT INTO CATISSUE_QUERY_EDITLINK_COLS (TABLE_ID, COL_ID) values (10,224);
INSERT INTO CATISSUE_QUERY_EDITLINK_COLS (TABLE_ID, COL_ID) values (27,59);
INSERT INTO CATISSUE_QUERY_EDITLINK_COLS (TABLE_ID, COL_ID) values (5,68);
INSERT INTO CATISSUE_QUERY_EDITLINK_COLS (TABLE_ID, COL_ID) values (38,75);

INSERT INTO CATISSUE_QUERY_EDITLINK_COLS (TABLE_ID, COL_ID) values (19,224);
INSERT INTO CATISSUE_QUERY_EDITLINK_COLS (TABLE_ID, COL_ID) values (19,225);
INSERT INTO CATISSUE_QUERY_EDITLINK_COLS (TABLE_ID, COL_ID) values (75,327);
INSERT INTO CATISSUE_QUERY_EDITLINK_COLS (TABLE_ID, COL_ID) values (6,101);

INSERT INTO CATISSUE_QUERY_EDITLINK_COLS (TABLE_ID, COL_ID) values (31,116);
INSERT INTO CATISSUE_QUERY_EDITLINK_COLS (TABLE_ID, COL_ID) values (31,117);
INSERT INTO CATISSUE_QUERY_EDITLINK_COLS (TABLE_ID, COL_ID) values (31,118);
INSERT INTO CATISSUE_QUERY_EDITLINK_COLS (TABLE_ID, COL_ID) values (3,185);
INSERT INTO CATISSUE_QUERY_EDITLINK_COLS (TABLE_ID, COL_ID) values (33,196);
INSERT INTO CATISSUE_QUERY_EDITLINK_COLS (TABLE_ID, COL_ID) values (33,323);
INSERT INTO CATISSUE_QUERY_EDITLINK_COLS (TABLE_ID, COL_ID) values (72,240);
INSERT INTO CATISSUE_QUERY_EDITLINK_COLS (TABLE_ID, COL_ID) values (72,243);
INSERT INTO CATISSUE_QUERY_EDITLINK_COLS (TABLE_ID, COL_ID) values (71,307);
INSERT INTO CATISSUE_QUERY_EDITLINK_COLS (TABLE_ID, COL_ID) values (35,320);
INSERT INTO CATISSUE_QUERY_EDITLINK_COLS (TABLE_ID, COL_ID) values (21,240);
INSERT INTO CATISSUE_QUERY_EDITLINK_COLS (TABLE_ID, COL_ID) values (1,307);
INSERT INTO CATISSUE_QUERY_EDITLINK_COLS (TABLE_ID, COL_ID) values (23,292);
INSERT INTO CATISSUE_QUERY_EDITLINK_COLS (TABLE_ID, COL_ID) values (23,293);
INSERT INTO CATISSUE_QUERY_EDITLINK_COLS (TABLE_ID, COL_ID) values (23,294);
/*******************Simple Search Edit scripts ends here***********/

/*********************** Sachin: Setting the column/attribute  order for display in search ************************/
/* ************************************** QUERIES FOR SITE ***********************************************************/
UPDATE CATISSUE_SEARCH_DISPLAY_DATA SET ATTRIBUTE_ORDER = 1 WHERE RELATIONSHIP_ID=6 AND COL_ID=185;
UPDATE CATISSUE_SEARCH_DISPLAY_DATA SET ATTRIBUTE_ORDER = 2 WHERE RELATIONSHIP_ID=6 AND COL_ID=184;
UPDATE CATISSUE_SEARCH_DISPLAY_DATA SET ATTRIBUTE_ORDER = 3 WHERE RELATIONSHIP_ID=6 AND COL_ID=186;
UPDATE CATISSUE_SEARCH_DISPLAY_DATA SET ATTRIBUTE_ORDER = 4 WHERE RELATIONSHIP_ID=6 AND COL_ID=187;
UPDATE CATISSUE_SEARCH_DISPLAY_DATA SET ATTRIBUTE_ORDER = 5 WHERE RELATIONSHIP_ID=7 AND COL_ID=2;
UPDATE CATISSUE_SEARCH_DISPLAY_DATA SET ATTRIBUTE_ORDER = 6 WHERE RELATIONSHIP_ID=7 AND COL_ID=3;
UPDATE CATISSUE_SEARCH_DISPLAY_DATA SET ATTRIBUTE_ORDER = 7 WHERE RELATIONSHIP_ID=7 AND COL_ID=4;
UPDATE CATISSUE_SEARCH_DISPLAY_DATA SET ATTRIBUTE_ORDER = 8 WHERE RELATIONSHIP_ID=7 AND COL_ID=5;
UPDATE CATISSUE_SEARCH_DISPLAY_DATA SET ATTRIBUTE_ORDER = 9 WHERE RELATIONSHIP_ID=7 AND COL_ID=6;
UPDATE CATISSUE_SEARCH_DISPLAY_DATA SET ATTRIBUTE_ORDER = 10 WHERE RELATIONSHIP_ID=7 AND COL_ID=7;
UPDATE CATISSUE_SEARCH_DISPLAY_DATA SET ATTRIBUTE_ORDER = 11 WHERE RELATIONSHIP_ID=7 AND COL_ID=8;

/* ************************************** QUERIES FOR INSTITUTION ***********************************************************/
UPDATE CATISSUE_SEARCH_DISPLAY_DATA SET ATTRIBUTE_ORDER = 1 WHERE RELATIONSHIP_ID=2 AND COL_ID=101;
UPDATE CATISSUE_SEARCH_DISPLAY_DATA SET ATTRIBUTE_ORDER = 2 WHERE RELATIONSHIP_ID=2 AND COL_ID=100;

/* ************************************** QUERIES FOR DEPARTMENT ***********************************************************/
UPDATE CATISSUE_SEARCH_DISPLAY_DATA SET ATTRIBUTE_ORDER = 1 WHERE RELATIONSHIP_ID=3 AND COL_ID=68;
UPDATE CATISSUE_SEARCH_DISPLAY_DATA SET ATTRIBUTE_ORDER = 2 WHERE RELATIONSHIP_ID=3 AND COL_ID=67;

/* ************************************** QUERIES FOR CRG ******************************************************************/
UPDATE CATISSUE_SEARCH_DISPLAY_DATA SET ATTRIBUTE_ORDER = 1 WHERE RELATIONSHIP_ID=4 AND COL_ID=29;
UPDATE CATISSUE_SEARCH_DISPLAY_DATA SET ATTRIBUTE_ORDER = 2 WHERE RELATIONSHIP_ID=4 AND COL_ID=28;

/* ************************************** QUERIES FOR BIOHAZARD ***********************************************************/
UPDATE CATISSUE_SEARCH_DISPLAY_DATA SET ATTRIBUTE_ORDER = 1 WHERE RELATIONSHIP_ID=5 AND COL_ID=25;
UPDATE CATISSUE_SEARCH_DISPLAY_DATA SET ATTRIBUTE_ORDER = 2 WHERE RELATIONSHIP_ID=5 AND COL_ID=24;
UPDATE CATISSUE_SEARCH_DISPLAY_DATA SET ATTRIBUTE_ORDER = 3 WHERE RELATIONSHIP_ID=5 AND COL_ID=26;
UPDATE CATISSUE_SEARCH_DISPLAY_DATA SET ATTRIBUTE_ORDER = 4 WHERE RELATIONSHIP_ID=5 AND COL_ID=27;

/* ************************************** QUERIES FOR STORAGE TYPE *********************************************************/
UPDATE CATISSUE_SEARCH_DISPLAY_DATA SET ATTRIBUTE_ORDER = 1 WHERE RELATIONSHIP_ID=108 AND COL_ID=307;
UPDATE CATISSUE_SEARCH_DISPLAY_DATA SET ATTRIBUTE_ORDER = 2 WHERE RELATIONSHIP_ID=1 AND COL_ID=258;
UPDATE CATISSUE_SEARCH_DISPLAY_DATA SET ATTRIBUTE_ORDER = 3 WHERE RELATIONSHIP_ID=1 AND COL_ID=260;
UPDATE CATISSUE_SEARCH_DISPLAY_DATA SET ATTRIBUTE_ORDER = 4 WHERE RELATIONSHIP_ID=108 AND COL_ID=261;
UPDATE CATISSUE_SEARCH_DISPLAY_DATA SET ATTRIBUTE_ORDER = 5 WHERE RELATIONSHIP_ID=108 AND COL_ID=262;
UPDATE CATISSUE_SEARCH_DISPLAY_DATA SET ATTRIBUTE_ORDER = 6 WHERE RELATIONSHIP_ID=108 AND COL_ID=308;

/* ************************************** QUERIES FOR STORAGE CONTAINER *****************************************************/
UPDATE CATISSUE_SEARCH_DISPLAY_DATA SET ATTRIBUTE_ORDER = 1 WHERE RELATIONSHIP_ID=110 AND COL_ID=240;
UPDATE CATISSUE_SEARCH_DISPLAY_DATA SET ATTRIBUTE_ORDER = 2 WHERE RELATIONSHIP_ID=8 AND COL_ID=239;
UPDATE CATISSUE_SEARCH_DISPLAY_DATA SET ATTRIBUTE_ORDER = 3 WHERE RELATIONSHIP_ID=8 AND COL_ID=241;
UPDATE CATISSUE_SEARCH_DISPLAY_DATA SET ATTRIBUTE_ORDER = 4 WHERE RELATIONSHIP_ID=9 AND COL_ID=252;
UPDATE CATISSUE_SEARCH_DISPLAY_DATA SET ATTRIBUTE_ORDER = 5 WHERE RELATIONSHIP_ID=9 AND COL_ID=253;
UPDATE CATISSUE_SEARCH_DISPLAY_DATA SET ATTRIBUTE_ORDER = 6 WHERE RELATIONSHIP_ID=10 AND COL_ID=307;
UPDATE CATISSUE_SEARCH_DISPLAY_DATA SET ATTRIBUTE_ORDER = 7 WHERE RELATIONSHIP_ID=10 AND COL_ID=261;
UPDATE CATISSUE_SEARCH_DISPLAY_DATA SET ATTRIBUTE_ORDER = 8 WHERE RELATIONSHIP_ID=10 AND COL_ID=262;
UPDATE CATISSUE_SEARCH_DISPLAY_DATA SET ATTRIBUTE_ORDER = 9 WHERE RELATIONSHIP_ID=11 AND COL_ID=185;
UPDATE CATISSUE_SEARCH_DISPLAY_DATA SET ATTRIBUTE_ORDER = 10 WHERE RELATIONSHIP_ID=110 AND COL_ID=242;
UPDATE CATISSUE_SEARCH_DISPLAY_DATA SET ATTRIBUTE_ORDER = 11 WHERE RELATIONSHIP_ID=110 AND COL_ID=243;
UPDATE CATISSUE_SEARCH_DISPLAY_DATA SET ATTRIBUTE_ORDER = 12 WHERE RELATIONSHIP_ID=110 AND COL_ID=247;
UPDATE CATISSUE_SEARCH_DISPLAY_DATA SET ATTRIBUTE_ORDER = 13 WHERE RELATIONSHIP_ID=110 AND COL_ID=249;
UPDATE CATISSUE_SEARCH_DISPLAY_DATA SET ATTRIBUTE_ORDER = 14 WHERE RELATIONSHIP_ID=110 AND COL_ID=250;
UPDATE CATISSUE_SEARCH_DISPLAY_DATA SET ATTRIBUTE_ORDER = 15 WHERE RELATIONSHIP_ID=110 AND COL_ID=310;

/* ************************************** QUERIES FOR SPECIMEN ARRAY TYPE *********************************************************/
UPDATE CATISSUE_SEARCH_DISPLAY_DATA SET ATTRIBUTE_ORDER = 1 WHERE RELATIONSHIP_ID=112 AND COL_ID=307;
UPDATE CATISSUE_SEARCH_DISPLAY_DATA SET ATTRIBUTE_ORDER = 2 WHERE RELATIONSHIP_ID=111 AND COL_ID=311;
UPDATE CATISSUE_SEARCH_DISPLAY_DATA SET ATTRIBUTE_ORDER = 3 WHERE RELATIONSHIP_ID=111 AND COL_ID=312;
UPDATE CATISSUE_SEARCH_DISPLAY_DATA SET ATTRIBUTE_ORDER = 4 WHERE RELATIONSHIP_ID=112 AND COL_ID=261;
UPDATE CATISSUE_SEARCH_DISPLAY_DATA SET ATTRIBUTE_ORDER = 5 WHERE RELATIONSHIP_ID=112 AND COL_ID=262;
UPDATE CATISSUE_SEARCH_DISPLAY_DATA SET ATTRIBUTE_ORDER = 6 WHERE RELATIONSHIP_ID=112 AND COL_ID=308;

/* ************************************** QUERIES FOR SPECIMEN ARRAY *****************************************************/
UPDATE CATISSUE_SEARCH_DISPLAY_DATA SET ATTRIBUTE_ORDER = 1 WHERE RELATIONSHIP_ID=114 AND COL_ID=240;
UPDATE CATISSUE_SEARCH_DISPLAY_DATA SET ATTRIBUTE_ORDER = 2 WHERE RELATIONSHIP_ID=113 AND COL_ID=313;
UPDATE CATISSUE_SEARCH_DISPLAY_DATA SET ATTRIBUTE_ORDER = 3  WHERE RELATIONSHIP_ID=114 AND COL_ID=242;
UPDATE CATISSUE_SEARCH_DISPLAY_DATA SET ATTRIBUTE_ORDER = 4 WHERE RELATIONSHIP_ID=114 AND COL_ID=243;
UPDATE CATISSUE_SEARCH_DISPLAY_DATA SET ATTRIBUTE_ORDER = 5 WHERE RELATIONSHIP_ID=114 AND COL_ID=247;
UPDATE CATISSUE_SEARCH_DISPLAY_DATA SET ATTRIBUTE_ORDER = 6 WHERE RELATIONSHIP_ID=114 AND COL_ID=249;
UPDATE CATISSUE_SEARCH_DISPLAY_DATA SET ATTRIBUTE_ORDER = 7 WHERE RELATIONSHIP_ID=114 AND COL_ID=250;
UPDATE CATISSUE_SEARCH_DISPLAY_DATA SET ATTRIBUTE_ORDER = 8 WHERE RELATIONSHIP_ID=114 AND COL_ID=310;
UPDATE CATISSUE_SEARCH_DISPLAY_DATA SET ATTRIBUTE_ORDER = 9 WHERE RELATIONSHIP_ID=115 AND COL_ID=252;
UPDATE CATISSUE_SEARCH_DISPLAY_DATA SET ATTRIBUTE_ORDER = 10 WHERE RELATIONSHIP_ID=115 AND COL_ID=253;
UPDATE CATISSUE_SEARCH_DISPLAY_DATA SET ATTRIBUTE_ORDER = 11 WHERE RELATIONSHIP_ID=116 AND COL_ID=307;
UPDATE CATISSUE_SEARCH_DISPLAY_DATA SET ATTRIBUTE_ORDER = 12 WHERE RELATIONSHIP_ID=129 AND COL_ID=312;

/* ************************************** QUERIES FOR COLLECTION PROTOCOL ***************************************************/
UPDATE CATISSUE_SEARCH_DISPLAY_DATA SET ATTRIBUTE_ORDER = 1 WHERE RELATIONSHIP_ID=13 AND COL_ID=224;
UPDATE CATISSUE_SEARCH_DISPLAY_DATA SET ATTRIBUTE_ORDER = 2 WHERE RELATIONSHIP_ID=12 AND COL_ID=54;
UPDATE CATISSUE_SEARCH_DISPLAY_DATA SET ATTRIBUTE_ORDER = 3 WHERE RELATIONSHIP_ID=40 AND COL_ID=292;
UPDATE CATISSUE_SEARCH_DISPLAY_DATA SET ATTRIBUTE_ORDER = 4 WHERE RELATIONSHIP_ID=40 AND COL_ID=293;
UPDATE CATISSUE_SEARCH_DISPLAY_DATA SET ATTRIBUTE_ORDER = 5 WHERE RELATIONSHIP_ID=42 AND COL_ID=292;
UPDATE CATISSUE_SEARCH_DISPLAY_DATA SET ATTRIBUTE_ORDER = 6 WHERE RELATIONSHIP_ID=42 AND COL_ID=293;
UPDATE CATISSUE_SEARCH_DISPLAY_DATA SET ATTRIBUTE_ORDER = 7  WHERE RELATIONSHIP_ID=13 AND COL_ID=225;
UPDATE CATISSUE_SEARCH_DISPLAY_DATA SET ATTRIBUTE_ORDER = 8 WHERE RELATIONSHIP_ID=13 AND COL_ID=226;
UPDATE CATISSUE_SEARCH_DISPLAY_DATA SET ATTRIBUTE_ORDER = 9 WHERE RELATIONSHIP_ID=13 AND COL_ID=227;
UPDATE CATISSUE_SEARCH_DISPLAY_DATA SET ATTRIBUTE_ORDER = 10 WHERE RELATIONSHIP_ID=13 AND COL_ID=228;
UPDATE CATISSUE_SEARCH_DISPLAY_DATA SET ATTRIBUTE_ORDER = 11 WHERE RELATIONSHIP_ID=13 AND COL_ID=229;
UPDATE CATISSUE_SEARCH_DISPLAY_DATA SET ATTRIBUTE_ORDER = 12 WHERE RELATIONSHIP_ID=13 AND COL_ID=230;
UPDATE CATISSUE_SEARCH_DISPLAY_DATA SET ATTRIBUTE_ORDER = 13 WHERE RELATIONSHIP_ID=14 AND COL_ID=56;
UPDATE CATISSUE_SEARCH_DISPLAY_DATA SET ATTRIBUTE_ORDER = 14 WHERE RELATIONSHIP_ID=14 AND COL_ID=57;
UPDATE CATISSUE_SEARCH_DISPLAY_DATA SET ATTRIBUTE_ORDER = 15 WHERE RELATIONSHIP_ID=14 AND COL_ID=329;
UPDATE CATISSUE_SEARCH_DISPLAY_DATA SET ATTRIBUTE_ORDER = 16 WHERE RELATIONSHIP_ID=15 AND COL_ID=233;
UPDATE CATISSUE_SEARCH_DISPLAY_DATA SET ATTRIBUTE_ORDER = 17 WHERE RELATIONSHIP_ID=15 AND COL_ID=234;
UPDATE CATISSUE_SEARCH_DISPLAY_DATA SET ATTRIBUTE_ORDER = 18 WHERE RELATIONSHIP_ID=15 AND COL_ID=235;
UPDATE CATISSUE_SEARCH_DISPLAY_DATA SET ATTRIBUTE_ORDER = 19 WHERE RELATIONSHIP_ID=16 AND COL_ID=65;
UPDATE CATISSUE_SEARCH_DISPLAY_DATA SET ATTRIBUTE_ORDER = 20 WHERE RELATIONSHIP_ID=119 AND COL_ID=319;

/* ************************************** QUERIES FOR DISTRIBUTION PROTOCOL *************************************************/
UPDATE CATISSUE_SEARCH_DISPLAY_DATA SET ATTRIBUTE_ORDER = 1 WHERE RELATIONSHIP_ID=18 AND COL_ID=224;
UPDATE CATISSUE_SEARCH_DISPLAY_DATA SET ATTRIBUTE_ORDER = 2 WHERE RELATIONSHIP_ID=17 AND COL_ID=79;
UPDATE CATISSUE_SEARCH_DISPLAY_DATA SET ATTRIBUTE_ORDER = 3 WHERE RELATIONSHIP_ID=18 AND COL_ID=225;
UPDATE CATISSUE_SEARCH_DISPLAY_DATA SET ATTRIBUTE_ORDER = 4 WHERE RELATIONSHIP_ID=18 AND COL_ID=226;
UPDATE CATISSUE_SEARCH_DISPLAY_DATA SET ATTRIBUTE_ORDER = 5 WHERE RELATIONSHIP_ID=18 AND COL_ID=227;
UPDATE CATISSUE_SEARCH_DISPLAY_DATA SET ATTRIBUTE_ORDER = 6 WHERE RELATIONSHIP_ID=18 AND COL_ID=228;
UPDATE CATISSUE_SEARCH_DISPLAY_DATA SET ATTRIBUTE_ORDER = 7 WHERE RELATIONSHIP_ID=18 AND COL_ID=229;
UPDATE CATISSUE_SEARCH_DISPLAY_DATA SET ATTRIBUTE_ORDER = 8 WHERE RELATIONSHIP_ID=18 AND COL_ID=230;
UPDATE CATISSUE_SEARCH_DISPLAY_DATA SET ATTRIBUTE_ORDER = 9 WHERE RELATIONSHIP_ID=20 AND COL_ID=233;
UPDATE CATISSUE_SEARCH_DISPLAY_DATA SET ATTRIBUTE_ORDER = 10 WHERE RELATIONSHIP_ID=20 AND COL_ID=234;
UPDATE CATISSUE_SEARCH_DISPLAY_DATA SET ATTRIBUTE_ORDER = 11 WHERE RELATIONSHIP_ID=20 AND COL_ID=235;
UPDATE CATISSUE_SEARCH_DISPLAY_DATA SET ATTRIBUTE_ORDER = 12 WHERE RELATIONSHIP_ID=120 AND COL_ID=319;
UPDATE CATISSUE_SEARCH_DISPLAY_DATA SET ATTRIBUTE_ORDER = 13 WHERE RELATIONSHIP_ID=43 AND COL_ID=292;
UPDATE CATISSUE_SEARCH_DISPLAY_DATA SET ATTRIBUTE_ORDER = 14 WHERE RELATIONSHIP_ID=43 AND COL_ID=293;
UPDATE CATISSUE_SEARCH_DISPLAY_DATA SET ATTRIBUTE_ORDER = 15 WHERE RELATIONSHIP_ID=19 AND COL_ID=80;

/* ************************************** QUERIES FOR USER ******************************************************************/
UPDATE CATISSUE_SEARCH_DISPLAY_DATA SET ATTRIBUTE_ORDER = 1 WHERE RELATIONSHIP_ID=21 AND COL_ID=293;
UPDATE CATISSUE_SEARCH_DISPLAY_DATA SET ATTRIBUTE_ORDER = 2 WHERE RELATIONSHIP_ID=21 AND COL_ID=292;
UPDATE CATISSUE_SEARCH_DISPLAY_DATA SET ATTRIBUTE_ORDER = 3 WHERE RELATIONSHIP_ID=21 AND COL_ID=285;
UPDATE CATISSUE_SEARCH_DISPLAY_DATA SET ATTRIBUTE_ORDER = 4 WHERE RELATIONSHIP_ID=21 AND COL_ID=294;
UPDATE CATISSUE_SEARCH_DISPLAY_DATA SET ATTRIBUTE_ORDER = 5 WHERE RELATIONSHIP_ID=21 AND COL_ID=295;
UPDATE CATISSUE_SEARCH_DISPLAY_DATA SET ATTRIBUTE_ORDER = 6 WHERE RELATIONSHIP_ID=23 AND COL_ID=2;
UPDATE CATISSUE_SEARCH_DISPLAY_DATA SET ATTRIBUTE_ORDER = 7 WHERE RELATIONSHIP_ID=23 AND COL_ID=3;
UPDATE CATISSUE_SEARCH_DISPLAY_DATA SET ATTRIBUTE_ORDER = 8 WHERE RELATIONSHIP_ID=23 AND COL_ID=4;
UPDATE CATISSUE_SEARCH_DISPLAY_DATA SET ATTRIBUTE_ORDER = 9 WHERE RELATIONSHIP_ID=23 AND COL_ID=5;
UPDATE CATISSUE_SEARCH_DISPLAY_DATA SET ATTRIBUTE_ORDER = 10 WHERE RELATIONSHIP_ID=23 AND COL_ID=6;
UPDATE CATISSUE_SEARCH_DISPLAY_DATA SET ATTRIBUTE_ORDER = 11 WHERE RELATIONSHIP_ID=23 AND COL_ID=7;
UPDATE CATISSUE_SEARCH_DISPLAY_DATA SET ATTRIBUTE_ORDER = 12 WHERE RELATIONSHIP_ID=23 AND COL_ID=8;
UPDATE CATISSUE_SEARCH_DISPLAY_DATA SET ATTRIBUTE_ORDER = 13 WHERE RELATIONSHIP_ID=25 AND COL_ID=101;
UPDATE CATISSUE_SEARCH_DISPLAY_DATA SET ATTRIBUTE_ORDER = 14 WHERE RELATIONSHIP_ID=24 AND COL_ID=68;
UPDATE CATISSUE_SEARCH_DISPLAY_DATA SET ATTRIBUTE_ORDER = 15 WHERE RELATIONSHIP_ID=26 AND COL_ID=29;

/* ************************************** QUERIES FOR DISTRIBUTION ************************************************************/
UPDATE CATISSUE_SEARCH_DISPLAY_DATA SET ATTRIBUTE_ORDER = 1 WHERE RELATIONSHIP_ID=36 AND COL_ID=75;
UPDATE CATISSUE_SEARCH_DISPLAY_DATA SET ATTRIBUTE_ORDER = 2 WHERE RELATIONSHIP_ID=36 AND COL_ID=298;
UPDATE CATISSUE_SEARCH_DISPLAY_DATA SET ATTRIBUTE_ORDER = 3 WHERE RELATIONSHIP_ID=36 AND COL_ID=302;
UPDATE CATISSUE_SEARCH_DISPLAY_DATA SET ATTRIBUTE_ORDER = 4 WHERE RELATIONSHIP_ID=37 AND COL_ID=72;
UPDATE CATISSUE_SEARCH_DISPLAY_DATA SET ATTRIBUTE_ORDER = 5 WHERE RELATIONSHIP_ID=52 AND COL_ID=191;
UPDATE CATISSUE_SEARCH_DISPLAY_DATA SET ATTRIBUTE_ORDER = 6 WHERE RELATIONSHIP_ID=52 AND COL_ID=192;
UPDATE CATISSUE_SEARCH_DISPLAY_DATA SET ATTRIBUTE_ORDER = 7 WHERE RELATIONSHIP_ID=55 AND COL_ID=206;
UPDATE CATISSUE_SEARCH_DISPLAY_DATA SET ATTRIBUTE_ORDER = 8 WHERE RELATIONSHIP_ID=55 AND COL_ID=207;
UPDATE CATISSUE_SEARCH_DISPLAY_DATA SET ATTRIBUTE_ORDER = 9 WHERE RELATIONSHIP_ID=52 AND COL_ID=208;



/* ************************* RELATIONSHIP QUERIES FOR REPORTED PROBLEMS ******************************************/
UPDATE CATISSUE_SEARCH_DISPLAY_DATA SET ATTRIBUTE_ORDER = 1 WHERE RELATIONSHIP_ID=102 AND COL_ID=156;
UPDATE CATISSUE_SEARCH_DISPLAY_DATA SET ATTRIBUTE_ORDER = 2 WHERE RELATIONSHIP_ID=102 AND COL_ID=157;
UPDATE CATISSUE_SEARCH_DISPLAY_DATA SET ATTRIBUTE_ORDER = 3 WHERE RELATIONSHIP_ID=102 AND COL_ID=158;
UPDATE CATISSUE_SEARCH_DISPLAY_DATA SET ATTRIBUTE_ORDER = 4 WHERE RELATIONSHIP_ID=102 AND COL_ID=159;
UPDATE CATISSUE_SEARCH_DISPLAY_DATA SET ATTRIBUTE_ORDER = 5 WHERE RELATIONSHIP_ID=102 AND COL_ID=160;
UPDATE CATISSUE_SEARCH_DISPLAY_DATA SET ATTRIBUTE_ORDER = 6 WHERE RELATIONSHIP_ID=102 AND COL_ID=161;
UPDATE CATISSUE_SEARCH_DISPLAY_DATA SET ATTRIBUTE_ORDER = 7 WHERE RELATIONSHIP_ID=102 AND COL_ID=162;
UPDATE CATISSUE_SEARCH_DISPLAY_DATA SET ATTRIBUTE_ORDER = 8 WHERE RELATIONSHIP_ID=102 AND COL_ID=163;

/* Biohazard */
UPDATE CATISSUE_SEARCH_DISPLAY_DATA SET ATTRIBUTE_ORDER = 1 WHERE RELATIONSHIP_ID=105 AND COL_ID=24;
UPDATE CATISSUE_SEARCH_DISPLAY_DATA SET ATTRIBUTE_ORDER = 2 WHERE RELATIONSHIP_ID=105 AND COL_ID=25;
UPDATE CATISSUE_SEARCH_DISPLAY_DATA SET ATTRIBUTE_ORDER = 3 WHERE RELATIONSHIP_ID=105 AND COL_ID=26;
UPDATE CATISSUE_SEARCH_DISPLAY_DATA SET ATTRIBUTE_ORDER = 4 WHERE RELATIONSHIP_ID=105 AND COL_ID=27;
UPDATE CATISSUE_SEARCH_DISPLAY_DATA SET ATTRIBUTE_ORDER = 1 WHERE RELATIONSHIP_ID=53 AND COL_ID=224;
UPDATE CATISSUE_SEARCH_DISPLAY_DATA SET ATTRIBUTE_ORDER = 1 WHERE RELATIONSHIP_ID=122 AND COL_ID=327;
UPDATE CATISSUE_SEARCH_DISPLAY_DATA SET ATTRIBUTE_ORDER = 2 WHERE RELATIONSHIP_ID=121 AND COL_ID=315;
UPDATE CATISSUE_SEARCH_DISPLAY_DATA SET ATTRIBUTE_ORDER = 3 WHERE RELATIONSHIP_ID=122 AND COL_ID=325;
UPDATE CATISSUE_SEARCH_DISPLAY_DATA SET ATTRIBUTE_ORDER = 4 WHERE RELATIONSHIP_ID=122 AND COL_ID=326;
UPDATE CATISSUE_SEARCH_DISPLAY_DATA SET ATTRIBUTE_ORDER = 5 WHERE RELATIONSHIP_ID=123 AND COL_ID=185;
UPDATE CATISSUE_SEARCH_DISPLAY_DATA SET ATTRIBUTE_ORDER = 6 WHERE RELATIONSHIP_ID=124 AND COL_ID=224;
UPDATE CATISSUE_SEARCH_DISPLAY_DATA SET ATTRIBUTE_ORDER = 7 WHERE RELATIONSHIP_ID=127 AND COL_ID=240;
UPDATE CATISSUE_SEARCH_DISPLAY_DATA SET ATTRIBUTE_ORDER = 8 WHERE RELATIONSHIP_ID=125 AND COL_ID=307;
UPDATE CATISSUE_SEARCH_DISPLAY_DATA SET ATTRIBUTE_ORDER = 9 WHERE RELATIONSHIP_ID=130 AND COL_ID=260;
/*********************** Sachin: Setting the column/attribute order ENDS ************************/

/************** 9 aug 2007 ***** for distribution array ***************************************/
UPDATE CATISSUE_SEARCH_DISPLAY_DATA SET ATTRIBUTE_ORDER = 10 WHERE RELATIONSHIP_ID=131 AND COL_ID=72;


INSERT INTO CATISSUE_TABLE_RELATION (RELATIONSHIP_ID, PARENT_TABLE_ID, CHILD_TABLE_ID) values (132,78,79);
INSERT INTO CATISSUE_TABLE_RELATION (RELATIONSHIP_ID, PARENT_TABLE_ID, CHILD_TABLE_ID) values (133,78,80);
INSERT INTO CATISSUE_TABLE_RELATION (RELATIONSHIP_ID, PARENT_TABLE_ID, CHILD_TABLE_ID) values (134,81,82);
INSERT INTO CATISSUE_TABLE_RELATION (RELATIONSHIP_ID, PARENT_TABLE_ID, CHILD_TABLE_ID) values (135,81,83);
INSERT INTO CATISSUE_TABLE_RELATION (RELATIONSHIP_ID, PARENT_TABLE_ID, CHILD_TABLE_ID) values (136,81,84);

/*Changes due to model change (Virender Mehta  12th Oct 2007)*/ 

INSERT INTO CATISSUE_TABLE_RELATION(RELATIONSHIP_ID, PARENT_TABLE_ID, CHILD_TABLE_ID)values (137,35,92);

INSERT INTO CATISSUE_RELATED_TABLES_MAP values ( 92 , 35 , 'IDENTIFIER','IDENTIFIER');

/*Metadata updation of Simple Query due to model changes*/


UPDATE CATISSUE_INTERFACE_COLUMN_DATA SET TABLE_ID = 93 WHERE IDENTIFIER IN (249,250);
UPDATE CATISSUE_INTERFACE_COLUMN_DATA SET table_id = 94 WHERE IDENTIFIER IN (200);
UPDATE CATISSUE_INTERFACE_COLUMN_DATA SET table_id = 95 WHERE IDENTIFIER IN (247);

INSERT INTO CATISSUE_TABLE_RELATION (RELATIONSHIP_ID, PARENT_TABLE_ID, CHILD_TABLE_ID, TABLES_IN_PATH) 
values(138,94,93,NULL);
INSERT INTO CATISSUE_TABLE_RELATION (RELATIONSHIP_ID, PARENT_TABLE_ID, CHILD_TABLE_ID, TABLES_IN_PATH) 
values(139,95,93,NULL);
INSERT INTO CATISSUE_TABLE_RELATION (RELATIONSHIP_ID, PARENT_TABLE_ID, CHILD_TABLE_ID, TABLES_IN_PATH) 
values(140,33,94,NULL);
INSERT INTO CATISSUE_TABLE_RELATION (RELATIONSHIP_ID, PARENT_TABLE_ID, CHILD_TABLE_ID, TABLES_IN_PATH) 
values(141,72,95,70);
INSERT INTO CATISSUE_TABLE_RELATION (RELATIONSHIP_ID, PARENT_TABLE_ID, CHILD_TABLE_ID, TABLES_IN_PATH) 
values(142,21,95,70);
INSERT INTO CATISSUE_TABLE_RELATION (RELATIONSHIP_ID, PARENT_TABLE_ID, CHILD_TABLE_ID, TABLES_IN_PATH) 
values(143,94,94,NULL);
INSERT INTO CATISSUE_TABLE_RELATION (RELATIONSHIP_ID, PARENT_TABLE_ID, CHILD_TABLE_ID, TABLES_IN_PATH) 
values(144,95,95,NULL);
INSERT INTO CATISSUE_TABLE_RELATION (RELATIONSHIP_ID, PARENT_TABLE_ID, CHILD_TABLE_ID, TABLES_IN_PATH) 
values(145,21,94,NULL);

INSERT INTO CATISSUE_RELATED_TABLES_MAP values ( 93 , 94 , 'IDENTIFIER','IDENTIFIER');
INSERT INTO CATISSUE_RELATED_TABLES_MAP values ( 93 , 95 , 'IDENTIFIER','IDENTIFIER');
INSERT INTO CATISSUE_RELATED_TABLES_MAP values ( 33 , 94 , 'IDENTIFIER','SPECIMEN_ID');
INSERT INTO CATISSUE_RELATED_TABLES_MAP values ( 72 , 95 , 'IDENTIFIER','CONTAINER_ID');
INSERT INTO CATISSUE_RELATED_TABLES_MAP values ( 21 , 94 , 'IDENTIFIER','CONTAINER_ID');
INSERT INTO CATISSUE_RELATED_TABLES_MAP values ( 21 , 95 , 'IDENTIFIER','CONTAINER_ID');

DELETE FROM CATISSUE_SEARCH_DISPLAY_DATA where COL_ID in (194,195);
DELETE FROM CATISSUE_SEARCH_DISPLAY_DATA where COL_ID in (249,250);

INSERT INTO CATISSUE_SEARCH_DISPLAY_DATA (RELATIONSHIP_ID, COL_ID, DISPLAY_NAME, DEFAULT_VIEW_ATTRIBUTE,ATTRIBUTE_ORDER)
values(138, 249, 'Position Dimension One',1,1);
INSERT INTO CATISSUE_SEARCH_DISPLAY_DATA (RELATIONSHIP_ID, COL_ID, DISPLAY_NAME, DEFAULT_VIEW_ATTRIBUTE,ATTRIBUTE_ORDER)
values(138, 250, 'Position Dimension Two',1,2);
INSERT INTO CATISSUE_SEARCH_DISPLAY_DATA (RELATIONSHIP_ID, COL_ID, DISPLAY_NAME, DEFAULT_VIEW_ATTRIBUTE,ATTRIBUTE_ORDER)
values(139, 249, 'Position Dimension One',1,1);
INSERT INTO CATISSUE_SEARCH_DISPLAY_DATA (RELATIONSHIP_ID, COL_ID, DISPLAY_NAME, DEFAULT_VIEW_ATTRIBUTE,ATTRIBUTE_ORDER)
values(139, 250, 'Position Dimension Two',1,2);
INSERT INTO CATISSUE_SEARCH_DISPLAY_DATA (RELATIONSHIP_ID, COL_ID, DISPLAY_NAME, DEFAULT_VIEW_ATTRIBUTE,ATTRIBUTE_ORDER)
values(34,249,'Position Dimension One',1,1);
INSERT INTO CATISSUE_SEARCH_DISPLAY_DATA (RELATIONSHIP_ID, COL_ID, DISPLAY_NAME, DEFAULT_VIEW_ATTRIBUTE,ATTRIBUTE_ORDER)
values(34,250,'Position Dimension Two',1,2);
INSERT INTO CATISSUE_SEARCH_DISPLAY_DATA (RELATIONSHIP_ID, COL_ID, DISPLAY_NAME, DEFAULT_VIEW_ATTRIBUTE,ATTRIBUTE_ORDER)
values(140,249,'Position Dimension One',1,1);
INSERT INTO CATISSUE_SEARCH_DISPLAY_DATA (RELATIONSHIP_ID, COL_ID, DISPLAY_NAME, DEFAULT_VIEW_ATTRIBUTE,ATTRIBUTE_ORDER)
values(140,250,'Position Dimension Two',1,2);
INSERT INTO CATISSUE_SEARCH_DISPLAY_DATA (RELATIONSHIP_ID, COL_ID, DISPLAY_NAME, DEFAULT_VIEW_ATTRIBUTE,ATTRIBUTE_ORDER)
values(141,249,'Position Dimension One',1,1);
INSERT INTO CATISSUE_SEARCH_DISPLAY_DATA (RELATIONSHIP_ID, COL_ID, DISPLAY_NAME, DEFAULT_VIEW_ATTRIBUTE,ATTRIBUTE_ORDER)
values(141,250,'Position Dimension Two',1,2);
INSERT INTO CATISSUE_SEARCH_DISPLAY_DATA (RELATIONSHIP_ID, COL_ID, DISPLAY_NAME, DEFAULT_VIEW_ATTRIBUTE,ATTRIBUTE_ORDER)
values(142,249,'Position Dimension One',1,1);
INSERT INTO CATISSUE_SEARCH_DISPLAY_DATA (RELATIONSHIP_ID, COL_ID, DISPLAY_NAME, DEFAULT_VIEW_ATTRIBUTE,ATTRIBUTE_ORDER)
values(142,250,'Position Dimension Two',1,2);
INSERT INTO CATISSUE_SEARCH_DISPLAY_DATA (RELATIONSHIP_ID, COL_ID, DISPLAY_NAME, DEFAULT_VIEW_ATTRIBUTE,ATTRIBUTE_ORDER)
values(110,249,'Position Dimension One',1,1);
INSERT INTO CATISSUE_SEARCH_DISPLAY_DATA (RELATIONSHIP_ID, COL_ID, DISPLAY_NAME, DEFAULT_VIEW_ATTRIBUTE,ATTRIBUTE_ORDER)
values(110,250,'Position Dimension Two',1,2);
INSERT INTO CATISSUE_SEARCH_DISPLAY_DATA (RELATIONSHIP_ID, COL_ID, DISPLAY_NAME, DEFAULT_VIEW_ATTRIBUTE,ATTRIBUTE_ORDER)
values(114,249,'Position Dimension One',1,1);
INSERT INTO CATISSUE_SEARCH_DISPLAY_DATA (RELATIONSHIP_ID, COL_ID, DISPLAY_NAME, DEFAULT_VIEW_ATTRIBUTE,ATTRIBUTE_ORDER)
values(114,250,'Position Dimension Two',1,2);
INSERT INTO CATISSUE_SEARCH_DISPLAY_DATA (RELATIONSHIP_ID, COL_ID, DISPLAY_NAME, DEFAULT_VIEW_ATTRIBUTE,ATTRIBUTE_ORDER)
values(144,247,'Parent Container Id',1,3);
INSERT INTO CATISSUE_SEARCH_DISPLAY_DATA (RELATIONSHIP_ID, COL_ID, DISPLAY_NAME, DEFAULT_VIEW_ATTRIBUTE,ATTRIBUTE_ORDER)
values(143,333,'Parent Container Id',1,3);


INSERT INTO CATISSUE_RELATED_TABLES_MAP values(100,33,'IDENTIFIER','IDENTIFIER');

UPDATE CATISSUE_INTERFACE_COLUMN_DATA set TABLE_ID = 100 where IDENTIFIER in (202,199,322,192,102,208,103);

INSERT INTO CATISSUE_TABLE_RELATION (RELATIONSHIP_ID, PARENT_TABLE_ID, CHILD_TABLE_ID, TABLES_IN_PATH)
VALUES(146,33,100,NULL);

UPDATE CATISSUE_SEARCH_DISPLAY_DATA set RELATIONSHIP_ID = 146 where RELATIONSHIP_ID = 34 AND COL_ID in (192,208,199,102,103,322);

UPDATE CATISSUE_INTERFACE_COLUMN_DATA set COLUMN_NAME = 'SPECIMEN_TYPE' where IDENTIFIER = 192;
UPDATE CATISSUE_INTERFACE_COLUMN_DATA set COLUMN_NAME = 'INITIAL_QUANTITY' where IDENTIFIER = 103;

DELETE from CATISSUE_INTERFACE_COLUMN_DATA where IDENTIFIER = 105;
DELETE from CATISSUE_SEARCH_DISPLAY_DATA where COL_ID = 105;

UPDATE CATISSUE_RELATED_TABLES_MAP set SECOND_TABLE_ID = 100 where FIRST_TABLE_ID = 34 and SECOND_TABLE_ID = 33;

UPDATE CATISSUE_RELATED_TABLES_MAP set SECOND_TABLE_ID = 100 where FIRST_TABLE_ID = 33 and SECOND_TABLE_ID = 33;
UPDATE CATISSUE_RELATED_TABLES_MAP set FIRST_TABLE_ID = 100 where FIRST_TABLE_ID = 33 and SECOND_TABLE_ID = 100;

/*Removing Quantity table and all data associate with it*/

DELETE from CATISSUE_QUERY_TABLE_DATA where TABLE_ID = 74;

DELETE from CATISSUE_RELATED_TABLES_MAP where FIRST_TABLE_ID = 12 and SECOND_TABLE_ID = 74;

DELETE from CATISSUE_INTERFACE_COLUMN_DATA where TABLE_ID = 74;

DELETE from CATISSUE_TABLE_RELATION where RELATIONSHIP_ID in (119,120);

DELETE from CATISSUE_SEARCH_DISPLAY_DATA where RELATIONSHIP_ID = 120;

IF EXISTS(SELECT TABLE_NAME FROM INFORMATION_SCHEMA.TABLES WHERE TABLE_NAME = 'CATISSUE_QUANTITY') DROP TABLE CATISSUE_QUANTITY;

/** Barcode related changes  start **/
INSERT INTO CATISSUE_SEARCH_DISPLAY_DATA (RELATIONSHIP_ID, COL_ID, DISPLAY_NAME, DEFAULT_VIEW_ATTRIBUTE,ATTRIBUTE_ORDER)
VALUES(30,338,'Barcode',0,2);

INSERT INTO CATISSUE_SEARCH_DISPLAY_DATA (RELATIONSHIP_ID, COL_ID, DISPLAY_NAME, DEFAULT_VIEW_ATTRIBUTE,ATTRIBUTE_ORDER)
VALUES(29,339,'Barcode',0,7);
--Barcode related changes  end
update catissue_query_table_data set TABLE_NAME='CATISSUE_DISTRIBUTION_SPEC_REQ' where table_name='CATISSUE_DISTRIBUTION_SPE_REQ';

delete from catissue_interface_column_data where TABLE_ID=20 AND COLUMN_NAME='SPECIMEN_REQUIREMENT_ID';

DELETE FROM CATISSUE_TABLE_RELATION WHERE RELATIONSHIP_ID=20;

DELETE FROM catissue_related_tables_map WHERE FIRST_TABLE_ID=12 AND SECOND_TABLE_ID=20;

INSERT INTO CATISSUE_SEARCH_DISPLAY_DATA(RELATIONSHIP_ID, COL_ID, DISPLAY_NAME,ATTRIBUTE_ORDER) VALUES(19,340,'Specimen Type',12);
INSERT INTO CATISSUE_SEARCH_DISPLAY_DATA(RELATIONSHIP_ID, COL_ID, DISPLAY_NAME,ATTRIBUTE_ORDER) VALUES(19,341,'Specimen Class',13);
INSERT INTO CATISSUE_SEARCH_DISPLAY_DATA(RELATIONSHIP_ID, COL_ID, DISPLAY_NAME,ATTRIBUTE_ORDER) VALUES(19,342,'Tissue Site',14);
INSERT INTO CATISSUE_SEARCH_DISPLAY_DATA(RELATIONSHIP_ID, COL_ID, DISPLAY_NAME,ATTRIBUTE_ORDER) VALUES(19,343,'Pathology status',15);
INSERT INTO CATISSUE_SEARCH_DISPLAY_DATA(RELATIONSHIP_ID, COL_ID, DISPLAY_NAME,ATTRIBUTE_ORDER) VALUES(19,344,'Quantity',16);

/** To resolve bug #9654 **/
UPDATE CATISSUE_TABLE_RELATION SET CHILD_TABLE_ID=100 WHERE RELATIONSHIP_ID=52;
UPDATE CATISSUE_SEARCH_DISPLAY_DATA SET COL_ID=337 WHERE RELATIONSHIP_ID=52 AND COL_ID=191;

SET IDENTITY_INSERT CATISSUE_TABLE_RELATION OFF;

