<!--
$Id: ivy-bda-settings.xml 1729 2009-05-28 17:59:23Z saksass $
$HeadURL: http://gforge.nci.nih.gov/svnroot/automation/branches/automation-1.7.4/software/bda-build-template/software/common/bda-download/ivy-bda-settings.xml $

This file is the is the settings file used by IVY.  It is a good starting point for most projects to use IVY.  It has two resolvers, the ncicb-ivy-repo resolver points to the NCICB Ivy Repository.  The other resolver is to a local filesystem repository where temporary artifacts can be published as part of a project or where you can test out your ivy definitions before they are added to official NCICB Ivy Repository.  There are notes below for sepcial configuraitons.
-->

<ivysettings>
	<property name="ivy.project.repo" value="${target.dir}/local-repo-dir"/>
	<property name="ivy.system.repo" value="${bda.local.repo.dir}"/>
	<property name="ivy.local-enterprise.repo" value="${commonlibrary.dir}/ivy-repo"/>
	<settings defaultResolver="ncicb-chain" />
	<!-- defaultCacheDir causes the bda-utils module to use it's own cache directory -->
	<!-- useOrigin causes avoiding the copy of local artifacts to the cache and use directly their original location -->
	<caches defaultCacheDir="${user.home}/.ivy2-${ant.project.name}" useOrigin="true"/>
	<resolvers>
		<!-- this is where you read from -->
		<chain name="ncicb-chain">
			<filesystem name="local-project-repo" local="true">
				<!-- Local project level repo -->
				<artifact pattern="${ivy.project.repo}/[organisation]/[module]/[revision]/[artifact]-[revision].[ext]" />
				<ivy pattern="${ivy.project.repo}/[organisation]/[module]/[revision]/ivy.xml" />
			</filesystem>
			<filesystem name="local-system-repo" local="true">
				<!-- Local system level repo, to share chagnes ammong multiple projects-->
				<artifact pattern="${ivy.system.repo}/[organisation]/[module]/[revision]/[artifact]-[revision].[ext]" />
				<ivy pattern="${ivy.system.repo}/[organisation]/[module]/[revision]/ivy.xml" />
			</filesystem>      
			<filesystem name="local-ncicb-ivy-repo" local="true">
				<!-- local enterprise repository checkout, best used when working remote or network disconnected -->
				<artifact pattern="${ivy.local-enterprise.repo}/[organisation]/[module]/[revision]/[artifact]-[revision].[ext]" />
				<ivy pattern="${ivy.local-enterprise.repo}/[organisation]/[module]/[revision]/ivy.xml" />
			</filesystem>           
			<url name="ncicb-ivy-repo">
				<!-- remote enterprise repository -->
				<artifact pattern="http://gforge.nci.nih.gov/svnroot/commonlibrary/trunk/ivy-repo/[organisation]/[module]/[revision]/[artifact]-[revision].[ext]" />
				<ivy pattern="http://gforge.nci.nih.gov/svnroot/commonlibrary/trunk/ivy-repo/[organisation]/[module]/[revision]/ivy.xml" />
			</url>  
			<!-- this is where you can publish to, either your own code or for testing new thirdparty files -->
		</chain>
	</resolvers>
</ivysettings>
