#ALTER TABLE CATISSUE_COLLECTION_SPECIMEN_REQUIREMENT ADD COLUMN  IDENTIFIER bigint(20);
#ALTER TABLE CATISSUE_DISTRIBUTION_SPECIMEN_REQUIREMENT ADD COLUMN  IDENTIFIER bigint(20);
#insert into catissue_user (IDENTIFIER, ACTIVITY_STATUS) values (1,'Active');
#ALTER TABLE CATISSUE_COLLECTION_PROTOCOL_REGISTRATION ADD CONSTRAINT  PARTICIPANT_ID_TO_COLLECTION_PROTOCOL_ID UNIQUE (PARTICIPANT_ID,COLLECTION_PROTOCOL_ID);
#ALTER TABLE CATISSUE_COLLECTION_PROTOCOL_REGISTRATION ADD CONSTRAINT  PROTOCOL_PARTICIPANT_IDENTIFIER_TO_COLLECTION_PROTOCOL_ID UNIQUE (PROTOCOL_PARTICIPANT_IDENTIFIER,COLLECTION_PROTOCOL_ID);


drop table if exists CATISSUE_QUERY_INTERFACE_TABLE_DATA; 
CREATE TABLE CATISSUE_QUERY_INTERFACE_TABLE_DATA
(
      TABLE_ID bigint not null auto_increment, 
      TABLE_NAME varchar(50),
      DISPLAY_NAME varchar(50),
      ALIAS_NAME varchar(50),
      PRIVILEGE_ID int(1),
      primary key (TABLE_ID)
);

drop table if exists CATISSUE_QUERY_INTERFACE_COLUMN_DATA;   
CREATE TABLE CATISSUE_QUERY_INTERFACE_COLUMN_DATA
(
      IDENTIFIER bigint not null auto_increment,
      TABLE_ID bigint not null,
      COLUMN_NAME varchar(50),
      ATTRIBUTE_TYPE varchar(30),
      primary key (IDENTIFIER)
);

drop TABLE if exists CATISSUE_TABLE_RELATION;
CREATE TABLE CATISSUE_TABLE_RELATION
(
      RELATIONSHIP_ID bigint auto_increment,
      PARENT_TABLE_ID bigint,      
      CHILD_TABLE_ID bigint,
      primary key (RELATIONSHIP_ID)
);

drop table if exists CATISSUE_SEARCH_DISPLAY_DATA;
CREATE TABLE CATISSUE_SEARCH_DISPLAY_DATA
(
      RELATIONSHIP_ID bigint not null,
      COL_ID bigint not null,
      DISPLAY_NAME varchar(50)
);


drop table CATISSUE_RELATED_TABLES_MAP;
CREATE TABLE CATISSUE_RELATED_TABLES_MAP
(
      FIRST_TABLE_ID bigint,      
      SECOND_TABLE_ID bigint,
      FIRST_TABLE_JOIN_COLUMN varchar(50),
      SECOND_TABLE_JOIN_COLUMN varchar(50)
);
 
insert into CATISSUE_QUERY_INTERFACE_TABLE_DATA  ( TABLE_ID, TABLE_NAME, DISPLAY_NAME, ALIAS_NAME, PRIVILEGE_ID) values ( 4, 'CATISSUE_ADDRESS', 'Address', 'Address', 2);
insert into CATISSUE_QUERY_INTERFACE_COLUMN_DATA ( IDENTIFIER, TABLE_ID, COLUMN_NAME , ATTRIBUTE_TYPE ) values ( 1, 4, 'IDENTIFIER', 'bigint');
insert into CATISSUE_QUERY_INTERFACE_COLUMN_DATA ( IDENTIFIER, TABLE_ID, COLUMN_NAME , ATTRIBUTE_TYPE ) values ( 2, 4, 'STREET', 'varchar');
insert into CATISSUE_QUERY_INTERFACE_COLUMN_DATA ( IDENTIFIER, TABLE_ID, COLUMN_NAME , ATTRIBUTE_TYPE ) values ( 3, 4, 'CITY', 'varchar');
insert into CATISSUE_QUERY_INTERFACE_COLUMN_DATA ( IDENTIFIER, TABLE_ID, COLUMN_NAME , ATTRIBUTE_TYPE ) values ( 4, 4, 'STATE', 'varchar');
insert into CATISSUE_QUERY_INTERFACE_COLUMN_DATA ( IDENTIFIER, TABLE_ID, COLUMN_NAME , ATTRIBUTE_TYPE ) values ( 5, 4, 'COUNTRY', 'varchar');
insert into CATISSUE_QUERY_INTERFACE_COLUMN_DATA ( IDENTIFIER, TABLE_ID, COLUMN_NAME , ATTRIBUTE_TYPE ) values ( 6, 4, 'ZIPCODE', 'varchar');
insert into CATISSUE_QUERY_INTERFACE_COLUMN_DATA ( IDENTIFIER, TABLE_ID, COLUMN_NAME , ATTRIBUTE_TYPE ) values ( 7, 4, 'PHONE_NUMBER', 'varchar');
insert into CATISSUE_QUERY_INTERFACE_COLUMN_DATA ( IDENTIFIER, TABLE_ID, COLUMN_NAME , ATTRIBUTE_TYPE ) values ( 8, 4, 'FAX_NUMBER', 'varchar');

insert into CATISSUE_QUERY_INTERFACE_TABLE_DATA  ( TABLE_ID, TABLE_NAME, DISPLAY_NAME, ALIAS_NAME, PRIVILEGE_ID) values ( 39, 'CATISSUE_AUDIT_EVENT', 'Audit Event', 'AuditEvent',1);
insert into CATISSUE_QUERY_INTERFACE_COLUMN_DATA ( IDENTIFIER, TABLE_ID, COLUMN_NAME , ATTRIBUTE_TYPE ) values ( 9, 39, 'IDENTIFIER', 'bigint');
insert into CATISSUE_QUERY_INTERFACE_COLUMN_DATA ( IDENTIFIER, TABLE_ID, COLUMN_NAME , ATTRIBUTE_TYPE ) values ( 10, 39, 'IP_ADDRESS', 'varchar');
insert into CATISSUE_QUERY_INTERFACE_COLUMN_DATA ( IDENTIFIER, TABLE_ID, COLUMN_NAME , ATTRIBUTE_TYPE ) values ( 11, 39, 'EVENT_TIMESTAMP', 'timestamp');
insert into CATISSUE_QUERY_INTERFACE_COLUMN_DATA ( IDENTIFIER, TABLE_ID, COLUMN_NAME , ATTRIBUTE_TYPE ) values ( 12, 39, 'USER_ID', 'bigint');
insert into CATISSUE_QUERY_INTERFACE_COLUMN_DATA ( IDENTIFIER, TABLE_ID, COLUMN_NAME , ATTRIBUTE_TYPE ) values ( 13, 39, 'COMMENTS', 'text');

insert into CATISSUE_QUERY_INTERFACE_TABLE_DATA  ( TABLE_ID, TABLE_NAME, DISPLAY_NAME, ALIAS_NAME, PRIVILEGE_ID) values ( 40, 'CATISSUE_AUDIT_EVENT_DETAILS', 'Audit Event Details', 'AuditEventDetails',1);
insert into CATISSUE_QUERY_INTERFACE_COLUMN_DATA ( IDENTIFIER, TABLE_ID, COLUMN_NAME , ATTRIBUTE_TYPE ) values ( 14, 40, 'IDENTIFIER', 'bigint');
insert into CATISSUE_QUERY_INTERFACE_COLUMN_DATA ( IDENTIFIER, TABLE_ID, COLUMN_NAME , ATTRIBUTE_TYPE ) values ( 15, 40, 'ELEMENT_NAME', 'varchar');
insert into CATISSUE_QUERY_INTERFACE_COLUMN_DATA ( IDENTIFIER, TABLE_ID, COLUMN_NAME , ATTRIBUTE_TYPE ) values ( 16, 40, 'PREVIOUS_VALUE', 'varchar');
insert into CATISSUE_QUERY_INTERFACE_COLUMN_DATA ( IDENTIFIER, TABLE_ID, COLUMN_NAME , ATTRIBUTE_TYPE ) values ( 17, 40, 'CURRENT_VALUE', 'varchar');
insert into CATISSUE_QUERY_INTERFACE_COLUMN_DATA ( IDENTIFIER, TABLE_ID, COLUMN_NAME , ATTRIBUTE_TYPE ) values ( 18, 40, 'AUDIT_EVENT_LOG_ID', 'bigint');

insert into CATISSUE_QUERY_INTERFACE_TABLE_DATA  ( TABLE_ID, TABLE_NAME, DISPLAY_NAME, ALIAS_NAME, PRIVILEGE_ID) values ( 41, 'CATISSUE_AUDIT_EVENT_LOG', 'Audit Event Log', 'AuditEventLog',1);
insert into CATISSUE_QUERY_INTERFACE_COLUMN_DATA ( IDENTIFIER, TABLE_ID, COLUMN_NAME , ATTRIBUTE_TYPE ) values ( 19, 41, 'IDENTIFIER', 'bigint');
insert into CATISSUE_QUERY_INTERFACE_COLUMN_DATA ( IDENTIFIER, TABLE_ID, COLUMN_NAME , ATTRIBUTE_TYPE ) values ( 20, 41, 'OBJECT_IDENTIFIER', 'bigint');
insert into CATISSUE_QUERY_INTERFACE_COLUMN_DATA ( IDENTIFIER, TABLE_ID, COLUMN_NAME , ATTRIBUTE_TYPE ) values ( 21, 41, 'OBJECT_NAME', 'varchar');
insert into CATISSUE_QUERY_INTERFACE_COLUMN_DATA ( IDENTIFIER, TABLE_ID, COLUMN_NAME , ATTRIBUTE_TYPE ) values ( 22, 41, 'EVENT_TYPE', 'varchar');
insert into CATISSUE_QUERY_INTERFACE_COLUMN_DATA ( IDENTIFIER, TABLE_ID, COLUMN_NAME , ATTRIBUTE_TYPE ) values ( 23, 41, 'AUDIT_EVENT_ID', 'bigint');

insert into CATISSUE_QUERY_INTERFACE_TABLE_DATA  ( TABLE_ID, TABLE_NAME, DISPLAY_NAME, ALIAS_NAME, PRIVILEGE_ID) values ( 8, 'CATISSUE_BIOHAZARD', 'Biohazard', 'Biohazard',1);
insert into CATISSUE_QUERY_INTERFACE_COLUMN_DATA ( IDENTIFIER, TABLE_ID, COLUMN_NAME , ATTRIBUTE_TYPE ) values ( 24, 8, 'IDENTIFIER', 'bigint');
insert into CATISSUE_QUERY_INTERFACE_COLUMN_DATA ( IDENTIFIER, TABLE_ID, COLUMN_NAME , ATTRIBUTE_TYPE ) values ( 25, 8, 'NAME', 'varchar');
insert into CATISSUE_QUERY_INTERFACE_COLUMN_DATA ( IDENTIFIER, TABLE_ID, COLUMN_NAME , ATTRIBUTE_TYPE ) values ( 26, 8, 'COMMENTS', 'text');
insert into CATISSUE_QUERY_INTERFACE_COLUMN_DATA ( IDENTIFIER, TABLE_ID, COLUMN_NAME , ATTRIBUTE_TYPE ) values ( 27, 8, 'TYPE', 'varchar');

insert into CATISSUE_QUERY_INTERFACE_TABLE_DATA  ( TABLE_ID, TABLE_NAME, DISPLAY_NAME, ALIAS_NAME, PRIVILEGE_ID) values ( 7, 'CATISSUE_CANCER_RESEARCH_GROUP', 'Cancer Research Group', 'CancerResearchGroup',1);
insert into CATISSUE_QUERY_INTERFACE_COLUMN_DATA ( IDENTIFIER, TABLE_ID, COLUMN_NAME , ATTRIBUTE_TYPE ) values ( 28, 7, 'IDENTIFIER', 'bigint');
insert into CATISSUE_QUERY_INTERFACE_COLUMN_DATA ( IDENTIFIER, TABLE_ID, COLUMN_NAME , ATTRIBUTE_TYPE ) values ( 29, 7, 'NAME', 'varchar');

insert into CATISSUE_QUERY_INTERFACE_TABLE_DATA  ( TABLE_ID, TABLE_NAME, DISPLAY_NAME, ALIAS_NAME, PRIVILEGE_ID) values ( 42, 'CATISSUE_CDE', 'Cde', 'Cde',0);
insert into CATISSUE_QUERY_INTERFACE_COLUMN_DATA ( IDENTIFIER, TABLE_ID, COLUMN_NAME , ATTRIBUTE_TYPE ) values ( 30, 42, 'PUBLIC_ID', 'varchar');
insert into CATISSUE_QUERY_INTERFACE_COLUMN_DATA ( IDENTIFIER, TABLE_ID, COLUMN_NAME , ATTRIBUTE_TYPE ) values ( 31, 42, 'LONG_NAME', 'varchar');
insert into CATISSUE_QUERY_INTERFACE_COLUMN_DATA ( IDENTIFIER, TABLE_ID, COLUMN_NAME , ATTRIBUTE_TYPE ) values ( 32, 42, 'DEFINITION', 'text');
insert into CATISSUE_QUERY_INTERFACE_COLUMN_DATA ( IDENTIFIER, TABLE_ID, COLUMN_NAME , ATTRIBUTE_TYPE ) values ( 33, 42, 'VERSION', 'varchar');

insert into CATISSUE_QUERY_INTERFACE_TABLE_DATA  ( TABLE_ID, TABLE_NAME, DISPLAY_NAME, ALIAS_NAME, PRIVILEGE_ID) values ( 25, 'CATISSUE_CELL_SPECIMEN', 'Cell Specimen', 'CellSpecimen',2);
insert into CATISSUE_QUERY_INTERFACE_COLUMN_DATA ( IDENTIFIER, TABLE_ID, COLUMN_NAME , ATTRIBUTE_TYPE ) values ( 34, 25, 'IDENTIFIER', 'bigint');
insert into CATISSUE_QUERY_INTERFACE_COLUMN_DATA ( IDENTIFIER, TABLE_ID, COLUMN_NAME , ATTRIBUTE_TYPE ) values ( 35, 25, 'QUANTITY_IN_CELL_COUNT', 'integer');
insert into CATISSUE_QUERY_INTERFACE_COLUMN_DATA ( IDENTIFIER, TABLE_ID, COLUMN_NAME , ATTRIBUTE_TYPE ) values ( 36, 25, 'AVAILABLE_QUANTITY_IN_CELL_COUNT', 'integer');

insert into CATISSUE_QUERY_INTERFACE_TABLE_DATA  ( TABLE_ID, TABLE_NAME, DISPLAY_NAME, ALIAS_NAME, PRIVILEGE_ID) values ( 13, 'CATISSUE_CELL_SPECIMEN_REQUIREMENT', 'Cell Specimen Requirement', 'CellSpecimenRequirement',2);
insert into CATISSUE_QUERY_INTERFACE_COLUMN_DATA ( IDENTIFIER, TABLE_ID, COLUMN_NAME , ATTRIBUTE_TYPE ) values ( 37, 13, 'IDENTIFIER', 'bigint');
insert into CATISSUE_QUERY_INTERFACE_COLUMN_DATA ( IDENTIFIER, TABLE_ID, COLUMN_NAME , ATTRIBUTE_TYPE ) values ( 38, 13, 'QUANTITY_IN_CELL_COUNT', 'integer');

insert into CATISSUE_QUERY_INTERFACE_TABLE_DATA  ( TABLE_ID, TABLE_NAME, DISPLAY_NAME, ALIAS_NAME, PRIVILEGE_ID) values ( 43, 'CATISSUE_CELL_SPECIMEN_REVIEW_PARAMETERS', 'Cell Specimen Review Parameters', 'CellSpecimenReviewParameters',2);
insert into CATISSUE_QUERY_INTERFACE_COLUMN_DATA ( IDENTIFIER, TABLE_ID, COLUMN_NAME , ATTRIBUTE_TYPE ) values ( 39, 43, 'IDENTIFIER', 'bigint');
insert into CATISSUE_QUERY_INTERFACE_COLUMN_DATA ( IDENTIFIER, TABLE_ID, COLUMN_NAME , ATTRIBUTE_TYPE ) values ( 40, 43, 'NEOPLASTIC_CELLULARITY_PERCENTAGE', 'double');
insert into CATISSUE_QUERY_INTERFACE_COLUMN_DATA ( IDENTIFIER, TABLE_ID, COLUMN_NAME , ATTRIBUTE_TYPE ) values ( 41, 43, 'VIABLE_CELL_PERCENTAGE', 'double');

insert into CATISSUE_QUERY_INTERFACE_TABLE_DATA  ( TABLE_ID, TABLE_NAME, DISPLAY_NAME, ALIAS_NAME, PRIVILEGE_ID) values ( 44, 'CATISSUE_CHECKIN_CHECKOUT_EVENT_PARAMETER', 'Checkin Checkout Event Parameter', 'CheckinCheckoutEventParameter',2);
insert into CATISSUE_QUERY_INTERFACE_COLUMN_DATA ( IDENTIFIER, TABLE_ID, COLUMN_NAME , ATTRIBUTE_TYPE ) values ( 42, 44, 'IDENTIFIER', 'bigint');
insert into CATISSUE_QUERY_INTERFACE_COLUMN_DATA ( IDENTIFIER, TABLE_ID, COLUMN_NAME , ATTRIBUTE_TYPE ) values ( 43, 44, 'STORAGE_STATUS', 'varchar');

insert into CATISSUE_QUERY_INTERFACE_TABLE_DATA  ( TABLE_ID, TABLE_NAME, DISPLAY_NAME, ALIAS_NAME, PRIVILEGE_ID) values ( 26, 'CATISSUE_CLINICAL_REPORT', 'Clinical Report', 'ClinicalReport',2);
insert into CATISSUE_QUERY_INTERFACE_COLUMN_DATA ( IDENTIFIER, TABLE_ID, COLUMN_NAME , ATTRIBUTE_TYPE ) values ( 44, 26, 'IDENTIFIER', 'bigint');
insert into CATISSUE_QUERY_INTERFACE_COLUMN_DATA ( IDENTIFIER, TABLE_ID, COLUMN_NAME , ATTRIBUTE_TYPE ) values ( 45, 26, 'SURGICAL_PATHOLOGICAL_NUMBER', 'varchar');
insert into CATISSUE_QUERY_INTERFACE_COLUMN_DATA ( IDENTIFIER, TABLE_ID, COLUMN_NAME , ATTRIBUTE_TYPE ) values ( 46, 26, 'PARTICIPENT_MEDICAL_IDENTIFIER_ID', 'bigint');

insert into CATISSUE_QUERY_INTERFACE_TABLE_DATA  ( TABLE_ID, TABLE_NAME, DISPLAY_NAME, ALIAS_NAME, PRIVILEGE_ID) values ( 17, 'CATISSUE_COLLECTION_COORDINATORS', 'Collection Coordinators', 'CollectionCoordinators',2);
insert into CATISSUE_QUERY_INTERFACE_COLUMN_DATA ( IDENTIFIER, TABLE_ID, COLUMN_NAME , ATTRIBUTE_TYPE ) values ( 47, 17, 'COLLECTION_PROTOCOL_ID', 'bigint');
insert into CATISSUE_QUERY_INTERFACE_COLUMN_DATA ( IDENTIFIER, TABLE_ID, COLUMN_NAME , ATTRIBUTE_TYPE ) values ( 48, 17, 'USER_ID', 'bigint');

insert into CATISSUE_QUERY_INTERFACE_TABLE_DATA  ( TABLE_ID, TABLE_NAME, DISPLAY_NAME, ALIAS_NAME, PRIVILEGE_ID) values ( 45, 'CATISSUE_COLLECTION_DISTRIBUTION_RELATION', 'Collection Distribution Relation', 'CollectionDistributionRelation',2);
insert into CATISSUE_QUERY_INTERFACE_COLUMN_DATA ( IDENTIFIER, TABLE_ID, COLUMN_NAME , ATTRIBUTE_TYPE ) values ( 49, 45, 'COLLECTION_PROTOCOL_ID', 'bigint');
insert into CATISSUE_QUERY_INTERFACE_COLUMN_DATA ( IDENTIFIER, TABLE_ID, COLUMN_NAME , ATTRIBUTE_TYPE ) values ( 50, 45, 'DISTRIBUTION_PROTOCOL_ID', 'bigint');

insert into CATISSUE_QUERY_INTERFACE_TABLE_DATA  ( TABLE_ID, TABLE_NAME, DISPLAY_NAME, ALIAS_NAME, PRIVILEGE_ID) values ( 46, 'CATISSUE_COLLECTION_EVENT_PARAMETERS', 'Collection Event Parameters', 'CollectionEventParameters',2);
insert into CATISSUE_QUERY_INTERFACE_COLUMN_DATA ( IDENTIFIER, TABLE_ID, COLUMN_NAME , ATTRIBUTE_TYPE ) values ( 51, 46, 'IDENTIFIER', 'bigint');
insert into CATISSUE_QUERY_INTERFACE_COLUMN_DATA ( IDENTIFIER, TABLE_ID, COLUMN_NAME , ATTRIBUTE_TYPE ) values ( 52, 46, 'COLLECTION_PROCEDURE', 'varchar');
insert into CATISSUE_QUERY_INTERFACE_COLUMN_DATA ( IDENTIFIER, TABLE_ID, COLUMN_NAME , ATTRIBUTE_TYPE ) values ( 53, 46, 'CONTAINER', 'varchar');

insert into CATISSUE_QUERY_INTERFACE_TABLE_DATA  ( TABLE_ID, TABLE_NAME, DISPLAY_NAME, ALIAS_NAME, PRIVILEGE_ID) values ( 10, 'CATISSUE_COLLECTION_PROTOCOL', 'Collection Protocol', 'CollectionProtocol',2);
insert into CATISSUE_QUERY_INTERFACE_COLUMN_DATA ( IDENTIFIER, TABLE_ID, COLUMN_NAME , ATTRIBUTE_TYPE ) values ( 54, 10, 'IDENTIFIER', 'bigint');

insert into CATISSUE_QUERY_INTERFACE_TABLE_DATA  ( TABLE_ID, TABLE_NAME, DISPLAY_NAME, ALIAS_NAME, PRIVILEGE_ID) values ( 11, 'CATISSUE_COLLECTION_PROTOCOL_EVENT', 'Collection Protocol Event', 'CollectionProtocolEvent',2);
insert into CATISSUE_QUERY_INTERFACE_COLUMN_DATA ( IDENTIFIER, TABLE_ID, COLUMN_NAME , ATTRIBUTE_TYPE ) values ( 55, 11, 'IDENTIFIER', 'bigint');
insert into CATISSUE_QUERY_INTERFACE_COLUMN_DATA ( IDENTIFIER, TABLE_ID, COLUMN_NAME , ATTRIBUTE_TYPE ) values ( 56, 11, 'CLINICAL_STATUS', 'varchar');
insert into CATISSUE_QUERY_INTERFACE_COLUMN_DATA ( IDENTIFIER, TABLE_ID, COLUMN_NAME , ATTRIBUTE_TYPE ) values ( 57, 11, 'STUDY_CALENDAR_EVENT_POINT', 'double');
insert into CATISSUE_QUERY_INTERFACE_COLUMN_DATA ( IDENTIFIER, TABLE_ID, COLUMN_NAME , ATTRIBUTE_TYPE ) values ( 58, 11, 'COLLECTION_PROTOCOL_ID', 'bigint');

insert into CATISSUE_QUERY_INTERFACE_TABLE_DATA  ( TABLE_ID, TABLE_NAME, DISPLAY_NAME, ALIAS_NAME, PRIVILEGE_ID) values ( 27, 'CATISSUE_COLLECTION_PROTOCOL_REGISTRATION', 'Collection Protocol Registration', 'CollectionProtocolRegistration',2);
insert into CATISSUE_QUERY_INTERFACE_COLUMN_DATA ( IDENTIFIER, TABLE_ID, COLUMN_NAME , ATTRIBUTE_TYPE ) values ( 59, 27, 'IDENTIFIER', 'bigint');
insert into CATISSUE_QUERY_INTERFACE_COLUMN_DATA ( IDENTIFIER, TABLE_ID, COLUMN_NAME , ATTRIBUTE_TYPE ) values ( 60, 27, 'PROTOCOL_PARTICIPANT_IDENTIFIER', 'varchar');
insert into CATISSUE_QUERY_INTERFACE_COLUMN_DATA ( IDENTIFIER, TABLE_ID, COLUMN_NAME , ATTRIBUTE_TYPE ) values ( 61, 27, 'REGISTRATION_DATE', 'date');
insert into CATISSUE_QUERY_INTERFACE_COLUMN_DATA ( IDENTIFIER, TABLE_ID, COLUMN_NAME , ATTRIBUTE_TYPE ) values ( 62, 27, 'PARTICIPANT_ID', 'bigint');
insert into CATISSUE_QUERY_INTERFACE_COLUMN_DATA ( IDENTIFIER, TABLE_ID, COLUMN_NAME , ATTRIBUTE_TYPE ) values ( 63, 27, 'COLLECTION_PROTOCOL_ID', 'bigint');
insert into CATISSUE_QUERY_INTERFACE_COLUMN_DATA ( IDENTIFIER, TABLE_ID, COLUMN_NAME , ATTRIBUTE_TYPE ) values ( 64, 27, 'ACTIVITY_STATUS', 'varchar');

insert into CATISSUE_QUERY_INTERFACE_TABLE_DATA  ( TABLE_ID, TABLE_NAME, DISPLAY_NAME, ALIAS_NAME, PRIVILEGE_ID) values ( 18, 'CATISSUE_COLLECTION_SPECIMEN_REQUIREMENT', 'Collection Specimen Requirement', 'CollectionSpecimenRequirement',2);
insert into CATISSUE_QUERY_INTERFACE_COLUMN_DATA ( IDENTIFIER, TABLE_ID, COLUMN_NAME , ATTRIBUTE_TYPE ) values ( 65, 18, 'COLLECTION_PROTOCOL_EVENT_ID', 'bigint');
insert into CATISSUE_QUERY_INTERFACE_COLUMN_DATA ( IDENTIFIER, TABLE_ID, COLUMN_NAME , ATTRIBUTE_TYPE ) values ( 66, 18, 'SPECIMEN_REQUIREMENT_ID', 'bigint');

insert into CATISSUE_QUERY_INTERFACE_TABLE_DATA  ( TABLE_ID, TABLE_NAME, DISPLAY_NAME, ALIAS_NAME, PRIVILEGE_ID) values ( 5, 'CATISSUE_DEPARTMENT', 'Department', 'Department',1);
insert into CATISSUE_QUERY_INTERFACE_COLUMN_DATA ( IDENTIFIER, TABLE_ID, COLUMN_NAME , ATTRIBUTE_TYPE ) values ( 67, 5, 'IDENTIFIER', 'bigint');
insert into CATISSUE_QUERY_INTERFACE_COLUMN_DATA ( IDENTIFIER, TABLE_ID, COLUMN_NAME , ATTRIBUTE_TYPE ) values ( 68, 5, 'NAME', 'varchar');

insert into CATISSUE_QUERY_INTERFACE_TABLE_DATA  ( TABLE_ID, TABLE_NAME, DISPLAY_NAME, ALIAS_NAME, PRIVILEGE_ID) values ( 47, 'CATISSUE_DISPOSAL_EVENT_PARAMETERS', 'Disposal Event Parameters', 'DisposalEventParameters',2);
insert into CATISSUE_QUERY_INTERFACE_COLUMN_DATA ( IDENTIFIER, TABLE_ID, COLUMN_NAME , ATTRIBUTE_TYPE ) values ( 69, 47, 'IDENTIFIER', 'bigint');
insert into CATISSUE_QUERY_INTERFACE_COLUMN_DATA ( IDENTIFIER, TABLE_ID, COLUMN_NAME , ATTRIBUTE_TYPE ) values ( 70, 47, 'REASON', 'varchar');

insert into CATISSUE_QUERY_INTERFACE_TABLE_DATA  ( TABLE_ID, TABLE_NAME, DISPLAY_NAME, ALIAS_NAME, PRIVILEGE_ID) values ( 37, 'CATISSUE_DISTRIBUTED_ITEM', 'Distributed Item', 'DistributedItem',1);
insert into CATISSUE_QUERY_INTERFACE_COLUMN_DATA ( IDENTIFIER, TABLE_ID, COLUMN_NAME , ATTRIBUTE_TYPE ) values ( 71, 37, 'IDENTIFIER', 'bigint');
insert into CATISSUE_QUERY_INTERFACE_COLUMN_DATA ( IDENTIFIER, TABLE_ID, COLUMN_NAME , ATTRIBUTE_TYPE ) values ( 72, 37, 'QUANTITY', 'double');
insert into CATISSUE_QUERY_INTERFACE_COLUMN_DATA ( IDENTIFIER, TABLE_ID, COLUMN_NAME , ATTRIBUTE_TYPE ) values ( 73, 37, 'SPECIMEN_ID', 'bigint');
insert into CATISSUE_QUERY_INTERFACE_COLUMN_DATA ( IDENTIFIER, TABLE_ID, COLUMN_NAME , ATTRIBUTE_TYPE ) values ( 74, 37, 'DISTRIBUTION_ID', 'bigint');

insert into CATISSUE_QUERY_INTERFACE_TABLE_DATA  ( TABLE_ID, TABLE_NAME, DISPLAY_NAME, ALIAS_NAME, PRIVILEGE_ID) values ( 38, 'CATISSUE_DISTRIBUTION', 'Distribution', 'Distribution',1);
insert into CATISSUE_QUERY_INTERFACE_COLUMN_DATA ( IDENTIFIER, TABLE_ID, COLUMN_NAME , ATTRIBUTE_TYPE ) values ( 75, 38, 'IDENTIFIER', 'bigint');
insert into CATISSUE_QUERY_INTERFACE_COLUMN_DATA ( IDENTIFIER, TABLE_ID, COLUMN_NAME , ATTRIBUTE_TYPE ) values ( 76, 38, 'TO_SITE_ID', 'bigint');
insert into CATISSUE_QUERY_INTERFACE_COLUMN_DATA ( IDENTIFIER, TABLE_ID, COLUMN_NAME , ATTRIBUTE_TYPE ) values ( 77, 38, 'FROM_SITE_ID', 'bigint');
insert into CATISSUE_QUERY_INTERFACE_COLUMN_DATA ( IDENTIFIER, TABLE_ID, COLUMN_NAME , ATTRIBUTE_TYPE ) values ( 78, 38, 'DISTRIBUTION_PROTOCOL_ID', 'bigint');

insert into CATISSUE_QUERY_INTERFACE_TABLE_DATA  ( TABLE_ID, TABLE_NAME, DISPLAY_NAME, ALIAS_NAME, PRIVILEGE_ID) values ( 19, 'CATISSUE_DISTRIBUTION_PROTOCOL', 'Distribution Protocol', 'DistributionProtocol',1);
insert into CATISSUE_QUERY_INTERFACE_COLUMN_DATA ( IDENTIFIER, TABLE_ID, COLUMN_NAME , ATTRIBUTE_TYPE ) values ( 79, 19, 'IDENTIFIER', 'bigint');

insert into CATISSUE_QUERY_INTERFACE_TABLE_DATA  ( TABLE_ID, TABLE_NAME, DISPLAY_NAME, ALIAS_NAME, PRIVILEGE_ID) values ( 20, 'CATISSUE_DISTRIBUTION_SPECIMEN_REQUIREMENT', 'Distribution Specimen Requirement', 'DistributionSpecimenRequirement',1);
insert into CATISSUE_QUERY_INTERFACE_COLUMN_DATA ( IDENTIFIER, TABLE_ID, COLUMN_NAME , ATTRIBUTE_TYPE ) values ( 80, 20, 'DISTRIBUTION_PROTOCOL_ID', 'bigint');
insert into CATISSUE_QUERY_INTERFACE_COLUMN_DATA ( IDENTIFIER, TABLE_ID, COLUMN_NAME , ATTRIBUTE_TYPE ) values ( 81, 20, 'SPECIMEN_REQUIREMENT_ID', 'bigint');

insert into CATISSUE_QUERY_INTERFACE_TABLE_DATA  ( TABLE_ID, TABLE_NAME, DISPLAY_NAME, ALIAS_NAME, PRIVILEGE_ID) values ( 48, 'CATISSUE_EMBEDDED_EVENT_PARAMETERS', 'Embedded Event Parameters', 'EmbeddedEventParameters',2);
insert into CATISSUE_QUERY_INTERFACE_COLUMN_DATA ( IDENTIFIER, TABLE_ID, COLUMN_NAME , ATTRIBUTE_TYPE ) values ( 82, 48, 'IDENTIFIER', 'bigint');
insert into CATISSUE_QUERY_INTERFACE_COLUMN_DATA ( IDENTIFIER, TABLE_ID, COLUMN_NAME , ATTRIBUTE_TYPE ) values ( 83, 48, 'EMBEDDING_MEDIUM', 'varchar');

insert into CATISSUE_QUERY_INTERFACE_TABLE_DATA  ( TABLE_ID, TABLE_NAME, DISPLAY_NAME, ALIAS_NAME, PRIVILEGE_ID) values ( 28, 'CATISSUE_EXTERNAL_IDENTIFIER', 'External Identifier', 'ExternalIdentifier',2);
insert into CATISSUE_QUERY_INTERFACE_COLUMN_DATA ( IDENTIFIER, TABLE_ID, COLUMN_NAME , ATTRIBUTE_TYPE ) values ( 84, 28, 'IDENTIFIER', 'bigint');
insert into CATISSUE_QUERY_INTERFACE_COLUMN_DATA ( IDENTIFIER, TABLE_ID, COLUMN_NAME , ATTRIBUTE_TYPE ) values ( 85, 28, 'NAME', 'varchar');
insert into CATISSUE_QUERY_INTERFACE_COLUMN_DATA ( IDENTIFIER, TABLE_ID, COLUMN_NAME , ATTRIBUTE_TYPE ) values ( 86, 28, 'VALUE', 'varchar');
insert into CATISSUE_QUERY_INTERFACE_COLUMN_DATA ( IDENTIFIER, TABLE_ID, COLUMN_NAME , ATTRIBUTE_TYPE ) values ( 87, 28, 'SPECIMEN_ID', 'bigint');

insert into CATISSUE_QUERY_INTERFACE_TABLE_DATA  ( TABLE_ID, TABLE_NAME, DISPLAY_NAME, ALIAS_NAME, PRIVILEGE_ID) values ( 49, 'CATISSUE_FIXED_EVENT_PARAMETERS', 'Fixed Event Parameters', 'FixedEventParameters',2);
insert into CATISSUE_QUERY_INTERFACE_COLUMN_DATA ( IDENTIFIER, TABLE_ID, COLUMN_NAME , ATTRIBUTE_TYPE ) values ( 88, 49, 'IDENTIFIER', 'bigint');
insert into CATISSUE_QUERY_INTERFACE_COLUMN_DATA ( IDENTIFIER, TABLE_ID, COLUMN_NAME , ATTRIBUTE_TYPE ) values ( 89, 49, 'FIXATION_TYPE', 'varchar');
insert into CATISSUE_QUERY_INTERFACE_COLUMN_DATA ( IDENTIFIER, TABLE_ID, COLUMN_NAME , ATTRIBUTE_TYPE ) values ( 90, 49, 'DURATION_IN_MINUTES', 'integer');

insert into CATISSUE_QUERY_INTERFACE_TABLE_DATA  ( TABLE_ID, TABLE_NAME, DISPLAY_NAME, ALIAS_NAME, PRIVILEGE_ID) values ( 29, 'CATISSUE_FLUID_SPECIMEN', 'Fluid Specimen', 'FluidSpecimen',2);
insert into CATISSUE_QUERY_INTERFACE_COLUMN_DATA ( IDENTIFIER, TABLE_ID, COLUMN_NAME , ATTRIBUTE_TYPE ) values ( 91, 29, 'IDENTIFIER', 'bigint');
insert into CATISSUE_QUERY_INTERFACE_COLUMN_DATA ( IDENTIFIER, TABLE_ID, COLUMN_NAME , ATTRIBUTE_TYPE ) values ( 92, 29, 'QUANTITY_IN_MILILITER', 'double');
insert into CATISSUE_QUERY_INTERFACE_COLUMN_DATA ( IDENTIFIER, TABLE_ID, COLUMN_NAME , ATTRIBUTE_TYPE ) values ( 93, 29, 'AVAILABLE_QUANTITY_IN_MILILITER', 'double');

insert into CATISSUE_QUERY_INTERFACE_TABLE_DATA  ( TABLE_ID, TABLE_NAME, DISPLAY_NAME, ALIAS_NAME, PRIVILEGE_ID) values ( 16, 'CATISSUE_FLUID_SPECIMEN_REQUIREMENT', 'Fluid Specimen Requirement', 'FluidSpecimenRequirement',2);
insert into CATISSUE_QUERY_INTERFACE_COLUMN_DATA ( IDENTIFIER, TABLE_ID, COLUMN_NAME , ATTRIBUTE_TYPE ) values ( 94, 16, 'IDENTIFIER', 'bigint');
insert into CATISSUE_QUERY_INTERFACE_COLUMN_DATA ( IDENTIFIER, TABLE_ID, COLUMN_NAME , ATTRIBUTE_TYPE ) values ( 95, 16, 'QUANTITY_IN_MILILITER', 'double');

insert into CATISSUE_QUERY_INTERFACE_TABLE_DATA  ( TABLE_ID, TABLE_NAME, DISPLAY_NAME, ALIAS_NAME, PRIVILEGE_ID) values ( 50, 'CATISSUE_FLUID_SPECIMEN_REVIEW_EVENT_PARAMETERS', 'Fluid Specimen Review Event Parameters', 'FluidSpecimenReviewEventParameters',2);
insert into CATISSUE_QUERY_INTERFACE_COLUMN_DATA ( IDENTIFIER, TABLE_ID, COLUMN_NAME , ATTRIBUTE_TYPE ) values ( 96, 50, 'IDENTIFIER', 'bigint');
insert into CATISSUE_QUERY_INTERFACE_COLUMN_DATA ( IDENTIFIER, TABLE_ID, COLUMN_NAME , ATTRIBUTE_TYPE ) values ( 97, 50, 'CELL_COUNT', 'double');

insert into CATISSUE_QUERY_INTERFACE_TABLE_DATA  ( TABLE_ID, TABLE_NAME, DISPLAY_NAME, ALIAS_NAME, PRIVILEGE_ID) values ( 51, 'CATISSUE_FROZEN_EVENT_PARAMETERS', 'Frozen Event Parameters', 'FrozenEventParameters',2);
insert into CATISSUE_QUERY_INTERFACE_COLUMN_DATA ( IDENTIFIER, TABLE_ID, COLUMN_NAME , ATTRIBUTE_TYPE ) values ( 98, 51, 'IDENTIFIER', 'bigint');
insert into CATISSUE_QUERY_INTERFACE_COLUMN_DATA ( IDENTIFIER, TABLE_ID, COLUMN_NAME , ATTRIBUTE_TYPE ) values ( 99, 51, 'METHOD', 'varchar');

insert into CATISSUE_QUERY_INTERFACE_TABLE_DATA  ( TABLE_ID, TABLE_NAME, DISPLAY_NAME, ALIAS_NAME, PRIVILEGE_ID) values ( 6, 'CATISSUE_INSTITUTION', 'Institution', 'Institution',1);
insert into CATISSUE_QUERY_INTERFACE_COLUMN_DATA ( IDENTIFIER, TABLE_ID, COLUMN_NAME , ATTRIBUTE_TYPE ) values ( 100, 6, 'IDENTIFIER', 'bigint');
insert into CATISSUE_QUERY_INTERFACE_COLUMN_DATA ( IDENTIFIER, TABLE_ID, COLUMN_NAME , ATTRIBUTE_TYPE ) values ( 101, 6, 'NAME', 'varchar');

insert into CATISSUE_QUERY_INTERFACE_TABLE_DATA  ( TABLE_ID, TABLE_NAME, DISPLAY_NAME, ALIAS_NAME, PRIVILEGE_ID) values ( 30, 'CATISSUE_MOLECULAR_SPECIMEN', 'Molecular Specimen', 'MolecularSpecimen',2);
insert into CATISSUE_QUERY_INTERFACE_COLUMN_DATA ( IDENTIFIER, TABLE_ID, COLUMN_NAME , ATTRIBUTE_TYPE ) values ( 102, 30, 'IDENTIFIER', 'bigint');
insert into CATISSUE_QUERY_INTERFACE_COLUMN_DATA ( IDENTIFIER, TABLE_ID, COLUMN_NAME , ATTRIBUTE_TYPE ) values ( 103, 30, 'CONCENTRATION_IN_MICROGRAM_PER_MICROLITER', 'double');
insert into CATISSUE_QUERY_INTERFACE_COLUMN_DATA ( IDENTIFIER, TABLE_ID, COLUMN_NAME , ATTRIBUTE_TYPE ) values ( 104, 30, 'QUANTITY_IN_MICROGRAM', 'double');
insert into CATISSUE_QUERY_INTERFACE_COLUMN_DATA ( IDENTIFIER, TABLE_ID, COLUMN_NAME , ATTRIBUTE_TYPE ) values ( 105, 30, 'AVAILABLE_QUANTITY_IN_MICROGRAM', 'double');

insert into CATISSUE_QUERY_INTERFACE_TABLE_DATA  ( TABLE_ID, TABLE_NAME, DISPLAY_NAME, ALIAS_NAME, PRIVILEGE_ID) values ( 14, 'CATISSUE_MOLECULAR_SPECIMEN_REQUIREMENT', 'Molecular Specimen Requirement', 'MolecularSpecimenRequirement',2);
insert into CATISSUE_QUERY_INTERFACE_COLUMN_DATA ( IDENTIFIER, TABLE_ID, COLUMN_NAME , ATTRIBUTE_TYPE ) values ( 106, 14, 'IDENTIFIER', 'bigint');
insert into CATISSUE_QUERY_INTERFACE_COLUMN_DATA ( IDENTIFIER, TABLE_ID, COLUMN_NAME , ATTRIBUTE_TYPE ) values ( 107, 14, 'QUANTITY_IN_MICRO_GRAM', 'double');

insert into CATISSUE_QUERY_INTERFACE_TABLE_DATA  ( TABLE_ID, TABLE_NAME, DISPLAY_NAME, ALIAS_NAME, PRIVILEGE_ID) values ( 52, 'CATISSUE_MOLECULAR_SPECIMEN_REVIEW_PARAMETERS', 'Molecular Specimen Review Parameters', 'MolecularSpecimenReviewParameters',2);
insert into CATISSUE_QUERY_INTERFACE_COLUMN_DATA ( IDENTIFIER, TABLE_ID, COLUMN_NAME , ATTRIBUTE_TYPE ) values ( 108, 52, 'IDENTIFIER', 'bigint');
insert into CATISSUE_QUERY_INTERFACE_COLUMN_DATA ( IDENTIFIER, TABLE_ID, COLUMN_NAME , ATTRIBUTE_TYPE ) values ( 109, 52, 'GEL_IMAGE_URL', 'varchar');
insert into CATISSUE_QUERY_INTERFACE_COLUMN_DATA ( IDENTIFIER, TABLE_ID, COLUMN_NAME , ATTRIBUTE_TYPE ) values ( 110, 52, 'QUALITY_INDEX', 'varchar');
insert into CATISSUE_QUERY_INTERFACE_COLUMN_DATA ( IDENTIFIER, TABLE_ID, COLUMN_NAME , ATTRIBUTE_TYPE ) values ( 111, 52, 'LANE_NUMBER', 'varchar');
insert into CATISSUE_QUERY_INTERFACE_COLUMN_DATA ( IDENTIFIER, TABLE_ID, COLUMN_NAME , ATTRIBUTE_TYPE ) values ( 112, 52, 'GEL_NUMBER', 'integer');
insert into CATISSUE_QUERY_INTERFACE_COLUMN_DATA ( IDENTIFIER, TABLE_ID, COLUMN_NAME , ATTRIBUTE_TYPE ) values ( 113, 52, 'ABSORBANCE_AT_260', 'double');
insert into CATISSUE_QUERY_INTERFACE_COLUMN_DATA ( IDENTIFIER, TABLE_ID, COLUMN_NAME , ATTRIBUTE_TYPE ) values ( 114, 52, 'ABSORBANCE_AT_280', 'double');
insert into CATISSUE_QUERY_INTERFACE_COLUMN_DATA ( IDENTIFIER, TABLE_ID, COLUMN_NAME , ATTRIBUTE_TYPE ) values ( 115, 52, 'RATIO_28S_TO_18S', 'double');

insert into CATISSUE_QUERY_INTERFACE_TABLE_DATA  ( TABLE_ID, TABLE_NAME, DISPLAY_NAME, ALIAS_NAME, PRIVILEGE_ID) values ( 31, 'CATISSUE_PARTICIPANT', 'Participant', 'Participant',2);
insert into CATISSUE_QUERY_INTERFACE_COLUMN_DATA ( IDENTIFIER, TABLE_ID, COLUMN_NAME , ATTRIBUTE_TYPE ) values ( 116, 31, 'IDENTIFIER', 'bigint');
insert into CATISSUE_QUERY_INTERFACE_COLUMN_DATA ( IDENTIFIER, TABLE_ID, COLUMN_NAME , ATTRIBUTE_TYPE ) values ( 117, 31, 'LAST_NAME', 'varchar');
insert into CATISSUE_QUERY_INTERFACE_COLUMN_DATA ( IDENTIFIER, TABLE_ID, COLUMN_NAME , ATTRIBUTE_TYPE ) values ( 118, 31, 'FIRST_NAME', 'varchar');
insert into CATISSUE_QUERY_INTERFACE_COLUMN_DATA ( IDENTIFIER, TABLE_ID, COLUMN_NAME , ATTRIBUTE_TYPE ) values ( 119, 31, 'MIDDLE_NAME', 'varchar');
insert into CATISSUE_QUERY_INTERFACE_COLUMN_DATA ( IDENTIFIER, TABLE_ID, COLUMN_NAME , ATTRIBUTE_TYPE ) values ( 120, 31, 'BIRTH_DATE', 'date');
insert into CATISSUE_QUERY_INTERFACE_COLUMN_DATA ( IDENTIFIER, TABLE_ID, COLUMN_NAME , ATTRIBUTE_TYPE ) values ( 121, 31, 'GENDER', 'varchar');
insert into CATISSUE_QUERY_INTERFACE_COLUMN_DATA ( IDENTIFIER, TABLE_ID, COLUMN_NAME , ATTRIBUTE_TYPE ) values ( 122, 31, 'GENOTYPE', 'varchar');
insert into CATISSUE_QUERY_INTERFACE_COLUMN_DATA ( IDENTIFIER, TABLE_ID, COLUMN_NAME , ATTRIBUTE_TYPE ) values ( 123, 31, 'RACE', 'varchar');
insert into CATISSUE_QUERY_INTERFACE_COLUMN_DATA ( IDENTIFIER, TABLE_ID, COLUMN_NAME , ATTRIBUTE_TYPE ) values ( 124, 31, 'ETHNICITY', 'varchar');
insert into CATISSUE_QUERY_INTERFACE_COLUMN_DATA ( IDENTIFIER, TABLE_ID, COLUMN_NAME , ATTRIBUTE_TYPE ) values ( 125, 31, 'SOCIAL_SECURITY_NUMBER', 'varchar');
insert into CATISSUE_QUERY_INTERFACE_COLUMN_DATA ( IDENTIFIER, TABLE_ID, COLUMN_NAME , ATTRIBUTE_TYPE ) values ( 126, 31, 'ACTIVITY_STATUS', 'varchar');

insert into CATISSUE_QUERY_INTERFACE_TABLE_DATA  ( TABLE_ID, TABLE_NAME, DISPLAY_NAME, ALIAS_NAME, PRIVILEGE_ID) values ( 32, 'CATISSUE_PARTICIPANT_MEDICAL_IDENTIFIER', 'Participant Medical Identifier', 'ParticipantMedicalIdentifier',2);
insert into CATISSUE_QUERY_INTERFACE_COLUMN_DATA ( IDENTIFIER, TABLE_ID, COLUMN_NAME , ATTRIBUTE_TYPE ) values ( 127, 32, 'IDENTIFIER', 'bigint');
insert into CATISSUE_QUERY_INTERFACE_COLUMN_DATA ( IDENTIFIER, TABLE_ID, COLUMN_NAME , ATTRIBUTE_TYPE ) values ( 128, 32, 'MEDICAL_RECORD_NUMBER', 'varchar');
insert into CATISSUE_QUERY_INTERFACE_COLUMN_DATA ( IDENTIFIER, TABLE_ID, COLUMN_NAME , ATTRIBUTE_TYPE ) values ( 129, 32, 'SITE_ID', 'bigint');
insert into CATISSUE_QUERY_INTERFACE_COLUMN_DATA ( IDENTIFIER, TABLE_ID, COLUMN_NAME , ATTRIBUTE_TYPE ) values ( 130, 32, 'PARTICIPANT_ID', 'bigint');

insert into CATISSUE_QUERY_INTERFACE_TABLE_DATA  ( TABLE_ID, TABLE_NAME, DISPLAY_NAME, ALIAS_NAME, PRIVILEGE_ID) values ( 53, 'CATISSUE_PERMISSIBLE_VALUE', 'Permissible Value', 'PermissibleValue',0);
insert into CATISSUE_QUERY_INTERFACE_COLUMN_DATA ( IDENTIFIER, TABLE_ID, COLUMN_NAME , ATTRIBUTE_TYPE ) values ( 131, 53, 'IDENTIFIER', 'varchar');
insert into CATISSUE_QUERY_INTERFACE_COLUMN_DATA ( IDENTIFIER, TABLE_ID, COLUMN_NAME , ATTRIBUTE_TYPE ) values ( 132, 53, 'CONCEPT_CODE', 'varchar');
insert into CATISSUE_QUERY_INTERFACE_COLUMN_DATA ( IDENTIFIER, TABLE_ID, COLUMN_NAME , ATTRIBUTE_TYPE ) values ( 133, 53, 'DEFINITION', 'text');
insert into CATISSUE_QUERY_INTERFACE_COLUMN_DATA ( IDENTIFIER, TABLE_ID, COLUMN_NAME , ATTRIBUTE_TYPE ) values ( 134, 53, 'EVS_CODE', 'text');
insert into CATISSUE_QUERY_INTERFACE_COLUMN_DATA ( IDENTIFIER, TABLE_ID, COLUMN_NAME , ATTRIBUTE_TYPE ) values ( 135, 53, 'PARENT_IDENTIFIER', 'varchar');
insert into CATISSUE_QUERY_INTERFACE_COLUMN_DATA ( IDENTIFIER, TABLE_ID, COLUMN_NAME , ATTRIBUTE_TYPE ) values ( 136, 53, 'VALUE', 'varchar');
insert into CATISSUE_QUERY_INTERFACE_COLUMN_DATA ( IDENTIFIER, TABLE_ID, COLUMN_NAME , ATTRIBUTE_TYPE ) values ( 137, 53, 'PUBLIC_ID', 'varchar');

insert into CATISSUE_QUERY_INTERFACE_TABLE_DATA  ( TABLE_ID, TABLE_NAME, DISPLAY_NAME, ALIAS_NAME, PRIVILEGE_ID) values ( 54, 'CATISSUE_PROCEDURE_EVENT_PARAMETERS', 'Procedure Event Parameters', 'ProcedureEventParameters',2);
insert into CATISSUE_QUERY_INTERFACE_COLUMN_DATA ( IDENTIFIER, TABLE_ID, COLUMN_NAME , ATTRIBUTE_TYPE ) values ( 138, 54, 'IDENTIFIER', 'bigint');
insert into CATISSUE_QUERY_INTERFACE_COLUMN_DATA ( IDENTIFIER, TABLE_ID, COLUMN_NAME , ATTRIBUTE_TYPE ) values ( 139, 54, 'URL', 'varchar');
insert into CATISSUE_QUERY_INTERFACE_COLUMN_DATA ( IDENTIFIER, TABLE_ID, COLUMN_NAME , ATTRIBUTE_TYPE ) values ( 140, 54, 'NAME', 'varchar');

insert into CATISSUE_QUERY_INTERFACE_TABLE_DATA  ( TABLE_ID, TABLE_NAME, DISPLAY_NAME, ALIAS_NAME, PRIVILEGE_ID) values ( 55, 'CATISSUE_QUERY_INTERFACE_COLUMN_DATA', 'Query Interface Column Data', 'QueryInterfaceColumnData',0);
insert into CATISSUE_QUERY_INTERFACE_COLUMN_DATA ( IDENTIFIER, TABLE_ID, COLUMN_NAME , ATTRIBUTE_TYPE ) values ( 141, 55, 'IDENTIFIER', 'bigint');
insert into CATISSUE_QUERY_INTERFACE_COLUMN_DATA ( IDENTIFIER, TABLE_ID, COLUMN_NAME , ATTRIBUTE_TYPE ) values ( 142, 55, 'TABLE_ID', 'bigint');
insert into CATISSUE_QUERY_INTERFACE_COLUMN_DATA ( IDENTIFIER, TABLE_ID, COLUMN_NAME , ATTRIBUTE_TYPE ) values ( 143, 55, 'COLUMN_NAME', 'varchar');
insert into CATISSUE_QUERY_INTERFACE_COLUMN_DATA ( IDENTIFIER, TABLE_ID, COLUMN_NAME , ATTRIBUTE_TYPE ) values ( 144, 55, 'DISPLAY_NAME', 'varchar');
insert into CATISSUE_QUERY_INTERFACE_COLUMN_DATA ( IDENTIFIER, TABLE_ID, COLUMN_NAME , ATTRIBUTE_TYPE ) values ( 145, 55, 'ATTRIBUTE_TYPE', 'varchar');

insert into CATISSUE_QUERY_INTERFACE_TABLE_DATA  ( TABLE_ID, TABLE_NAME, DISPLAY_NAME, ALIAS_NAME, PRIVILEGE_ID) values ( 56, 'CATISSUE_QUERY_INTERFACE_TABLE_DATA', 'Query Interface Table Data', 'QueryInterfaceTableData',0);
insert into CATISSUE_QUERY_INTERFACE_COLUMN_DATA ( IDENTIFIER, TABLE_ID, COLUMN_NAME , ATTRIBUTE_TYPE ) values ( 146, 56, 'TABLE_ID', 'bigint');
insert into CATISSUE_QUERY_INTERFACE_COLUMN_DATA ( IDENTIFIER, TABLE_ID, COLUMN_NAME , ATTRIBUTE_TYPE ) values ( 147, 56, 'DISPLAY_NAME', 'varchar');
insert into CATISSUE_QUERY_INTERFACE_COLUMN_DATA ( IDENTIFIER, TABLE_ID, COLUMN_NAME , ATTRIBUTE_TYPE ) values ( 148, 56, 'TABLE_NAME', 'varchar');
insert into CATISSUE_QUERY_INTERFACE_COLUMN_DATA ( IDENTIFIER, TABLE_ID, COLUMN_NAME , ATTRIBUTE_TYPE ) values ( 149, 56, 'ALIAS_NAME', 'varchar');

insert into CATISSUE_QUERY_INTERFACE_TABLE_DATA  ( TABLE_ID, TABLE_NAME, DISPLAY_NAME, ALIAS_NAME, PRIVILEGE_ID) values ( 57, 'CATISSUE_RECEIVED_EVENT_PARAMETERS', 'Received Event Parameters', 'ReceivedEventParameters',2);
insert into CATISSUE_QUERY_INTERFACE_COLUMN_DATA ( IDENTIFIER, TABLE_ID, COLUMN_NAME , ATTRIBUTE_TYPE ) values ( 150, 57, 'IDENTIFIER', 'bigint');
insert into CATISSUE_QUERY_INTERFACE_COLUMN_DATA ( IDENTIFIER, TABLE_ID, COLUMN_NAME , ATTRIBUTE_TYPE ) values ( 151, 57, 'RECEIVED_QUALITY', 'varchar');

insert into CATISSUE_QUERY_INTERFACE_TABLE_DATA  ( TABLE_ID, TABLE_NAME, DISPLAY_NAME, ALIAS_NAME, PRIVILEGE_ID) values ( 58, 'CATISSUE_RELATED_TABLES_MAP', 'Related Tables Map', 'RelatedTablesMap',0);
insert into CATISSUE_QUERY_INTERFACE_COLUMN_DATA ( IDENTIFIER, TABLE_ID, COLUMN_NAME , ATTRIBUTE_TYPE ) values ( 152, 58, 'FIRST_TABLE_ID', 'bigint');
insert into CATISSUE_QUERY_INTERFACE_COLUMN_DATA ( IDENTIFIER, TABLE_ID, COLUMN_NAME , ATTRIBUTE_TYPE ) values ( 153, 58, 'SECOND_TABLE_ID', 'bigint');
insert into CATISSUE_QUERY_INTERFACE_COLUMN_DATA ( IDENTIFIER, TABLE_ID, COLUMN_NAME , ATTRIBUTE_TYPE ) values ( 154, 58, 'FIRST_TABLE_JOIN_COLUMN', 'varchar');
insert into CATISSUE_QUERY_INTERFACE_COLUMN_DATA ( IDENTIFIER, TABLE_ID, COLUMN_NAME , ATTRIBUTE_TYPE ) values ( 155, 58, 'SECOND_TABLE_JOIN_COLUMN', 'varchar');

insert into CATISSUE_QUERY_INTERFACE_TABLE_DATA  ( TABLE_ID, TABLE_NAME, DISPLAY_NAME, ALIAS_NAME, PRIVILEGE_ID) values ( 59, 'CATISSUE_REPORTED_PROBLEM', 'Reported Problem', 'ReportedProblem',1);
insert into CATISSUE_QUERY_INTERFACE_COLUMN_DATA ( IDENTIFIER, TABLE_ID, COLUMN_NAME , ATTRIBUTE_TYPE ) values ( 156, 59, 'SYSTEM_IDENTIFIER', 'bigint');
insert into CATISSUE_QUERY_INTERFACE_COLUMN_DATA ( IDENTIFIER, TABLE_ID, COLUMN_NAME , ATTRIBUTE_TYPE ) values ( 157, 59, 'AFFILIATION', 'varchar');
insert into CATISSUE_QUERY_INTERFACE_COLUMN_DATA ( IDENTIFIER, TABLE_ID, COLUMN_NAME , ATTRIBUTE_TYPE ) values ( 158, 59, 'NAME_OF_REPORTER', 'varchar');
insert into CATISSUE_QUERY_INTERFACE_COLUMN_DATA ( IDENTIFIER, TABLE_ID, COLUMN_NAME , ATTRIBUTE_TYPE ) values ( 159, 59, 'REPORTERS_EMAIL_ID', 'varchar');
insert into CATISSUE_QUERY_INTERFACE_COLUMN_DATA ( IDENTIFIER, TABLE_ID, COLUMN_NAME , ATTRIBUTE_TYPE ) values ( 160, 59, 'MESSAGE_BODY', 'varchar');
insert into CATISSUE_QUERY_INTERFACE_COLUMN_DATA ( IDENTIFIER, TABLE_ID, COLUMN_NAME , ATTRIBUTE_TYPE ) values ( 161, 59, 'SUBJECT', 'varchar');
insert into CATISSUE_QUERY_INTERFACE_COLUMN_DATA ( IDENTIFIER, TABLE_ID, COLUMN_NAME , ATTRIBUTE_TYPE ) values ( 162, 59, 'REPORTED_DATE', 'date');
insert into CATISSUE_QUERY_INTERFACE_COLUMN_DATA ( IDENTIFIER, TABLE_ID, COLUMN_NAME , ATTRIBUTE_TYPE ) values ( 163, 59, 'ACTIVITY_STATUS', 'varchar');
insert into CATISSUE_QUERY_INTERFACE_COLUMN_DATA ( IDENTIFIER, TABLE_ID, COLUMN_NAME , ATTRIBUTE_TYPE ) values ( 164, 59, 'COMMENTS', 'text');

insert into CATISSUE_QUERY_INTERFACE_TABLE_DATA  ( TABLE_ID, TABLE_NAME, DISPLAY_NAME, ALIAS_NAME, PRIVILEGE_ID) values ( 60, 'CATISSUE_REVIEW_EVENT_PARAMETERS', 'Review Event Parameters', 'ReviewEventParameters',2);
insert into CATISSUE_QUERY_INTERFACE_COLUMN_DATA ( IDENTIFIER, TABLE_ID, COLUMN_NAME , ATTRIBUTE_TYPE ) values ( 165, 60, 'IDENTIFIER', 'bigint');

insert into CATISSUE_QUERY_INTERFACE_TABLE_DATA  ( TABLE_ID, TABLE_NAME, DISPLAY_NAME, ALIAS_NAME, PRIVILEGE_ID) values ( 61, 'CATISSUE_SIGNUP_USER', 'Signup User', 'SignupUser',2);
insert into CATISSUE_QUERY_INTERFACE_COLUMN_DATA ( IDENTIFIER, TABLE_ID, COLUMN_NAME , ATTRIBUTE_TYPE ) values ( 166, 61, 'IDENTIFIER', 'bigint');
insert into CATISSUE_QUERY_INTERFACE_COLUMN_DATA ( IDENTIFIER, TABLE_ID, COLUMN_NAME , ATTRIBUTE_TYPE ) values ( 167, 61, 'FIRST_NAME', 'varchar');
insert into CATISSUE_QUERY_INTERFACE_COLUMN_DATA ( IDENTIFIER, TABLE_ID, COLUMN_NAME , ATTRIBUTE_TYPE ) values ( 168, 61, 'LAST_NAME', 'varchar');
insert into CATISSUE_QUERY_INTERFACE_COLUMN_DATA ( IDENTIFIER, TABLE_ID, COLUMN_NAME , ATTRIBUTE_TYPE ) values ( 169, 61, 'LOGIN_NAME', 'varchar');
insert into CATISSUE_QUERY_INTERFACE_COLUMN_DATA ( IDENTIFIER, TABLE_ID, COLUMN_NAME , ATTRIBUTE_TYPE ) values ( 170, 61, 'EMAIL_ADDRESS', 'varchar');
insert into CATISSUE_QUERY_INTERFACE_COLUMN_DATA ( IDENTIFIER, TABLE_ID, COLUMN_NAME , ATTRIBUTE_TYPE ) values ( 171, 61, 'START_DATE', 'date');
insert into CATISSUE_QUERY_INTERFACE_COLUMN_DATA ( IDENTIFIER, TABLE_ID, COLUMN_NAME , ATTRIBUTE_TYPE ) values ( 172, 61, 'ACTIVITY_STATUS', 'varchar');
insert into CATISSUE_QUERY_INTERFACE_COLUMN_DATA ( IDENTIFIER, TABLE_ID, COLUMN_NAME , ATTRIBUTE_TYPE ) values ( 173, 61, 'DEPARTMENT_ID', 'bigint');
insert into CATISSUE_QUERY_INTERFACE_COLUMN_DATA ( IDENTIFIER, TABLE_ID, COLUMN_NAME , ATTRIBUTE_TYPE ) values ( 174, 61, 'STREET', 'varchar');
insert into CATISSUE_QUERY_INTERFACE_COLUMN_DATA ( IDENTIFIER, TABLE_ID, COLUMN_NAME , ATTRIBUTE_TYPE ) values ( 175, 61, 'CITY', 'varchar');
insert into CATISSUE_QUERY_INTERFACE_COLUMN_DATA ( IDENTIFIER, TABLE_ID, COLUMN_NAME , ATTRIBUTE_TYPE ) values ( 176, 61, 'STATE', 'varchar');
insert into CATISSUE_QUERY_INTERFACE_COLUMN_DATA ( IDENTIFIER, TABLE_ID, COLUMN_NAME , ATTRIBUTE_TYPE ) values ( 177, 61, 'COUNTRY', 'varchar');
insert into CATISSUE_QUERY_INTERFACE_COLUMN_DATA ( IDENTIFIER, TABLE_ID, COLUMN_NAME , ATTRIBUTE_TYPE ) values ( 178, 61, 'ZIPCODE', 'varchar');
insert into CATISSUE_QUERY_INTERFACE_COLUMN_DATA ( IDENTIFIER, TABLE_ID, COLUMN_NAME , ATTRIBUTE_TYPE ) values ( 179, 61, 'PHONE_NUMBER', 'varchar');
insert into CATISSUE_QUERY_INTERFACE_COLUMN_DATA ( IDENTIFIER, TABLE_ID, COLUMN_NAME , ATTRIBUTE_TYPE ) values ( 180, 61, 'FAX_NUMBER', 'varchar');
insert into CATISSUE_QUERY_INTERFACE_COLUMN_DATA ( IDENTIFIER, TABLE_ID, COLUMN_NAME , ATTRIBUTE_TYPE ) values ( 181, 61, 'CANCER_RESEARCH_GROUP_ID', 'bigint');
insert into CATISSUE_QUERY_INTERFACE_COLUMN_DATA ( IDENTIFIER, TABLE_ID, COLUMN_NAME , ATTRIBUTE_TYPE ) values ( 182, 61, 'INSTITUTION_ID', 'bigint');
insert into CATISSUE_QUERY_INTERFACE_COLUMN_DATA ( IDENTIFIER, TABLE_ID, COLUMN_NAME , ATTRIBUTE_TYPE ) values ( 183, 61, 'STATUS_COMMENT', 'text');

insert into CATISSUE_QUERY_INTERFACE_TABLE_DATA  ( TABLE_ID, TABLE_NAME, DISPLAY_NAME, ALIAS_NAME, PRIVILEGE_ID) values ( 3, 'CATISSUE_SITE', 'Site', 'Site',2);
insert into CATISSUE_QUERY_INTERFACE_COLUMN_DATA ( IDENTIFIER, TABLE_ID, COLUMN_NAME , ATTRIBUTE_TYPE ) values ( 184, 3, 'IDENTIFIER', 'bigint');
insert into CATISSUE_QUERY_INTERFACE_COLUMN_DATA ( IDENTIFIER, TABLE_ID, COLUMN_NAME , ATTRIBUTE_TYPE ) values ( 185, 3, 'NAME', 'varchar');
insert into CATISSUE_QUERY_INTERFACE_COLUMN_DATA ( IDENTIFIER, TABLE_ID, COLUMN_NAME , ATTRIBUTE_TYPE ) values ( 186, 3, 'TYPE', 'varchar');
insert into CATISSUE_QUERY_INTERFACE_COLUMN_DATA ( IDENTIFIER, TABLE_ID, COLUMN_NAME , ATTRIBUTE_TYPE ) values ( 187, 3, 'EMAIL_ADDRESS', 'varchar');
insert into CATISSUE_QUERY_INTERFACE_COLUMN_DATA ( IDENTIFIER, TABLE_ID, COLUMN_NAME , ATTRIBUTE_TYPE ) values ( 188, 3, 'USER_ID', 'bigint');
insert into CATISSUE_QUERY_INTERFACE_COLUMN_DATA ( IDENTIFIER, TABLE_ID, COLUMN_NAME , ATTRIBUTE_TYPE ) values ( 189, 3, 'ACTIVITY_STATUS', 'varchar');
insert into CATISSUE_QUERY_INTERFACE_COLUMN_DATA ( IDENTIFIER, TABLE_ID, COLUMN_NAME , ATTRIBUTE_TYPE ) values ( 190, 3, 'ADDRESS_ID', 'bigint');

insert into CATISSUE_QUERY_INTERFACE_TABLE_DATA  ( TABLE_ID, TABLE_NAME, DISPLAY_NAME, ALIAS_NAME, PRIVILEGE_ID) values ( 33, 'CATISSUE_SPECIMEN', 'Specimen', 'Specimen',2);
insert into CATISSUE_QUERY_INTERFACE_COLUMN_DATA ( IDENTIFIER, TABLE_ID, COLUMN_NAME , ATTRIBUTE_TYPE ) values ( 191, 33, 'IDENTIFIER', 'bigint');
insert into CATISSUE_QUERY_INTERFACE_COLUMN_DATA ( IDENTIFIER, TABLE_ID, COLUMN_NAME , ATTRIBUTE_TYPE ) values ( 192, 33, 'TYPE', 'varchar');
insert into CATISSUE_QUERY_INTERFACE_COLUMN_DATA ( IDENTIFIER, TABLE_ID, COLUMN_NAME , ATTRIBUTE_TYPE ) values ( 193, 33, 'AVAILABLE', 'tinyint');
insert into CATISSUE_QUERY_INTERFACE_COLUMN_DATA ( IDENTIFIER, TABLE_ID, COLUMN_NAME , ATTRIBUTE_TYPE ) values ( 194, 33, 'POSITION_DIMENSION_ONE', 'integer');
insert into CATISSUE_QUERY_INTERFACE_COLUMN_DATA ( IDENTIFIER, TABLE_ID, COLUMN_NAME , ATTRIBUTE_TYPE ) values ( 195, 33, 'POSITION_DIMENSION_TWO', 'integer');
insert into CATISSUE_QUERY_INTERFACE_COLUMN_DATA ( IDENTIFIER, TABLE_ID, COLUMN_NAME , ATTRIBUTE_TYPE ) values ( 196, 33, 'BARCODE', 'varchar');
insert into CATISSUE_QUERY_INTERFACE_COLUMN_DATA ( IDENTIFIER, TABLE_ID, COLUMN_NAME , ATTRIBUTE_TYPE ) values ( 197, 33, 'COMMENTS', 'varchar');
insert into CATISSUE_QUERY_INTERFACE_COLUMN_DATA ( IDENTIFIER, TABLE_ID, COLUMN_NAME , ATTRIBUTE_TYPE ) values ( 198, 33, 'ACTIVITY_STATUS', 'varchar');
insert into CATISSUE_QUERY_INTERFACE_COLUMN_DATA ( IDENTIFIER, TABLE_ID, COLUMN_NAME , ATTRIBUTE_TYPE ) values ( 199, 33, 'PARENT_SPECIMEN_ID', 'bigint');
insert into CATISSUE_QUERY_INTERFACE_COLUMN_DATA ( IDENTIFIER, TABLE_ID, COLUMN_NAME , ATTRIBUTE_TYPE ) values ( 200, 33, 'STORAGE_CONTAINER_IDENTIFIER', 'bigint');
insert into CATISSUE_QUERY_INTERFACE_COLUMN_DATA ( IDENTIFIER, TABLE_ID, COLUMN_NAME , ATTRIBUTE_TYPE ) values ( 201, 33, 'SPECIMEN_COLLECTION_GROUP_ID', 'bigint');
insert into CATISSUE_QUERY_INTERFACE_COLUMN_DATA ( IDENTIFIER, TABLE_ID, COLUMN_NAME , ATTRIBUTE_TYPE ) values ( 202, 33, 'SPECIMEN_CHARACTERISTICS_ID', 'bigint');

insert into CATISSUE_QUERY_INTERFACE_TABLE_DATA  ( TABLE_ID, TABLE_NAME, DISPLAY_NAME, ALIAS_NAME, PRIVILEGE_ID) values ( 62, 'CATISSUE_SPECIMEN_BIOHAZARD_RELATIONSHIP', 'Specimen Biohazard Relationship', 'SpecimenBiohazardRelationship',2);
insert into CATISSUE_QUERY_INTERFACE_COLUMN_DATA ( IDENTIFIER, TABLE_ID, COLUMN_NAME , ATTRIBUTE_TYPE ) values ( 203, 62, 'BIOHAZARD_ID', 'bigint');
insert into CATISSUE_QUERY_INTERFACE_COLUMN_DATA ( IDENTIFIER, TABLE_ID, COLUMN_NAME , ATTRIBUTE_TYPE ) values ( 204, 62, 'SPECIMEN_ID', 'bigint');

insert into CATISSUE_QUERY_INTERFACE_TABLE_DATA  ( TABLE_ID, TABLE_NAME, DISPLAY_NAME, ALIAS_NAME, PRIVILEGE_ID) values ( 34, 'CATISSUE_SPECIMEN_CHARACTERISTICS', 'Specimen Characteristics', 'SpecimenCharacteristics',2);
insert into CATISSUE_QUERY_INTERFACE_COLUMN_DATA ( IDENTIFIER, TABLE_ID, COLUMN_NAME , ATTRIBUTE_TYPE ) values ( 205, 34, 'IDENTIFIER', 'bigint');
insert into CATISSUE_QUERY_INTERFACE_COLUMN_DATA ( IDENTIFIER, TABLE_ID, COLUMN_NAME , ATTRIBUTE_TYPE ) values ( 206, 34, 'TISSUE_SITE', 'varchar');
insert into CATISSUE_QUERY_INTERFACE_COLUMN_DATA ( IDENTIFIER, TABLE_ID, COLUMN_NAME , ATTRIBUTE_TYPE ) values ( 207, 34, 'TISSUE_SIDE', 'varchar');
insert into CATISSUE_QUERY_INTERFACE_COLUMN_DATA ( IDENTIFIER, TABLE_ID, COLUMN_NAME , ATTRIBUTE_TYPE ) values ( 208, 34, 'PATHOLOGICAL_STATUS', 'varchar');

insert into CATISSUE_QUERY_INTERFACE_TABLE_DATA  ( TABLE_ID, TABLE_NAME, DISPLAY_NAME, ALIAS_NAME, PRIVILEGE_ID) values ( 35, 'CATISSUE_SPECIMEN_COLLECTION_GROUP', 'Specimen Collection Group', 'SpecimenCollectionGroup',2);
insert into CATISSUE_QUERY_INTERFACE_COLUMN_DATA ( IDENTIFIER, TABLE_ID, COLUMN_NAME , ATTRIBUTE_TYPE ) values ( 209, 35, 'IDENTIFIER', 'bigint');
insert into CATISSUE_QUERY_INTERFACE_COLUMN_DATA ( IDENTIFIER, TABLE_ID, COLUMN_NAME , ATTRIBUTE_TYPE ) values ( 210, 35, 'CLINICAL_DIAGNOSIS', 'varchar');
insert into CATISSUE_QUERY_INTERFACE_COLUMN_DATA ( IDENTIFIER, TABLE_ID, COLUMN_NAME , ATTRIBUTE_TYPE ) values ( 211, 35, 'CLINICAL_STATUS', 'varchar');
insert into CATISSUE_QUERY_INTERFACE_COLUMN_DATA ( IDENTIFIER, TABLE_ID, COLUMN_NAME , ATTRIBUTE_TYPE ) values ( 212, 35, 'ACTIVITY_STATUS', 'varchar');
insert into CATISSUE_QUERY_INTERFACE_COLUMN_DATA ( IDENTIFIER, TABLE_ID, COLUMN_NAME , ATTRIBUTE_TYPE ) values ( 213, 35, 'SITE_ID', 'bigint');
insert into CATISSUE_QUERY_INTERFACE_COLUMN_DATA ( IDENTIFIER, TABLE_ID, COLUMN_NAME , ATTRIBUTE_TYPE ) values ( 214, 35, 'COLLECTION_PROTOCOL_EVENT_ID', 'bigint');
insert into CATISSUE_QUERY_INTERFACE_COLUMN_DATA ( IDENTIFIER, TABLE_ID, COLUMN_NAME , ATTRIBUTE_TYPE ) values ( 215, 35, 'CLINICAL_REPORT_ID', 'bigint');
insert into CATISSUE_QUERY_INTERFACE_COLUMN_DATA ( IDENTIFIER, TABLE_ID, COLUMN_NAME , ATTRIBUTE_TYPE ) values ( 216, 35, 'COLLECTION_PROTOCOL_REGISTRATION_ID', 'bigint');

insert into CATISSUE_QUERY_INTERFACE_TABLE_DATA  ( TABLE_ID, TABLE_NAME, DISPLAY_NAME, ALIAS_NAME, PRIVILEGE_ID) values ( 63, 'CATISSUE_SPECIMEN_EVENT_PARAMETERS', 'Specimen Event Parameters', 'SpecimenEventParameters',2);
insert into CATISSUE_QUERY_INTERFACE_COLUMN_DATA ( IDENTIFIER, TABLE_ID, COLUMN_NAME , ATTRIBUTE_TYPE ) values ( 217, 63, 'IDENTIFIER', 'bigint');
insert into CATISSUE_QUERY_INTERFACE_COLUMN_DATA ( IDENTIFIER, TABLE_ID, COLUMN_NAME , ATTRIBUTE_TYPE ) values ( 218, 63, 'SPECIMEN_ID', 'bigint');
insert into CATISSUE_QUERY_INTERFACE_COLUMN_DATA ( IDENTIFIER, TABLE_ID, COLUMN_NAME , ATTRIBUTE_TYPE ) values ( 219, 63, 'EVENT_TIMESTAMP', 'timestamp');
insert into CATISSUE_QUERY_INTERFACE_COLUMN_DATA ( IDENTIFIER, TABLE_ID, COLUMN_NAME , ATTRIBUTE_TYPE ) values ( 220, 63, 'USER_ID', 'bigint');
insert into CATISSUE_QUERY_INTERFACE_COLUMN_DATA ( IDENTIFIER, TABLE_ID, COLUMN_NAME , ATTRIBUTE_TYPE ) values ( 221, 63, 'COMMENTS', 'text');

insert into CATISSUE_QUERY_INTERFACE_TABLE_DATA  ( TABLE_ID, TABLE_NAME, DISPLAY_NAME, ALIAS_NAME, PRIVILEGE_ID) values ( 9, 'CATISSUE_SPECIMEN_PROTOCOL', 'Specimen Protocol', 'SpecimenProtocol',2);
insert into CATISSUE_QUERY_INTERFACE_COLUMN_DATA ( IDENTIFIER, TABLE_ID, COLUMN_NAME , ATTRIBUTE_TYPE ) values ( 222, 9, 'IDENTIFIER', 'bigint');
insert into CATISSUE_QUERY_INTERFACE_COLUMN_DATA ( IDENTIFIER, TABLE_ID, COLUMN_NAME , ATTRIBUTE_TYPE ) values ( 223, 9, 'PRINCIPAL_INVESTIGATOR_ID', 'bigint');
insert into CATISSUE_QUERY_INTERFACE_COLUMN_DATA ( IDENTIFIER, TABLE_ID, COLUMN_NAME , ATTRIBUTE_TYPE ) values ( 224, 9, 'TITLE', 'varchar');
insert into CATISSUE_QUERY_INTERFACE_COLUMN_DATA ( IDENTIFIER, TABLE_ID, COLUMN_NAME , ATTRIBUTE_TYPE ) values ( 225, 9, 'SHORT_TITLE', 'varchar');
insert into CATISSUE_QUERY_INTERFACE_COLUMN_DATA ( IDENTIFIER, TABLE_ID, COLUMN_NAME , ATTRIBUTE_TYPE ) values ( 226, 9, 'IRB_IDENTIFIER', 'varchar');
insert into CATISSUE_QUERY_INTERFACE_COLUMN_DATA ( IDENTIFIER, TABLE_ID, COLUMN_NAME , ATTRIBUTE_TYPE ) values ( 227, 9, 'START_DATE', 'date');
insert into CATISSUE_QUERY_INTERFACE_COLUMN_DATA ( IDENTIFIER, TABLE_ID, COLUMN_NAME , ATTRIBUTE_TYPE ) values ( 228, 9, 'END_DATE', 'date');
insert into CATISSUE_QUERY_INTERFACE_COLUMN_DATA ( IDENTIFIER, TABLE_ID, COLUMN_NAME , ATTRIBUTE_TYPE ) values ( 229, 9, 'ENROLLMENT', 'integer');
insert into CATISSUE_QUERY_INTERFACE_COLUMN_DATA ( IDENTIFIER, TABLE_ID, COLUMN_NAME , ATTRIBUTE_TYPE ) values ( 230, 9, 'DESCRIPTION_URL', 'varchar');
insert into CATISSUE_QUERY_INTERFACE_COLUMN_DATA ( IDENTIFIER, TABLE_ID, COLUMN_NAME , ATTRIBUTE_TYPE ) values ( 231, 9, 'ACTIVITY_STATUS', 'varchar');

insert into CATISSUE_QUERY_INTERFACE_TABLE_DATA  ( TABLE_ID, TABLE_NAME, DISPLAY_NAME, ALIAS_NAME, PRIVILEGE_ID) values ( 12, 'CATISSUE_SPECIMEN_REQUIREMENT', 'Specimen Requirement', 'SpecimenRequirement',2);
insert into CATISSUE_QUERY_INTERFACE_COLUMN_DATA ( IDENTIFIER, TABLE_ID, COLUMN_NAME , ATTRIBUTE_TYPE ) values ( 232, 12, 'IDENTIFIER', 'bigint');
insert into CATISSUE_QUERY_INTERFACE_COLUMN_DATA ( IDENTIFIER, TABLE_ID, COLUMN_NAME , ATTRIBUTE_TYPE ) values ( 233, 12, 'SPECIMEN_TYPE', 'varchar');
insert into CATISSUE_QUERY_INTERFACE_COLUMN_DATA ( IDENTIFIER, TABLE_ID, COLUMN_NAME , ATTRIBUTE_TYPE ) values ( 234, 12, 'TISSUE_SITE', 'varchar');
insert into CATISSUE_QUERY_INTERFACE_COLUMN_DATA ( IDENTIFIER, TABLE_ID, COLUMN_NAME , ATTRIBUTE_TYPE ) values ( 235, 12, 'PATHOLOGY_STATUS', 'varchar');

insert into CATISSUE_QUERY_INTERFACE_TABLE_DATA  ( TABLE_ID, TABLE_NAME, DISPLAY_NAME, ALIAS_NAME, PRIVILEGE_ID) values ( 64, 'CATISSUE_SPUN_EVENT_PARAMETERS', 'Spun Event Parameters', 'SpunEventParameters',2);
insert into CATISSUE_QUERY_INTERFACE_COLUMN_DATA ( IDENTIFIER, TABLE_ID, COLUMN_NAME , ATTRIBUTE_TYPE ) values ( 236, 64, 'IDENTIFIER', 'bigint');
insert into CATISSUE_QUERY_INTERFACE_COLUMN_DATA ( IDENTIFIER, TABLE_ID, COLUMN_NAME , ATTRIBUTE_TYPE ) values ( 237, 64, 'GFORCE', 'double');
insert into CATISSUE_QUERY_INTERFACE_COLUMN_DATA ( IDENTIFIER, TABLE_ID, COLUMN_NAME , ATTRIBUTE_TYPE ) values ( 238, 64, 'DURATION_IN_MINUTES', 'integer');

insert into CATISSUE_QUERY_INTERFACE_TABLE_DATA  ( TABLE_ID, TABLE_NAME, DISPLAY_NAME, ALIAS_NAME, PRIVILEGE_ID) values ( 21, 'CATISSUE_STORAGE_CONTAINER', 'Storage Container', 'StorageContainer',2);
insert into CATISSUE_QUERY_INTERFACE_COLUMN_DATA ( IDENTIFIER, TABLE_ID, COLUMN_NAME , ATTRIBUTE_TYPE ) values ( 239, 21, 'IDENTIFIER', 'bigint');
insert into CATISSUE_QUERY_INTERFACE_COLUMN_DATA ( IDENTIFIER, TABLE_ID, COLUMN_NAME , ATTRIBUTE_TYPE ) values ( 240, 21, 'CONTAINER_NUMBER', 'integer');
insert into CATISSUE_QUERY_INTERFACE_COLUMN_DATA ( IDENTIFIER, TABLE_ID, COLUMN_NAME , ATTRIBUTE_TYPE ) values ( 241, 21, 'TEMPERATURE', 'double');
insert into CATISSUE_QUERY_INTERFACE_COLUMN_DATA ( IDENTIFIER, TABLE_ID, COLUMN_NAME , ATTRIBUTE_TYPE ) values ( 242, 21, 'IS_CONTAINER_FULL', 'tinyint');
insert into CATISSUE_QUERY_INTERFACE_COLUMN_DATA ( IDENTIFIER, TABLE_ID, COLUMN_NAME , ATTRIBUTE_TYPE ) values ( 243, 21, 'BARCODE', 'varchar');
insert into CATISSUE_QUERY_INTERFACE_COLUMN_DATA ( IDENTIFIER, TABLE_ID, COLUMN_NAME , ATTRIBUTE_TYPE ) values ( 244, 21, 'ACTIVITY_STATUS', 'varchar');
insert into CATISSUE_QUERY_INTERFACE_COLUMN_DATA ( IDENTIFIER, TABLE_ID, COLUMN_NAME , ATTRIBUTE_TYPE ) values ( 245, 21, 'STORAGE_TYPE_ID', 'bigint');
insert into CATISSUE_QUERY_INTERFACE_COLUMN_DATA ( IDENTIFIER, TABLE_ID, COLUMN_NAME , ATTRIBUTE_TYPE ) values ( 246, 21, 'SITE_ID', 'bigint');
insert into CATISSUE_QUERY_INTERFACE_COLUMN_DATA ( IDENTIFIER, TABLE_ID, COLUMN_NAME , ATTRIBUTE_TYPE ) values ( 247, 21, 'PARENT_CONTAINER_ID', 'bigint');
insert into CATISSUE_QUERY_INTERFACE_COLUMN_DATA ( IDENTIFIER, TABLE_ID, COLUMN_NAME , ATTRIBUTE_TYPE ) values ( 248, 21, 'STORAGE_CONTAINER_CAPACITY_ID', 'bigint');
insert into CATISSUE_QUERY_INTERFACE_COLUMN_DATA ( IDENTIFIER, TABLE_ID, COLUMN_NAME , ATTRIBUTE_TYPE ) values ( 249, 21, 'POSITION_DIMENSION_ONE', 'integer');
insert into CATISSUE_QUERY_INTERFACE_COLUMN_DATA ( IDENTIFIER, TABLE_ID, COLUMN_NAME , ATTRIBUTE_TYPE ) values ( 250, 21, 'POSITION_DIMENSION_TWO', 'integer');

insert into CATISSUE_QUERY_INTERFACE_TABLE_DATA  ( TABLE_ID, TABLE_NAME, DISPLAY_NAME, ALIAS_NAME, PRIVILEGE_ID) values ( 2, 'CATISSUE_STORAGE_CONTAINER_CAPACITY', 'Storage Container Capacity', 'StorageContainerCapacity',2);
insert into CATISSUE_QUERY_INTERFACE_COLUMN_DATA ( IDENTIFIER, TABLE_ID, COLUMN_NAME , ATTRIBUTE_TYPE ) values ( 251, 2, 'IDENTIFIER', 'bigint');
insert into CATISSUE_QUERY_INTERFACE_COLUMN_DATA ( IDENTIFIER, TABLE_ID, COLUMN_NAME , ATTRIBUTE_TYPE ) values ( 252, 2, 'ONE_DIMENSION_CAPACITY', 'integer');
insert into CATISSUE_QUERY_INTERFACE_COLUMN_DATA ( IDENTIFIER, TABLE_ID, COLUMN_NAME , ATTRIBUTE_TYPE ) values ( 253, 2, 'TWO_DIMENSION_CAPACITY', 'integer');

insert into CATISSUE_QUERY_INTERFACE_TABLE_DATA  ( TABLE_ID, TABLE_NAME, DISPLAY_NAME, ALIAS_NAME, PRIVILEGE_ID) values ( 22, 'CATISSUE_STORAGE_CONTAINER_DETAILS', 'Storage Container Details', 'StorageContainerDetails',2);
insert into CATISSUE_QUERY_INTERFACE_COLUMN_DATA ( IDENTIFIER, TABLE_ID, COLUMN_NAME , ATTRIBUTE_TYPE ) values ( 254, 22, 'IDENTIFIER', 'bigint');
insert into CATISSUE_QUERY_INTERFACE_COLUMN_DATA ( IDENTIFIER, TABLE_ID, COLUMN_NAME , ATTRIBUTE_TYPE ) values ( 255, 22, 'PARAMETER_NAME', 'varchar');
insert into CATISSUE_QUERY_INTERFACE_COLUMN_DATA ( IDENTIFIER, TABLE_ID, COLUMN_NAME , ATTRIBUTE_TYPE ) values ( 256, 22, 'VALUE', 'varchar');
insert into CATISSUE_QUERY_INTERFACE_COLUMN_DATA ( IDENTIFIER, TABLE_ID, COLUMN_NAME , ATTRIBUTE_TYPE ) values ( 257, 22, 'STORAGE_CONTAINER_ID', 'bigint');

insert into CATISSUE_QUERY_INTERFACE_TABLE_DATA  ( TABLE_ID, TABLE_NAME, DISPLAY_NAME, ALIAS_NAME, PRIVILEGE_ID) values ( 1, 'CATISSUE_STORAGE_TYPE', 'Storage Type', 'StorageType',1);
insert into CATISSUE_QUERY_INTERFACE_COLUMN_DATA ( IDENTIFIER, TABLE_ID, COLUMN_NAME , ATTRIBUTE_TYPE ) values ( 258, 1, 'IDENTIFIER', 'bigint');
insert into CATISSUE_QUERY_INTERFACE_COLUMN_DATA ( IDENTIFIER, TABLE_ID, COLUMN_NAME , ATTRIBUTE_TYPE ) values ( 259, 1, 'TYPE', 'varchar');
insert into CATISSUE_QUERY_INTERFACE_COLUMN_DATA ( IDENTIFIER, TABLE_ID, COLUMN_NAME , ATTRIBUTE_TYPE ) values ( 260, 1, 'DEFAULT_TEMPERATURE_IN_CENTIGRADE', 'double');
insert into CATISSUE_QUERY_INTERFACE_COLUMN_DATA ( IDENTIFIER, TABLE_ID, COLUMN_NAME , ATTRIBUTE_TYPE ) values ( 261, 1, 'ONE_DIMENSION_LABEL', 'varchar');
insert into CATISSUE_QUERY_INTERFACE_COLUMN_DATA ( IDENTIFIER, TABLE_ID, COLUMN_NAME , ATTRIBUTE_TYPE ) values ( 262, 1, 'TWO_DIMENSION_LABEL', 'varchar');
insert into CATISSUE_QUERY_INTERFACE_COLUMN_DATA ( IDENTIFIER, TABLE_ID, COLUMN_NAME , ATTRIBUTE_TYPE ) values ( 263, 1, 'STORAGE_CONTAINER_CAPACITY_ID', 'bigint');

insert into CATISSUE_QUERY_INTERFACE_TABLE_DATA  ( TABLE_ID, TABLE_NAME, DISPLAY_NAME, ALIAS_NAME, PRIVILEGE_ID) values ( 65, 'CATISSUE_TABLE_RELATION', 'Table Relation', 'TableRelation',0);
insert into CATISSUE_QUERY_INTERFACE_COLUMN_DATA ( IDENTIFIER, TABLE_ID, COLUMN_NAME , ATTRIBUTE_TYPE ) values ( 264, 65, 'PARENT_TABLE_ID', 'bigint');
insert into CATISSUE_QUERY_INTERFACE_COLUMN_DATA ( IDENTIFIER, TABLE_ID, COLUMN_NAME , ATTRIBUTE_TYPE ) values ( 265, 65, 'CHILD_TABLE_ID', 'bigint');

insert into CATISSUE_QUERY_INTERFACE_TABLE_DATA  ( TABLE_ID, TABLE_NAME, DISPLAY_NAME, ALIAS_NAME, PRIVILEGE_ID) values ( 66, 'CATISSUE_THAW_EVENT_PARAMETERS', 'Thaw Event Parameters', 'ThawEventParameters',2);
insert into CATISSUE_QUERY_INTERFACE_COLUMN_DATA ( IDENTIFIER, TABLE_ID, COLUMN_NAME , ATTRIBUTE_TYPE ) values ( 266, 66, 'IDENTIFIER', 'bigint');

insert into CATISSUE_QUERY_INTERFACE_TABLE_DATA  ( TABLE_ID, TABLE_NAME, DISPLAY_NAME, ALIAS_NAME, PRIVILEGE_ID) values ( 36, 'CATISSUE_TISSUE_SPECIMEN', 'Tissue Specimen', 'TissueSpecimen',2);
insert into CATISSUE_QUERY_INTERFACE_COLUMN_DATA ( IDENTIFIER, TABLE_ID, COLUMN_NAME , ATTRIBUTE_TYPE ) values ( 267, 36, 'IDENTIFIER', 'bigint');
insert into CATISSUE_QUERY_INTERFACE_COLUMN_DATA ( IDENTIFIER, TABLE_ID, COLUMN_NAME , ATTRIBUTE_TYPE ) values ( 268, 36, 'QUANTITY_IN_GRAM', 'double');
insert into CATISSUE_QUERY_INTERFACE_COLUMN_DATA ( IDENTIFIER, TABLE_ID, COLUMN_NAME , ATTRIBUTE_TYPE ) values ( 269, 36, 'AVAILABLE_QUANTITY_IN_GRAM', 'double');

insert into CATISSUE_QUERY_INTERFACE_TABLE_DATA  ( TABLE_ID, TABLE_NAME, DISPLAY_NAME, ALIAS_NAME, PRIVILEGE_ID) values ( 15, 'CATISSUE_TISSUE_SPECIMEN_REQUIREMENT', 'Tissue Specimen Requirement', 'TissueSpecimenRequirement',2);
insert into CATISSUE_QUERY_INTERFACE_COLUMN_DATA ( IDENTIFIER, TABLE_ID, COLUMN_NAME , ATTRIBUTE_TYPE ) values ( 270, 15, 'IDENTIFIER', 'bigint');
insert into CATISSUE_QUERY_INTERFACE_COLUMN_DATA ( IDENTIFIER, TABLE_ID, COLUMN_NAME , ATTRIBUTE_TYPE ) values ( 271, 15, 'QUANTITY_IN_GRAM', 'double');

insert into CATISSUE_QUERY_INTERFACE_TABLE_DATA  ( TABLE_ID, TABLE_NAME, DISPLAY_NAME, ALIAS_NAME, PRIVILEGE_ID) values ( 67, 'CATISSUE_TISSUE_SPECIMEN_REVIEW_EVENT_PARAMETERS', 'Tissue Specimen Review Event Parameters', 'TissueSpecimenReviewEventParameters',2);
insert into CATISSUE_QUERY_INTERFACE_COLUMN_DATA ( IDENTIFIER, TABLE_ID, COLUMN_NAME , ATTRIBUTE_TYPE ) values ( 272, 67, 'IDENTIFIER', 'bigint');
insert into CATISSUE_QUERY_INTERFACE_COLUMN_DATA ( IDENTIFIER, TABLE_ID, COLUMN_NAME , ATTRIBUTE_TYPE ) values ( 273, 67, 'NEOPLASTIC_CELLULARITY_PERCENTAGE', 'double');
insert into CATISSUE_QUERY_INTERFACE_COLUMN_DATA ( IDENTIFIER, TABLE_ID, COLUMN_NAME , ATTRIBUTE_TYPE ) values ( 274, 67, 'NECROSIS_PERCENTAGE', 'double');
insert into CATISSUE_QUERY_INTERFACE_COLUMN_DATA ( IDENTIFIER, TABLE_ID, COLUMN_NAME , ATTRIBUTE_TYPE ) values ( 275, 67, 'LYMPHOCYTIC_PERCENTAGE', 'double');
insert into CATISSUE_QUERY_INTERFACE_COLUMN_DATA ( IDENTIFIER, TABLE_ID, COLUMN_NAME , ATTRIBUTE_TYPE ) values ( 276, 67, 'TOTAL_CELLULARITY_PERCENTAGE', 'double');
insert into CATISSUE_QUERY_INTERFACE_COLUMN_DATA ( IDENTIFIER, TABLE_ID, COLUMN_NAME , ATTRIBUTE_TYPE ) values ( 277, 67, 'HISTOLOGICAL_QUALITY', 'varchar');

insert into CATISSUE_QUERY_INTERFACE_TABLE_DATA  ( TABLE_ID, TABLE_NAME, DISPLAY_NAME, ALIAS_NAME, PRIVILEGE_ID) values ( 68, 'CATISSUE_TRANSFER_EVENT_PARAMETER', 'Transfer Event Parameter', 'TransferEventParameter',2);
insert into CATISSUE_QUERY_INTERFACE_COLUMN_DATA ( IDENTIFIER, TABLE_ID, COLUMN_NAME , ATTRIBUTE_TYPE ) values ( 278, 68, 'IDENTIFIER', 'bigint');
insert into CATISSUE_QUERY_INTERFACE_COLUMN_DATA ( IDENTIFIER, TABLE_ID, COLUMN_NAME , ATTRIBUTE_TYPE ) values ( 279, 68, 'FROM_POSITION_DIMENSION_ONE', 'integer');
insert into CATISSUE_QUERY_INTERFACE_COLUMN_DATA ( IDENTIFIER, TABLE_ID, COLUMN_NAME , ATTRIBUTE_TYPE ) values ( 280, 68, 'FROM_POSITION_DIMENSION_TWO', 'integer');
insert into CATISSUE_QUERY_INTERFACE_COLUMN_DATA ( IDENTIFIER, TABLE_ID, COLUMN_NAME , ATTRIBUTE_TYPE ) values ( 281, 68, 'TO_POSITION_DIMENSION_ONE', 'integer');
insert into CATISSUE_QUERY_INTERFACE_COLUMN_DATA ( IDENTIFIER, TABLE_ID, COLUMN_NAME , ATTRIBUTE_TYPE ) values ( 282, 68, 'TO_POSITION_DIMENSION_TWO', 'integer');
insert into CATISSUE_QUERY_INTERFACE_COLUMN_DATA ( IDENTIFIER, TABLE_ID, COLUMN_NAME , ATTRIBUTE_TYPE ) values ( 283, 68, 'TO_STORAGE_CONTAINER_ID', 'bigint');
insert into CATISSUE_QUERY_INTERFACE_COLUMN_DATA ( IDENTIFIER, TABLE_ID, COLUMN_NAME , ATTRIBUTE_TYPE ) values ( 284, 68, 'FROM_STORAGE_CONTAINER_ID', 'bigint');

insert into CATISSUE_QUERY_INTERFACE_TABLE_DATA  ( TABLE_ID, TABLE_NAME, DISPLAY_NAME, ALIAS_NAME, PRIVILEGE_ID) values ( 23, 'CATISSUE_USER', 'User', 'User',2);
insert into CATISSUE_QUERY_INTERFACE_COLUMN_DATA ( IDENTIFIER, TABLE_ID, COLUMN_NAME , ATTRIBUTE_TYPE ) values ( 285, 23, 'IDENTIFIER', 'bigint');
insert into CATISSUE_QUERY_INTERFACE_COLUMN_DATA ( IDENTIFIER, TABLE_ID, COLUMN_NAME , ATTRIBUTE_TYPE ) values ( 286, 23, 'ACTIVITY_STATUS', 'varchar');
insert into CATISSUE_QUERY_INTERFACE_COLUMN_DATA ( IDENTIFIER, TABLE_ID, COLUMN_NAME , ATTRIBUTE_TYPE ) values ( 287, 23, 'DEPARTMENT_ID', 'bigint');
insert into CATISSUE_QUERY_INTERFACE_COLUMN_DATA ( IDENTIFIER, TABLE_ID, COLUMN_NAME , ATTRIBUTE_TYPE ) values ( 288, 23, 'CANCER_RESEARCH_GROUP_ID', 'bigint');
insert into CATISSUE_QUERY_INTERFACE_COLUMN_DATA ( IDENTIFIER, TABLE_ID, COLUMN_NAME , ATTRIBUTE_TYPE ) values ( 289, 23, 'INSTITUTION_ID', 'bigint');
insert into CATISSUE_QUERY_INTERFACE_COLUMN_DATA ( IDENTIFIER, TABLE_ID, COLUMN_NAME , ATTRIBUTE_TYPE ) values ( 290, 23, 'ADDRESS_ID', 'bigint');
insert into CATISSUE_QUERY_INTERFACE_COLUMN_DATA ( IDENTIFIER, TABLE_ID, COLUMN_NAME , ATTRIBUTE_TYPE ) values ( 291, 23, 'STATUS_COMMENT', 'text');
insert into CATISSUE_QUERY_INTERFACE_COLUMN_DATA ( IDENTIFIER, TABLE_ID, COLUMN_NAME , ATTRIBUTE_TYPE ) values ( 292, 23, 'LAST_NAME', 'text');
insert into CATISSUE_QUERY_INTERFACE_COLUMN_DATA ( IDENTIFIER, TABLE_ID, COLUMN_NAME , ATTRIBUTE_TYPE ) values ( 293, 23, 'FIRST_NAME', 'text');
insert into CATISSUE_QUERY_INTERFACE_COLUMN_DATA ( IDENTIFIER, TABLE_ID, COLUMN_NAME , ATTRIBUTE_TYPE ) values ( 294, 23, 'LOGIN_NAME', 'text');
insert into CATISSUE_QUERY_INTERFACE_COLUMN_DATA ( IDENTIFIER, TABLE_ID, COLUMN_NAME , ATTRIBUTE_TYPE ) values ( 295, 23, 'START_DATE', 'text');


INSERT INTO CATISSUE_TABLE_RELATION (RELATIONSHIP_ID, PARENT_TABLE_ID, CHILD_TABLE_ID) values (1,1,1);
INSERT INTO CATISSUE_TABLE_RELATION (RELATIONSHIP_ID, PARENT_TABLE_ID, CHILD_TABLE_ID) values (2,6,6);
INSERT INTO CATISSUE_TABLE_RELATION (RELATIONSHIP_ID, PARENT_TABLE_ID, CHILD_TABLE_ID) values (3,5,5);
INSERT INTO CATISSUE_TABLE_RELATION (RELATIONSHIP_ID, PARENT_TABLE_ID, CHILD_TABLE_ID) values (4,7,7);
INSERT INTO CATISSUE_TABLE_RELATION (RELATIONSHIP_ID, PARENT_TABLE_ID, CHILD_TABLE_ID) values (5,8,8);
INSERT INTO CATISSUE_TABLE_RELATION (RELATIONSHIP_ID, PARENT_TABLE_ID, CHILD_TABLE_ID) values (6,3,3);
INSERT INTO CATISSUE_TABLE_RELATION (RELATIONSHIP_ID, PARENT_TABLE_ID, CHILD_TABLE_ID) values (7,3,4);
INSERT INTO CATISSUE_TABLE_RELATION (RELATIONSHIP_ID, PARENT_TABLE_ID, CHILD_TABLE_ID) values (8,21,21);
INSERT INTO CATISSUE_TABLE_RELATION (RELATIONSHIP_ID, PARENT_TABLE_ID, CHILD_TABLE_ID) values (9,21,2);
INSERT INTO CATISSUE_TABLE_RELATION (RELATIONSHIP_ID, PARENT_TABLE_ID, CHILD_TABLE_ID) values (10,21,1);
INSERT INTO CATISSUE_TABLE_RELATION (RELATIONSHIP_ID, PARENT_TABLE_ID, CHILD_TABLE_ID) values (11,21,3);
INSERT INTO CATISSUE_TABLE_RELATION (RELATIONSHIP_ID, PARENT_TABLE_ID, CHILD_TABLE_ID) values (12,10,10);
INSERT INTO CATISSUE_TABLE_RELATION (RELATIONSHIP_ID, PARENT_TABLE_ID, CHILD_TABLE_ID) values (13,10,9);
INSERT INTO CATISSUE_TABLE_RELATION (RELATIONSHIP_ID, PARENT_TABLE_ID, CHILD_TABLE_ID) values (14,10,11);
INSERT INTO CATISSUE_TABLE_RELATION (RELATIONSHIP_ID, PARENT_TABLE_ID, CHILD_TABLE_ID) values (15,10,12);
INSERT INTO CATISSUE_TABLE_RELATION (RELATIONSHIP_ID, PARENT_TABLE_ID, CHILD_TABLE_ID) values (16,10,18);
INSERT INTO CATISSUE_TABLE_RELATION (RELATIONSHIP_ID, PARENT_TABLE_ID, CHILD_TABLE_ID) values (17,19,19);
INSERT INTO CATISSUE_TABLE_RELATION (RELATIONSHIP_ID, PARENT_TABLE_ID, CHILD_TABLE_ID) values (18,19,9);
INSERT INTO CATISSUE_TABLE_RELATION (RELATIONSHIP_ID, PARENT_TABLE_ID, CHILD_TABLE_ID) values (19,19,20);
INSERT INTO CATISSUE_TABLE_RELATION (RELATIONSHIP_ID, PARENT_TABLE_ID, CHILD_TABLE_ID) values (20,19,12);
INSERT INTO CATISSUE_TABLE_RELATION (RELATIONSHIP_ID, PARENT_TABLE_ID, CHILD_TABLE_ID) values (21,23,23);
#INSERT INTO CATISSUE_TABLE_RELATION (RELATIONSHIP_ID, PARENT_TABLE_ID, CHILD_TABLE_ID) values (22,23,24);
INSERT INTO CATISSUE_TABLE_RELATION (RELATIONSHIP_ID, PARENT_TABLE_ID, CHILD_TABLE_ID) values (23,23,4);
INSERT INTO CATISSUE_TABLE_RELATION (RELATIONSHIP_ID, PARENT_TABLE_ID, CHILD_TABLE_ID) values (24,23,5);
INSERT INTO CATISSUE_TABLE_RELATION (RELATIONSHIP_ID, PARENT_TABLE_ID, CHILD_TABLE_ID) values (25,23,6);
INSERT INTO CATISSUE_TABLE_RELATION (RELATIONSHIP_ID, PARENT_TABLE_ID, CHILD_TABLE_ID) values (26,23,7);
INSERT INTO CATISSUE_TABLE_RELATION (RELATIONSHIP_ID, PARENT_TABLE_ID, CHILD_TABLE_ID) values (27,31,31);
INSERT INTO CATISSUE_TABLE_RELATION (RELATIONSHIP_ID, PARENT_TABLE_ID, CHILD_TABLE_ID) values (28,31,32);
INSERT INTO CATISSUE_TABLE_RELATION (RELATIONSHIP_ID, PARENT_TABLE_ID, CHILD_TABLE_ID) values (29,27,27);
INSERT INTO CATISSUE_TABLE_RELATION (RELATIONSHIP_ID, PARENT_TABLE_ID, CHILD_TABLE_ID) values (30,35,35);
INSERT INTO CATISSUE_TABLE_RELATION (RELATIONSHIP_ID, PARENT_TABLE_ID, CHILD_TABLE_ID) values (31,35,11);
INSERT INTO CATISSUE_TABLE_RELATION (RELATIONSHIP_ID, PARENT_TABLE_ID, CHILD_TABLE_ID) values (32,35,3);
INSERT INTO CATISSUE_TABLE_RELATION (RELATIONSHIP_ID, PARENT_TABLE_ID, CHILD_TABLE_ID) values (33,35,27);
INSERT INTO CATISSUE_TABLE_RELATION (RELATIONSHIP_ID, PARENT_TABLE_ID, CHILD_TABLE_ID) values (34,33,33);
INSERT INTO CATISSUE_TABLE_RELATION (RELATIONSHIP_ID, PARENT_TABLE_ID, CHILD_TABLE_ID) values (35,33,34);
INSERT INTO CATISSUE_TABLE_RELATION (RELATIONSHIP_ID, PARENT_TABLE_ID, CHILD_TABLE_ID) values (36,38,38);
INSERT INTO CATISSUE_TABLE_RELATION (RELATIONSHIP_ID, PARENT_TABLE_ID, CHILD_TABLE_ID) values (37,38,37);

INSERT INTO CATISSUE_TABLE_RELATION (RELATIONSHIP_ID, PARENT_TABLE_ID, CHILD_TABLE_ID) values (38,3,23);
INSERT INTO CATISSUE_TABLE_RELATION (RELATIONSHIP_ID, PARENT_TABLE_ID, CHILD_TABLE_ID) values (39,21,22);
INSERT INTO CATISSUE_TABLE_RELATION (RELATIONSHIP_ID, PARENT_TABLE_ID, CHILD_TABLE_ID) values (40,10,23);
INSERT INTO CATISSUE_TABLE_RELATION (RELATIONSHIP_ID, PARENT_TABLE_ID, CHILD_TABLE_ID) values (41,10,17);
INSERT INTO CATISSUE_TABLE_RELATION (RELATIONSHIP_ID, PARENT_TABLE_ID, CHILD_TABLE_ID) values (42,17,23);
INSERT INTO CATISSUE_TABLE_RELATION (RELATIONSHIP_ID, PARENT_TABLE_ID, CHILD_TABLE_ID) values (43,19,23);
INSERT INTO CATISSUE_TABLE_RELATION (RELATIONSHIP_ID, PARENT_TABLE_ID, CHILD_TABLE_ID) values (45,27,9);
INSERT INTO CATISSUE_TABLE_RELATION (RELATIONSHIP_ID, PARENT_TABLE_ID, CHILD_TABLE_ID) values (46,27,31);
INSERT INTO CATISSUE_TABLE_RELATION (RELATIONSHIP_ID, PARENT_TABLE_ID, CHILD_TABLE_ID) values (47,35,26);
INSERT INTO CATISSUE_TABLE_RELATION (RELATIONSHIP_ID, PARENT_TABLE_ID, CHILD_TABLE_ID) values (48,35,9);
INSERT INTO CATISSUE_TABLE_RELATION (RELATIONSHIP_ID, PARENT_TABLE_ID, CHILD_TABLE_ID) values (49,33,8);
INSERT INTO CATISSUE_TABLE_RELATION (RELATIONSHIP_ID, PARENT_TABLE_ID, CHILD_TABLE_ID) values (50,33,28);
INSERT INTO CATISSUE_TABLE_RELATION (RELATIONSHIP_ID, PARENT_TABLE_ID, CHILD_TABLE_ID) values (51,38,23);
INSERT INTO CATISSUE_TABLE_RELATION (RELATIONSHIP_ID, PARENT_TABLE_ID, CHILD_TABLE_ID) values (52,37,33);
INSERT INTO CATISSUE_TABLE_RELATION (RELATIONSHIP_ID, PARENT_TABLE_ID, CHILD_TABLE_ID) values (53,37,33);

INSERT INTO CATISSUE_TABLE_RELATION (RELATIONSHIP_ID, PARENT_TABLE_ID, CHILD_TABLE_ID) values (54,35,31);

# ************************************** QUERIES FOR SITE **********************************************************
INSERT INTO CATISSUE_SEARCH_DISPLAY_DATA (RELATIONSHIP_ID, COL_ID, DISPLAY_NAME) VALUES (6, 184, 'Identifier');
INSERT INTO CATISSUE_SEARCH_DISPLAY_DATA (RELATIONSHIP_ID, COL_ID, DISPLAY_NAME) VALUES (6, 185, 'Name');
INSERT INTO CATISSUE_SEARCH_DISPLAY_DATA (RELATIONSHIP_ID, COL_ID, DISPLAY_NAME) VALUES (6, 186, 'Type');
INSERT INTO CATISSUE_SEARCH_DISPLAY_DATA (RELATIONSHIP_ID, COL_ID, DISPLAY_NAME) VALUES (6, 187, 'Email Address');
INSERT INTO CATISSUE_SEARCH_DISPLAY_DATA (RELATIONSHIP_ID, COL_ID, DISPLAY_NAME) VALUES (6, 189, 'Activity Status');

INSERT INTO CATISSUE_SEARCH_DISPLAY_DATA (RELATIONSHIP_ID, COL_ID, DISPLAY_NAME) VALUES (38, 292, 'Cordinator Last Name');
INSERT INTO CATISSUE_SEARCH_DISPLAY_DATA (RELATIONSHIP_ID, COL_ID, DISPLAY_NAME) VALUES (38, 293, 'Cordinator First Name');

INSERT INTO CATISSUE_SEARCH_DISPLAY_DATA (RELATIONSHIP_ID, COL_ID, DISPLAY_NAME) VALUES (7, 2, 'Street');
INSERT INTO CATISSUE_SEARCH_DISPLAY_DATA (RELATIONSHIP_ID, COL_ID, DISPLAY_NAME) VALUES (7, 3, 'City');
INSERT INTO CATISSUE_SEARCH_DISPLAY_DATA (RELATIONSHIP_ID, COL_ID, DISPLAY_NAME) VALUES (7, 4, 'State');
INSERT INTO CATISSUE_SEARCH_DISPLAY_DATA (RELATIONSHIP_ID, COL_ID, DISPLAY_NAME) VALUES (7, 5, 'Country');
INSERT INTO CATISSUE_SEARCH_DISPLAY_DATA (RELATIONSHIP_ID, COL_ID, DISPLAY_NAME) VALUES (7, 6, 'Zip Code');
INSERT INTO CATISSUE_SEARCH_DISPLAY_DATA (RELATIONSHIP_ID, COL_ID, DISPLAY_NAME) VALUES (7, 7, 'Phone Number');
INSERT INTO CATISSUE_SEARCH_DISPLAY_DATA (RELATIONSHIP_ID, COL_ID, DISPLAY_NAME) VALUES (7, 8, 'Fax Number');

# ************************************** QUERIES FOR INSTITUTION **********************************************************
INSERT INTO CATISSUE_SEARCH_DISPLAY_DATA (RELATIONSHIP_ID, COL_ID, DISPLAY_NAME) VALUES (2, 100, 'Identifier');
INSERT INTO CATISSUE_SEARCH_DISPLAY_DATA (RELATIONSHIP_ID, COL_ID, DISPLAY_NAME) VALUES (2, 101, 'Name');

# ************************************** QUERIES FOR DEPARTMENT **********************************************************
INSERT INTO CATISSUE_SEARCH_DISPLAY_DATA (RELATIONSHIP_ID, COL_ID, DISPLAY_NAME) VALUES (3, 67, 'Identifier');
INSERT INTO CATISSUE_SEARCH_DISPLAY_DATA (RELATIONSHIP_ID, COL_ID, DISPLAY_NAME) VALUES (3, 68, 'Name');

# ************************************** QUERIES FOR CRG *****************************************************************
INSERT INTO CATISSUE_SEARCH_DISPLAY_DATA (RELATIONSHIP_ID, COL_ID, DISPLAY_NAME) VALUES (4, 28, 'Identifier');
INSERT INTO CATISSUE_SEARCH_DISPLAY_DATA (RELATIONSHIP_ID, COL_ID, DISPLAY_NAME) VALUES (4, 29, 'Name');

# ************************************** QUERIES FOR BIOHAZARD **********************************************************
INSERT INTO CATISSUE_SEARCH_DISPLAY_DATA (RELATIONSHIP_ID, COL_ID, DISPLAY_NAME) VALUES (5, 24, 'Identifier');
INSERT INTO CATISSUE_SEARCH_DISPLAY_DATA (RELATIONSHIP_ID, COL_ID, DISPLAY_NAME) VALUES (5, 25, 'Name');
INSERT INTO CATISSUE_SEARCH_DISPLAY_DATA (RELATIONSHIP_ID, COL_ID, DISPLAY_NAME) VALUES (5, 26, 'Comments');
INSERT INTO CATISSUE_SEARCH_DISPLAY_DATA (RELATIONSHIP_ID, COL_ID, DISPLAY_NAME) VALUES (5, 27, 'Type');

# ************************************** QUERIES FOR STORAGE TYPE ********************************************************
INSERT INTO CATISSUE_SEARCH_DISPLAY_DATA (RELATIONSHIP_ID, COL_ID, DISPLAY_NAME) VALUES (1, 258, 'Identifier');
INSERT INTO CATISSUE_SEARCH_DISPLAY_DATA (RELATIONSHIP_ID, COL_ID, DISPLAY_NAME) VALUES (1, 259, 'Type');
INSERT INTO CATISSUE_SEARCH_DISPLAY_DATA (RELATIONSHIP_ID, COL_ID, DISPLAY_NAME) VALUES (1, 260, 'Default Temperature');
INSERT INTO CATISSUE_SEARCH_DISPLAY_DATA (RELATIONSHIP_ID, COL_ID, DISPLAY_NAME) VALUES (1, 261, 'One Dimension Label');
INSERT INTO CATISSUE_SEARCH_DISPLAY_DATA (RELATIONSHIP_ID, COL_ID, DISPLAY_NAME) VALUES (1, 262, 'Two Dimension Label');

INSERT INTO CATISSUE_SEARCH_DISPLAY_DATA (RELATIONSHIP_ID, COL_ID, DISPLAY_NAME) VALUES (1, 252, 'One Dimension Capacity');
INSERT INTO CATISSUE_SEARCH_DISPLAY_DATA (RELATIONSHIP_ID, COL_ID, DISPLAY_NAME) VALUES (1, 253, 'Two Dimension Capacity');

# ************************************** QUERIES FOR STORAGE CONTAINER ****************************************************
INSERT INTO CATISSUE_SEARCH_DISPLAY_DATA (RELATIONSHIP_ID, COL_ID, DISPLAY_NAME) VALUES (8, 239, 'Identifier');
INSERT INTO CATISSUE_SEARCH_DISPLAY_DATA (RELATIONSHIP_ID, COL_ID, DISPLAY_NAME) VALUES (8, 240, 'Container Number');
INSERT INTO CATISSUE_SEARCH_DISPLAY_DATA (RELATIONSHIP_ID, COL_ID, DISPLAY_NAME) VALUES (8, 241, 'Temperature');
INSERT INTO CATISSUE_SEARCH_DISPLAY_DATA (RELATIONSHIP_ID, COL_ID, DISPLAY_NAME) VALUES (8, 242, 'Is Container Full');
INSERT INTO CATISSUE_SEARCH_DISPLAY_DATA (RELATIONSHIP_ID, COL_ID, DISPLAY_NAME) VALUES (8, 243, 'Barcode');
INSERT INTO CATISSUE_SEARCH_DISPLAY_DATA (RELATIONSHIP_ID, COL_ID, DISPLAY_NAME) VALUES (8, 244, 'Activity Status');
INSERT INTO CATISSUE_SEARCH_DISPLAY_DATA (RELATIONSHIP_ID, COL_ID, DISPLAY_NAME) VALUES (8, 247, 'Parent Container Identifier');
INSERT INTO CATISSUE_SEARCH_DISPLAY_DATA (RELATIONSHIP_ID, COL_ID, DISPLAY_NAME) VALUES (8, 249, 'Position Dimension One');
INSERT INTO CATISSUE_SEARCH_DISPLAY_DATA (RELATIONSHIP_ID, COL_ID, DISPLAY_NAME) VALUES (8, 250, 'Position Dimension Two');

INSERT INTO CATISSUE_SEARCH_DISPLAY_DATA (RELATIONSHIP_ID, COL_ID, DISPLAY_NAME) VALUES (10, 259, 'Type');
INSERT INTO CATISSUE_SEARCH_DISPLAY_DATA (RELATIONSHIP_ID, COL_ID, DISPLAY_NAME) VALUES (10, 261, 'One Dimension Label');
INSERT INTO CATISSUE_SEARCH_DISPLAY_DATA (RELATIONSHIP_ID, COL_ID, DISPLAY_NAME) VALUES (10, 262, 'Two Dimension Label');

INSERT INTO CATISSUE_SEARCH_DISPLAY_DATA (RELATIONSHIP_ID, COL_ID, DISPLAY_NAME) VALUES (9, 252, 'One Dimension Capacity');
INSERT INTO CATISSUE_SEARCH_DISPLAY_DATA (RELATIONSHIP_ID, COL_ID, DISPLAY_NAME) VALUES (9, 253, 'Two Dimension Capacity');

INSERT INTO CATISSUE_SEARCH_DISPLAY_DATA (RELATIONSHIP_ID, COL_ID, DISPLAY_NAME) VALUES (11, 185, 'Site Name');

INSERT INTO CATISSUE_SEARCH_DISPLAY_DATA (RELATIONSHIP_ID, COL_ID, DISPLAY_NAME) VALUES (39, 255, 'Parameter Name');
INSERT INTO CATISSUE_SEARCH_DISPLAY_DATA (RELATIONSHIP_ID, COL_ID, DISPLAY_NAME) VALUES (39, 256, 'Parameter Value');

# ************************************** QUERIES FOR COLLECTION PROTOCOL **************************************************
INSERT INTO CATISSUE_SEARCH_DISPLAY_DATA (RELATIONSHIP_ID, COL_ID, DISPLAY_NAME) VALUES (12, 54, 'Identifier');

INSERT INTO CATISSUE_SEARCH_DISPLAY_DATA (RELATIONSHIP_ID, COL_ID, DISPLAY_NAME) VALUES (40, 292, 'Principal Investigator Last Name');
INSERT INTO CATISSUE_SEARCH_DISPLAY_DATA (RELATIONSHIP_ID, COL_ID, DISPLAY_NAME) VALUES (40, 293, 'Principal Investigator First Name');

INSERT INTO CATISSUE_SEARCH_DISPLAY_DATA (RELATIONSHIP_ID, COL_ID, DISPLAY_NAME) VALUES (42, 292, 'Protocol Coordinator Last Name');
INSERT INTO CATISSUE_SEARCH_DISPLAY_DATA (RELATIONSHIP_ID, COL_ID, DISPLAY_NAME) VALUES (42, 293, 'Protocol Coordinator First Name');

INSERT INTO CATISSUE_SEARCH_DISPLAY_DATA (RELATIONSHIP_ID, COL_ID, DISPLAY_NAME) VALUES (13, 224, 'Title');
INSERT INTO CATISSUE_SEARCH_DISPLAY_DATA (RELATIONSHIP_ID, COL_ID, DISPLAY_NAME) VALUES (13, 225, 'Short Title');
INSERT INTO CATISSUE_SEARCH_DISPLAY_DATA (RELATIONSHIP_ID, COL_ID, DISPLAY_NAME) VALUES (13, 226, 'IRB Identifier');
INSERT INTO CATISSUE_SEARCH_DISPLAY_DATA (RELATIONSHIP_ID, COL_ID, DISPLAY_NAME) VALUES (13, 227, 'Start Date');
INSERT INTO CATISSUE_SEARCH_DISPLAY_DATA (RELATIONSHIP_ID, COL_ID, DISPLAY_NAME) VALUES (13, 228, 'End Date');
INSERT INTO CATISSUE_SEARCH_DISPLAY_DATA (RELATIONSHIP_ID, COL_ID, DISPLAY_NAME) VALUES (13, 229, 'Enrollment');
INSERT INTO CATISSUE_SEARCH_DISPLAY_DATA (RELATIONSHIP_ID, COL_ID, DISPLAY_NAME) VALUES (13, 230, 'Description URL');
INSERT INTO CATISSUE_SEARCH_DISPLAY_DATA (RELATIONSHIP_ID, COL_ID, DISPLAY_NAME) VALUES (13, 231, 'Activity Status');

INSERT INTO CATISSUE_SEARCH_DISPLAY_DATA (RELATIONSHIP_ID, COL_ID, DISPLAY_NAME) VALUES (14, 56, 'Clinical Status');
INSERT INTO CATISSUE_SEARCH_DISPLAY_DATA (RELATIONSHIP_ID, COL_ID, DISPLAY_NAME) VALUES (14, 57, 'Study Calendar Event Point');

INSERT INTO CATISSUE_SEARCH_DISPLAY_DATA (RELATIONSHIP_ID, COL_ID, DISPLAY_NAME) VALUES (15, 233, 'Specimen Type');
INSERT INTO CATISSUE_SEARCH_DISPLAY_DATA (RELATIONSHIP_ID, COL_ID, DISPLAY_NAME) VALUES (15, 234, 'Tissue Site');
INSERT INTO CATISSUE_SEARCH_DISPLAY_DATA (RELATIONSHIP_ID, COL_ID, DISPLAY_NAME) VALUES (15, 235, 'Pathological Status');
INSERT INTO CATISSUE_SEARCH_DISPLAY_DATA (RELATIONSHIP_ID, COL_ID, DISPLAY_NAME) VALUES (16, 65, 'Collection Protocol Event Identifier');

# ************************************** QUERIES FOR DISTRIBUTION PROTOCOL ************************************************
INSERT INTO CATISSUE_SEARCH_DISPLAY_DATA (RELATIONSHIP_ID, COL_ID, DISPLAY_NAME) VALUES (17, 79, 'Identifier');

INSERT INTO CATISSUE_SEARCH_DISPLAY_DATA (RELATIONSHIP_ID, COL_ID, DISPLAY_NAME) VALUES (18, 224, 'Title');
INSERT INTO CATISSUE_SEARCH_DISPLAY_DATA (RELATIONSHIP_ID, COL_ID, DISPLAY_NAME) VALUES (18, 225, 'Short Title');
INSERT INTO CATISSUE_SEARCH_DISPLAY_DATA (RELATIONSHIP_ID, COL_ID, DISPLAY_NAME) VALUES (18, 226, 'IRB Identifier');
INSERT INTO CATISSUE_SEARCH_DISPLAY_DATA (RELATIONSHIP_ID, COL_ID, DISPLAY_NAME) VALUES (18, 227, 'Start Date');
INSERT INTO CATISSUE_SEARCH_DISPLAY_DATA (RELATIONSHIP_ID, COL_ID, DISPLAY_NAME) VALUES (18, 228, 'End Date');
INSERT INTO CATISSUE_SEARCH_DISPLAY_DATA (RELATIONSHIP_ID, COL_ID, DISPLAY_NAME) VALUES (18, 229, 'Enrollment');
INSERT INTO CATISSUE_SEARCH_DISPLAY_DATA (RELATIONSHIP_ID, COL_ID, DISPLAY_NAME) VALUES (18, 230, 'Description URL');
INSERT INTO CATISSUE_SEARCH_DISPLAY_DATA (RELATIONSHIP_ID, COL_ID, DISPLAY_NAME) VALUES (18, 231, 'Activity Status');

INSERT INTO CATISSUE_SEARCH_DISPLAY_DATA (RELATIONSHIP_ID, COL_ID, DISPLAY_NAME) VALUES (20, 233, 'Specimen Type');
INSERT INTO CATISSUE_SEARCH_DISPLAY_DATA (RELATIONSHIP_ID, COL_ID, DISPLAY_NAME) VALUES (20, 234, 'Tissue Site');
INSERT INTO CATISSUE_SEARCH_DISPLAY_DATA (RELATIONSHIP_ID, COL_ID, DISPLAY_NAME) VALUES (20, 235, 'Pathological Status');

INSERT INTO CATISSUE_SEARCH_DISPLAY_DATA (RELATIONSHIP_ID, COL_ID, DISPLAY_NAME) VALUES (43, 292, 'Principal Investigator Last Name');
INSERT INTO CATISSUE_SEARCH_DISPLAY_DATA (RELATIONSHIP_ID, COL_ID, DISPLAY_NAME) VALUES (43, 293, 'Principal Investigator First Name');
INSERT INTO CATISSUE_SEARCH_DISPLAY_DATA (RELATIONSHIP_ID, COL_ID, DISPLAY_NAME) VALUES (19, 80, 'Distribution Protocol Identifier');

# ************************************** QUERIES FOR USER *****************************************************************
INSERT INTO CATISSUE_SEARCH_DISPLAY_DATA (RELATIONSHIP_ID, COL_ID, DISPLAY_NAME) VALUES (21, 285, 'Identifier');
INSERT INTO CATISSUE_SEARCH_DISPLAY_DATA (RELATIONSHIP_ID, COL_ID, DISPLAY_NAME) VALUES (21, 292, 'Last Name');
INSERT INTO CATISSUE_SEARCH_DISPLAY_DATA (RELATIONSHIP_ID, COL_ID, DISPLAY_NAME) VALUES (21, 293, 'First Name');
INSERT INTO CATISSUE_SEARCH_DISPLAY_DATA (RELATIONSHIP_ID, COL_ID, DISPLAY_NAME) VALUES (21, 294, 'Login Name');
INSERT INTO CATISSUE_SEARCH_DISPLAY_DATA (RELATIONSHIP_ID, COL_ID, DISPLAY_NAME) VALUES (21, 295, 'Date');
INSERT INTO CATISSUE_SEARCH_DISPLAY_DATA (RELATIONSHIP_ID, COL_ID, DISPLAY_NAME) VALUES (21, 286, 'Activity Status');

INSERT INTO CATISSUE_SEARCH_DISPLAY_DATA (RELATIONSHIP_ID, COL_ID, DISPLAY_NAME) VALUES (23, 2, 'Street');
INSERT INTO CATISSUE_SEARCH_DISPLAY_DATA (RELATIONSHIP_ID, COL_ID, DISPLAY_NAME) VALUES (23, 3, 'City');
INSERT INTO CATISSUE_SEARCH_DISPLAY_DATA (RELATIONSHIP_ID, COL_ID, DISPLAY_NAME) VALUES (23, 4, 'State');
INSERT INTO CATISSUE_SEARCH_DISPLAY_DATA (RELATIONSHIP_ID, COL_ID, DISPLAY_NAME) VALUES (23, 5, 'Country');
INSERT INTO CATISSUE_SEARCH_DISPLAY_DATA (RELATIONSHIP_ID, COL_ID, DISPLAY_NAME) VALUES (23, 6, 'Zip Code');
INSERT INTO CATISSUE_SEARCH_DISPLAY_DATA (RELATIONSHIP_ID, COL_ID, DISPLAY_NAME) VALUES (23, 7, 'Phone Number');
INSERT INTO CATISSUE_SEARCH_DISPLAY_DATA (RELATIONSHIP_ID, COL_ID, DISPLAY_NAME) VALUES (23, 8, 'Fax Number');

INSERT INTO CATISSUE_SEARCH_DISPLAY_DATA (RELATIONSHIP_ID, COL_ID, DISPLAY_NAME) VALUES (25, 101, 'Institution Name');

INSERT INTO CATISSUE_SEARCH_DISPLAY_DATA (RELATIONSHIP_ID, COL_ID, DISPLAY_NAME) VALUES (24, 68, 'Department Name');

INSERT INTO CATISSUE_SEARCH_DISPLAY_DATA (RELATIONSHIP_ID, COL_ID, DISPLAY_NAME) VALUES (26, 29, 'Cancer Research Group Name');

# ************************************** QUERIES FOR PARTICIPANT **********************************************************
INSERT INTO CATISSUE_SEARCH_DISPLAY_DATA (RELATIONSHIP_ID, COL_ID, DISPLAY_NAME) VALUES (27, 116, 'Identifier');
INSERT INTO CATISSUE_SEARCH_DISPLAY_DATA (RELATIONSHIP_ID, COL_ID, DISPLAY_NAME) VALUES (27, 117, 'Last Name');
INSERT INTO CATISSUE_SEARCH_DISPLAY_DATA (RELATIONSHIP_ID, COL_ID, DISPLAY_NAME) VALUES (27, 118, 'First Name');
INSERT INTO CATISSUE_SEARCH_DISPLAY_DATA (RELATIONSHIP_ID, COL_ID, DISPLAY_NAME) VALUES (27, 119, 'Middle Name');
INSERT INTO CATISSUE_SEARCH_DISPLAY_DATA (RELATIONSHIP_ID, COL_ID, DISPLAY_NAME) VALUES (27, 120, 'Birth Date');
INSERT INTO CATISSUE_SEARCH_DISPLAY_DATA (RELATIONSHIP_ID, COL_ID, DISPLAY_NAME) VALUES (27, 121, 'Gender');
INSERT INTO CATISSUE_SEARCH_DISPLAY_DATA (RELATIONSHIP_ID, COL_ID, DISPLAY_NAME) VALUES (27, 122, 'Genotype');
INSERT INTO CATISSUE_SEARCH_DISPLAY_DATA (RELATIONSHIP_ID, COL_ID, DISPLAY_NAME) VALUES (27, 123, 'Race');
INSERT INTO CATISSUE_SEARCH_DISPLAY_DATA (RELATIONSHIP_ID, COL_ID, DISPLAY_NAME) VALUES (27, 124, 'Ethnicity');
INSERT INTO CATISSUE_SEARCH_DISPLAY_DATA (RELATIONSHIP_ID, COL_ID, DISPLAY_NAME) VALUES (27, 125, 'Social Security Number');
INSERT INTO CATISSUE_SEARCH_DISPLAY_DATA (RELATIONSHIP_ID, COL_ID, DISPLAY_NAME) VALUES (27, 286, 'Activity Status');
INSERT INTO CATISSUE_SEARCH_DISPLAY_DATA (RELATIONSHIP_ID, COL_ID, DISPLAY_NAME) VALUES (28, 128, 'Medical Record Number');

# ************************************** QUERIES FOR COLLECTION PROTOCOL REGISTRATION **************************************
INSERT INTO CATISSUE_SEARCH_DISPLAY_DATA (RELATIONSHIP_ID, COL_ID, DISPLAY_NAME) VALUES (29, 59, 'Identifier');

INSERT INTO CATISSUE_SEARCH_DISPLAY_DATA (RELATIONSHIP_ID, COL_ID, DISPLAY_NAME) VALUES (45, 224, 'Protocol Title');

INSERT INTO CATISSUE_SEARCH_DISPLAY_DATA (RELATIONSHIP_ID, COL_ID, DISPLAY_NAME) VALUES (29, 60, 'Participant Protocol Identifier');
INSERT INTO CATISSUE_SEARCH_DISPLAY_DATA (RELATIONSHIP_ID, COL_ID, DISPLAY_NAME) VALUES (29, 61, 'Registration Date');
INSERT INTO CATISSUE_SEARCH_DISPLAY_DATA (RELATIONSHIP_ID, COL_ID, DISPLAY_NAME) VALUES (29, 64, 'Activity Status');

INSERT INTO CATISSUE_SEARCH_DISPLAY_DATA (RELATIONSHIP_ID, COL_ID, DISPLAY_NAME) VALUES (46, 117, 'Participant Last Name');
INSERT INTO CATISSUE_SEARCH_DISPLAY_DATA (RELATIONSHIP_ID, COL_ID, DISPLAY_NAME) VALUES (46, 118, 'Participant First Name');

# ************************************** QUERIES FOR SPECIMEN COLLECTION GROUP *********************************************
INSERT INTO CATISSUE_SEARCH_DISPLAY_DATA (RELATIONSHIP_ID, COL_ID, DISPLAY_NAME) VALUES (30, 209, 'Identifier');
INSERT INTO CATISSUE_SEARCH_DISPLAY_DATA (RELATIONSHIP_ID, COL_ID, DISPLAY_NAME) VALUES (30, 210, 'Clinical Diagnosis');
INSERT INTO CATISSUE_SEARCH_DISPLAY_DATA (RELATIONSHIP_ID, COL_ID, DISPLAY_NAME) VALUES (30, 211, 'Clinical Status');
INSERT INTO CATISSUE_SEARCH_DISPLAY_DATA (RELATIONSHIP_ID, COL_ID, DISPLAY_NAME) VALUES (30, 212, 'Activity Status');

INSERT INTO CATISSUE_SEARCH_DISPLAY_DATA (RELATIONSHIP_ID, COL_ID, DISPLAY_NAME) VALUES (48, 224, 'Collection Protocol Title');

INSERT INTO CATISSUE_SEARCH_DISPLAY_DATA (RELATIONSHIP_ID, COL_ID, DISPLAY_NAME) VALUES (31, 57, 'Study Calendar Event Point');

INSERT INTO CATISSUE_SEARCH_DISPLAY_DATA (RELATIONSHIP_ID, COL_ID, DISPLAY_NAME) VALUES (32, 185, 'Site Name');

INSERT INTO CATISSUE_SEARCH_DISPLAY_DATA (RELATIONSHIP_ID, COL_ID, DISPLAY_NAME) VALUES (33, 60, 'Protocol Participant Identifier');

INSERT INTO CATISSUE_SEARCH_DISPLAY_DATA (RELATIONSHIP_ID, COL_ID, DISPLAY_NAME) VALUES (47, 45, 'Surgical Pathology Number');
INSERT INTO CATISSUE_SEARCH_DISPLAY_DATA (RELATIONSHIP_ID, COL_ID, DISPLAY_NAME) VALUES (47, 46, 'Medical Record Number');

INSERT INTO CATISSUE_SEARCH_DISPLAY_DATA (RELATIONSHIP_ID, COL_ID, DISPLAY_NAME) VALUES (54, 117, 'Participant Last Name');
INSERT INTO CATISSUE_SEARCH_DISPLAY_DATA (RELATIONSHIP_ID, COL_ID, DISPLAY_NAME) VALUES (54, 118, 'Participant First Name');

# ************************************** QUERIES FOR SPECIMEN **************************************************************
INSERT INTO CATISSUE_SEARCH_DISPLAY_DATA (RELATIONSHIP_ID, COL_ID, DISPLAY_NAME) VALUES (34, 191, 'Identifier');
INSERT INTO CATISSUE_SEARCH_DISPLAY_DATA (RELATIONSHIP_ID, COL_ID, DISPLAY_NAME) VALUES (34, 201, 'Specimen Collection Group Identifier');
INSERT INTO CATISSUE_SEARCH_DISPLAY_DATA (RELATIONSHIP_ID, COL_ID, DISPLAY_NAME) VALUES (34, 199, 'Parent Specimen Identifier');
INSERT INTO CATISSUE_SEARCH_DISPLAY_DATA (RELATIONSHIP_ID, COL_ID, DISPLAY_NAME) VALUES (34, 192, 'Type');
INSERT INTO CATISSUE_SEARCH_DISPLAY_DATA (RELATIONSHIP_ID, COL_ID, DISPLAY_NAME) VALUES (34, 193, 'Available');
INSERT INTO CATISSUE_SEARCH_DISPLAY_DATA (RELATIONSHIP_ID, COL_ID, DISPLAY_NAME) VALUES (34, 194, 'Position Dimension One');
INSERT INTO CATISSUE_SEARCH_DISPLAY_DATA (RELATIONSHIP_ID, COL_ID, DISPLAY_NAME) VALUES (34, 195, 'Position Dimension Two');
INSERT INTO CATISSUE_SEARCH_DISPLAY_DATA (RELATIONSHIP_ID, COL_ID, DISPLAY_NAME) VALUES (34, 196, 'Barcode');
INSERT INTO CATISSUE_SEARCH_DISPLAY_DATA (RELATIONSHIP_ID, COL_ID, DISPLAY_NAME) VALUES (34, 198, 'Activity Status');

INSERT INTO CATISSUE_SEARCH_DISPLAY_DATA (RELATIONSHIP_ID, COL_ID, DISPLAY_NAME) VALUES (35, 206, 'Tissue Site');
INSERT INTO CATISSUE_SEARCH_DISPLAY_DATA (RELATIONSHIP_ID, COL_ID, DISPLAY_NAME) VALUES (35, 207, 'Tissue Side');
INSERT INTO CATISSUE_SEARCH_DISPLAY_DATA (RELATIONSHIP_ID, COL_ID, DISPLAY_NAME) VALUES (35, 208, 'Pathological Status');

INSERT INTO CATISSUE_SEARCH_DISPLAY_DATA (RELATIONSHIP_ID, COL_ID, DISPLAY_NAME) VALUES (49, 27, 'Biohazard Type');
INSERT INTO CATISSUE_SEARCH_DISPLAY_DATA (RELATIONSHIP_ID, COL_ID, DISPLAY_NAME) VALUES (49, 25, 'Biohazard Name');

INSERT INTO CATISSUE_SEARCH_DISPLAY_DATA (RELATIONSHIP_ID, COL_ID, DISPLAY_NAME) VALUES (50, 85, 'External Identifier Name');
INSERT INTO CATISSUE_SEARCH_DISPLAY_DATA (RELATIONSHIP_ID, COL_ID, DISPLAY_NAME) VALUES (50, 86, 'External Identifier Value');

# ************************************** QUERIES FOR DISTRIBUTION ***********************************************************
INSERT INTO CATISSUE_SEARCH_DISPLAY_DATA (RELATIONSHIP_ID, COL_ID, DISPLAY_NAME) VALUES (36, 75, 'Identifier');

INSERT INTO CATISSUE_SEARCH_DISPLAY_DATA (RELATIONSHIP_ID, COL_ID, DISPLAY_NAME) VALUES (51, 292, 'Distributor Last Name');
INSERT INTO CATISSUE_SEARCH_DISPLAY_DATA (RELATIONSHIP_ID, COL_ID, DISPLAY_NAME) VALUES (51, 293, 'Distributor First Name');

INSERT INTO CATISSUE_SEARCH_DISPLAY_DATA (RELATIONSHIP_ID, COL_ID, DISPLAY_NAME) VALUES (52, 209, 'Specimen Identifier');


#TABLE MAP DATA
insert into CATISSUE_RELATED_TABLES_MAP values ( 10 , 11 , 'IDENTIFIER','COLLECTION_PROTOCOL_ID');
insert into CATISSUE_RELATED_TABLES_MAP values ( 5 , 23 , 'IDENTIFIER','DEPARTMENT_ID');
insert into CATISSUE_RELATED_TABLES_MAP values ( 6 , 23 , 'IDENTIFIER','INSTITUTION_ID');
insert into CATISSUE_RELATED_TABLES_MAP values ( 7 , 23 , 'IDENTIFIER','CANCER_RESEARCH_GROUP_ID');
insert into CATISSUE_RELATED_TABLES_MAP values ( 4 , 23 , 'IDENTIFIER','ADDRESS_ID');
insert into CATISSUE_RELATED_TABLES_MAP values ( 23 , 3 , 'IDENTIFIER','USER_ID');
insert into CATISSUE_RELATED_TABLES_MAP values ( 4 , 3 , 'IDENTIFIER','ADDRESS_ID');
insert into CATISSUE_RELATED_TABLES_MAP values ( 9 , 10 , 'IDENTIFIER','IDENTIFIER');
insert into CATISSUE_RELATED_TABLES_MAP values ( 23 , 9 , 'IDENTIFIER','PRINCIPAL_INVESTIGATOR_ID');
insert into CATISSUE_RELATED_TABLES_MAP values ( 23 , 17 , 'IDENTIFIER','USER_ID');
insert into CATISSUE_RELATED_TABLES_MAP values ( 10 , 17 , 'IDENTIFIER','COLLECTION_PROTOCOL_ID');
insert into CATISSUE_RELATED_TABLES_MAP values ( 12 , 18, 'IDENTIFIER','SPECIMEN_REQUIREMENT_ID');
insert into CATISSUE_RELATED_TABLES_MAP values ( 11 , 18 , 'IDENTIFIER','COLLECTION_PROTOCOL_EVENT_ID');
insert into CATISSUE_RELATED_TABLES_MAP values ( 9 , 19 , 'IDENTIFIER','IDENTIFIER');
insert into CATISSUE_RELATED_TABLES_MAP values ( 12 , 20 , 'IDENTIFIER','SPECIMEN_REQUIREMENT_ID');
insert into CATISSUE_RELATED_TABLES_MAP values ( 19 , 20 , 'IDENTIFIER','DISTRIBUTION_PROTOCOL_ID');
insert into CATISSUE_RELATED_TABLES_MAP values ( 13 , 12 , 'IDENTIFIER','IDENTIFIER');
insert into CATISSUE_RELATED_TABLES_MAP values ( 14 , 12 , 'IDENTIFIER','IDENTIFIER');
insert into CATISSUE_RELATED_TABLES_MAP values ( 15 , 12 , 'IDENTIFIER','IDENTIFIER');
insert into CATISSUE_RELATED_TABLES_MAP values ( 16 , 12 , 'IDENTIFIER','IDENTIFIER');
insert into CATISSUE_RELATED_TABLES_MAP values ( 3 , 21 , 'IDENTIFIER','SITE_ID');
insert into CATISSUE_RELATED_TABLES_MAP values ( 2 , 21 , 'IDENTIFIER','STORAGE_CONTAINER_CAPACITY_ID');
insert into CATISSUE_RELATED_TABLES_MAP values ( 1 , 21 , 'IDENTIFIER','STORAGE_TYPE_ID');
insert into CATISSUE_RELATED_TABLES_MAP values ( 23 , 24 , 'IDENTIFIER','USER_ID');
insert into CATISSUE_RELATED_TABLES_MAP values ( 22 , 21 , 'STORAGE_CONTAINER_ID','IDENTIFIER');
insert into CATISSUE_RELATED_TABLES_MAP values ( 31 , 32 , 'IDENTIFIER','PARTICIPANT_ID');
insert into CATISSUE_RELATED_TABLES_MAP values ( 10 , 27 , 'IDENTIFIER','COLLECTION_PROTOCOL_ID');
insert into CATISSUE_RELATED_TABLES_MAP values ( 31 , 27 , 'IDENTIFIER','PARTICIPANT_ID');
insert into CATISSUE_RELATED_TABLES_MAP values ( 3 , 35 , 'IDENTIFIER','SITE_ID');
insert into CATISSUE_RELATED_TABLES_MAP values ( 11 , 35 , 'IDENTIFIER','COLLECTION_PROTOCOL_EVENT_ID');
insert into CATISSUE_RELATED_TABLES_MAP values ( 26 , 35 , 'IDENTIFIER','CLINICAL_REPORT_ID');
insert into CATISSUE_RELATED_TABLES_MAP values ( 27 , 35 , 'IDENTIFIER','COLLECTION_PROTOCOL_REGISTRATION_ID');
insert into CATISSUE_RELATED_TABLES_MAP values ( 21 , 33 , 'IDENTIFIER','STORAGE_CONTAINER_IDENTIFIER');
insert into CATISSUE_RELATED_TABLES_MAP values ( 35 , 33 , 'IDENTIFIER','SPECIMEN_COLLECTION_GROUP_ID');
insert into CATISSUE_RELATED_TABLES_MAP values ( 34 , 33 , 'IDENTIFIER','SPECIMEN_CHARACTERISTICS_ID');
insert into CATISSUE_RELATED_TABLES_MAP values ( 33 , 33 , 'IDENTIFIER','PARENT_SPECIMEN_ID');
insert into CATISSUE_RELATED_TABLES_MAP values ( 38 , 37 , 'IDENTIFIER','DISTRIBUTION_ID');
insert into CATISSUE_RELATED_TABLES_MAP values ( 33 , 37 , 'IDENTIFIER','SPECIMEN_ID');