CREATE TABLE CATISSUE_TABLE_RELATION
(
      PARENT_TABLE_ID bigint,      
      
      CHILD_TABLE_ID bigint
);


insert into CATISSUE_QUERY_INTERFACE_TABLE_DATA  ( TABLE_ID, TABLE_NAME,DISPLAY_NAME,ALIAS_NAME) values (1,'CATISSUE STORAGE TYPE','Storage Type','StorageType');
insert into CATISSUE_QUERY_INTERFACE_COLUMN_DATA ( TABLE_ID, COLUMN_NAME , DISPLAY_NAME , ATTRIBUTE_TYPE ) values ( 1, 'IDENTIFIER' , 'Identifier' , 'bigint' );
insert into CATISSUE_QUERY_INTERFACE_COLUMN_DATA ( TABLE_ID, COLUMN_NAME , DISPLAY_NAME , ATTRIBUTE_TYPE ) values ( 1, 'TYPE' , 'Type' , 'varchar');
insert into CATISSUE_QUERY_INTERFACE_COLUMN_DATA ( TABLE_ID, COLUMN_NAME , DISPLAY_NAME , ATTRIBUTE_TYPE ) values ( 1, 'DEFAULT TEMPERATURE IN CENTIGRADE' , 'Default Temperature In Centigrade' , 'double');
insert into CATISSUE_QUERY_INTERFACE_COLUMN_DATA ( TABLE_ID, COLUMN_NAME , DISPLAY_NAME , ATTRIBUTE_TYPE ) values ( 1, 'DEFAULT TEMPERATURE IN CENTIGRADE' , 'Default Temperature In Centigrade' , 'double');
insert into CATISSUE_QUERY_INTERFACE_COLUMN_DATA ( TABLE_ID, COLUMN_NAME , DISPLAY_NAME , ATTRIBUTE_TYPE ) values ( 1, 'ONE DIMENSION LABEL' , 'One Dimension Label' , 'varchar');
insert into CATISSUE_QUERY_INTERFACE_COLUMN_DATA ( TABLE_ID, COLUMN_NAME , DISPLAY_NAME , ATTRIBUTE_TYPE ) values ( 1, 'TWO DIMENSION LABEL' , 'Two Dimension Label' , 'varchar');
insert into CATISSUE_QUERY_INTERFACE_COLUMN_DATA ( TABLE_ID, COLUMN_NAME , DISPLAY_NAME , ATTRIBUTE_TYPE ) values ( 1, 'STORAGE CONTAINER CAPACITY ID' , 'Storage Container Capacity Id' , 'bigint');

insert into CATISSUE_QUERY_INTERFACE_TABLE_DATA  ( TABLE_ID,TABLE_NAME,DISPLAY_NAME,ALIAS_NAME) values (2, 'CATISSUE STORAGE CONTAINER CAPACITY','Storage Container Capacity','StorageContainerCapacity');
insert into CATISSUE_QUERY_INTERFACE_COLUMN_DATA ( TABLE_ID, COLUMN_NAME , DISPLAY_NAME , ATTRIBUTE_TYPE ) values ( 2, 'IDENTIFIER' , 'Identifier' , 'bigint');
insert into CATISSUE_QUERY_INTERFACE_COLUMN_DATA ( TABLE_ID, COLUMN_NAME , DISPLAY_NAME , ATTRIBUTE_TYPE ) values ( 2, 'ONE DIMENSION CAPACITY' , 'One Dimension Capacity' , 'integer');
insert into CATISSUE_QUERY_INTERFACE_COLUMN_DATA ( TABLE_ID, COLUMN_NAME , DISPLAY_NAME , ATTRIBUTE_TYPE ) values ( 2, 'TWO DIMENSION CAPACITY' , 'Two Dimension Capacity' , 'integer');

insert into CATISSUE_QUERY_INTERFACE_TABLE_DATA  ( TABLE_ID,TABLE_NAME,DISPLAY_NAME,ALIAS_NAME) values (3,'CATISSUE SITE','Site','Site');
insert into CATISSUE_QUERY_INTERFACE_COLUMN_DATA ( TABLE_ID, COLUMN_NAME , DISPLAY_NAME , ATTRIBUTE_TYPE ) values ( 3, 'IDENTIFIER' , 'Identifier' , 'bigint');
insert into CATISSUE_QUERY_INTERFACE_COLUMN_DATA ( TABLE_ID, COLUMN_NAME , DISPLAY_NAME , ATTRIBUTE_TYPE ) values ( 3, 'NAME' , 'Name' , 'varchar');
insert into CATISSUE_QUERY_INTERFACE_COLUMN_DATA ( TABLE_ID, COLUMN_NAME , DISPLAY_NAME , ATTRIBUTE_TYPE ) values ( 3, 'TYPE' , 'Type' , 'varchar');
insert into CATISSUE_QUERY_INTERFACE_COLUMN_DATA ( TABLE_ID, COLUMN_NAME , DISPLAY_NAME , ATTRIBUTE_TYPE ) values ( 3, 'EMAIL ADDRESS' , 'Email Address' , 'varchar');
insert into CATISSUE_QUERY_INTERFACE_COLUMN_DATA ( TABLE_ID, COLUMN_NAME , DISPLAY_NAME , ATTRIBUTE_TYPE ) values ( 3, 'USER ID' , 'User Id' , 'bigint');
insert into CATISSUE_QUERY_INTERFACE_COLUMN_DATA ( TABLE_ID, COLUMN_NAME , DISPLAY_NAME , ATTRIBUTE_TYPE ) values ( 3, 'ACTIVITY STATUS' , 'Activity Status' , 'varchar');
insert into CATISSUE_QUERY_INTERFACE_COLUMN_DATA ( TABLE_ID, COLUMN_NAME , DISPLAY_NAME , ATTRIBUTE_TYPE ) values ( 3, 'ADDRESS ID' , 'Address Id' , 'bigint');

insert into CATISSUE_QUERY_INTERFACE_TABLE_DATA  ( TABLE_ID,TABLE_NAME,DISPLAY_NAME,ALIAS_NAME) values (4,'CATISSUE ADDRESS','Address','Address');
insert into CATISSUE_QUERY_INTERFACE_COLUMN_DATA ( TABLE_ID, COLUMN_NAME , DISPLAY_NAME , ATTRIBUTE_TYPE ) values ( 4, 'STREET' , 'Street' , 'varchar' );
insert into CATISSUE_QUERY_INTERFACE_COLUMN_DATA ( TABLE_ID, COLUMN_NAME , DISPLAY_NAME , ATTRIBUTE_TYPE ) values ( 4, 'CITY' , 'City' , 'varchar' );
insert into CATISSUE_QUERY_INTERFACE_COLUMN_DATA ( TABLE_ID, COLUMN_NAME , DISPLAY_NAME , ATTRIBUTE_TYPE ) values ( 4, 'STATE' , 'State' , 'varchar' );
insert into CATISSUE_QUERY_INTERFACE_COLUMN_DATA ( TABLE_ID, COLUMN_NAME , DISPLAY_NAME , ATTRIBUTE_TYPE ) values ( 4, 'COUNTRY' , 'Country' , 'varchar' );
insert into CATISSUE_QUERY_INTERFACE_COLUMN_DATA ( TABLE_ID, COLUMN_NAME , DISPLAY_NAME , ATTRIBUTE_TYPE ) values ( 4, 'ZIPCODE' , 'Zipcode' , 'varchar' );
insert into CATISSUE_QUERY_INTERFACE_COLUMN_DATA ( TABLE_ID, COLUMN_NAME , DISPLAY_NAME , ATTRIBUTE_TYPE ) values ( 4, 'PHONE NUMBER' , 'Phone Number' , 'varchar' );
insert into CATISSUE_QUERY_INTERFACE_COLUMN_DATA ( TABLE_ID, COLUMN_NAME , DISPLAY_NAME , ATTRIBUTE_TYPE ) values ( 4, 'FAX NUMBER' , 'Fax Number' , 'varchar' );

insert into CATISSUE_QUERY_INTERFACE_TABLE_DATA  ( TABLE_ID,TABLE_NAME,DISPLAY_NAME,ALIAS_NAME) values (5,'CATISSUE DEPARTMENT','Department','Department');
insert into CATISSUE_QUERY_INTERFACE_COLUMN_DATA ( TABLE_ID, COLUMN_NAME , DISPLAY_NAME , ATTRIBUTE_TYPE ) values ( 5, 'IDENTIFIER' , 'Identifier' , 'bigint');
insert into CATISSUE_QUERY_INTERFACE_COLUMN_DATA ( TABLE_ID, COLUMN_NAME , DISPLAY_NAME , ATTRIBUTE_TYPE ) values ( 5, 'NAME' , 'Name' , 'varchar');

insert into CATISSUE_QUERY_INTERFACE_TABLE_DATA  ( TABLE_ID,TABLE_NAME,DISPLAY_NAME,ALIAS_NAME) values (6, 'CATISSUE INSTITUTION','Institution','Institution');
insert into CATISSUE_QUERY_INTERFACE_COLUMN_DATA ( TABLE_ID, COLUMN_NAME , DISPLAY_NAME , ATTRIBUTE_TYPE ) values ( 6, 'IDENTIFIER' , 'Identifier' , 'bigint');
insert into CATISSUE_QUERY_INTERFACE_COLUMN_DATA ( TABLE_ID, COLUMN_NAME , DISPLAY_NAME , ATTRIBUTE_TYPE ) values ( 6, 'NAME' , 'Name' , 'varchar');

insert into CATISSUE_QUERY_INTERFACE_TABLE_DATA  ( TABLE_ID, TABLE_NAME,DISPLAY_NAME,ALIAS_NAME) values (7, 'CATISSUE CANCER RESEARCH GROUP','Cancer Research Group','CancerResearchGroup');
insert into CATISSUE_QUERY_INTERFACE_COLUMN_DATA ( TABLE_ID, COLUMN_NAME , DISPLAY_NAME , ATTRIBUTE_TYPE ) values ( 7, 'IDENTIFIER' , 'Identifier' , 'bigint');
insert into CATISSUE_QUERY_INTERFACE_COLUMN_DATA ( TABLE_ID, COLUMN_NAME , DISPLAY_NAME , ATTRIBUTE_TYPE ) values ( 7, 'NAME' , 'Name' , 'varchar');

insert into CATISSUE_QUERY_INTERFACE_TABLE_DATA  ( TABLE_ID, TABLE_NAME,DISPLAY_NAME,ALIAS_NAME) values (8,'CATISSUE BIOHAZARD','Biohazard','BioHazard');
insert into CATISSUE_QUERY_INTERFACE_COLUMN_DATA ( TABLE_ID, COLUMN_NAME , DISPLAY_NAME , ATTRIBUTE_TYPE ) values ( 8, 'IDENTIFIER' , 'Identifier' , 'bigint' );
insert into CATISSUE_QUERY_INTERFACE_COLUMN_DATA ( TABLE_ID, COLUMN_NAME , DISPLAY_NAME , ATTRIBUTE_TYPE ) values ( 8, 'NAME' , 'Name' , 'varchar' );
insert into CATISSUE_QUERY_INTERFACE_COLUMN_DATA ( TABLE_ID, COLUMN_NAME , DISPLAY_NAME , ATTRIBUTE_TYPE ) values ( 8, 'COMMENTS' , 'Comments' , 'varchar' );
insert into CATISSUE_QUERY_INTERFACE_COLUMN_DATA ( TABLE_ID, COLUMN_NAME , DISPLAY_NAME , ATTRIBUTE_TYPE ) values ( 8, 'TYPE' , 'Type' , 'varchar' );

insert into CATISSUE_QUERY_INTERFACE_TABLE_DATA  ( TABLE_ID, TABLE_NAME,DISPLAY_NAME,ALIAS_NAME) values (9,'CATISSUE SPECIMEN PROTOCOL','Specimen Protocol','SpecimenProtocol');
insert into CATISSUE_QUERY_INTERFACE_COLUMN_DATA ( TABLE_ID, COLUMN_NAME , DISPLAY_NAME , ATTRIBUTE_TYPE ) values ( 9, 'PRINCIPAL INVESTIGATOR ID' , 'Principal Investigator Id' , 'bigint');
insert into CATISSUE_QUERY_INTERFACE_COLUMN_DATA ( TABLE_ID, COLUMN_NAME , DISPLAY_NAME , ATTRIBUTE_TYPE ) values ( 9, 'TITLE' , 'Title' , 'varchar');
insert into CATISSUE_QUERY_INTERFACE_COLUMN_DATA ( TABLE_ID, COLUMN_NAME , DISPLAY_NAME , ATTRIBUTE_TYPE ) values ( 9, 'SHORT TITLE' , 'Short Title' , 'varchar');
insert into CATISSUE_QUERY_INTERFACE_COLUMN_DATA ( TABLE_ID, COLUMN_NAME , DISPLAY_NAME , ATTRIBUTE_TYPE ) values ( 9, 'IRB IDENTIFIER' , 'Irb Identifier' , 'varchar');
insert into CATISSUE_QUERY_INTERFACE_COLUMN_DATA ( TABLE_ID, COLUMN_NAME , DISPLAY_NAME , ATTRIBUTE_TYPE ) values ( 9, 'START DATE' , 'Start Date' , 'date');
insert into CATISSUE_QUERY_INTERFACE_COLUMN_DATA ( TABLE_ID, COLUMN_NAME , DISPLAY_NAME , ATTRIBUTE_TYPE ) values ( 9, 'END DATE' , 'End Date' , 'date');
insert into CATISSUE_QUERY_INTERFACE_COLUMN_DATA ( TABLE_ID, COLUMN_NAME , DISPLAY_NAME , ATTRIBUTE_TYPE ) values ( 9, 'ENROLLMENT' , 'Enrollment' , 'integer');
insert into CATISSUE_QUERY_INTERFACE_COLUMN_DATA ( TABLE_ID, COLUMN_NAME , DISPLAY_NAME , ATTRIBUTE_TYPE ) values ( 9, 'DESCRIPTION URL' , 'Description Url' , 'varchar');
insert into CATISSUE_QUERY_INTERFACE_COLUMN_DATA ( TABLE_ID, COLUMN_NAME , DISPLAY_NAME , ATTRIBUTE_TYPE ) values ( 9, 'ACTIVITY STATUS' , 'Activity Status' , 'varchar');

insert into CATISSUE_QUERY_INTERFACE_TABLE_DATA  ( TABLE_ID, TABLE_NAME,DISPLAY_NAME,ALIAS_NAME) values (10,'CATISSUE COLLECTION PROTOCOL','Collection Protocol','CollectionProtocol');
insert into CATISSUE_QUERY_INTERFACE_COLUMN_DATA ( TABLE_ID, COLUMN_NAME , DISPLAY_NAME , ATTRIBUTE_TYPE ) values ( 10, 'IDENTIFIER' , 'Identifier' , 'bigint');

insert into CATISSUE_QUERY_INTERFACE_TABLE_DATA  ( TABLE_ID, TABLE_NAME,DISPLAY_NAME,ALIAS_NAME) values (11,'CATISSUE COLLECTION PROTOCOL EVENT','Collection Protocol Event','CollectionProtocolEvent');
insert into CATISSUE_QUERY_INTERFACE_COLUMN_DATA ( TABLE_ID, COLUMN_NAME , DISPLAY_NAME , ATTRIBUTE_TYPE ) values ( 11, 'CLINICAL STATUS' , 'Clinical Status' , 'varchar' );
insert into CATISSUE_QUERY_INTERFACE_COLUMN_DATA ( TABLE_ID, COLUMN_NAME , DISPLAY_NAME , ATTRIBUTE_TYPE ) values ( 11, 'STUDY CALENDAR EVENT POINT' , 'Study Calendar Event Point' , 'double' );
insert into CATISSUE_QUERY_INTERFACE_COLUMN_DATA ( TABLE_ID, COLUMN_NAME , DISPLAY_NAME , ATTRIBUTE_TYPE ) values ( 11, 'COLLECTION PROTOCOL ID' , 'Collection Protocol Id' , 'bigint' );

insert into CATISSUE_QUERY_INTERFACE_TABLE_DATA  ( TABLE_ID, TABLE_NAME,DISPLAY_NAME,ALIAS_NAME) values (12,'CATISSUE SPECIMEN REQUIREMENT','Specimen Requirement','SpecimenRequirement');
insert into CATISSUE_QUERY_INTERFACE_COLUMN_DATA ( TABLE_ID, COLUMN_NAME , DISPLAY_NAME , ATTRIBUTE_TYPE ) values ( 12, 'SPECIMEN TYPE' , 'Specimen Type' , 'varchar');
insert into CATISSUE_QUERY_INTERFACE_COLUMN_DATA ( TABLE_ID, COLUMN_NAME , DISPLAY_NAME , ATTRIBUTE_TYPE ) values ( 12, 'TISSUE SITE' , 'Tissue Site' , 'varchar');
insert into CATISSUE_QUERY_INTERFACE_COLUMN_DATA ( TABLE_ID, COLUMN_NAME , DISPLAY_NAME , ATTRIBUTE_TYPE ) values ( 12, 'PATHOLOGY STATUS' , 'Pathology Status' , 'varchar');

insert into CATISSUE_QUERY_INTERFACE_TABLE_DATA  ( TABLE_ID, TABLE_NAME,DISPLAY_NAME,ALIAS_NAME) values (13,'CATISSUE CELL SPECIMEN REQUIREMENT','Cell Specimen Requirement','CellSpecimenRequirement');
insert into CATISSUE_QUERY_INTERFACE_COLUMN_DATA ( TABLE_ID, COLUMN_NAME , DISPLAY_NAME , ATTRIBUTE_TYPE ) values ( 13, 'QUANTITY IN CELL COUNT' , 'Quantity In Cell Count' , 'integer');

insert into CATISSUE_QUERY_INTERFACE_TABLE_DATA  ( TABLE_ID, TABLE_NAME,DISPLAY_NAME,ALIAS_NAME) values (14,'CATISSUE MOLECULAR SPECIMEN REQUIREMENT','Molecular Specimen Requirement','MolecularSpecimenRequirement');
insert into CATISSUE_QUERY_INTERFACE_COLUMN_DATA ( TABLE_ID, COLUMN_NAME , DISPLAY_NAME , ATTRIBUTE_TYPE ) values ( 14, 'QUANTITY IN MICRO GRAM' , 'Quantity In Micro Gram' , 'double');

insert into CATISSUE_QUERY_INTERFACE_TABLE_DATA  ( TABLE_ID, TABLE_NAME,DISPLAY_NAME,ALIAS_NAME) values (15,'CATISSUE TISSUE SPECIMEN REQUIREMENT','Tissue Specimen Requirement','TissueSpecimenRequirement');
insert into CATISSUE_QUERY_INTERFACE_COLUMN_DATA ( TABLE_ID, COLUMN_NAME , DISPLAY_NAME , ATTRIBUTE_TYPE ) values ( 15, 'QUANTITY IN GRAM' , 'Quantity In Gram' , 'double');

insert into CATISSUE_QUERY_INTERFACE_TABLE_DATA  ( TABLE_ID, TABLE_NAME,DISPLAY_NAME,ALIAS_NAME) values (16,'CATISSUE FLUID SPECIMEN REQUIREMENT','Fluid Specimen Requirement','FluidSpecimenRequirement');
insert into CATISSUE_QUERY_INTERFACE_COLUMN_DATA ( TABLE_ID, COLUMN_NAME , DISPLAY_NAME , ATTRIBUTE_TYPE ) values ( 16, 'QUANTITY IN MILILITER' , 'Quantity In Mililiter' , 'double');

insert into CATISSUE_QUERY_INTERFACE_TABLE_DATA  ( TABLE_ID, TABLE_NAME,DISPLAY_NAME,ALIAS_NAME) values (17,'CATISSUE COLLECTION COORDINATORS','Collection Coordinators','CollectionCoordinators');
insert into CATISSUE_QUERY_INTERFACE_COLUMN_DATA ( TABLE_ID, COLUMN_NAME , DISPLAY_NAME , ATTRIBUTE_TYPE ) values ( 17, 'COLLECTION PROTOCOL ID' , 'Collection Protocol Id' , 'bigint');
insert into CATISSUE_QUERY_INTERFACE_COLUMN_DATA ( TABLE_ID, COLUMN_NAME , DISPLAY_NAME , ATTRIBUTE_TYPE ) values ( 17, 'USER ID' , 'User Id' , 'bigint');

insert into CATISSUE_QUERY_INTERFACE_TABLE_DATA  ( TABLE_ID, TABLE_NAME,DISPLAY_NAME,ALIAS_NAME) values (18,'CATISSUE COLLECTION SPECIMEN REQUIREMENT','Collection Specimen Requirement','CollectionSpecimenRequirement');
insert into CATISSUE_QUERY_INTERFACE_COLUMN_DATA ( TABLE_ID, COLUMN_NAME , DISPLAY_NAME , ATTRIBUTE_TYPE ) values ( 18, 'COLLECTION PROTOCOL EVENT ID' , 'Collection Protocol Event Id' , 'bigint');
insert into CATISSUE_QUERY_INTERFACE_COLUMN_DATA ( TABLE_ID, COLUMN_NAME , DISPLAY_NAME , ATTRIBUTE_TYPE ) values ( 18, 'SPECIMEN REQUIREMENT ID' , 'Specimen Requirement Id' , 'bigint');

insert into CATISSUE_QUERY_INTERFACE_TABLE_DATA  ( TABLE_ID, TABLE_NAME,DISPLAY_NAME,ALIAS_NAME) values (19,'CATISSUE DISTRIBUTION PROTOCOL','Distribution Protocol','DistributionProtocol');
insert into CATISSUE_QUERY_INTERFACE_COLUMN_DATA ( TABLE_ID, COLUMN_NAME , DISPLAY_NAME , ATTRIBUTE_TYPE ) values ( 19, 'IDENTIFIER' , 'Identifier' , 'bigint');

insert into CATISSUE_QUERY_INTERFACE_TABLE_DATA  ( TABLE_ID, TABLE_NAME,DISPLAY_NAME,ALIAS_NAME) values (20,'CATISSUE DISTRIBUTION SPECIMEN REQUIREMENT','Distribution Specimen Requirement','DistributionSpecimenRequirement');
insert into CATISSUE_QUERY_INTERFACE_COLUMN_DATA ( TABLE_ID, COLUMN_NAME , DISPLAY_NAME , ATTRIBUTE_TYPE ) values ( 20, 'DISTRIBUTION PROTOCOL ID' , 'Distribution Protocol Id' , 'bigint');
insert into CATISSUE_QUERY_INTERFACE_COLUMN_DATA ( TABLE_ID, COLUMN_NAME , DISPLAY_NAME , ATTRIBUTE_TYPE ) values ( 20, 'SPECIMEN REQUIREMENT ID' , 'Specimen Requirement Id' , 'bigint');

insert into CATISSUE_QUERY_INTERFACE_TABLE_DATA  ( TABLE_ID, TABLE_NAME,DISPLAY_NAME,ALIAS_NAME) values (21,'CATISSUE STORAGE CONTAINER','Storage Container','StorageContainer');
insert into CATISSUE_QUERY_INTERFACE_COLUMN_DATA ( TABLE_ID, COLUMN_NAME , DISPLAY_NAME , ATTRIBUTE_TYPE ) values ( 21, 'IDENTIFIER' , 'Identifier' , 'bigint');
insert into CATISSUE_QUERY_INTERFACE_COLUMN_DATA ( TABLE_ID, COLUMN_NAME , DISPLAY_NAME , ATTRIBUTE_TYPE ) values ( 21, 'NAME' , 'Name' , 'varchar');
insert into CATISSUE_QUERY_INTERFACE_COLUMN_DATA ( TABLE_ID, COLUMN_NAME , DISPLAY_NAME , ATTRIBUTE_TYPE ) values ( 21, 'TEMPERATURE' , 'Temperature' , 'double');
insert into CATISSUE_QUERY_INTERFACE_COLUMN_DATA ( TABLE_ID, COLUMN_NAME , DISPLAY_NAME , ATTRIBUTE_TYPE ) values ( 21, 'IS CONTAINER FULL' , 'Is Container Full' , 'bit');
insert into CATISSUE_QUERY_INTERFACE_COLUMN_DATA ( TABLE_ID, COLUMN_NAME , DISPLAY_NAME , ATTRIBUTE_TYPE ) values ( 21, 'BARCODE' , 'Barcode' , 'varchar');
insert into CATISSUE_QUERY_INTERFACE_COLUMN_DATA ( TABLE_ID, COLUMN_NAME , DISPLAY_NAME , ATTRIBUTE_TYPE ) values ( 21, 'ACTIVITY STATUS' , 'Activity Status' , 'varchar');
insert into CATISSUE_QUERY_INTERFACE_COLUMN_DATA ( TABLE_ID, COLUMN_NAME , DISPLAY_NAME , ATTRIBUTE_TYPE ) values ( 21, 'STORAGE TYPE ID' , 'Storage Type Id' , 'bigint');
insert into CATISSUE_QUERY_INTERFACE_COLUMN_DATA ( TABLE_ID, COLUMN_NAME , DISPLAY_NAME , ATTRIBUTE_TYPE ) values ( 21, 'SITE ID' , 'Site Id' , 'bigint');
insert into CATISSUE_QUERY_INTERFACE_COLUMN_DATA ( TABLE_ID, COLUMN_NAME , DISPLAY_NAME , ATTRIBUTE_TYPE ) values ( 21, 'PARENT CONTAINER ID' , 'Parent Container Id' , 'bigint');
insert into CATISSUE_QUERY_INTERFACE_COLUMN_DATA ( TABLE_ID, COLUMN_NAME , DISPLAY_NAME , ATTRIBUTE_TYPE ) values ( 21, 'STORAGE CONTAINER CAPACITY ID' , 'Storage Container Capacity Id' , 'bigint');
insert into CATISSUE_QUERY_INTERFACE_COLUMN_DATA ( TABLE_ID, COLUMN_NAME , DISPLAY_NAME , ATTRIBUTE_TYPE ) values ( 21, 'POSITION DIMENSION ONE' , 'Position Dimension One' , 'integer');
insert into CATISSUE_QUERY_INTERFACE_COLUMN_DATA ( TABLE_ID, COLUMN_NAME , DISPLAY_NAME , ATTRIBUTE_TYPE ) values ( 21, 'POSITION DIMENSION TWO' , 'Position Dimension Two' , 'integer');

insert into CATISSUE_QUERY_INTERFACE_TABLE_DATA  ( TABLE_ID, TABLE_NAME,DISPLAY_NAME,ALIAS_NAME) values (22,'CATISSUE STORAGE CONTAINER DETAILS','Storage Container Details','StorageContainerDetails');
insert into CATISSUE_QUERY_INTERFACE_COLUMN_DATA ( TABLE_ID, COLUMN_NAME , DISPLAY_NAME , ATTRIBUTE_TYPE ) values ( 22, 'PARAMETER NAME' , 'Parameter Name' , 'varchar');
insert into CATISSUE_QUERY_INTERFACE_COLUMN_DATA ( TABLE_ID, COLUMN_NAME , DISPLAY_NAME , ATTRIBUTE_TYPE ) values ( 22, 'PARAMETER VALUE' , 'Parameter Value' , 'varchar');


insert into CATISSUE_QUERY_INTERFACE_TABLE_DATA  ( TABLE_ID, TABLE_NAME,DISPLAY_NAME,ALIAS_NAME) values (23,'CATISSUE USER','User','User');
insert into CATISSUE_QUERY_INTERFACE_COLUMN_DATA ( TABLE_ID, COLUMN_NAME , DISPLAY_NAME , ATTRIBUTE_TYPE ) values ( 23, 'IDENTIFIER' , 'Identifier' , 'bigint');
insert into CATISSUE_QUERY_INTERFACE_COLUMN_DATA ( TABLE_ID, COLUMN_NAME , DISPLAY_NAME , ATTRIBUTE_TYPE ) values ( 23, 'ACTIVITY STATUS' , 'Activity Status' , 'varchar');
insert into CATISSUE_QUERY_INTERFACE_COLUMN_DATA ( TABLE_ID, COLUMN_NAME , DISPLAY_NAME , ATTRIBUTE_TYPE ) values ( 23, 'DEPARTMENT ID' , 'Department Id' , 'bigint');
insert into CATISSUE_QUERY_INTERFACE_COLUMN_DATA ( TABLE_ID, COLUMN_NAME , DISPLAY_NAME , ATTRIBUTE_TYPE ) values ( 23, 'CANCER RESEARCH GROUP ID' , 'Cancer Research Group Id' , 'bigint');
insert into CATISSUE_QUERY_INTERFACE_COLUMN_DATA ( TABLE_ID, COLUMN_NAME , DISPLAY_NAME , ATTRIBUTE_TYPE ) values ( 23, 'INSTITUTION ID' , 'Institution Id' , 'bigint');
insert into CATISSUE_QUERY_INTERFACE_COLUMN_DATA ( TABLE_ID, COLUMN_NAME , DISPLAY_NAME , ATTRIBUTE_TYPE ) values ( 23, 'ADDRESS ID' , 'Address Id' , 'bigint');
insert into CATISSUE_QUERY_INTERFACE_COLUMN_DATA ( TABLE_ID, COLUMN_NAME , DISPLAY_NAME , ATTRIBUTE_TYPE ) values ( 23, 'STATUS COMMENT' , 'Status Comment' , 'varchar');


insert into CATISSUE_QUERY_INTERFACE_TABLE_DATA  ( TABLE_ID, TABLE_NAME,DISPLAY_NAME,ALIAS_NAME) values (24,'CSM USER','CSM User','CsmUser');
insert into CATISSUE_QUERY_INTERFACE_COLUMN_DATA ( TABLE_ID, COLUMN_NAME , DISPLAY_NAME , ATTRIBUTE_TYPE ) values ( 24, 'LOGIN NAME' , 'Login Name' , 'varchar');
insert into CATISSUE_QUERY_INTERFACE_COLUMN_DATA ( TABLE_ID, COLUMN_NAME , DISPLAY_NAME , ATTRIBUTE_TYPE ) values ( 24, 'FIRST NAME' , 'First Name' , 'varchar');
insert into CATISSUE_QUERY_INTERFACE_COLUMN_DATA ( TABLE_ID, COLUMN_NAME , DISPLAY_NAME , ATTRIBUTE_TYPE ) values ( 24, 'LAST NAME' , 'Last Name' , 'varchar');
insert into CATISSUE_QUERY_INTERFACE_COLUMN_DATA ( TABLE_ID, COLUMN_NAME , DISPLAY_NAME , ATTRIBUTE_TYPE ) values ( 24, 'EMAIL ID' , 'Email Id' , 'varchar');




insert into CATISSUE_TABLE_RELATIONS values ( 1 , 1 );
insert into CATISSUE_TABLE_RELATIONS values ( 1 , 2 );
insert into CATISSUE_TABLE_RELATIONS values ( 6 , 6 );
insert into CATISSUE_TABLE_RELATIONS values ( 5 , 5 );
insert into CATISSUE_TABLE_RELATIONS values ( 7 , 7 );
insert into CATISSUE_TABLE_RELATIONS values ( 8 , 8 );
insert into CATISSUE_TABLE_RELATIONS values ( 3 , 3 );
insert into CATISSUE_TABLE_RELATIONS values ( 3 , 4 );
insert into CATISSUE_TABLE_RELATIONS values (21 , 21);
insert into CATISSUE_TABLE_RELATIONS values (21 , 2 );
insert into CATISSUE_TABLE_RELATIONS values (21 , 1 );
insert into CATISSUE_TABLE_RELATIONS values (21 , 3 );
insert into CATISSUE_TABLE_RELATIONS values (10 , 10);
insert into CATISSUE_TABLE_RELATIONS values (10 , 9 );
insert into CATISSUE_TABLE_RELATIONS values (10 , 11);
insert into CATISSUE_TABLE_RELATIONS values (10 , 12);
insert into CATISSUE_TABLE_RELATIONS values (10 , 18);
insert into CATISSUE_TABLE_RELATIONS values (19 , 19);
insert into CATISSUE_TABLE_RELATIONS values (19 , 9 );
insert into CATISSUE_TABLE_RELATIONS values (19 , 20);
insert into CATISSUE_TABLE_RELATIONS values (19 , 12);




commit;

insert into CATISSUE_INSTITUTION VALUES (1,'Washington University');

insert into CATISSUE_DEPARTMENT VALUES (1,'Cardiology');
insert into CATISSUE_DEPARTMENT VALUES (2,'Pathology');

insert into CATISSUE_CANCER_RESEARCH_GROUP VALUES (1,'Siteman Cancer Center');
insert into CATISSUE_CANCER_RESEARCH_GROUP VALUES (2,'Washington University');

insert into CATISSUE_ADDRESS values (1,'abc','abc','asd','abc','abc','asdas','asdas');
insert into CATISSUE_SITE VALUES (1,'SITE1',"LAB","as@b.cn",47,'Active',1);
insert into CATISSUE_STORAGE_container_capacity VALUES (1,5,5,'abc','abc');
insert into CATISSUE_STORAGE_TYPE VALUES (1,'Box',50,1);
insert into CATISSUE_STORAGE_container VALUES (1,'name1',50,1,'abc','Active',1,1,null,1,0,0);
insert into CATISSUE_STORAGE_CONTAINER values(2,'name2',50,false,'acb','Active',1,null,1,1,0,1)

