/*
SQLyog - Free MySQL GUI v5.16
Host - 4.1.21-community-nt : Database - catissuecore
*********************************************************************
Server version : 4.1.21-community-nt
*/

SET NAMES utf8;

SET SQL_MODE='';

SET @OLD_FOREIGN_KEY_CHECKS=@@FOREIGN_KEY_CHECKS, FOREIGN_KEY_CHECKS=0;
SET @OLD_SQL_MODE=@@SQL_MODE, SQL_MODE='NO_AUTO_VALUE_ON_ZERO';

/*Table structure for table `association` */

DROP TABLE IF EXISTS `association`;

CREATE TABLE `association` (
  `ASSOCIATION_ID` bigint(20) NOT NULL default '0',
  `ASSOCIATION_TYPE` int(8) NOT NULL default '0',
  PRIMARY KEY  (`ASSOCIATION_ID`)
) ENGINE=InnoDB DEFAULT CHARSET=latin1;

/*Data for the table `association` */

insert into `association` (`ASSOCIATION_ID`,`ASSOCIATION_TYPE`) values (1,2),(2,2),(3,2),(4,2),(5,2),(6,2),(7,2),(8,2),(9,2),(10,2),(11,2),(12,2),(13,2),(14,2),(15,2),(16,2),(17,2),(18,2),(19,2),(20,2),(21,2),(22,2),(23,2),(24,2),(25,2),(26,2),(27,2),(28,2),(29,2),(30,2),(31,2),(32,2),(33,2),(34,2),(35,2),(36,2),(37,2),(38,2),(39,2),(40,2),(41,2),(42,2),(43,2),(44,2),(45,2),(46,2),(47,2),(48,2),(49,2),(50,2),(51,2),(52,2),(53,2),(54,2),(55,2),(56,2),(57,2),(58,2),(59,2),(60,2),(61,2),(62,2),(63,2),(64,2),(65,2),(66,2),(67,2),(68,2),(69,2),(70,2),(71,2),(72,2),(73,2),(74,2),(75,2),(76,2),(77,2);

/*Table structure for table `categorial_attribute` */

DROP TABLE IF EXISTS `categorial_attribute`;

CREATE TABLE `categorial_attribute` (
  `ID` bigint(20) NOT NULL auto_increment,
  `CATEGORIAL_CLASS_ID` bigint(20) NOT NULL default '0',
  `DE_CATEGORY_ATTRIBUTE_ID` bigint(20) NOT NULL default '0',
  `DE_SOURCE_CLASS_ATTRIBUTE_ID` bigint(20) NOT NULL default '0',
  PRIMARY KEY  (`ID`),
  KEY `FK31F77B56E8CBD948` (`CATEGORIAL_CLASS_ID`),
  CONSTRAINT `FK31F77B56E8CBD948` FOREIGN KEY (`CATEGORIAL_CLASS_ID`) REFERENCES `categorial_class` (`ID`)
) ENGINE=InnoDB DEFAULT CHARSET=latin1;

/*Data for the table `categorial_attribute` */

insert into `categorial_attribute` (`ID`,`CATEGORIAL_CLASS_ID`,`DE_CATEGORY_ATTRIBUTE_ID`,`DE_SOURCE_CLASS_ATTRIBUTE_ID`) values (1,1,458,29),(2,1,460,28),(3,1,459,27),(4,2,455,112),(5,3,457,281),(6,4,456,133),(7,5,466,233),(8,5,464,239),(9,5,465,231),(10,6,463,133),(11,7,462,112),(12,8,471,167),(13,8,473,166),(14,8,474,162),(15,8,472,171),(16,8,470,169),(17,9,469,374),(18,10,468,374),(19,11,481,78),(20,11,482,79),(21,12,478,184),(22,12,477,183),(23,13,475,28),(24,13,476,27),(25,14,479,181),(26,14,480,180),(27,15,488,171),(28,15,487,167),(29,15,486,169),(30,15,490,162),(31,15,489,166),(32,16,498,79),(33,16,497,78),(34,17,484,374),(35,18,485,374),(36,19,493,183),(37,19,494,184),(38,20,496,180),(39,20,495,181),(40,21,491,28),(41,21,492,27),(42,22,502,169),(43,22,506,162),(44,22,504,171),(45,22,503,167),(46,22,505,166),(47,23,509,183),(48,23,510,184),(49,24,511,181),(50,24,512,180),(51,25,507,28),(52,25,508,27),(53,26,500,374),(54,27,501,374),(55,28,514,79),(56,28,513,78),(57,29,518,231),(58,29,519,233),(59,29,517,239),(60,30,516,140),(61,31,523,169),(62,31,524,167),(63,31,525,171),(64,31,527,162),(65,31,526,166),(66,32,533,180),(67,32,532,181),(68,33,531,184),(69,33,530,183),(70,34,521,374),(71,35,529,27),(72,35,528,28),(73,36,522,374),(74,37,535,79),(75,37,534,78);

/*Table structure for table `categorial_class` */

DROP TABLE IF EXISTS `categorial_class`;

CREATE TABLE `categorial_class` (
  `ID` bigint(20) NOT NULL auto_increment,
  `DE_ENTITY_ID` bigint(20) default NULL,
  `PATH_FROM_PARENT_ID` bigint(20) default NULL,
  `PARENT_CATEGORIAL_CLASS_ID` bigint(20) default NULL,
  PRIMARY KEY  (`ID`),
  KEY `FK9651EF32D8D56A33` (`PARENT_CATEGORIAL_CLASS_ID`),
  CONSTRAINT `FK9651EF32D8D56A33` FOREIGN KEY (`PARENT_CATEGORIAL_CLASS_ID`) REFERENCES `categorial_class` (`ID`)
) ENGINE=InnoDB DEFAULT CHARSET=latin1;

/*Data for the table `categorial_class` */

insert into `categorial_class` (`ID`,`DE_ENTITY_ID`,`PATH_FROM_PARENT_ID`,`PARENT_CATEGORIAL_CLASS_ID`) values (1,25,-1,NULL),(2,110,108,1),(3,280,273,1),(4,132,129,3),(5,228,-1,NULL),(6,132,129,5),(7,110,108,6),(8,161,-1,NULL),(9,373,365,8),(10,373,365,8),(11,77,76,8),(12,182,176,8),(13,25,25,8),(14,178,172,8),(15,161,-1,NULL),(16,77,76,15),(17,373,365,15),(18,373,365,15),(19,182,176,15),(20,178,172,15),(21,25,25,15),(22,161,-1,NULL),(23,182,176,22),(24,178,172,22),(25,25,25,22),(26,373,365,22),(27,373,365,22),(28,77,76,22),(29,228,-1,NULL),(30,138,135,29),(31,161,-1,NULL),(32,178,172,31),(33,182,176,31),(34,373,365,31),(35,25,25,31),(36,373,365,31),(37,77,76,31);

/*Table structure for table `category` */

DROP TABLE IF EXISTS `category`;

CREATE TABLE `category` (
  `ID` bigint(20) NOT NULL auto_increment,
  `DE_ENTITY_ID` bigint(20) NOT NULL default '0',
  `PARENT_CATEGORY_ID` bigint(20) default NULL,
  `ROOT_CATEGORIAL_CLASS_ID` bigint(20) NOT NULL default '0',
  PRIMARY KEY  (`ID`),
  UNIQUE KEY `ROOT_CATEGORIAL_CLASS_ID` (`ROOT_CATEGORIAL_CLASS_ID`),
  KEY `FK31A8ACFE2D0F63E7` (`PARENT_CATEGORY_ID`),
  KEY `FK31A8ACFE211D9A6B` (`ROOT_CATEGORIAL_CLASS_ID`),
  CONSTRAINT `FK31A8ACFE211D9A6B` FOREIGN KEY (`ROOT_CATEGORIAL_CLASS_ID`) REFERENCES `categorial_class` (`ID`),
  CONSTRAINT `FK31A8ACFE2D0F63E7` FOREIGN KEY (`PARENT_CATEGORY_ID`) REFERENCES `category` (`ID`)
) ENGINE=InnoDB DEFAULT CHARSET=latin1;

/*Data for the table `category` */

insert into `category` (`ID`,`DE_ENTITY_ID`,`PARENT_CATEGORY_ID`,`ROOT_CATEGORIAL_CLASS_ID`) values (1,454,NULL,1),(2,461,NULL,5),(3,467,NULL,8),(4,483,NULL,15),(5,499,NULL,22),(6,515,NULL,29),(7,520,NULL,31);

/*Table structure for table `de_coll_attr_record_values` */

DROP TABLE IF EXISTS `de_coll_attr_record_values`;

CREATE TABLE `de_coll_attr_record_values` (
  `IDENTIFIER` bigint(20) NOT NULL auto_increment,
  `RECORD_VALUE` text,
  `COLLECTION_ATTR_RECORD_ID` bigint(20) default NULL,
  PRIMARY KEY  (`IDENTIFIER`),
  KEY `FK847DA577355836BC` (`COLLECTION_ATTR_RECORD_ID`),
  CONSTRAINT `FK847DA577355836BC` FOREIGN KEY (`COLLECTION_ATTR_RECORD_ID`) REFERENCES `dyextn_attribute_record` (`IDENTIFIER`)
) ENGINE=InnoDB DEFAULT CHARSET=latin1;

/*Data for the table `de_coll_attr_record_values` */

/*Table structure for table `de_file_attr_record_values` */

DROP TABLE IF EXISTS `de_file_attr_record_values`;

CREATE TABLE `de_file_attr_record_values` (
  `IDENTIFIER` bigint(20) NOT NULL auto_increment,
  `CONTENT_TYPE` varchar(255) default NULL,
  `FILE_CONTENT` blob,
  `FILE_NAME` varchar(255) default NULL,
  `RECORD_ID` bigint(20) default NULL,
  PRIMARY KEY  (`IDENTIFIER`),
  KEY `FKE68334E7E150DFC9` (`RECORD_ID`),
  CONSTRAINT `FKE68334E7E150DFC9` FOREIGN KEY (`RECORD_ID`) REFERENCES `dyextn_attribute_record` (`IDENTIFIER`)
) ENGINE=InnoDB DEFAULT CHARSET=latin1;

/*Data for the table `de_file_attr_record_values` */

/*Table structure for table `dyextn_abstract_metadata` */

DROP TABLE IF EXISTS `dyextn_abstract_metadata`;

CREATE TABLE `dyextn_abstract_metadata` (
  `IDENTIFIER` bigint(20) NOT NULL auto_increment,
  `CREATED_DATE` date default NULL,
  `DESCRIPTION` text,
  `LAST_UPDATED` date default NULL,
  `NAME` text,
  PRIMARY KEY  (`IDENTIFIER`)
) ENGINE=InnoDB DEFAULT CHARSET=latin1;

/*Data for the table `dyextn_abstract_metadata` */

insert into `dyextn_abstract_metadata` (`IDENTIFIER`,`CREATED_DATE`,`DESCRIPTION`,`LAST_UPDATED`,`NAME`) values (1,'2007-02-16','caTissue Core is informatics system that keeps track of multiple specimens from the same participant, tracks refined materials (RNA, DNA, Protein) that are used for molecular analysis, and annotate biospecimens with accumulating experimental data, as they are successively used for clinical correlative studies. caTissue Core also helps in reducing the evolving functional complexity of the biospecimen banks in collecting, processing, storing, and distribution of human specimens for correlative science cancer research.','2007-02-16','caTissue_Core'),(2,'2007-02-16','Attributes associated with the collection event of a specimen from participant','2007-02-16','edu.wustl.catissuecore.domain.CollectionEventParameters'),(3,NULL,'Method of specimen collection from participant (e.g. needle biopsy, central venous line, bone marrow aspiration)',NULL,'collectionProcedure'),(4,NULL,'',NULL,'id'),(5,NULL,'Container type in which specimen is collected (e.g. clot tube, KEDTA, ACD, sterile specimen cup)',NULL,'container'),(6,NULL,'',NULL,'timestamp'),(7,NULL,'',NULL,'comments'),(8,'2007-02-16','A detailed log of query entered by user.Queries which are used to fetch the data will be stored here only.','2007-02-16','edu.wustl.catissuecore.domain.AuditEventQueryLog'),(9,NULL,'System Generated Unique Identifier',NULL,'id'),(10,NULL,'Query details enetered by user stored as log details',NULL,'queryDetails'),(11,'2007-02-16','Attributes associated with a customized procedure that is applied on a specimen to process it','2007-02-16','edu.wustl.catissuecore.domain.ProcedureEventParameters'),(12,NULL,'',NULL,'comments'),(13,NULL,'URL to the document that describes detail information of customized process.',NULL,'url'),(14,NULL,'Name of the customized procedure.',NULL,'name'),(15,NULL,'',NULL,'timestamp'),(16,NULL,'',NULL,'id'),(17,'2007-02-16','A set of attributes that defines the physical location of a User or Site','2007-02-16','edu.wustl.catissuecore.domain.Address'),(18,NULL,'Multi-Line street address.',NULL,'street'),(19,NULL,'Zip code',NULL,'zipCode'),(20,NULL,'Fax number',NULL,'faxNumber'),(21,NULL,'State',NULL,'state'),(22,NULL,'City',NULL,'city'),(23,NULL,'Phone number',NULL,'phoneNumber'),(24,NULL,'Country',NULL,'country'),(25,'2007-02-16','Represents a group of specimens collected from the same participant in the same accession event.','2007-02-16','edu.wustl.catissuecore.domain.SpecimenCollectionGroup'),(26,NULL,'User defined name associated with the specimen collection group',NULL,'name'),(27,NULL,'The clinical status of the participant at the time of specimen collection. (e.g. New DX, pre-RX, pre-OP, post-OP, remission, relapse)',NULL,'clinicalStatus'),(28,NULL,'Participant\'s clinical diagnosis at this collection event (e.g. Prostate Adenocarcinoma).',NULL,'clinicalDiagnosis'),(29,NULL,'Defines whether this record can be queried (Active) or not queried (Inactive) by any actor.',NULL,'activityStatus'),(30,NULL,'',NULL,'id'),(31,'2007-02-16','A set of procedures that govern the collection and/or distribution of biospecimens','2007-02-16','edu.wustl.catissuecore.domain.SpecimenProtocol'),(32,NULL,'IRB approval number.',NULL,'irbIdentifier'),(33,NULL,'Defines whether this SpecimenProtocol record can be queried (Active) or not queried (Inactive) by any actor',NULL,'activityStatus'),(34,NULL,'Full title assigned to the protocol',NULL,'title'),(35,NULL,'URL to the document that describes detailed information for the biospecimen protocol.',NULL,'descriptionURL'),(36,NULL,'Date on which the protocol is marked as closed.',NULL,'endDate'),(37,NULL,'Date on which the protocol is activated.',NULL,'startDate'),(38,NULL,'Number of anticipated cases need for the protocol.',NULL,'enrollment'),(39,NULL,'Abbreviated title assigned to the protocol',NULL,'shortTitle'),(40,NULL,'',NULL,'id'),(41,'2007-02-16','Attributes associated with a review event of a fluid specimen.','2007-02-16','edu.wustl.catissuecore.domain.FluidSpecimenReviewEventParameters'),(42,NULL,'Number of cell present in fluid specimen.',NULL,'cellCount'),(43,NULL,'',NULL,'id'),(44,NULL,'',NULL,'comments'),(45,NULL,'',NULL,'timestamp'),(46,'2007-02-16','Attributes associated with a review event of a cell specimen','2007-02-16','edu.wustl.catissuecore.domain.CellSpecimenReviewParameters'),(47,NULL,'',NULL,'comments'),(48,NULL,'Percentage of histologically evident neoplastic cells present in the specimen.',NULL,'neoplasticCellularityPercentage'),(49,NULL,'',NULL,'timestamp'),(50,NULL,'',NULL,'id'),(51,NULL,'Percentage of viable cells in the specimen.',NULL,'viableCellPercentage'),(52,'2007-02-16','Quantity measures in milliliters','2007-02-16','edu.wustl.catissuecore.domain.QuantityInMilliliter'),(53,NULL,'value of quantity',NULL,'value'),(54,NULL,'',NULL,'id'),(55,'2007-02-16','An institution to which a user belongs to.','2007-02-16','edu.wustl.catissuecore.domain.Institution'),(56,NULL,'Name of the Institution.',NULL,'name'),(57,NULL,'',NULL,'id'),(58,'2007-02-16','Defines a template for a storage container. The template can be used to define multiple storage containers.','2007-02-16','edu.wustl.catissuecore.domain.StorageType'),(59,NULL,'',NULL,'comment'),(60,NULL,'Intended temperature of the storage container template.',NULL,'defaultTempratureInCentigrade'),(61,NULL,'',NULL,'activityStatus'),(62,NULL,'',NULL,'name'),(63,NULL,'',NULL,'id'),(64,'2007-02-16','A molecular derivative (I.e. RNA / DNA / Protein Lysate) obtained from a specimen.','2007-02-16','edu.wustl.catissuecore.domain.MolecularSpecimen'),(65,NULL,'Concentration of liquid molecular specimen measured in microgram per microlitter.',NULL,'concentrationInMicrogramPerMicroliter'),(66,NULL,'',NULL,'pathologicalStatus'),(67,NULL,'',NULL,'barcode'),(68,NULL,'',NULL,'label'),(69,NULL,'',NULL,'id'),(70,NULL,'',NULL,'type'),(71,NULL,'',NULL,'available'),(72,NULL,'',NULL,'comment'),(73,NULL,'',NULL,'positionDimensionOne'),(74,NULL,'',NULL,'positionDimensionTwo'),(75,NULL,'',NULL,'lineage'),(76,NULL,'',NULL,'activityStatus'),(77,'2007-02-16','A pre-existing, externally defined identifier associated with a specimen.','2007-02-16','edu.wustl.catissuecore.domain.ExternalIdentifier'),(78,NULL,'Name of the legacy identifier.',NULL,'name'),(79,NULL,'Value of the legacy identifier.',NULL,'value'),(80,NULL,'',NULL,'id'),(81,'2007-02-16','Attributes associated with an AuditEvent','2007-02-16','edu.wustl.catissuecore.domain.AuditEventDetails'),(82,NULL,'Value of the attribute before change.',NULL,'previousValue'),(83,NULL,'Attribute name on which event is performed.',NULL,'elementName'),(84,NULL,'Value of the attribute after change.',NULL,'currentValue'),(85,'2007-02-16','Quantity measures in grams','2007-02-16','edu.wustl.catissuecore.domain.QuantityInGram'),(86,NULL,'',NULL,'id'),(87,NULL,'value of quantity',NULL,'value'),(88,'2007-02-16','Capacity defined for a storage container','2007-02-16','edu.wustl.catissuecore.domain.Capacity'),(89,NULL,'',NULL,'id'),(90,NULL,'Number of objects that can be stored in dimension one.',NULL,'oneDimensionCapacity'),(91,NULL,'Number of objects that can be stored in dimension two.',NULL,'twoDimensionCapacity'),(92,'2007-02-16','A collection of scientist and/or clinician users with a common research objective related to biospecimen collection and utilization','2007-02-16','edu.wustl.catissuecore.domain.CancerResearchGroup'),(93,NULL,'Name of the cancer research group.',NULL,'name'),(94,NULL,'',NULL,'id'),(95,'2007-02-16','Parameters/information required to capture in any event performed on a specimen','2007-02-16','edu.wustl.catissuecore.domain.SpunEventParameters'),(96,NULL,'',NULL,'comments'),(97,NULL,'Rotational force applied to specimen.',NULL,'gForce'),(98,NULL,'',NULL,'timestamp'),(99,NULL,'',NULL,'id'),(100,NULL,'Duration for which specimen is spun.',NULL,'durationInMinutes'),(101,'2007-02-16','Attributes associated with a review event of a tissue specimen','2007-02-16','edu.wustl.catissuecore.domain.TissueSpecimenReviewEventParameters'),(102,NULL,'Histological Quality of the specimen.',NULL,'histologicalQuality'),(103,NULL,'',NULL,'timestamp'),(104,NULL,'Percentage of specimen that is histologically necrotic.',NULL,'necrosisPercentage'),(105,NULL,'',NULL,'id'),(106,NULL,'Percentage of total cellularity of the specimen.  Note that TOTCELL-NEOCELL-LYMPHCELL= % cellularity of other stromal, etc. cell types.  Also Note that 100-TOTCELL-NECROSIS= % of tissue containing a cellular material',NULL,'totalCellularityPercentage'),(107,NULL,'Percentage of histologically evident lymphocytes in the tissue specimen.',NULL,'lymphocyticPercentage'),(108,NULL,'Percentage of histologically evident neoplastic cells present in the tissue specimen.',NULL,'neoplasticCellularityPercentage'),(109,NULL,'',NULL,'comments'),(110,'2007-02-16','A physical location associated with biospecimen collection, storage, processing, or utilization','2007-02-16','edu.wustl.catissuecore.domain.Site'),(111,NULL,'Function of the site (e.g. Collection site, repository, or laboratory)',NULL,'type'),(112,NULL,'Name of the physical location.',NULL,'name'),(113,NULL,'Defines whether this Site record can be queried (Active) or not queried (Inactive) by any actor.',NULL,'activityStatus'),(114,NULL,'Email address of the site.',NULL,'emailAddress'),(115,NULL,'',NULL,'id'),(116,'2007-02-16','Attributes associated with a review event of a molecular specimen.','2007-02-16','edu.wustl.catissuecore.domain.MolecularSpecimenReviewParameters'),(117,NULL,'A number corresponding to the gel on which the specimen was analyzed for QA purposes.',NULL,'gelNumber'),(118,NULL,'',NULL,'id'),(119,NULL,'',NULL,'comments'),(120,NULL,'A normalized quality score that indicates the integrity of the specimen.',NULL,'qualityIndex'),(121,NULL,' A unit less ratio of the full-length 28S to 18S ribosomal RNA mass that is detected in a mammalian cellular RNA sample.',NULL,'ratio28STo18S'),(122,NULL,'Absorbance of the specimen at 260 nanometers.',NULL,'absorbanceAt260'),(123,NULL,'The lane number within the electrophoretic gel image that corresponds to the specimen.',NULL,'laneNumber'),(124,NULL,'A reference to the location of an electrophoretic gel image of the specimen.',NULL,'gelImageURL'),(125,NULL,'',NULL,'timestamp'),(126,NULL,'Absorbance of the specimen at 280 nanometers.',NULL,'absorbanceAt280'),(127,'2007-02-16','An attribute of a specimen that renders it potentially harmful to a user','2007-02-16','edu.wustl.catissuecore.domain.Biohazard'),(128,NULL,'Name of the biohazardous agent.',NULL,'name'),(129,NULL,'Comments about the biohazard.',NULL,'comments'),(130,NULL,'Type of biohazard (Infectious, Radioactive, Toxic, Carcinogen, Mutagen).',NULL,'type'),(131,NULL,'',NULL,'id'),(132,'2007-02-16','A medical record identification number that refers to a Participant','2007-02-16','edu.wustl.catissuecore.domain.ParticipantMedicalIdentifier'),(133,NULL,'Participant\'s medical record number used in their medical treatment.',NULL,'medicalRecordNumber'),(134,NULL,'',NULL,'id'),(135,'2007-02-16','Quantity measures as cell count','2007-02-16','edu.wustl.catissuecore.domain.QuantityInCount'),(136,NULL,'',NULL,'id'),(137,NULL,'value of quantity',NULL,'value'),(138,'2007-02-16','A registration of a Participant to a Collection Protocol','2007-02-16','edu.wustl.catissuecore.domain.CollectionProtocolRegistration'),(139,NULL,'Signed consent document',NULL,'activityStatus'),(140,NULL,'Date on which the Participant is registered to the Collection Protocol.',NULL,'registrationDate'),(141,NULL,'Signed consent document',NULL,'protocolParticipantIdentifier'),(142,NULL,'Date on which the Participant is registered to the Collection Protocol.',NULL,'consentSignatureDate'),(143,NULL,'Signed consent document',NULL,'signedConsentDocumentURL'),(144,NULL,'',NULL,'id'),(145,'2007-02-16','An entity that defines the contents of a specimen array. It represents what all and how different specimens are arranged in a specimen array.','2007-02-16','edu.wustl.catissuecore.domain.SpecimenArrayContent'),(146,NULL,'Concentration of liquid molecular specimen in the array measured in microgram per microlitter.',NULL,'concentrationInMicrogramPerMicroliter'),(147,NULL,'Reference to dimensional position two, of the specimen in a two dimensional specimen array.',NULL,'positionDimensionTwo'),(148,NULL,'',NULL,'id'),(149,NULL,'Reference to dimensional position one, of the specimen in a two dimensional specimen array.',NULL,'positionDimensionOne'),(150,'2007-02-16','Represent the point of time at which one or more specimens are collected from a participant with respect to the collection protocol.','2007-02-16','edu.wustl.catissuecore.domain.CollectionProtocolEvent'),(151,NULL,'Defines the required clinical status of the participant at the time of specimen collection. e.g. Pre-Op, Post-op, Pre-RX etc.',NULL,'clinicalStatus'),(152,NULL,'Defines the relative time point in days, with respect to the registration date of participant on this protocol, when the specimen should be collected from participant.',NULL,'studyCalendarEventPoint'),(153,'2007-02-16','Defines a template for a specimen array. The template can be used to define multiple SpecimenArray.','2007-02-16','edu.wustl.catissuecore.domain.SpecimenArrayType'),(154,NULL,'',NULL,'oneDimensionLabel'),(155,NULL,'',NULL,'activityStatus'),(156,NULL,'',NULL,'name'),(157,NULL,'',NULL,'twoDimensionLabel'),(158,NULL,'',NULL,'comment'),(159,NULL,'',NULL,'id'),(160,NULL,'Defines the class of specimens that an array can hold. E.g. Molecular, Tissue, Fluid or Cell.',NULL,'specimenClass'),(161,'2007-02-16','Sample can be used as an input for analysis inside LIMS. Sample can be also produced as a result of analysis.  ','2007-02-16','edu.wustl.catissuecore.domain.Specimen'),(162,NULL,'Barcode assigned to the specimen.',NULL,'barcode'),(163,NULL,'Shows specimen\'s heredity status e.g. Original, Derivative, Aliquot',NULL,'lineage'),(164,NULL,'Defines whether this Specimen record can be queried (Active) or not queried (Inactive) by any actor',NULL,'activityStatus'),(165,NULL,'Is this specimen still physically available in the tissue bank?',NULL,'available'),(166,NULL,'Comments on specimen.',NULL,'comments'),(167,NULL,'Human readable unique label/name assigned to specimen.',NULL,'label'),(168,NULL,'Reference to dimensional position two of the specimen in Storage Container.',NULL,'positionDimensionTwo'),(169,NULL,'Histopathological character of the specimen e.g. Non-Malignant, Malignant, Non-Malignant Diseased, Pre-Malignant.',NULL,'pathologicalStatus'),(170,NULL,'Reference to dimensional position one of the specimen in Storage Container.',NULL,'positionDimensionOne'),(171,NULL,'Type of specimen. e.g. Serum, Plasma, Blood, Fresh Tissue etc.',NULL,'type'),(172,NULL,'',NULL,'id'),(173,'2007-02-16','A binary event to indicate whether a specimen has been removed from or returned to its recorded storage location','2007-02-16','edu.wustl.catissuecore.domain.CheckInCheckOutEventParameter'),(174,NULL,'',NULL,'comments'),(175,NULL,'Type of the movement e.g. Check-in or Check-out.',NULL,'storageStatus'),(176,NULL,'',NULL,'timestamp'),(177,NULL,'',NULL,'id'),(178,'2007-02-16','Attributes associated with a specific specimen event','2007-02-16','edu.wustl.catissuecore.domain.SpecimenEventParameters'),(179,NULL,'',NULL,'id'),(180,NULL,'Text comments on event.',NULL,'comments'),(181,NULL,'Date and time of the event.',NULL,'timestamp'),(182,'2007-02-16','The combined anatomic state of a specimen','2007-02-16','edu.wustl.catissuecore.domain.SpecimenCharacteristics'),(183,NULL,'For bilateral sites, left or right',NULL,'tissueSide'),(184,NULL,'The anatomical site from which a specimen is derived.',NULL,'tissueSite'),(185,NULL,'',NULL,'id'),(186,'2007-02-16','A person who interacts with the system and/or involved in the process of biospecimen collection, processing, or utilization','2007-02-16','edu.wustl.catissuecore.domain.User'),(187,NULL,'Defines whether the user record can be queried (Active) or not queried (Inactive) by any actor',NULL,'activityStatus'),(188,NULL,'Comments given by the approver.',NULL,'comments'),(189,NULL,'Login name for login into the system',NULL,'loginName'),(190,NULL,'Date, on which user was added to the system',NULL,'startDate'),(191,NULL,'Email address of the user',NULL,'emailAddress'),(192,NULL,'First Name of the User',NULL,'firstName'),(193,NULL,'Common Security Module linking attribute',NULL,'csmUserId'),(194,NULL,'Last name of the User',NULL,'lastName'),(195,NULL,'',NULL,'id'),(196,'2007-02-16','Attributes associated with a fixation event of a specimen.','2007-02-16','edu.wustl.catissuecore.domain.FixedEventParameters'),(197,NULL,'Duration, measured in minutes, for which fixation is performed on specimen.',NULL,'durationInMinutes'),(198,NULL,'',NULL,'comments'),(199,NULL,'Type of the fixation.',NULL,'fixationType'),(200,NULL,'',NULL,'timestamp'),(201,NULL,'',NULL,'id'),(202,'2007-02-16','A department to which a user belongs to','2007-02-16','edu.wustl.catissuecore.domain.Department'),(203,NULL,'Name of the department',NULL,'name'),(204,NULL,'',NULL,'id'),(205,'2007-02-16','A collection of specimens arranged in an ordered pattern.  ','2007-02-16','edu.wustl.catissuecore.domain.SpecimenArray'),(206,NULL,'',NULL,'id'),(207,NULL,'Whether this specimen array is available for distribution or any other purpose.',NULL,'available'),(208,NULL,'',NULL,'comment'),(209,NULL,'',NULL,'positionDimensionOne'),(210,NULL,'',NULL,'activityStatus'),(211,NULL,'',NULL,'positionDimensionTwo'),(212,NULL,'',NULL,'name'),(213,NULL,'',NULL,'barcode'),(214,NULL,'',NULL,'full'),(215,'2007-02-16','A detailed log of an audit event, as in one audit event multiple software objects/entities can be modified. AuditEventLog captures the changes with one software object/entity.','2007-02-16','edu.wustl.catissuecore.domain.AuditEventLog'),(216,NULL,'Name of the software object/entity in the system for which changes are tracked in the AuditEventLog.',NULL,'objectName'),(217,NULL,'Identifier of the software object/entity, available in the system, for which changes are tracked in the AuditEventLog.',NULL,'objectIdentifier'),(218,NULL,'Type of the event e.g. Add, edit, delete.',NULL,'eventType'),(219,'2007-02-16','A detailed log of an auditEventLog, AuditEventDetails captures the changes with one attribute of software object/entity.','2007-02-16','edu.wustl.catissuecore.domain.AuditEvent'),(220,NULL,'User id who performed the changes in the system.',NULL,'userId'),(221,NULL,'',NULL,'id'),(222,NULL,'Date and time of the event.',NULL,'timestamp'),(223,NULL,'IP address or domain name of the computer system from which the event is performed.',NULL,'ipAddress'),(224,'2007-02-16','This class maintains all the passwords corresponding to a user','2007-02-16','edu.wustl.catissuecore.domain.Password'),(225,NULL,'Date on which this password was set',NULL,'updateDate'),(226,NULL,'',NULL,'id'),(227,NULL,'Password for login into the system',NULL,'password'),(228,'2007-02-16','An individual from whom a specimen is collected','2007-02-16','edu.wustl.catissuecore.domain.Participant'),(229,NULL,'Patient\'s ethnicity status.',NULL,'ethnicity'),(230,NULL,'Birth date of participant.',NULL,'birthDate'),(231,NULL,'Middle name of the participant.',NULL,'middleName'),(232,NULL,'Vital status (Alive, Dead, Unknown) of the participant.',NULL,'vitalStatus'),(233,NULL,'First name of the participant.',NULL,'firstName'),(234,NULL,'The genetic constitution of the individual; the characterization of the genes. XX Genotype, XY Genotype etc.',NULL,'sexGenotype'),(235,NULL,'Death date of participant.',NULL,'deathDate'),(236,NULL,'Defines whether this participant record can be queried (Active) or not queried (Inactive) by any actor',NULL,'activityStatus'),(237,NULL,'Social Security Number of participant.',NULL,'socialSecurityNumber'),(238,NULL,'The assemblage of properties that distinguish people on the basis of their societal roles. e.g. Male, Female',NULL,'gender'),(239,NULL,'Last name of the participant.',NULL,'lastName'),(240,NULL,'',NULL,'id'),(241,'2007-02-16','Attributes associated with moving specimen from one storage location to another','2007-02-16','edu.wustl.catissuecore.domain.TransferEventParameters'),(242,NULL,'Reference to dimensional position two of the specimen in new storage container after transfer.',NULL,'toPositionDimensionTwo'),(243,NULL,'',NULL,'comments'),(244,NULL,'Reference to dimensional position one of the specimen in previous storage container before transfer.',NULL,'fromPositionDimensionOne'),(245,NULL,'',NULL,'id'),(246,NULL,'',NULL,'timestamp'),(247,NULL,'Reference to dimensional position two of the specimen in previous storage container before transfer.',NULL,'fromPositionDimensionTwo'),(248,NULL,'Reference to dimensional position one of the specimen in new storage container after transfer.',NULL,'toPositionDimensionOne'),(249,'2007-02-16','A set of written procedures that describe how a biospecimen is prospectively collected from a participant.','2007-02-16','edu.wustl.catissuecore.domain.CollectionProtocol'),(250,NULL,'',NULL,'startDate'),(251,NULL,'',NULL,'title'),(252,NULL,'Check whether all aliquotes in specimens which belong to that CP in same container or not.',NULL,'aliquotInSameContainer'),(253,NULL,'',NULL,'enrollment'),(254,NULL,'',NULL,'irbIdentifier'),(255,NULL,'',NULL,'endDate'),(256,NULL,'',NULL,'shortTitle'),(257,NULL,'',NULL,'descriptionURL'),(258,NULL,'',NULL,'id'),(259,NULL,'',NULL,'activityStatus'),(260,'2007-02-16','Base class for defining all domain objects in the system.','2007-02-16','edu.wustl.catissuecore.domain.AbstractDomainObject'),(261,NULL,'System generated unique identifier.',NULL,'id'),(262,'2007-02-16','Attributes associated with the received event of a specimen','2007-02-16','edu.wustl.catissuecore.domain.ReceivedEventParameters'),(263,NULL,'Grossly evaluated quality of the received specimen.',NULL,'receivedQuality'),(264,NULL,'',NULL,'id'),(265,NULL,'',NULL,'timestamp'),(266,NULL,'',NULL,'comments'),(267,'2007-02-16','An event that results in transfer of a specimen from a repository to a laboratory or another repository','2007-02-16','edu.wustl.catissuecore.domain.Distribution'),(268,NULL,'Defines whether this distribution can be queried (Active) or not queried (Inactive) by any actor',NULL,'activityStatus'),(269,NULL,'',NULL,'id'),(270,NULL,'Text comments on event',NULL,'comments'),(271,NULL,'Date and time of the distribution',NULL,'timestamp'),(272,'2007-02-16','Quantity measures as microgram','2007-02-16','edu.wustl.catissuecore.domain.QuantityInMicrogram'),(273,NULL,'',NULL,'id'),(274,NULL,'value of quantity',NULL,'value'),(275,'2007-02-16','Attributes related to disposal event of a specimen','2007-02-16','edu.wustl.catissuecore.domain.DisposalEventParameters'),(276,NULL,'',NULL,'id'),(277,NULL,'The reason for which the specimen is disposed.',NULL,'reason'),(278,NULL,'',NULL,'timestamp'),(279,NULL,'',NULL,'comments'),(280,'2007-02-16','A clinical report associated with the participant at the time of the SpecimenCollection Group receipt','2007-02-16','edu.wustl.catissuecore.domain.ClinicalReport'),(281,NULL,'Hospital surgical pathology number associated with the current specimen collection group.',NULL,'surgicalPathologyNumber'),(282,'2007-02-16','Represents the required properties of a specimen while collecting and distributing it. SpecimenRequirement are defined in collection and distribution protocol.','2007-02-16','edu.wustl.catissuecore.domain.SpecimenRequirement'),(283,NULL,'Histopathological character of the specimen required at the time of collection/distribution. e.g. Non-Malignant, Malignant, Non-Malignant Diseased, Pre-Malignant.',NULL,'pathologyStatus'),(284,NULL,'Type of the specimen required. e.g. Serum, Plasma, Blood, Fresh Tissue etc.',NULL,'specimenType'),(285,NULL,'Anatomic site from which the specimen should be derived.',NULL,'tissueSite'),(286,NULL,'Required type of the specimen e.g. Tissue, Molecular, Fluid or Cell.',NULL,'specimenClass'),(287,'2007-02-16','A physically discreet container that is used to store a specimen  e.g. Box, Freezer etc','2007-02-16','edu.wustl.catissuecore.domain.StorageContainer'),(288,NULL,'',NULL,'comment'),(289,NULL,'',NULL,'full'),(290,NULL,'',NULL,'activityStatus'),(291,NULL,'Intended temperature of the storage container.',NULL,'tempratureInCentigrade'),(292,NULL,'',NULL,'id'),(293,'2007-02-16','','2007-02-16','edu.wustl.catissuecore.domain.Container'),(294,NULL,'Activity status of the container.',NULL,'activityStatus'),(295,NULL,'Reference to dimensional position one of the container in its two dimensional parent container.',NULL,'positionDimensionOne'),(296,NULL,'A written explanation about container.',NULL,'comment'),(297,NULL,'A machine-readable unique name/information assigned to the container.',NULL,'barcode'),(298,NULL,'Is no space available in the container to store more specimens?',NULL,'full'),(299,NULL,'',NULL,'id'),(300,NULL,'Reference to dimensional position two of the container in its two dimensional parent container.',NULL,'positionDimensionTwo'),(301,NULL,'A human readable unique name assigned to the container.',NULL,'name'),(302,'2007-02-16','Attributes associated with an embedding event of a specimen.','2007-02-16','edu.wustl.catissuecore.domain.EmbeddedEventParameters'),(303,NULL,'',NULL,'comments'),(304,NULL,'',NULL,'timestamp'),(305,NULL,'',NULL,'id'),(306,NULL,'Type of medium in which specimen is embedded.',NULL,'embeddingMedium'),(307,'2007-02-16','Attributes associated with a freezing event of a specimen.','2007-02-16','edu.wustl.catissuecore.domain.FrozenEventParameters'),(308,NULL,'',NULL,'comments'),(309,NULL,'',NULL,'id'),(310,NULL,'Method applied on specimen to freeze it.',NULL,'method'),(311,NULL,'',NULL,'timestamp'),(312,'2007-02-16','A generic term which defines the template for different container types.','2007-02-16','edu.wustl.catissuecore.domain.ContainerType'),(313,NULL,'A human readable unique name assigned to container type.',NULL,'name'),(314,NULL,'Defines whether this continerType record can be queried (Active) or not queried (Inactive) by any actor',NULL,'activityStatus'),(315,NULL,'Human understandable name assigned to dimension two.',NULL,'twoDimensionLabel'),(316,NULL,'',NULL,'id'),(317,NULL,'A written explanation about the container type.',NULL,'comment'),(318,NULL,'Human understandable name assigned to dimension one.',NULL,'oneDimensionLabel'),(319,'2007-02-16','An abbreviated set of written procedures that describe how a previously collected specimen will be utilized.  Note that specimen may be collected with one collection protocol and then later utilized by multiple different studies (Distribution protocol).','2007-02-16','edu.wustl.catissuecore.domain.DistributionProtocol'),(320,NULL,'',NULL,'irbIdentifier'),(321,NULL,'',NULL,'endDate'),(322,NULL,'',NULL,'activityStatus'),(323,NULL,'',NULL,'enrollment'),(324,NULL,'',NULL,'startDate'),(325,NULL,'',NULL,'descriptionURL'),(326,NULL,'',NULL,'title'),(327,NULL,'',NULL,'shortTitle'),(328,NULL,'',NULL,'id'),(329,'2007-02-16','A single unit of tissue specimen that is collected or created from a participant','2007-02-16','edu.wustl.catissuecore.domain.TissueSpecimen'),(330,NULL,'',NULL,'barcode'),(331,NULL,'',NULL,'pathologicalStatus'),(332,NULL,'',NULL,'positionDimensionOne'),(333,NULL,'',NULL,'available'),(334,NULL,'',NULL,'label'),(335,NULL,'',NULL,'id'),(336,NULL,'',NULL,'comment'),(337,NULL,'',NULL,'type'),(338,NULL,'',NULL,'lineage'),(339,NULL,'',NULL,'positionDimensionTwo'),(340,NULL,'',NULL,'activityStatus'),(341,'2007-02-16','Attributes associated with a thawing event of a specimen','2007-02-16','edu.wustl.catissuecore.domain.ThawEventParameters'),(342,NULL,'',NULL,'id'),(343,NULL,'',NULL,'timestamp'),(344,NULL,'',NULL,'comments'),(345,'2007-02-16','A biospecimen composed of purified single cells not in the context of a tissue or other biospecimen fluid','2007-02-16','edu.wustl.catissuecore.domain.CellSpecimen'),(346,NULL,'',NULL,'comment'),(347,NULL,'',NULL,'lineage'),(348,NULL,'',NULL,'available'),(349,NULL,'',NULL,'pathologicalStatus'),(350,NULL,'',NULL,'positionDimensionOne'),(351,NULL,'',NULL,'label'),(352,NULL,'',NULL,'activityStatus'),(353,NULL,'',NULL,'type'),(354,NULL,'',NULL,'id'),(355,NULL,'',NULL,'barcode'),(356,NULL,'',NULL,'positionDimensionTwo'),(357,'2007-02-16','A single unit of bodily fluid specimen that is collected or created from a Participant.','2007-02-16','edu.wustl.catissuecore.domain.FluidSpecimen'),(358,NULL,'',NULL,'barcode'),(359,NULL,'',NULL,'activityStatus'),(360,NULL,'',NULL,'pathologicalStatus'),(361,NULL,'',NULL,'available'),(362,NULL,'',NULL,'positionDimensionTwo'),(363,NULL,'',NULL,'label'),(364,NULL,'',NULL,'comment'),(365,NULL,'',NULL,'id'),(366,NULL,'',NULL,'positionDimensionOne'),(367,NULL,'',NULL,'type'),(368,NULL,'',NULL,'lineage'),(369,'2007-02-16','Attributes related to quality review event of a specimen','2007-02-16','edu.wustl.catissuecore.domain.ReviewEventParameters'),(370,NULL,'',NULL,'id'),(371,NULL,'',NULL,'timestamp'),(372,NULL,'',NULL,'comments'),(373,'2007-02-16','Quantity of any measurable data','2007-02-16','edu.wustl.catissuecore.domain.Quantity'),(374,NULL,'',NULL,'value'),(375,NULL,'',NULL,'id'),(376,NULL,NULL,NULL,NULL),(377,NULL,NULL,NULL,NULL),(378,NULL,NULL,NULL,NULL),(379,NULL,NULL,NULL,NULL),(380,NULL,NULL,NULL,NULL),(381,NULL,NULL,NULL,NULL),(382,NULL,NULL,NULL,NULL),(383,NULL,NULL,NULL,NULL),(384,NULL,NULL,NULL,NULL),(385,NULL,NULL,NULL,NULL),(386,NULL,NULL,NULL,NULL),(387,NULL,NULL,NULL,NULL),(388,NULL,NULL,NULL,NULL),(389,NULL,NULL,NULL,NULL),(390,NULL,NULL,NULL,NULL),(391,NULL,NULL,NULL,NULL),(392,NULL,NULL,NULL,NULL),(393,NULL,NULL,NULL,NULL),(394,NULL,NULL,NULL,NULL),(395,NULL,NULL,NULL,NULL),(396,NULL,NULL,NULL,NULL),(397,NULL,NULL,NULL,NULL),(398,NULL,NULL,NULL,NULL),(399,NULL,NULL,NULL,NULL),(400,NULL,NULL,NULL,NULL),(401,NULL,NULL,NULL,NULL),(402,NULL,NULL,NULL,NULL),(403,NULL,NULL,NULL,NULL),(404,NULL,NULL,NULL,NULL),(405,NULL,NULL,NULL,NULL),(406,NULL,NULL,NULL,NULL),(407,NULL,NULL,NULL,NULL),(408,NULL,NULL,NULL,NULL),(409,NULL,NULL,NULL,NULL),(410,NULL,NULL,NULL,NULL),(411,NULL,NULL,NULL,NULL),(412,NULL,NULL,NULL,NULL),(413,NULL,NULL,NULL,NULL),(414,NULL,NULL,NULL,NULL),(415,NULL,NULL,NULL,NULL),(416,NULL,NULL,NULL,NULL),(417,NULL,NULL,NULL,NULL),(418,NULL,NULL,NULL,NULL),(419,NULL,NULL,NULL,NULL),(420,NULL,NULL,NULL,NULL),(421,NULL,NULL,NULL,NULL),(422,NULL,NULL,NULL,NULL),(423,NULL,NULL,NULL,NULL),(424,NULL,NULL,NULL,NULL),(425,NULL,NULL,NULL,NULL),(426,NULL,NULL,NULL,NULL),(427,NULL,NULL,NULL,NULL),(428,NULL,NULL,NULL,NULL),(429,NULL,NULL,NULL,NULL),(430,NULL,NULL,NULL,NULL),(431,NULL,NULL,NULL,NULL),(432,NULL,NULL,NULL,NULL),(433,NULL,NULL,NULL,NULL),(434,NULL,NULL,NULL,NULL),(435,NULL,NULL,NULL,NULL),(436,NULL,NULL,NULL,NULL),(437,NULL,NULL,NULL,NULL),(438,NULL,NULL,NULL,NULL),(439,NULL,NULL,NULL,NULL),(440,NULL,NULL,NULL,NULL),(441,NULL,NULL,NULL,NULL),(442,NULL,NULL,NULL,NULL),(443,NULL,NULL,NULL,NULL),(444,NULL,NULL,NULL,NULL),(445,NULL,NULL,NULL,NULL),(446,NULL,NULL,NULL,NULL),(447,NULL,NULL,NULL,NULL),(448,NULL,NULL,NULL,NULL),(449,NULL,NULL,NULL,NULL),(450,NULL,NULL,NULL,NULL),(451,NULL,NULL,NULL,NULL),(452,NULL,NULL,NULL,NULL),(453,'2007-02-16','CategoryEntityGroup','2007-02-16','CategoryEntityGroup'),(454,'2007-02-16','Biospecimens collected under a collection protocol are accessioned at different points in time.  Each accession corresponds to a surgical pathology number and the participant\'s diagnosis and clinical status (e.g. remission, new diagnosis, and relapse).','2007-02-16','Accession Details'),(455,NULL,'Name of the physical location.',NULL,'Name'),(456,NULL,'Participant\'s medical record number used in their medical treatment.',NULL,'Medical Record Number'),(457,NULL,'Hospital surgical pathology number associated with the current specimen collection group.',NULL,'Surgical Pathology Number'),(458,NULL,'Defines whether this record can be queried (Active) or not queried (Inactive) by any actor.',NULL,'Activity Status'),(459,NULL,'The clinical status of the participant at the time of specimen collection. (e.g. New DX, pre-RX, pre-OP, post-OP, remission, relapse)',NULL,'Clinical Status'),(460,NULL,'Participant\'s clinical diagnosis at this collection event (e.g. Prostate Adenocarcinoma).',NULL,'Clinical Diagnosis'),(461,'2007-02-16','Demographics includes the name, gender, date of birth, and medical record numbers of a participant.','2007-02-16','Participant Demographics'),(462,NULL,'Name of the physical location.',NULL,'Name'),(463,NULL,'Participant\'s medical record number used in their medical treatment.',NULL,'Medical Record Number'),(464,NULL,'Last name of the participant.',NULL,'Last Name'),(465,NULL,'Middle name of the participant.',NULL,'Middle Name'),(466,NULL,'First name of the participant.',NULL,'First Name'),(467,'2007-02-16','Cellular biospecimen information includes the tissue site, the participant\'s diagnosis and clinical status, and review parameters such as the percent of viable cells and percent neoplastic cells.','2007-02-16','Cellular Biospecimen'),(468,NULL,'',NULL,'Quantity'),(469,NULL,'',NULL,'Available Quantity'),(470,NULL,'Histopathological character of the specimen e.g. Non-Malignant, Malignant, Non-Malignant Diseased, Pre-Malignant.',NULL,'Pathological Status'),(471,NULL,'Human readable unique label/name assigned to specimen.',NULL,'Label'),(472,NULL,'Type of specimen. e.g. Serum, Plasma, Blood, Fresh Tissue etc.',NULL,'Type'),(473,NULL,'Comments on specimen.',NULL,'Specimen Comments'),(474,NULL,'Barcode assigned to the specimen.',NULL,'Barcode'),(475,NULL,'Participant\'s clinical diagnosis at this collection event (e.g. Prostate Adenocarcinoma).',NULL,'Clinical Diagnosis'),(476,NULL,'The clinical status of the participant at the time of specimen collection. (e.g. New DX, pre-RX, pre-OP, post-OP, remission, relapse)',NULL,'Clinical Status'),(477,NULL,'For bilateral sites, left or right',NULL,'Tissue Side'),(478,NULL,'The anatomical site from which a specimen is derived.',NULL,'Tissue Site'),(479,NULL,'Date and time of the event.',NULL,'Timestamp'),(480,NULL,'Text comments on event.',NULL,'SpecimenEventParameters Comments'),(481,NULL,'Name of the legacy identifier.',NULL,'Name'),(482,NULL,'Value of the legacy identifier.',NULL,'Value'),(483,'2007-02-16','Fluid biospecimen information includes the tissue site, the participant\'s diagnosis and clinical status, and review parameters such as the total cell count.','2007-02-16','Fluid Biospecimen'),(484,NULL,'',NULL,'Quantity'),(485,NULL,'',NULL,'Available Quantity'),(486,NULL,'Histopathological character of the specimen e.g. Non-Malignant, Malignant, Non-Malignant Diseased, Pre-Malignant.',NULL,'Pathological Status'),(487,NULL,'Human readable unique label/name assigned to specimen.',NULL,'Label'),(488,NULL,'Type of specimen. e.g. Serum, Plasma, Blood, Fresh Tissue etc.',NULL,'Type'),(489,NULL,'Comments on specimen.',NULL,'Specimen Comments'),(490,NULL,'Barcode assigned to the specimen.',NULL,'Barcode'),(491,NULL,'Participant\'s clinical diagnosis at this collection event (e.g. Prostate Adenocarcinoma).',NULL,'Clinical Diagnosis'),(492,NULL,'The clinical status of the participant at the time of specimen collection. (e.g. New DX, pre-RX, pre-OP, post-OP, remission, relapse)',NULL,'Clinical Status'),(493,NULL,'For bilateral sites, left or right',NULL,'Tissue Side'),(494,NULL,'The anatomical site from which a specimen is derived.',NULL,'Tissue Site'),(495,NULL,'Date and time of the event.',NULL,'Timestamp'),(496,NULL,'Text comments on event.',NULL,'SpecimenEventParameters Comments'),(497,NULL,'Name of the legacy identifier.',NULL,'Name'),(498,NULL,'Value of the legacy identifier.',NULL,'Value'),(499,'2007-02-16','Molecular biospecimen information includes the tissue site, the participant\'s diagnosis and clinical status, and review parameters such as the absorbance at 260 and 280 nanometers for DNA and RNA and the ratio of 28S to 18S ribosomal subunits for proteins.','2007-02-16','Molecular Biospecimen'),(500,NULL,'',NULL,'Quantity'),(501,NULL,'',NULL,'Available Quantity'),(502,NULL,'Histopathological character of the specimen e.g. Non-Malignant, Malignant, Non-Malignant Diseased, Pre-Malignant.',NULL,'Pathological Status'),(503,NULL,'Human readable unique label/name assigned to specimen.',NULL,'Label'),(504,NULL,'Type of specimen. e.g. Serum, Plasma, Blood, Fresh Tissue etc.',NULL,'Type'),(505,NULL,'Comments on specimen.',NULL,'Specimen Comments'),(506,NULL,'Barcode assigned to the specimen.',NULL,'Barcode'),(507,NULL,'Participant\'s clinical diagnosis at this collection event (e.g. Prostate Adenocarcinoma).',NULL,'Clinical Diagnosis'),(508,NULL,'The clinical status of the participant at the time of specimen collection. (e.g. New DX, pre-RX, pre-OP, post-OP, remission, relapse)',NULL,'Clinical Status'),(509,NULL,'For bilateral sites, left or right',NULL,'Tissue Side'),(510,NULL,'The anatomical site from which a specimen is derived.',NULL,'Tissue Site'),(511,NULL,'Date and time of the event.',NULL,'Timestamp'),(512,NULL,'Text comments on event.',NULL,'SpecimenEventParameters Comments'),(513,NULL,'Name of the legacy identifier.',NULL,'Name'),(514,NULL,'Value of the legacy identifier.',NULL,'Value'),(515,'2007-02-16','Details of a participant\'s registration to a biospecimen collection protocol such as the registration date and demographic information as well as collection protocol specifics (e.g. Institutional Review Board [IRB] identifier and title) are encapsulated.','2007-02-16','Participant Protocol Registration Information'),(516,NULL,'Date on which the Participant is registered to the Collection Protocol.',NULL,'Registration Date'),(517,NULL,'Last name of the participant.',NULL,'Last Name'),(518,NULL,'Middle name of the participant.',NULL,'Middle Name'),(519,NULL,'First name of the participant.',NULL,'First Name'),(520,'2007-02-16','Tissue biospecimen information includes the tissue site, the participant\'s diagnosis and clinical status, and review parameters such as the histological quality and percent necrotic and neoplastic cells.','2007-02-16','Tissue Biospecimen'),(521,NULL,'',NULL,'Quantity'),(522,NULL,'',NULL,'Available Quantity'),(523,NULL,'Histopathological character of the specimen e.g. Non-Malignant, Malignant, Non-Malignant Diseased, Pre-Malignant.',NULL,'Pathological Status'),(524,NULL,'Human readable unique label/name assigned to specimen.',NULL,'Label'),(525,NULL,'Type of specimen. e.g. Serum, Plasma, Blood, Fresh Tissue etc.',NULL,'Type'),(526,NULL,'Comments on specimen.',NULL,'Specimen Comments'),(527,NULL,'Barcode assigned to the specimen.',NULL,'Barcode'),(528,NULL,'Participant\'s clinical diagnosis at this collection event (e.g. Prostate Adenocarcinoma).',NULL,'Clinical Diagnosis'),(529,NULL,'The clinical status of the participant at the time of specimen collection. (e.g. New DX, pre-RX, pre-OP, post-OP, remission, relapse)',NULL,'Clinical Status'),(530,NULL,'For bilateral sites, left or right',NULL,'Tissue Side'),(531,NULL,'The anatomical site from which a specimen is derived.',NULL,'Tissue Site'),(532,NULL,'Date and time of the event.',NULL,'Timestamp'),(533,NULL,'Text comments on event.',NULL,'SpecimenEventParameters Comments'),(534,NULL,'Name of the legacy identifier.',NULL,'Name'),(535,NULL,'Value of the legacy identifier.',NULL,'Value');

/*Table structure for table `dyextn_asso_display_attr` */

DROP TABLE IF EXISTS `dyextn_asso_display_attr`;

CREATE TABLE `dyextn_asso_display_attr` (
  `IDENTIFIER` bigint(20) NOT NULL auto_increment,
  `SEQUENCE_NUMBER` int(11) default NULL,
  `DISPLAY_ATTRIBUTE_ID` bigint(20) default NULL,
  `SELECT_CONTROL_ID` bigint(20) default NULL,
  PRIMARY KEY  (`IDENTIFIER`),
  KEY `FKD12FD3823B3AAE3B` (`DISPLAY_ATTRIBUTE_ID`),
  KEY `FKD12FD382F7AA8E80` (`SELECT_CONTROL_ID`),
  CONSTRAINT `FKD12FD382F7AA8E80` FOREIGN KEY (`SELECT_CONTROL_ID`) REFERENCES `dyextn_select_control` (`IDENTIFIER`),
  CONSTRAINT `FKD12FD3823B3AAE3B` FOREIGN KEY (`DISPLAY_ATTRIBUTE_ID`) REFERENCES `dyextn_primitive_attribute` (`IDENTIFIER`)
) ENGINE=InnoDB DEFAULT CHARSET=latin1;

/*Data for the table `dyextn_asso_display_attr` */

/*Table structure for table `dyextn_association` */

DROP TABLE IF EXISTS `dyextn_association`;

CREATE TABLE `dyextn_association` (
  `IDENTIFIER` bigint(20) NOT NULL default '0',
  `DIRECTION` varchar(255) default NULL,
  `TARGET_ENTITY_ID` bigint(20) default NULL,
  `SOURCE_ROLE_ID` bigint(20) default NULL,
  `TARGET_ROLE_ID` bigint(20) default NULL,
  `IS_SYSTEM_GENERATED` tinyint(1) default NULL,
  PRIMARY KEY  (`IDENTIFIER`),
  KEY `FK104684243AC5160` (`SOURCE_ROLE_ID`),
  KEY `FK10468424F60C84D6` (`TARGET_ROLE_ID`),
  KEY `FK104684246315C5C9` (`TARGET_ENTITY_ID`),
  KEY `FK10468424BC7298A9` (`IDENTIFIER`),
  CONSTRAINT `FK10468424BC7298A9` FOREIGN KEY (`IDENTIFIER`) REFERENCES `dyextn_attribute` (`IDENTIFIER`),
  CONSTRAINT `FK104684243AC5160` FOREIGN KEY (`SOURCE_ROLE_ID`) REFERENCES `dyextn_role` (`IDENTIFIER`),
  CONSTRAINT `FK104684246315C5C9` FOREIGN KEY (`TARGET_ENTITY_ID`) REFERENCES `dyextn_entity` (`IDENTIFIER`),
  CONSTRAINT `FK10468424F60C84D6` FOREIGN KEY (`TARGET_ROLE_ID`) REFERENCES `dyextn_role` (`IDENTIFIER`)
) ENGINE=InnoDB DEFAULT CHARSET=latin1;

/*Data for the table `dyextn_association` */

insert into `dyextn_association` (`IDENTIFIER`,`DIRECTION`,`TARGET_ENTITY_ID`,`SOURCE_ROLE_ID`,`TARGET_ROLE_ID`,`IS_SYSTEM_GENERATED`) values (376,'SRC_DESTINATION',186,1,2,0),(377,'SRC_DESTINATION',58,3,4,0),(378,'SRC_DESTINATION',202,5,6,0),(379,'SRC_DESTINATION',182,7,8,0),(380,'BI_DIRECTIONAL',161,9,10,0),(381,'BI_DIRECTIONAL',127,10,9,1),(382,'BI_DIRECTIONAL',249,11,12,0),(383,'BI_DIRECTIONAL',319,12,11,1),(384,'SRC_DESTINATION',161,13,14,0),(385,'SRC_DESTINATION',55,15,16,0),(386,'BI_DIRECTIONAL',228,17,18,0),(387,'BI_DIRECTIONAL',138,18,17,1),(388,'SRC_DESTINATION',186,19,20,0),(389,'SRC_DESTINATION',110,21,22,0),(390,'SRC_DESTINATION',186,23,24,0),(391,'SRC_DESTINATION',132,25,26,0),(392,'SRC_DESTINATION',373,27,28,0),(393,'SRC_DESTINATION',92,29,30,0),(394,'BI_DIRECTIONAL',215,31,32,0),(395,'BI_DIRECTIONAL',219,32,31,1),(396,'SRC_DESTINATION',110,33,34,0),(397,'SRC_DESTINATION',153,35,36,0),(398,'SRC_DESTINATION',186,37,38,0),(399,'BI_DIRECTIONAL',228,39,40,0),(400,'BI_DIRECTIONAL',132,40,39,1),(401,'SRC_DESTINATION',249,41,42,0),(402,'SRC_DESTINATION',17,43,44,0),(403,'BI_DIRECTIONAL',161,45,46,0),(404,'BI_DIRECTIONAL',161,46,45,1),(405,'BI_DIRECTIONAL',186,47,48,0),(406,'BI_DIRECTIONAL',249,48,47,1),(407,'SRC_DESTINATION',153,49,50,0),(408,'SRC_DESTINATION',287,51,52,0),(409,'SRC_DESTINATION',58,53,54,0),(410,'BI_DIRECTIONAL',282,55,56,0),(411,'BI_DIRECTIONAL',150,56,55,1),(412,'SRC_DESTINATION',319,57,58,0),(413,'SRC_DESTINATION',287,59,60,0),(414,'BI_DIRECTIONAL',293,61,62,0),(415,'BI_DIRECTIONAL',293,62,61,1),(416,'SRC_DESTINATION',88,63,64,0),(417,'SRC_DESTINATION',280,65,66,0),(418,'SRC_DESTINATION',224,67,68,0),(419,'SRC_DESTINATION',186,69,70,0),(420,'BI_DIRECTIONAL',161,71,72,0),(421,'BI_DIRECTIONAL',178,72,71,1),(422,'SRC_DESTINATION',150,73,74,0),(423,'BI_DIRECTIONAL',249,75,76,0),(424,'BI_DIRECTIONAL',150,76,75,1),(425,'SRC_DESTINATION',110,77,78,0),(426,'BI_DIRECTIONAL',205,79,80,0),(427,'BI_DIRECTIONAL',145,80,79,1),(428,'BI_DIRECTIONAL',219,81,82,0),(429,'BI_DIRECTIONAL',8,82,81,1),(430,'SRC_DESTINATION',287,83,84,0),(431,'BI_DIRECTIONAL',161,85,86,0),(432,'BI_DIRECTIONAL',77,86,85,1),(433,'SRC_DESTINATION',186,87,88,0),(434,'SRC_DESTINATION',373,89,90,0),(435,'SRC_DESTINATION',287,91,92,0),(436,'SRC_DESTINATION',58,93,94,0),(437,'SRC_DESTINATION',110,95,96,0),(438,'SRC_DESTINATION',205,97,98,0),(439,'SRC_DESTINATION',249,99,100,0),(440,'SRC_DESTINATION',17,101,102,0),(441,'BI_DIRECTIONAL',215,103,104,0),(442,'BI_DIRECTIONAL',81,104,103,1),(443,'BI_DIRECTIONAL',25,105,106,0),(444,'BI_DIRECTIONAL',161,106,105,1),(445,'BI_DIRECTIONAL',319,107,108,0),(446,'BI_DIRECTIONAL',282,108,107,1),(447,'SRC_DESTINATION',373,109,110,0),(448,'SRC_DESTINATION',373,111,112,0),(449,'SRC_DESTINATION',153,113,114,0),(450,'SRC_DESTINATION',88,115,116,0),(451,'BI_DIRECTIONAL',138,117,118,0),(452,'BI_DIRECTIONAL',25,118,117,1);

/*Table structure for table `dyextn_attribute` */

DROP TABLE IF EXISTS `dyextn_attribute`;

CREATE TABLE `dyextn_attribute` (
  `IDENTIFIER` bigint(20) NOT NULL default '0',
  `ENTIY_ID` bigint(20) default NULL,
  PRIMARY KEY  (`IDENTIFIER`),
  KEY `FK37F1E2FFB15CD09F` (`ENTIY_ID`),
  KEY `FK37F1E2FFBC7298A9` (`IDENTIFIER`),
  CONSTRAINT `FK37F1E2FFBC7298A9` FOREIGN KEY (`IDENTIFIER`) REFERENCES `dyextn_abstract_metadata` (`IDENTIFIER`),
  CONSTRAINT `FK37F1E2FFB15CD09F` FOREIGN KEY (`ENTIY_ID`) REFERENCES `dyextn_entity` (`IDENTIFIER`)
) ENGINE=InnoDB DEFAULT CHARSET=latin1;

/*Data for the table `dyextn_attribute` */

insert into `dyextn_attribute` (`IDENTIFIER`,`ENTIY_ID`) values (3,2),(4,2),(5,2),(6,2),(7,2),(9,8),(10,8),(12,11),(13,11),(14,11),(15,11),(16,11),(18,17),(19,17),(20,17),(21,17),(22,17),(23,17),(24,17),(26,25),(27,25),(28,25),(29,25),(30,25),(32,31),(33,31),(34,31),(35,31),(36,31),(37,31),(38,31),(39,31),(40,31),(42,41),(43,41),(44,41),(45,41),(47,46),(48,46),(49,46),(50,46),(51,46),(53,52),(54,52),(56,55),(57,55),(59,58),(60,58),(61,58),(62,58),(63,58),(65,64),(66,64),(67,64),(68,64),(69,64),(70,64),(71,64),(72,64),(73,64),(74,64),(75,64),(76,64),(78,77),(79,77),(80,77),(82,81),(83,81),(84,81),(86,85),(87,85),(89,88),(90,88),(91,88),(93,92),(94,92),(96,95),(97,95),(98,95),(99,95),(100,95),(102,101),(103,101),(104,101),(105,101),(106,101),(107,101),(108,101),(109,101),(111,110),(112,110),(113,110),(114,110),(115,110),(117,116),(118,116),(119,116),(120,116),(121,116),(122,116),(123,116),(124,116),(125,116),(126,116),(128,127),(129,127),(130,127),(131,127),(133,132),(134,132),(136,135),(137,135),(139,138),(140,138),(141,138),(142,138),(143,138),(144,138),(146,145),(147,145),(148,145),(149,145),(151,150),(152,150),(154,153),(155,153),(156,153),(157,153),(158,153),(159,153),(160,153),(162,161),(163,161),(164,161),(165,161),(166,161),(167,161),(168,161),(169,161),(170,161),(171,161),(172,161),(174,173),(175,173),(176,173),(177,173),(179,178),(180,178),(181,178),(183,182),(184,182),(185,182),(187,186),(188,186),(189,186),(190,186),(191,186),(192,186),(193,186),(194,186),(195,186),(197,196),(198,196),(199,196),(200,196),(201,196),(203,202),(204,202),(206,205),(207,205),(208,205),(209,205),(210,205),(211,205),(212,205),(213,205),(214,205),(216,215),(217,215),(218,215),(220,219),(221,219),(222,219),(223,219),(225,224),(226,224),(227,224),(229,228),(230,228),(231,228),(232,228),(233,228),(234,228),(235,228),(236,228),(237,228),(238,228),(239,228),(240,228),(242,241),(243,241),(244,241),(245,241),(246,241),(247,241),(248,241),(250,249),(251,249),(252,249),(253,249),(254,249),(255,249),(256,249),(257,249),(258,249),(259,249),(261,260),(263,262),(264,262),(265,262),(266,262),(268,267),(269,267),(270,267),(271,267),(273,272),(274,272),(276,275),(277,275),(278,275),(279,275),(281,280),(283,282),(284,282),(285,282),(286,282),(288,287),(289,287),(290,287),(291,287),(292,287),(294,293),(295,293),(296,293),(297,293),(298,293),(299,293),(300,293),(301,293),(303,302),(304,302),(305,302),(306,302),(308,307),(309,307),(310,307),(311,307),(313,312),(314,312),(315,312),(316,312),(317,312),(318,312),(320,319),(321,319),(322,319),(323,319),(324,319),(325,319),(326,319),(327,319),(328,319),(330,329),(331,329),(332,329),(333,329),(334,329),(335,329),(336,329),(337,329),(338,329),(339,329),(340,329),(342,341),(343,341),(344,341),(346,345),(347,345),(348,345),(349,345),(350,345),(351,345),(352,345),(353,345),(354,345),(355,345),(356,345),(358,357),(359,357),(360,357),(361,357),(362,357),(363,357),(364,357),(365,357),(366,357),(367,357),(368,357),(370,369),(371,369),(372,369),(374,373),(375,373),(376,110),(377,287),(378,186),(379,161),(380,127),(381,161),(382,319),(383,249),(384,145),(385,186),(386,138),(387,228),(388,138),(389,25),(390,31),(391,280),(392,161),(393,186),(394,219),(395,215),(396,132),(397,205),(398,205),(399,132),(400,228),(401,287),(402,110),(403,161),(404,161),(405,249),(406,186),(407,58),(408,241),(409,287),(410,150),(411,282),(412,267),(413,205),(414,293),(415,293),(416,293),(417,25),(418,186),(419,178),(420,178),(421,161),(422,25),(423,150),(424,249),(425,267),(426,145),(427,205),(428,8),(429,219),(430,241),(431,77),(432,161),(433,267),(434,282),(435,161),(436,58),(437,287),(438,267),(439,138),(440,186),(441,81),(442,215),(443,161),(444,25),(445,282),(446,319),(447,161),(448,145),(449,287),(450,312),(451,25),(452,138),(455,454),(456,454),(457,454),(458,454),(459,454),(460,454),(462,461),(463,461),(464,461),(465,461),(466,461),(468,467),(469,467),(470,467),(471,467),(472,467),(473,467),(474,467),(475,467),(476,467),(477,467),(478,467),(479,467),(480,467),(481,467),(482,467),(484,483),(485,483),(486,483),(487,483),(488,483),(489,483),(490,483),(491,483),(492,483),(493,483),(494,483),(495,483),(496,483),(497,483),(498,483),(500,499),(501,499),(502,499),(503,499),(504,499),(505,499),(506,499),(507,499),(508,499),(509,499),(510,499),(511,499),(512,499),(513,499),(514,499),(516,515),(517,515),(518,515),(519,515),(521,520),(522,520),(523,520),(524,520),(525,520),(526,520),(527,520),(528,520),(529,520),(530,520),(531,520),(532,520),(533,520),(534,520),(535,520);

/*Table structure for table `dyextn_attribute_record` */

DROP TABLE IF EXISTS `dyextn_attribute_record`;

CREATE TABLE `dyextn_attribute_record` (
  `IDENTIFIER` bigint(20) NOT NULL auto_increment,
  `ENTITY_ID` bigint(20) default NULL,
  `ATTRIBUTE_ID` bigint(20) default NULL,
  `RECORD_ID` bigint(20) default NULL,
  PRIMARY KEY  (`IDENTIFIER`),
  KEY `FK9B20ED9179F466F7` (`ENTITY_ID`),
  KEY `FK9B20ED914D87D1BE` (`ATTRIBUTE_ID`),
  CONSTRAINT `FK9B20ED914D87D1BE` FOREIGN KEY (`ATTRIBUTE_ID`) REFERENCES `dyextn_primitive_attribute` (`IDENTIFIER`),
  CONSTRAINT `FK9B20ED9179F466F7` FOREIGN KEY (`ENTITY_ID`) REFERENCES `dyextn_entity` (`IDENTIFIER`)
) ENGINE=InnoDB DEFAULT CHARSET=latin1;

/*Data for the table `dyextn_attribute_record` */

/*Table structure for table `dyextn_attribute_type_info` */

DROP TABLE IF EXISTS `dyextn_attribute_type_info`;

CREATE TABLE `dyextn_attribute_type_info` (
  `IDENTIFIER` bigint(20) NOT NULL auto_increment,
  `PRIMITIVE_ATTRIBUTE_ID` bigint(20) default NULL,
  PRIMARY KEY  (`IDENTIFIER`),
  KEY `FK62596D53B4C15A36` (`PRIMITIVE_ATTRIBUTE_ID`),
  CONSTRAINT `FK62596D53B4C15A36` FOREIGN KEY (`PRIMITIVE_ATTRIBUTE_ID`) REFERENCES `dyextn_primitive_attribute` (`IDENTIFIER`)
) ENGINE=InnoDB DEFAULT CHARSET=latin1;

/*Data for the table `dyextn_attribute_type_info` */

insert into `dyextn_attribute_type_info` (`IDENTIFIER`,`PRIMITIVE_ATTRIBUTE_ID`) values (1,3),(2,4),(3,5),(4,6),(5,7),(6,9),(7,10),(8,12),(9,13),(10,14),(11,15),(12,16),(13,18),(14,19),(15,20),(16,21),(17,22),(18,23),(19,24),(20,26),(21,27),(22,28),(23,29),(24,30),(25,32),(26,33),(27,34),(28,35),(29,36),(30,37),(31,38),(32,39),(33,40),(34,42),(35,43),(36,44),(37,45),(38,47),(39,48),(40,49),(41,50),(42,51),(43,53),(44,54),(45,56),(46,57),(47,59),(48,60),(49,61),(50,62),(51,63),(52,65),(53,66),(54,67),(55,68),(56,69),(57,70),(58,71),(59,72),(60,73),(61,74),(62,75),(63,76),(64,78),(65,79),(66,80),(67,82),(68,83),(69,84),(70,86),(71,87),(72,89),(73,90),(74,91),(75,93),(76,94),(77,96),(78,97),(79,98),(80,99),(81,100),(82,102),(83,103),(84,104),(85,105),(86,106),(87,107),(88,108),(89,109),(90,111),(91,112),(92,113),(93,114),(94,115),(95,117),(96,118),(97,119),(98,120),(99,121),(100,122),(101,123),(102,124),(103,125),(104,126),(105,128),(106,129),(107,130),(108,131),(109,133),(110,134),(111,136),(112,137),(113,139),(114,140),(115,141),(116,142),(117,143),(118,144),(119,146),(120,147),(121,148),(122,149),(123,151),(124,152),(125,154),(126,155),(127,156),(128,157),(129,158),(130,159),(131,160),(132,162),(133,163),(134,164),(135,165),(136,166),(137,167),(138,168),(139,169),(140,170),(141,171),(142,172),(143,174),(144,175),(145,176),(146,177),(147,179),(148,180),(149,181),(150,183),(151,184),(152,185),(153,187),(154,188),(155,189),(156,190),(157,191),(158,192),(159,193),(160,194),(161,195),(162,197),(163,198),(164,199),(165,200),(166,201),(167,203),(168,204),(169,206),(170,207),(171,208),(172,209),(173,210),(174,211),(175,212),(176,213),(177,214),(178,216),(179,217),(180,218),(181,220),(182,221),(183,222),(184,223),(185,225),(186,226),(187,227),(188,229),(189,230),(190,231),(191,232),(192,233),(193,234),(194,235),(195,236),(196,237),(197,238),(198,239),(199,240),(200,242),(201,243),(202,244),(203,245),(204,246),(205,247),(206,248),(207,250),(208,251),(209,252),(210,253),(211,254),(212,255),(213,256),(214,257),(215,258),(216,259),(217,261),(218,263),(219,264),(220,265),(221,266),(222,268),(223,269),(224,270),(225,271),(226,273),(227,274),(228,276),(229,277),(230,278),(231,279),(232,281),(233,283),(234,284),(235,285),(236,286),(237,288),(238,289),(239,290),(240,291),(241,292),(242,294),(243,295),(244,296),(245,297),(246,298),(247,299),(248,300),(249,301),(250,303),(251,304),(252,305),(253,306),(254,308),(255,309),(256,310),(257,311),(258,313),(259,314),(260,315),(261,316),(262,317),(263,318),(264,320),(265,321),(266,322),(267,323),(268,324),(269,325),(270,326),(271,327),(272,328),(273,330),(274,331),(275,332),(276,333),(277,334),(278,335),(279,336),(280,337),(281,338),(282,339),(283,340),(284,342),(285,343),(286,344),(287,346),(288,347),(289,348),(290,349),(291,350),(292,351),(293,352),(294,353),(295,354),(296,355),(297,356),(298,358),(299,359),(300,360),(301,361),(302,362),(303,363),(304,364),(305,365),(306,366),(307,367),(308,368),(309,370),(310,371),(311,372),(312,374),(313,375),(314,455),(315,456),(316,457),(317,458),(318,459),(319,460),(320,462),(321,463),(322,464),(323,465),(324,466),(325,468),(326,469),(327,470),(328,471),(329,472),(330,473),(331,474),(332,475),(333,476),(334,477),(335,478),(336,479),(337,480),(338,481),(339,482),(340,484),(341,485),(342,486),(343,487),(344,488),(345,489),(346,490),(347,491),(348,492),(349,493),(350,494),(351,495),(352,496),(353,497),(354,498),(355,500),(356,501),(357,502),(358,503),(359,504),(360,505),(361,506),(362,507),(363,508),(364,509),(365,510),(366,511),(367,512),(368,513),(369,514),(370,516),(371,517),(372,518),(373,519),(374,521),(375,522),(376,523),(377,524),(378,525),(379,526),(380,527),(381,528),(382,529),(383,530),(384,531),(385,532),(386,533),(387,534),(388,535);

/*Table structure for table `dyextn_barr_concept_value` */

DROP TABLE IF EXISTS `dyextn_barr_concept_value`;

CREATE TABLE `dyextn_barr_concept_value` (
  `IDENTIFIER` bigint(20) NOT NULL default '0',
  PRIMARY KEY  (`IDENTIFIER`),
  KEY `FK89D27DF7BC7298A9` (`IDENTIFIER`),
  CONSTRAINT `FK89D27DF7BC7298A9` FOREIGN KEY (`IDENTIFIER`) REFERENCES `dyextn_permissible_value` (`IDENTIFIER`)
) ENGINE=InnoDB DEFAULT CHARSET=latin1;

/*Data for the table `dyextn_barr_concept_value` */

/*Table structure for table `dyextn_boolean_concept_value` */

DROP TABLE IF EXISTS `dyextn_boolean_concept_value`;

CREATE TABLE `dyextn_boolean_concept_value` (
  `IDENTIFIER` bigint(20) NOT NULL default '0',
  `VALUE` tinyint(1) default NULL,
  PRIMARY KEY  (`IDENTIFIER`),
  KEY `FK57B6C4A6BC7298A9` (`IDENTIFIER`),
  CONSTRAINT `FK57B6C4A6BC7298A9` FOREIGN KEY (`IDENTIFIER`) REFERENCES `dyextn_permissible_value` (`IDENTIFIER`)
) ENGINE=InnoDB DEFAULT CHARSET=latin1;

/*Data for the table `dyextn_boolean_concept_value` */

/*Table structure for table `dyextn_boolean_type_info` */

DROP TABLE IF EXISTS `dyextn_boolean_type_info`;

CREATE TABLE `dyextn_boolean_type_info` (
  `IDENTIFIER` bigint(20) NOT NULL default '0',
  PRIMARY KEY  (`IDENTIFIER`),
  KEY `FK28F1809FBC7298A9` (`IDENTIFIER`),
  CONSTRAINT `FK28F1809FBC7298A9` FOREIGN KEY (`IDENTIFIER`) REFERENCES `dyextn_attribute_type_info` (`IDENTIFIER`)
) ENGINE=InnoDB DEFAULT CHARSET=latin1;

/*Data for the table `dyextn_boolean_type_info` */

insert into `dyextn_boolean_type_info` (`IDENTIFIER`) values (58),(135),(170),(177),(209),(238),(246),(276),(289),(301);

/*Table structure for table `dyextn_byte_array_type_info` */

DROP TABLE IF EXISTS `dyextn_byte_array_type_info`;

CREATE TABLE `dyextn_byte_array_type_info` (
  `IDENTIFIER` bigint(20) NOT NULL default '0',
  `CONTENT_TYPE` varchar(255) default NULL,
  PRIMARY KEY  (`IDENTIFIER`),
  KEY `FK18BDA73BC7298A9` (`IDENTIFIER`),
  CONSTRAINT `FK18BDA73BC7298A9` FOREIGN KEY (`IDENTIFIER`) REFERENCES `dyextn_attribute_type_info` (`IDENTIFIER`)
) ENGINE=InnoDB DEFAULT CHARSET=latin1;

/*Data for the table `dyextn_byte_array_type_info` */

/*Table structure for table `dyextn_cadsrde` */

DROP TABLE IF EXISTS `dyextn_cadsrde`;

CREATE TABLE `dyextn_cadsrde` (
  `IDENTIFIER` bigint(20) NOT NULL default '0',
  `PUBLIC_ID` varchar(255) default NULL,
  PRIMARY KEY  (`IDENTIFIER`),
  KEY `FK588A2509BC7298A9` (`IDENTIFIER`),
  CONSTRAINT `FK588A2509BC7298A9` FOREIGN KEY (`IDENTIFIER`) REFERENCES `dyextn_data_element` (`IDENTIFIER`)
) ENGINE=InnoDB DEFAULT CHARSET=latin1;

/*Data for the table `dyextn_cadsrde` */

/*Table structure for table `dyextn_check_box` */

DROP TABLE IF EXISTS `dyextn_check_box`;

CREATE TABLE `dyextn_check_box` (
  `IDENTIFIER` bigint(20) NOT NULL default '0',
  PRIMARY KEY  (`IDENTIFIER`),
  KEY `FK4EFF9257BC7298A9` (`IDENTIFIER`),
  CONSTRAINT `FK4EFF9257BC7298A9` FOREIGN KEY (`IDENTIFIER`) REFERENCES `dyextn_control` (`IDENTIFIER`)
) ENGINE=InnoDB DEFAULT CHARSET=latin1;

/*Data for the table `dyextn_check_box` */

/*Table structure for table `dyextn_column_properties` */

DROP TABLE IF EXISTS `dyextn_column_properties`;

CREATE TABLE `dyextn_column_properties` (
  `IDENTIFIER` bigint(20) NOT NULL default '0',
  `PRIMITIVE_ATTRIBUTE_ID` bigint(20) default NULL,
  PRIMARY KEY  (`IDENTIFIER`),
  KEY `FK8FCE2B3FBC7298A9` (`IDENTIFIER`),
  KEY `FK8FCE2B3FB4C15A36` (`PRIMITIVE_ATTRIBUTE_ID`),
  CONSTRAINT `FK8FCE2B3FB4C15A36` FOREIGN KEY (`PRIMITIVE_ATTRIBUTE_ID`) REFERENCES `dyextn_primitive_attribute` (`IDENTIFIER`),
  CONSTRAINT `FK8FCE2B3FBC7298A9` FOREIGN KEY (`IDENTIFIER`) REFERENCES `dyextn_database_properties` (`IDENTIFIER`)
) ENGINE=InnoDB DEFAULT CHARSET=latin1;

/*Data for the table `dyextn_column_properties` */

insert into `dyextn_column_properties` (`IDENTIFIER`,`PRIMITIVE_ATTRIBUTE_ID`) values (2,3),(3,4),(4,5),(5,6),(6,7),(8,9),(9,10),(11,12),(12,13),(13,14),(14,15),(15,16),(17,18),(18,19),(19,20),(20,21),(21,22),(22,23),(23,24),(25,26),(26,27),(27,28),(28,29),(29,30),(31,32),(32,33),(33,34),(34,35),(35,36),(36,37),(37,38),(38,39),(39,40),(41,42),(42,43),(43,44),(44,45),(46,47),(47,48),(48,49),(49,50),(50,51),(52,53),(53,54),(55,56),(56,57),(58,59),(59,60),(60,61),(61,62),(62,63),(64,65),(65,66),(66,67),(67,68),(68,69),(69,70),(70,71),(71,72),(72,73),(73,74),(74,75),(75,76),(77,78),(78,79),(79,80),(81,82),(82,83),(83,84),(85,86),(86,87),(88,89),(89,90),(90,91),(92,93),(93,94),(95,96),(96,97),(97,98),(98,99),(99,100),(101,102),(102,103),(103,104),(104,105),(105,106),(106,107),(107,108),(108,109),(110,111),(111,112),(112,113),(113,114),(114,115),(116,117),(117,118),(118,119),(119,120),(120,121),(121,122),(122,123),(123,124),(124,125),(125,126),(127,128),(128,129),(129,130),(130,131),(132,133),(133,134),(135,136),(136,137),(138,139),(139,140),(140,141),(141,142),(142,143),(143,144),(145,146),(146,147),(147,148),(148,149),(150,151),(151,152),(153,154),(154,155),(155,156),(156,157),(157,158),(158,159),(159,160),(161,162),(162,163),(163,164),(164,165),(165,166),(166,167),(167,168),(168,169),(169,170),(170,171),(171,172),(173,174),(174,175),(175,176),(176,177),(178,179),(179,180),(180,181),(182,183),(183,184),(184,185),(186,187),(187,188),(188,189),(189,190),(190,191),(191,192),(192,193),(193,194),(194,195),(196,197),(197,198),(198,199),(199,200),(200,201),(202,203),(203,204),(205,206),(206,207),(207,208),(208,209),(209,210),(210,211),(211,212),(212,213),(213,214),(215,216),(216,217),(217,218),(219,220),(220,221),(221,222),(222,223),(224,225),(225,226),(226,227),(228,229),(229,230),(230,231),(231,232),(232,233),(233,234),(234,235),(235,236),(236,237),(237,238),(238,239),(239,240),(241,242),(242,243),(243,244),(244,245),(245,246),(246,247),(247,248),(249,250),(250,251),(251,252),(252,253),(253,254),(254,255),(255,256),(256,257),(257,258),(258,259),(260,261),(262,263),(263,264),(264,265),(265,266),(267,268),(268,269),(269,270),(270,271),(272,273),(273,274),(275,276),(276,277),(277,278),(278,279),(280,281),(282,283),(283,284),(284,285),(285,286),(287,288),(288,289),(289,290),(290,291),(291,292),(293,294),(294,295),(295,296),(296,297),(297,298),(298,299),(299,300),(300,301),(302,303),(303,304),(304,305),(305,306),(307,308),(308,309),(309,310),(310,311),(312,313),(313,314),(314,315),(315,316),(316,317),(317,318),(319,320),(320,321),(321,322),(322,323),(323,324),(324,325),(325,326),(326,327),(327,328),(329,330),(330,331),(331,332),(332,333),(333,334),(334,335),(335,336),(336,337),(337,338),(338,339),(339,340),(341,342),(342,343),(343,344),(345,346),(346,347),(347,348),(348,349),(349,350),(350,351),(351,352),(352,353),(353,354),(354,355),(355,356),(357,358),(358,359),(359,360),(360,361),(361,362),(362,363),(363,364),(364,365),(365,366),(366,367),(367,368),(369,370),(370,371),(371,372),(373,374),(374,375),(453,455),(454,456),(455,457),(456,458),(457,459),(458,460),(460,462),(461,463),(462,464),(463,465),(464,466),(466,468),(467,469),(468,470),(469,471),(470,472),(471,473),(472,474),(473,475),(474,476),(475,477),(476,478),(477,479),(478,480),(479,481),(480,482),(482,484),(483,485),(484,486),(485,487),(486,488),(487,489),(488,490),(489,491),(490,492),(491,493),(492,494),(493,495),(494,496),(495,497),(496,498),(498,500),(499,501),(500,502),(501,503),(502,504),(503,505),(504,506),(505,507),(506,508),(507,509),(508,510),(509,511),(510,512),(511,513),(512,514),(514,516),(515,517),(516,518),(517,519),(519,521),(520,522),(521,523),(522,524),(523,525),(524,526),(525,527),(526,528),(527,529),(528,530),(529,531),(530,532),(531,533),(532,534),(533,535);

/*Table structure for table `dyextn_combobox` */

DROP TABLE IF EXISTS `dyextn_combobox`;

CREATE TABLE `dyextn_combobox` (
  `IDENTIFIER` bigint(20) NOT NULL default '0',
  PRIMARY KEY  (`IDENTIFIER`),
  KEY `FKABBC649ABC7298A9` (`IDENTIFIER`),
  CONSTRAINT `FKABBC649ABC7298A9` FOREIGN KEY (`IDENTIFIER`) REFERENCES `dyextn_select_control` (`IDENTIFIER`)
) ENGINE=InnoDB DEFAULT CHARSET=latin1;

/*Data for the table `dyextn_combobox` */

/*Table structure for table `dyextn_constraint_properties` */

DROP TABLE IF EXISTS `dyextn_constraint_properties`;

CREATE TABLE `dyextn_constraint_properties` (
  `IDENTIFIER` bigint(20) NOT NULL default '0',
  `SOURCE_ENTITY_KEY` varchar(255) default NULL,
  `TARGET_ENTITY_KEY` varchar(255) default NULL,
  `ASSOCIATION_ID` bigint(20) default NULL,
  PRIMARY KEY  (`IDENTIFIER`),
  KEY `FK82886CD8BC7298A9` (`IDENTIFIER`),
  KEY `FK82886CD8927B15B9` (`ASSOCIATION_ID`),
  CONSTRAINT `FK82886CD8927B15B9` FOREIGN KEY (`ASSOCIATION_ID`) REFERENCES `dyextn_association` (`IDENTIFIER`),
  CONSTRAINT `FK82886CD8BC7298A9` FOREIGN KEY (`IDENTIFIER`) REFERENCES `dyextn_database_properties` (`IDENTIFIER`)
) ENGINE=InnoDB DEFAULT CHARSET=latin1;

/*Data for the table `dyextn_constraint_properties` */

insert into `dyextn_constraint_properties` (`IDENTIFIER`,`SOURCE_ENTITY_KEY`,`TARGET_ENTITY_KEY`,`ASSOCIATION_ID`) values (375,'USER_ID',NULL,376),(376,'STORAGE_CONTAINER_ID','STORAGE_TYPE_ID',377),(377,'DEPARTMENT_ID',NULL,378),(378,'DE_E_182_379_IDENTIFIER',NULL,379),(379,'BIOHAZARD_ID','SPECIMEN_ID',380),(380,'SPECIMEN_ID','BIOHAZARD_ID',381),(381,'DISTRIBUTION_PROTOCOL_ID','COLLECTION_PROTOCOL_ID',382),(382,'COLLECTION_PROTOCOL_ID','DISTRIBUTION_PROTOCOL_ID',383),(383,'SPECIMEN_ID',NULL,384),(384,'INSTITUTION_ID',NULL,385),(385,'PARTICIPANT_ID',NULL,386),(386,NULL,'PARTICIPANT_ID',387),(387,NULL,'DE_E_138_388_IDENTIFIER',388),(388,'SITE_ID',NULL,389),(389,'PRINCIPAL_INVESTIGATOR_ID',NULL,390),(390,'PARTICIPENT_MEDI_IDENTIFIER_ID',NULL,391),(391,NULL,'DE_E_161_392_IDENTIFIER',392),(392,'CANCER_RESEARCH_GROUP_ID',NULL,393),(393,NULL,'DE_E_219_394_IDENTIFIER',394),(394,'DE_E_219_395_IDENTIFIER',NULL,395),(395,'SITE_ID',NULL,396),(396,NULL,'SPECIMEN_ARRAY_TYPE_ID',397),(397,'CREATED_BY_ID',NULL,398),(398,'PARTICIPANT_ID',NULL,399),(399,NULL,'PARTICIPANT_ID',400),(400,'DE_E_S_287_401_IDENTIFIER','DE_E_T_249_401_IDENTIFIER',401),(401,NULL,'ADDRESS_ID',402),(402,'DE_E_161_403_IDENTIFIER',NULL,404),(403,NULL,'DE_E_161_403_IDENTIFIER',403),(404,'COLLECTION_PROTOCOL_ID','USER_ID',405),(405,'USER_ID','COLLECTION_PROTOCOL_ID',406),(406,'DE_E_S_58_407_IDENTIFIER','DE_E_T_153_407_IDENTIFIER',407),(407,'TO_STORAGE_CONTAINER_ID',NULL,408),(408,'STORAGE_TYPE_ID',NULL,409),(409,'COLLECTION_PROTOCOL_EVENT_ID','SPECIMEN_REQUIREMENT_ID',410),(410,'SPECIMEN_REQUIREMENT_ID','COLLECTION_PROTOCOL_EVENT_ID',411),(411,'DISTRIBUTION_PROTOCOL_ID',NULL,412),(412,NULL,'STORAGE_CONTAINER_ID',413),(413,NULL,'PARENT_CONTAINER_ID',415),(414,'PARENT_CONTAINER_ID',NULL,414),(415,NULL,'CAPACITY_ID',416),(416,NULL,'CLINICAL_REPORT_ID',417),(417,NULL,'USER_ID',418),(418,'USER_ID',NULL,419),(419,'SPECIMEN_ID',NULL,420),(420,NULL,'SPECIMEN_ID',421),(421,'COLLECTION_PROTOCOL_EVENT_ID',NULL,422),(422,'COLLECTION_PROTOCOL_ID',NULL,423),(423,NULL,'COLLECTION_PROTOCOL_ID',424),(424,'TO_SITE_ID',NULL,425),(425,'SPECIMEN_ARRAY_ID',NULL,426),(426,NULL,'SPECIMEN_ARRAY_ID',427),(427,'DE_E_219_428_IDENTIFIER',NULL,428),(428,NULL,'DE_E_219_428_IDENTIFIER',429),(429,'FROM_STORAGE_CONTAINER_ID',NULL,430),(430,'SPECIMEN_ID',NULL,431),(431,NULL,'SPECIMEN_ID',432),(432,'USER_ID',NULL,433),(433,NULL,'QUANTITY_ID',434),(434,'DE_E_287_435_IDENTIFIER',NULL,435),(435,'DE_E_S_58_436_IDENTIFIER','DE_E_T_58_436_IDENTIFIER',436),(436,'SITE_ID',NULL,437),(437,NULL,'DISTRIBUTION_ID',438),(438,'COLLECTION_PROTOCOL_ID',NULL,439),(439,NULL,'ADDRESS_ID',440),(440,'DE_E_215_441_IDENTIFIER',NULL,441),(441,NULL,'DE_E_215_441_IDENTIFIER',442),(442,'DE_E_25_443_IDENTIFIER',NULL,443),(443,NULL,'DE_E_25_443_IDENTIFIER',444),(444,'SPECIMEN_REQUIREMENT_ID','DISTRIBUTION_PROTOCOL_ID',445),(445,'DISTRIBUTION_PROTOCOL_ID','SPECIMEN_REQUIREMENT_ID',446),(446,NULL,'DE_E_161_447_IDENTIFIER',447),(447,NULL,'DE_E_145_448_IDENTIFIER',448),(448,'DE_E_S_287_449_IDENTIFIER','DE_E_T_153_449_IDENTIFIER',449),(449,NULL,'CAPACITY_ID',450),(450,'COLLECTION_PROTOCOL_REG_ID',NULL,451),(451,NULL,'COLLECTION_PROTOCOL_REG_ID',452);

/*Table structure for table `dyextn_container` */

DROP TABLE IF EXISTS `dyextn_container`;

CREATE TABLE `dyextn_container` (
  `IDENTIFIER` bigint(20) NOT NULL auto_increment,
  `BUTTON_CSS` varchar(255) default NULL,
  `CAPTION` varchar(255) default NULL,
  `ENTITY_ID` bigint(20) default NULL,
  `MAIN_TABLE_CSS` varchar(255) default NULL,
  `REQUIRED_FIELD_INDICATOR` varchar(255) default NULL,
  `REQUIRED_FIELD_WARNING_MESSAGE` varchar(255) default NULL,
  `TITLE_CSS` varchar(255) default NULL,
  `BASE_CONTAINER_ID` bigint(20) default NULL,
  `VIEW_ID` bigint(20) default NULL,
  PRIMARY KEY  (`IDENTIFIER`),
  KEY `FK1EAB84E4A1257067` (`BASE_CONTAINER_ID`),
  KEY `FK1EAB84E479F466F7` (`ENTITY_ID`),
  KEY `FK1EAB84E445DEFCF5` (`VIEW_ID`),
  CONSTRAINT `FK1EAB84E445DEFCF5` FOREIGN KEY (`VIEW_ID`) REFERENCES `dyextn_view` (`IDENTIFIER`),
  CONSTRAINT `FK1EAB84E479F466F7` FOREIGN KEY (`ENTITY_ID`) REFERENCES `dyextn_entity` (`IDENTIFIER`),
  CONSTRAINT `FK1EAB84E4A1257067` FOREIGN KEY (`BASE_CONTAINER_ID`) REFERENCES `dyextn_container` (`IDENTIFIER`)
) ENGINE=InnoDB DEFAULT CHARSET=latin1;

/*Data for the table `dyextn_container` */

/*Table structure for table `dyextn_containment_control` */

DROP TABLE IF EXISTS `dyextn_containment_control`;

CREATE TABLE `dyextn_containment_control` (
  `IDENTIFIER` bigint(20) NOT NULL default '0',
  `DISPLAY_CONTAINER_ID` bigint(20) default NULL,
  PRIMARY KEY  (`IDENTIFIER`),
  KEY `FK3F9D4AD3F7798636` (`DISPLAY_CONTAINER_ID`),
  KEY `FK3F9D4AD3BC7298A9` (`IDENTIFIER`),
  CONSTRAINT `FK3F9D4AD3BC7298A9` FOREIGN KEY (`IDENTIFIER`) REFERENCES `dyextn_control` (`IDENTIFIER`),
  CONSTRAINT `FK3F9D4AD3F7798636` FOREIGN KEY (`DISPLAY_CONTAINER_ID`) REFERENCES `dyextn_container` (`IDENTIFIER`)
) ENGINE=InnoDB DEFAULT CHARSET=latin1;

/*Data for the table `dyextn_containment_control` */

/*Table structure for table `dyextn_control` */

DROP TABLE IF EXISTS `dyextn_control`;

CREATE TABLE `dyextn_control` (
  `IDENTIFIER` bigint(20) NOT NULL auto_increment,
  `CAPTION` varchar(255) default NULL,
  `CSS_CLASS` varchar(255) default NULL,
  `HIDDEN` tinyint(1) default NULL,
  `NAME` varchar(255) default NULL,
  `SEQUENCE_NUMBER` int(11) default NULL,
  `TOOLTIP` varchar(255) default NULL,
  `ABSTRACT_ATTRIBUTE_ID` bigint(20) default NULL,
  `CONTAINER_ID` bigint(20) default NULL,
  PRIMARY KEY  (`IDENTIFIER`),
  KEY `FK70FB5E80A67822BB` (`ABSTRACT_ATTRIBUTE_ID`),
  KEY `FK70FB5E809C6A9B9` (`CONTAINER_ID`),
  CONSTRAINT `FK70FB5E809C6A9B9` FOREIGN KEY (`CONTAINER_ID`) REFERENCES `dyextn_container` (`IDENTIFIER`),
  CONSTRAINT `FK70FB5E80A67822BB` FOREIGN KEY (`ABSTRACT_ATTRIBUTE_ID`) REFERENCES `dyextn_attribute` (`IDENTIFIER`)
) ENGINE=InnoDB DEFAULT CHARSET=latin1;

/*Data for the table `dyextn_control` */

/*Table structure for table `dyextn_data_element` */

DROP TABLE IF EXISTS `dyextn_data_element`;

CREATE TABLE `dyextn_data_element` (
  `IDENTIFIER` bigint(20) NOT NULL auto_increment,
  `ATTRIBUTE_TYPE_INFO_ID` bigint(20) default NULL,
  PRIMARY KEY  (`IDENTIFIER`),
  KEY `FKB1153E48C8D972A` (`ATTRIBUTE_TYPE_INFO_ID`),
  CONSTRAINT `FKB1153E48C8D972A` FOREIGN KEY (`ATTRIBUTE_TYPE_INFO_ID`) REFERENCES `dyextn_attribute_type_info` (`IDENTIFIER`)
) ENGINE=InnoDB DEFAULT CHARSET=latin1;

/*Data for the table `dyextn_data_element` */

/*Table structure for table `dyextn_data_grid` */

DROP TABLE IF EXISTS `dyextn_data_grid`;

CREATE TABLE `dyextn_data_grid` (
  `IDENTIFIER` bigint(20) NOT NULL default '0',
  PRIMARY KEY  (`IDENTIFIER`),
  KEY `FK233EB73EBC7298A9` (`IDENTIFIER`),
  CONSTRAINT `FK233EB73EBC7298A9` FOREIGN KEY (`IDENTIFIER`) REFERENCES `dyextn_control` (`IDENTIFIER`)
) ENGINE=InnoDB DEFAULT CHARSET=latin1;

/*Data for the table `dyextn_data_grid` */

/*Table structure for table `dyextn_database_properties` */

DROP TABLE IF EXISTS `dyextn_database_properties`;

CREATE TABLE `dyextn_database_properties` (
  `IDENTIFIER` bigint(20) NOT NULL auto_increment,
  `NAME` varchar(255) default NULL,
  PRIMARY KEY  (`IDENTIFIER`)
) ENGINE=InnoDB DEFAULT CHARSET=latin1;

/*Data for the table `dyextn_database_properties` */

insert into `dyextn_database_properties` (`IDENTIFIER`,`NAME`) values (1,'CATISSUE_COLL_EVENT_PARAM'),(2,'COLLECTION_PROCEDURE'),(3,'IDENTIFIER'),(4,'CONTAINER'),(5,'EVENT_TIMESTAMP'),(6,'COMMENTS'),(7,'DE_E_8'),(8,'DE_AT_9'),(9,'DE_AT_10'),(10,'CATISSUE_PROCEDURE_EVENT_PARAM'),(11,'COMMENTS'),(12,'URL'),(13,'NAME'),(14,'EVENT_TIMESTAMP'),(15,'IDENTIFIER'),(16,'DE_E_17'),(17,'DE_AT_18'),(18,'DE_AT_19'),(19,'DE_AT_20'),(20,'DE_AT_21'),(21,'DE_AT_22'),(22,'DE_AT_23'),(23,'DE_AT_24'),(24,'CATISSUE_SPECIMEN_COLL_GROUP'),(25,'NAME'),(26,'CLINICAL_STATUS'),(27,'CLINICAL_DIAGNOSIS'),(28,'ACTIVITY_STATUS'),(29,'IDENTIFIER'),(30,'CATISSUE_SPECIMEN_PROTOCOL'),(31,'IRB_IDENTIFIER'),(32,'ACTIVITY_STATUS'),(33,'TITLE'),(34,'DESCRIPTION_URL'),(35,'END_DATE'),(36,'START_DATE'),(37,'ENROLLMENT'),(38,'SHORT_TITLE'),(39,'IDENTIFIER'),(40,'CATISSUE_FLUID_SPE_EVENT_PARAM'),(41,'CELL_COUNT'),(42,'IDENTIFIER'),(43,'COMMENTS'),(44,'EVENT_TIMESTAMP'),(45,'CATISSUE_CELL_SPE_REVIEW_PARAM'),(46,'COMMENTS'),(47,'NEOPLASTIC_CELLULARITY_PER'),(48,'EVENT_TIMESTAMP'),(49,'IDENTIFIER'),(50,'VIABLE_CELL_PERCENTAGE'),(51,'DE_E_52'),(52,'DE_AT_53'),(53,'DE_AT_54'),(54,'DE_E_55'),(55,'DE_AT_56'),(56,'DE_AT_57'),(57,'DE_E_58'),(58,'DE_AT_59'),(59,'DE_AT_60'),(60,'DE_AT_61'),(61,'DE_AT_62'),(62,'DE_AT_63'),(63,'CATISSUE_SPECIMEN'),(64,'CONCENTRATION'),(65,'PATHOLOGICAL_STATUS'),(66,'BARCODE'),(67,'LABEL'),(68,'IDENTIFIER'),(69,'TYPE'),(70,'AVAILABLE'),(71,'DE_AT_72'),(72,'POSITION_DIMENSION_ONE'),(73,'POSITION_DIMENSION_TWO'),(74,'LINEAGE'),(75,'ACTIVITY_STATUS'),(76,'CATISSUE_EXTERNAL_IDENTIFIER'),(77,'NAME'),(78,'VALUE'),(79,'IDENTIFIER'),(80,'DE_E_81'),(81,'DE_AT_82'),(82,'DE_AT_83'),(83,'DE_AT_84'),(84,'DE_E_85'),(85,'DE_AT_86'),(86,'DE_AT_87'),(87,'CATISSUE_CAPACITY'),(88,'IDENTIFIER'),(89,'ONE_DIMENSION_CAPACITY'),(90,'TWO_DIMENSION_CAPACITY'),(91,'CATISSUE_CANCER_RESEARCH_GROUP'),(92,'NAME'),(93,'IDENTIFIER'),(94,'CATISSUE_SPUN_EVENT_PARAMETERS'),(95,'COMMENTS'),(96,'DE_AT_97'),(97,'EVENT_TIMESTAMP'),(98,'IDENTIFIER'),(99,'DURATION_IN_MINUTES'),(100,'CATISSUE_TIS_SPE_EVENT_PARAM'),(101,'HISTOLOGICAL_QUALITY'),(102,'EVENT_TIMESTAMP'),(103,'NECROSIS_PERCENTAGE'),(104,'IDENTIFIER'),(105,'TOTAL_CELLULARITY_PERCENTAGE'),(106,'LYMPHOCYTIC_PERCENTAGE'),(107,'NEOPLASTIC_CELLULARITY_PER'),(108,'COMMENTS'),(109,'CATISSUE_SITE'),(110,'TYPE'),(111,'NAME'),(112,'ACTIVITY_STATUS'),(113,'EMAIL_ADDRESS'),(114,'IDENTIFIER'),(115,'CATISSUE_MOL_SPE_REVIEW_PARAM'),(116,'GEL_NUMBER'),(117,'IDENTIFIER'),(118,'COMMENTS'),(119,'QUALITY_INDEX'),(120,'RATIO_28S_TO_18S'),(121,'ABSORBANCE_AT_260'),(122,'LANE_NUMBER'),(123,'GEL_IMAGE_URL'),(124,'EVENT_TIMESTAMP'),(125,'ABSORBANCE_AT_280'),(126,'CATISSUE_BIOHAZARD'),(127,'NAME'),(128,'COMMENTS'),(129,'TYPE'),(130,'IDENTIFIER'),(131,'CATISSUE_PART_MEDICAL_ID'),(132,'MEDICAL_RECORD_NUMBER'),(133,'IDENTIFIER'),(134,'DE_E_135'),(135,'DE_AT_136'),(136,'DE_AT_137'),(137,'CATISSUE_COLL_PROT_REG'),(138,'ACTIVITY_STATUS'),(139,'REGISTRATION_DATE'),(140,'PROTOCOL_PARTICIPANT_ID'),(141,'CONSENT_SIGN_DATE'),(142,'CONSENT_DOC_URL'),(143,'IDENTIFIER'),(144,'CATISSUE_SPECI_ARRAY_CONTENT'),(145,'CONC_IN_MICROGM_PER_MICROLTR'),(146,'POSITION_DIMENSION_TWO'),(147,'IDENTIFIER'),(148,'POSITION_DIMENSION_ONE'),(149,'CATISSUE_COLL_PROT_EVENT'),(150,'CLINICAL_STATUS'),(151,'STUDY_CALENDAR_EVENT_POINT'),(152,'CATISSUE_SPECIMEN_ARRAY_TYPE'),(153,'ONE_DIMENSION_LABEL'),(154,'ACTIVITY_STATUS'),(155,'NAME'),(156,'TWO_DIMENSION_LABEL'),(157,'COMMENTS'),(158,'IDENTIFIER'),(159,'SPECIMEN_CLASS'),(160,'DE_E_161'),(161,'DE_AT_162'),(162,'DE_AT_163'),(163,'DE_AT_164'),(164,'DE_AT_165'),(165,'DE_AT_166'),(166,'DE_AT_167'),(167,'DE_AT_168'),(168,'DE_AT_169'),(169,'DE_AT_170'),(170,'DE_AT_171'),(171,'DE_AT_172'),(172,'CATISSUE_IN_OUT_EVENT_PARAM'),(173,'COMMENTS'),(174,'STORAGE_STATUS'),(175,'EVENT_TIMESTAMP'),(176,'IDENTIFIER'),(177,'CATISSUE_SPECIMEN_EVENT_PARAM'),(178,'IDENTIFIER'),(179,'COMMENTS'),(180,'EVENT_TIMESTAMP'),(181,'CATISSUE_SPECIMEN_CHAR'),(182,'TISSUE_SIDE'),(183,'TISSUE_SITE'),(184,'IDENTIFIER'),(185,'CATISSUE_USER'),(186,'ACTIVITY_STATUS'),(187,'STATUS_COMMENT'),(188,'LOGIN_NAME'),(189,'START_DATE'),(190,'EMAIL_ADDRESS'),(191,'FIRST_NAME'),(192,'CSM_USER_ID'),(193,'LAST_NAME'),(194,'IDENTIFIER'),(195,'CATISSUE_FIXED_EVENT_PARAM'),(196,'DURATION_IN_MINUTES'),(197,'COMMENTS'),(198,'FIXATION_TYPE'),(199,'EVENT_TIMESTAMP'),(200,'IDENTIFIER'),(201,'CATISSUE_DEPARTMENT'),(202,'NAME'),(203,'IDENTIFIER'),(204,'CATISSUE_SPECIMEN_ARRAY'),(205,'IDENTIFIER'),(206,'AVAILABLE'),(207,'COMMENTS'),(208,'POSITION_DIMENSION_ONE'),(209,'ACTIVITY_STATUS'),(210,'POSITION_DIMENSION_TWO'),(211,'NAME'),(212,'BARCODE'),(213,'FULL'),(214,'DE_E_215'),(215,'DE_AT_216'),(216,'DE_AT_217'),(217,'DE_AT_218'),(218,'DE_E_219'),(219,'DE_AT_220'),(220,'DE_AT_221'),(221,'DE_AT_222'),(222,'DE_AT_223'),(223,'CATISSUE_PASSWORD'),(224,'UPDATE_DATE'),(225,'IDENTIFIER'),(226,'PASSWORD'),(227,'CATISSUE_PARTICIPANT'),(228,'ETHNICITY'),(229,'BIRTH_DATE'),(230,'MIDDLE_NAME'),(231,'VITAL_STATUS'),(232,'FIRST_NAME'),(233,'GENOTYPE'),(234,'DEATH_DATE'),(235,'ACTIVITY_STATUS'),(236,'SOCIAL_SECURITY_NUMBER'),(237,'GENDER'),(238,'LAST_NAME'),(239,'IDENTIFIER'),(240,'CATISSUE_TRANSFER_EVENT_PARAM'),(241,'TO_POSITION_DIMENSION_TWO'),(242,'COMMENTS'),(243,'FROM_POSITION_DIMENSION_ONE'),(244,'IDENTIFIER'),(245,'EVENT_TIMESTAMP'),(246,'FROM_POSITION_DIMENSION_TWO'),(247,'TO_POSITION_DIMENSION_ONE'),(248,'CATISSUE_COLLECTION_PROTOCOL'),(249,'START_DATE'),(250,'TITLE'),(251,'DE_AT_252'),(252,'ENROLLMENT'),(253,'IRB_IDENTIFIER'),(254,'END_DATE'),(255,'SHORT_TITLE'),(256,'DESCRIPTION_URL'),(257,'IDENTIFIER'),(258,'ACTIVITY_STATUS'),(259,'DE_E_260'),(260,'DE_AT_261'),(261,'CATISSUE_RECEIVED_EVENT_PARAM'),(262,'RECEIVED_QUALITY'),(263,'IDENTIFIER'),(264,'EVENT_TIMESTAMP'),(265,'COMMENTS'),(266,'CATISSUE_DISTRIBUTION'),(267,'ACTIVITY_STATUS'),(268,'IDENTIFIER'),(269,'COMMENTS'),(270,'EVENT_TIMESTAMP'),(271,'DE_E_272'),(272,'DE_AT_273'),(273,'DE_AT_274'),(274,'CATISSUE_DISPOSAL_EVENT_PARAM'),(275,'IDENTIFIER'),(276,'REASON'),(277,'EVENT_TIMESTAMP'),(278,'COMMENTS'),(279,'CATISSUE_CLINICAL_REPORT'),(280,'SURGICAL_PATHOLOGICAL_NUMBER'),(281,'CATISSUE_SPECIMEN_REQUIREMENT'),(282,'PATHOLOGY_STATUS'),(283,'SPECIMEN_TYPE'),(284,'TISSUE_SITE'),(285,'SPECIMEN_CLASS'),(286,'CATISSUE_STORAGE_CONTAINER'),(287,'COMMENTS'),(288,'FULL'),(289,'ACTIVITY_STATUS'),(290,'TEMPERATURE'),(291,'IDENTIFIER'),(292,'CATISSUE_CONTAINER'),(293,'ACTIVITY_STATUS'),(294,'POSITION_DIMENSION_ONE'),(295,'COMMENTS'),(296,'BARCODE'),(297,'FULL'),(298,'IDENTIFIER'),(299,'POSITION_DIMENSION_TWO'),(300,'NAME'),(301,'CATISSUE_EMBEDDED_EVENT_PARAM'),(302,'COMMENTS'),(303,'EVENT_TIMESTAMP'),(304,'IDENTIFIER'),(305,'EMBEDDING_MEDIUM'),(306,'CATISSUE_FROZEN_EVENT_PARAM'),(307,'COMMENTS'),(308,'IDENTIFIER'),(309,'METHOD'),(310,'EVENT_TIMESTAMP'),(311,'CATISSUE_CONTAINER_TYPE'),(312,'NAME'),(313,'ACTIVITY_STATUS'),(314,'TWO_DIMENSION_LABEL'),(315,'IDENTIFIER'),(316,'COMMENTS'),(317,'ONE_DIMENSION_LABEL'),(318,'CATISSUE_DISTRIBUTION_PROTOCOL'),(319,'IRB_IDENTIFIER'),(320,'END_DATE'),(321,'ACTIVITY_STATUS'),(322,'ENROLLMENT'),(323,'START_DATE'),(324,'DESCRIPTION_URL'),(325,'TITLE'),(326,'SHORT_TITLE'),(327,'IDENTIFIER'),(328,'CATISSUE_SPECIMEN'),(329,'BARCODE'),(330,'PATHOLOGICAL_STATUS'),(331,'POSITION_DIMENSION_ONE'),(332,'AVAILABLE'),(333,'LABEL'),(334,'IDENTIFIER'),(335,'DE_AT_336'),(336,'TYPE'),(337,'LINEAGE'),(338,'POSITION_DIMENSION_TWO'),(339,'ACTIVITY_STATUS'),(340,'CATISSUE_THAW_EVENT_PARAMETERS'),(341,'IDENTIFIER'),(342,'EVENT_TIMESTAMP'),(343,'COMMENTS'),(344,'CATISSUE_SPECIMEN'),(345,'DE_AT_346'),(346,'LINEAGE'),(347,'AVAILABLE'),(348,'PATHOLOGICAL_STATUS'),(349,'POSITION_DIMENSION_ONE'),(350,'LABEL'),(351,'ACTIVITY_STATUS'),(352,'TYPE'),(353,'IDENTIFIER'),(354,'BARCODE'),(355,'POSITION_DIMENSION_TWO'),(356,'CATISSUE_SPECIMEN'),(357,'BARCODE'),(358,'ACTIVITY_STATUS'),(359,'PATHOLOGICAL_STATUS'),(360,'AVAILABLE'),(361,'POSITION_DIMENSION_TWO'),(362,'LABEL'),(363,'DE_AT_364'),(364,'IDENTIFIER'),(365,'POSITION_DIMENSION_ONE'),(366,'TYPE'),(367,'LINEAGE'),(368,'CATISSUE_EVENT_PARAM'),(369,'IDENTIFIER'),(370,'EVENT_TIMESTAMP'),(371,'COMMENTS'),(372,'CATISSUE_QUANTITY'),(373,'QUANTITY'),(374,'IDENTIFIER'),(375,'DE_E_110'),(376,'CATISSUE_ST_CONT_ST_TYPE_REL'),(377,'DE_E_186'),(378,'DE_E_161'),(379,'CATISSUE_SPECIMEN_BIOHZ_REL'),(380,'CATISSUE_SPECIMEN_BIOHZ_REL'),(381,'CATISSUE_COLL_DISTRIBUTION_REL'),(382,'CATISSUE_COLL_DISTRIBUTION_REL'),(383,'DE_E_145'),(384,'DE_E_186'),(385,'DE_E_138'),(386,'DE_E_138'),(387,'DE_E_186'),(388,'DE_E_25'),(389,'DE_E_31'),(390,'DE_E_280'),(391,'DE_E_373'),(392,'DE_E_186'),(393,'DE_E_215'),(394,'DE_E_215'),(395,'DE_E_132'),(396,'DE_E_153'),(397,'DE_E_205'),(398,'DE_E_132'),(399,'DE_E_132'),(400,'DE_AS_287_249_401'),(401,'DE_E_17'),(402,'DE_E_161'),(403,'DE_E_161'),(404,'CATISSUE_COLL_COORDINATORS'),(405,'CATISSUE_COLL_COORDINATORS'),(406,'DE_AS_58_153_407'),(407,'DE_E_241'),(408,'DE_E_287'),(409,'CATISSUE_COLL_SPECIMEN_REQ'),(410,'CATISSUE_COLL_SPECIMEN_REQ'),(411,'DE_E_267'),(412,'DE_E_287'),(413,'DE_E_293'),(414,'DE_E_293'),(415,'DE_E_88'),(416,'DE_E_280'),(417,'DE_E_224'),(418,'DE_E_178'),(419,'DE_E_178'),(420,'DE_E_178'),(421,'DE_E_25'),(422,'DE_E_150'),(423,'DE_E_150'),(424,'DE_E_267'),(425,'DE_E_145'),(426,'DE_E_145'),(427,'DE_E_8'),(428,'DE_E_8'),(429,'DE_E_241'),(430,'DE_E_77'),(431,'DE_E_77'),(432,'DE_E_267'),(433,'DE_E_373'),(434,'DE_E_161'),(435,'DE_AS_58_58_436'),(436,'DE_E_287'),(437,'DE_E_205'),(438,'DE_E_138'),(439,'DE_E_17'),(440,'DE_E_81'),(441,'DE_E_81'),(442,'DE_E_161'),(443,'DE_E_161'),(444,'CATISSUE_DISTRIBUTION_SPE_REQ'),(445,'CATISSUE_DISTRIBUTION_SPE_REQ'),(446,'DE_E_373'),(447,'DE_E_373'),(448,'DE_AS_287_153_449'),(449,'DE_E_88'),(450,'DE_E_25'),(451,'DE_E_25'),(452,'DE_E_454'),(453,'DE_AT_455'),(454,'DE_AT_456'),(455,'DE_AT_457'),(456,'DE_AT_458'),(457,'DE_AT_459'),(458,'DE_AT_460'),(459,'DE_E_461'),(460,'DE_AT_462'),(461,'DE_AT_463'),(462,'DE_AT_464'),(463,'DE_AT_465'),(464,'DE_AT_466'),(465,'DE_E_467'),(466,'DE_AT_468'),(467,'DE_AT_469'),(468,'DE_AT_470'),(469,'DE_AT_471'),(470,'DE_AT_472'),(471,'DE_AT_473'),(472,'DE_AT_474'),(473,'DE_AT_475'),(474,'DE_AT_476'),(475,'DE_AT_477'),(476,'DE_AT_478'),(477,'DE_AT_479'),(478,'DE_AT_480'),(479,'DE_AT_481'),(480,'DE_AT_482'),(481,'DE_E_483'),(482,'DE_AT_484'),(483,'DE_AT_485'),(484,'DE_AT_486'),(485,'DE_AT_487'),(486,'DE_AT_488'),(487,'DE_AT_489'),(488,'DE_AT_490'),(489,'DE_AT_491'),(490,'DE_AT_492'),(491,'DE_AT_493'),(492,'DE_AT_494'),(493,'DE_AT_495'),(494,'DE_AT_496'),(495,'DE_AT_497'),(496,'DE_AT_498'),(497,'DE_E_499'),(498,'DE_AT_500'),(499,'DE_AT_501'),(500,'DE_AT_502'),(501,'DE_AT_503'),(502,'DE_AT_504'),(503,'DE_AT_505'),(504,'DE_AT_506'),(505,'DE_AT_507'),(506,'DE_AT_508'),(507,'DE_AT_509'),(508,'DE_AT_510'),(509,'DE_AT_511'),(510,'DE_AT_512'),(511,'DE_AT_513'),(512,'DE_AT_514'),(513,'DE_E_515'),(514,'DE_AT_516'),(515,'DE_AT_517'),(516,'DE_AT_518'),(517,'DE_AT_519'),(518,'DE_E_520'),(519,'DE_AT_521'),(520,'DE_AT_522'),(521,'DE_AT_523'),(522,'DE_AT_524'),(523,'DE_AT_525'),(524,'DE_AT_526'),(525,'DE_AT_527'),(526,'DE_AT_528'),(527,'DE_AT_529'),(528,'DE_AT_530'),(529,'DE_AT_531'),(530,'DE_AT_532'),(531,'DE_AT_533'),(532,'DE_AT_534'),(533,'DE_AT_535');

/*Table structure for table `dyextn_date_concept_value` */

DROP TABLE IF EXISTS `dyextn_date_concept_value`;

CREATE TABLE `dyextn_date_concept_value` (
  `IDENTIFIER` bigint(20) NOT NULL default '0',
  `VALUE` date default NULL,
  PRIMARY KEY  (`IDENTIFIER`),
  KEY `FK45F598A6BC7298A9` (`IDENTIFIER`),
  CONSTRAINT `FK45F598A6BC7298A9` FOREIGN KEY (`IDENTIFIER`) REFERENCES `dyextn_permissible_value` (`IDENTIFIER`)
) ENGINE=InnoDB DEFAULT CHARSET=latin1;

/*Data for the table `dyextn_date_concept_value` */

/*Table structure for table `dyextn_date_type_info` */

DROP TABLE IF EXISTS `dyextn_date_type_info`;

CREATE TABLE `dyextn_date_type_info` (
  `IDENTIFIER` bigint(20) NOT NULL default '0',
  `FORMAT` varchar(255) default NULL,
  PRIMARY KEY  (`IDENTIFIER`),
  KEY `FKFBA549FBC7298A9` (`IDENTIFIER`),
  CONSTRAINT `FKFBA549FBC7298A9` FOREIGN KEY (`IDENTIFIER`) REFERENCES `dyextn_attribute_type_info` (`IDENTIFIER`)
) ENGINE=InnoDB DEFAULT CHARSET=latin1;

/*Data for the table `dyextn_date_type_info` */

insert into `dyextn_date_type_info` (`IDENTIFIER`,`FORMAT`) values (4,NULL),(11,NULL),(29,NULL),(30,NULL),(37,NULL),(40,NULL),(79,NULL),(83,NULL),(103,NULL),(114,NULL),(116,NULL),(145,NULL),(149,NULL),(156,NULL),(165,NULL),(183,NULL),(185,NULL),(189,NULL),(194,NULL),(204,NULL),(207,NULL),(212,NULL),(220,NULL),(225,NULL),(230,NULL),(251,NULL),(257,NULL),(265,NULL),(268,NULL),(285,NULL),(310,NULL),(336,NULL),(351,NULL),(366,NULL),(370,NULL),(385,NULL);

/*Table structure for table `dyextn_datepicker` */

DROP TABLE IF EXISTS `dyextn_datepicker`;

CREATE TABLE `dyextn_datepicker` (
  `IDENTIFIER` bigint(20) NOT NULL default '0',
  PRIMARY KEY  (`IDENTIFIER`),
  KEY `FKFEADD199BC7298A9` (`IDENTIFIER`),
  CONSTRAINT `FKFEADD199BC7298A9` FOREIGN KEY (`IDENTIFIER`) REFERENCES `dyextn_control` (`IDENTIFIER`)
) ENGINE=InnoDB DEFAULT CHARSET=latin1;

/*Data for the table `dyextn_datepicker` */

/*Table structure for table `dyextn_double_concept_value` */

DROP TABLE IF EXISTS `dyextn_double_concept_value`;

CREATE TABLE `dyextn_double_concept_value` (
  `IDENTIFIER` bigint(20) NOT NULL default '0',
  `VALUE` double default NULL,
  PRIMARY KEY  (`IDENTIFIER`),
  KEY `FKB94E6449BC7298A9` (`IDENTIFIER`),
  CONSTRAINT `FKB94E6449BC7298A9` FOREIGN KEY (`IDENTIFIER`) REFERENCES `dyextn_permissible_value` (`IDENTIFIER`)
) ENGINE=InnoDB DEFAULT CHARSET=latin1;

/*Data for the table `dyextn_double_concept_value` */

/*Table structure for table `dyextn_double_type_info` */

DROP TABLE IF EXISTS `dyextn_double_type_info`;

CREATE TABLE `dyextn_double_type_info` (
  `IDENTIFIER` bigint(20) NOT NULL default '0',
  PRIMARY KEY  (`IDENTIFIER`),
  KEY `FKC83869C2BC7298A9` (`IDENTIFIER`),
  CONSTRAINT `FKC83869C2BC7298A9` FOREIGN KEY (`IDENTIFIER`) REFERENCES `dyextn_numeric_type_info` (`IDENTIFIER`)
) ENGINE=InnoDB DEFAULT CHARSET=latin1;

/*Data for the table `dyextn_double_type_info` */

insert into `dyextn_double_type_info` (`IDENTIFIER`) values (34),(39),(42),(43),(48),(52),(71),(78),(84),(86),(87),(88),(99),(100),(104),(119),(124),(227),(240),(312),(325),(326),(340),(341),(355),(356),(374),(375);

/*Table structure for table `dyextn_entity` */

DROP TABLE IF EXISTS `dyextn_entity`;

CREATE TABLE `dyextn_entity` (
  `IDENTIFIER` bigint(20) NOT NULL default '0',
  `DATA_TABLE_STATE` int(11) default NULL,
  `IS_ABSTRACT` tinyint(1) default NULL,
  `PARENT_ENTITY_ID` bigint(20) default NULL,
  `INHERITANCE_STRATEGY` int(11) default NULL,
  `DISCRIMINATOR_COLUMN_NAME` varchar(255) default NULL,
  `DISCRIMINATOR_VALUE` varchar(255) default NULL,
  PRIMARY KEY  (`IDENTIFIER`),
  KEY `FK8B243640450711A2` (`PARENT_ENTITY_ID`),
  KEY `FK8B243640BC7298A9` (`IDENTIFIER`),
  CONSTRAINT `FK8B243640BC7298A9` FOREIGN KEY (`IDENTIFIER`) REFERENCES `dyextn_abstract_metadata` (`IDENTIFIER`),
  CONSTRAINT `FK8B243640450711A2` FOREIGN KEY (`PARENT_ENTITY_ID`) REFERENCES `dyextn_entity` (`IDENTIFIER`)
) ENGINE=InnoDB DEFAULT CHARSET=latin1;

/*Data for the table `dyextn_entity` */

insert into `dyextn_entity` (`IDENTIFIER`,`DATA_TABLE_STATE`,`IS_ABSTRACT`,`PARENT_ENTITY_ID`,`INHERITANCE_STRATEGY`,`DISCRIMINATOR_COLUMN_NAME`,`DISCRIMINATOR_VALUE`) values (2,3,0,NULL,3,NULL,NULL),(8,2,0,NULL,3,NULL,NULL),(11,3,0,NULL,3,NULL,NULL),(17,3,0,NULL,3,NULL,NULL),(25,3,0,NULL,3,NULL,NULL),(31,3,0,NULL,3,NULL,NULL),(41,3,0,NULL,3,NULL,NULL),(46,3,0,NULL,3,NULL,NULL),(52,2,0,NULL,3,NULL,NULL),(55,3,0,NULL,3,NULL,NULL),(58,3,0,NULL,3,NULL,NULL),(64,3,0,NULL,3,NULL,NULL),(77,3,0,NULL,3,NULL,NULL),(81,2,0,NULL,3,NULL,NULL),(85,2,0,NULL,3,NULL,NULL),(88,3,0,NULL,3,NULL,NULL),(92,3,0,NULL,3,NULL,NULL),(95,3,0,NULL,3,NULL,NULL),(101,3,0,NULL,3,NULL,NULL),(110,3,0,NULL,3,NULL,NULL),(116,3,0,NULL,3,NULL,NULL),(127,3,0,NULL,3,NULL,NULL),(132,3,0,NULL,3,NULL,NULL),(135,2,0,NULL,3,NULL,NULL),(138,3,0,NULL,3,NULL,NULL),(145,3,0,NULL,3,NULL,NULL),(150,3,0,NULL,3,NULL,NULL),(153,3,0,NULL,3,NULL,NULL),(161,3,0,NULL,3,NULL,NULL),(173,3,0,NULL,3,NULL,NULL),(178,3,0,NULL,3,NULL,NULL),(182,3,0,NULL,3,NULL,NULL),(186,3,0,NULL,3,NULL,NULL),(196,3,0,NULL,3,NULL,NULL),(202,3,0,NULL,3,NULL,NULL),(205,3,0,NULL,3,NULL,NULL),(215,2,0,NULL,3,NULL,NULL),(219,2,0,NULL,3,NULL,NULL),(224,3,0,NULL,3,NULL,NULL),(228,3,0,NULL,3,NULL,NULL),(241,3,0,NULL,3,NULL,NULL),(249,3,0,NULL,3,NULL,NULL),(260,2,0,NULL,3,NULL,NULL),(262,3,0,NULL,3,NULL,NULL),(267,3,0,NULL,3,NULL,NULL),(272,2,0,NULL,3,NULL,NULL),(275,3,0,NULL,3,NULL,NULL),(280,3,0,NULL,3,NULL,NULL),(282,3,0,NULL,3,NULL,NULL),(287,3,0,NULL,3,NULL,NULL),(293,3,0,NULL,3,NULL,NULL),(302,3,0,NULL,3,NULL,NULL),(307,3,0,NULL,3,NULL,NULL),(312,3,0,NULL,3,NULL,NULL),(319,3,0,NULL,3,NULL,NULL),(329,3,0,NULL,3,NULL,NULL),(341,3,0,NULL,3,NULL,NULL),(345,3,0,NULL,3,NULL,NULL),(357,3,0,NULL,3,NULL,NULL),(369,3,0,NULL,3,NULL,NULL),(373,3,0,NULL,3,NULL,NULL),(454,2,0,NULL,3,NULL,NULL),(461,2,0,NULL,3,NULL,NULL),(467,2,0,NULL,3,NULL,NULL),(483,2,0,NULL,3,NULL,NULL),(499,2,0,NULL,3,NULL,NULL),(515,2,0,NULL,3,NULL,NULL),(520,2,0,NULL,3,NULL,NULL);

/*Table structure for table `dyextn_entity_group` */

DROP TABLE IF EXISTS `dyextn_entity_group`;

CREATE TABLE `dyextn_entity_group` (
  `IDENTIFIER` bigint(20) NOT NULL default '0',
  `LONG_NAME` varchar(255) default NULL,
  `SHORT_NAME` varchar(255) default NULL,
  `VERSION` varchar(255) default NULL,
  `MAIN_CONTAINER_ID` bigint(20) default NULL,
  PRIMARY KEY  (`IDENTIFIER`),
  KEY `FK105DE7A0BC7298A9` (`IDENTIFIER`),
  KEY `FK105DE7A086ABEA7F` (`MAIN_CONTAINER_ID`),
  CONSTRAINT `FK105DE7A086ABEA7F` FOREIGN KEY (`MAIN_CONTAINER_ID`) REFERENCES `dyextn_container` (`IDENTIFIER`),
  CONSTRAINT `FK105DE7A0BC7298A9` FOREIGN KEY (`IDENTIFIER`) REFERENCES `dyextn_abstract_metadata` (`IDENTIFIER`)
) ENGINE=InnoDB DEFAULT CHARSET=latin1;

/*Data for the table `dyextn_entity_group` */

insert into `dyextn_entity_group` (`IDENTIFIER`,`LONG_NAME`,`SHORT_NAME`,`VERSION`,`MAIN_CONTAINER_ID`) values (1,'caTissue_Core','caTissueCore',NULL,NULL),(453,'CategoryEntityGroup','CategoryEntityGroup',NULL,NULL);

/*Table structure for table `dyextn_entity_group_rel` */

DROP TABLE IF EXISTS `dyextn_entity_group_rel`;

CREATE TABLE `dyextn_entity_group_rel` (
  `ENTITY_GROUP_ID` bigint(20) NOT NULL default '0',
  `ENTITY_ID` bigint(20) NOT NULL default '0',
  PRIMARY KEY  (`ENTITY_ID`,`ENTITY_GROUP_ID`),
  KEY `FK5A0D835A992A67D7` (`ENTITY_GROUP_ID`),
  KEY `FK5A0D835A79F466F7` (`ENTITY_ID`),
  CONSTRAINT `FK5A0D835A79F466F7` FOREIGN KEY (`ENTITY_ID`) REFERENCES `dyextn_entity` (`IDENTIFIER`),
  CONSTRAINT `FK5A0D835A992A67D7` FOREIGN KEY (`ENTITY_GROUP_ID`) REFERENCES `dyextn_entity_group` (`IDENTIFIER`)
) ENGINE=InnoDB DEFAULT CHARSET=latin1;

/*Data for the table `dyextn_entity_group_rel` */

insert into `dyextn_entity_group_rel` (`ENTITY_GROUP_ID`,`ENTITY_ID`) values (1,2),(1,8),(1,11),(1,17),(1,25),(1,31),(1,41),(1,46),(1,52),(1,55),(1,58),(1,64),(1,77),(1,81),(1,85),(1,88),(1,92),(1,95),(1,101),(1,110),(1,116),(1,127),(1,132),(1,135),(1,138),(1,145),(1,150),(1,153),(1,161),(1,173),(1,178),(1,182),(1,186),(1,196),(1,202),(1,205),(1,215),(1,219),(1,224),(1,228),(1,241),(1,249),(1,260),(1,262),(1,267),(1,272),(1,275),(1,280),(1,282),(1,287),(1,293),(1,302),(1,307),(1,312),(1,319),(1,329),(1,341),(1,345),(1,357),(1,369),(1,373),(453,454),(453,461),(453,467),(453,483),(453,499),(453,515),(453,520);

/*Table structure for table `dyextn_file_extensions` */

DROP TABLE IF EXISTS `dyextn_file_extensions`;

CREATE TABLE `dyextn_file_extensions` (
  `IDENTIFIER` bigint(20) NOT NULL auto_increment,
  `FILE_EXTENSION` varchar(255) default NULL,
  `ATTRIBUTE_ID` bigint(20) default NULL,
  PRIMARY KEY  (`IDENTIFIER`),
  KEY `FKD49834FA4D87D1BE` (`ATTRIBUTE_ID`),
  CONSTRAINT `FKD49834FA4D87D1BE` FOREIGN KEY (`ATTRIBUTE_ID`) REFERENCES `dyextn_file_type_info` (`IDENTIFIER`)
) ENGINE=InnoDB DEFAULT CHARSET=latin1;

/*Data for the table `dyextn_file_extensions` */

/*Table structure for table `dyextn_file_type_info` */

DROP TABLE IF EXISTS `dyextn_file_type_info`;

CREATE TABLE `dyextn_file_type_info` (
  `IDENTIFIER` bigint(20) NOT NULL default '0',
  `MAX_FILE_SIZE` float default NULL,
  PRIMARY KEY  (`IDENTIFIER`),
  KEY `FKA00F0EDBC7298A9` (`IDENTIFIER`),
  CONSTRAINT `FKA00F0EDBC7298A9` FOREIGN KEY (`IDENTIFIER`) REFERENCES `dyextn_attribute_type_info` (`IDENTIFIER`)
) ENGINE=InnoDB DEFAULT CHARSET=latin1;

/*Data for the table `dyextn_file_type_info` */

/*Table structure for table `dyextn_file_upload` */

DROP TABLE IF EXISTS `dyextn_file_upload`;

CREATE TABLE `dyextn_file_upload` (
  `IDENTIFIER` bigint(20) NOT NULL default '0',
  `NO_OF_COLUMNS` int(11) default NULL,
  PRIMARY KEY  (`IDENTIFIER`),
  KEY `FK2FAD41E7BC7298A9` (`IDENTIFIER`),
  CONSTRAINT `FK2FAD41E7BC7298A9` FOREIGN KEY (`IDENTIFIER`) REFERENCES `dyextn_control` (`IDENTIFIER`)
) ENGINE=InnoDB DEFAULT CHARSET=latin1;

/*Data for the table `dyextn_file_upload` */

/*Table structure for table `dyextn_float_concept_value` */

DROP TABLE IF EXISTS `dyextn_float_concept_value`;

CREATE TABLE `dyextn_float_concept_value` (
  `IDENTIFIER` bigint(20) NOT NULL default '0',
  `VALUE` float default NULL,
  PRIMARY KEY  (`IDENTIFIER`),
  KEY `FK6785309ABC7298A9` (`IDENTIFIER`),
  CONSTRAINT `FK6785309ABC7298A9` FOREIGN KEY (`IDENTIFIER`) REFERENCES `dyextn_permissible_value` (`IDENTIFIER`)
) ENGINE=InnoDB DEFAULT CHARSET=latin1;

/*Data for the table `dyextn_float_concept_value` */

/*Table structure for table `dyextn_float_type_info` */

DROP TABLE IF EXISTS `dyextn_float_type_info`;

CREATE TABLE `dyextn_float_type_info` (
  `IDENTIFIER` bigint(20) NOT NULL default '0',
  PRIMARY KEY  (`IDENTIFIER`),
  KEY `FK7E1C0693BC7298A9` (`IDENTIFIER`),
  CONSTRAINT `FK7E1C0693BC7298A9` FOREIGN KEY (`IDENTIFIER`) REFERENCES `dyextn_numeric_type_info` (`IDENTIFIER`)
) ENGINE=InnoDB DEFAULT CHARSET=latin1;

/*Data for the table `dyextn_float_type_info` */

/*Table structure for table `dyextn_integer_concept_value` */

DROP TABLE IF EXISTS `dyextn_integer_concept_value`;

CREATE TABLE `dyextn_integer_concept_value` (
  `IDENTIFIER` bigint(20) NOT NULL default '0',
  `VALUE` int(11) default NULL,
  PRIMARY KEY  (`IDENTIFIER`),
  KEY `FKFBA33B3CBC7298A9` (`IDENTIFIER`),
  CONSTRAINT `FKFBA33B3CBC7298A9` FOREIGN KEY (`IDENTIFIER`) REFERENCES `dyextn_permissible_value` (`IDENTIFIER`)
) ENGINE=InnoDB DEFAULT CHARSET=latin1;

/*Data for the table `dyextn_integer_concept_value` */

/*Table structure for table `dyextn_integer_type_info` */

DROP TABLE IF EXISTS `dyextn_integer_type_info`;

CREATE TABLE `dyextn_integer_type_info` (
  `IDENTIFIER` bigint(20) NOT NULL default '0',
  PRIMARY KEY  (`IDENTIFIER`),
  KEY `FK5F9CB235BC7298A9` (`IDENTIFIER`),
  CONSTRAINT `FK5F9CB235BC7298A9` FOREIGN KEY (`IDENTIFIER`) REFERENCES `dyextn_numeric_type_info` (`IDENTIFIER`)
) ENGINE=InnoDB DEFAULT CHARSET=latin1;

/*Data for the table `dyextn_integer_type_info` */

insert into `dyextn_integer_type_info` (`IDENTIFIER`) values (31),(60),(61),(73),(74),(81),(95),(112),(120),(122),(138),(140),(162),(172),(174),(200),(202),(205),(206),(210),(243),(248),(267),(275),(282),(291),(297),(302),(306);

/*Table structure for table `dyextn_list_box` */

DROP TABLE IF EXISTS `dyextn_list_box`;

CREATE TABLE `dyextn_list_box` (
  `IDENTIFIER` bigint(20) NOT NULL default '0',
  `MULTISELECT` tinyint(1) default NULL,
  PRIMARY KEY  (`IDENTIFIER`),
  KEY `FK208395A7BC7298A9` (`IDENTIFIER`),
  CONSTRAINT `FK208395A7BC7298A9` FOREIGN KEY (`IDENTIFIER`) REFERENCES `dyextn_select_control` (`IDENTIFIER`)
) ENGINE=InnoDB DEFAULT CHARSET=latin1;

/*Data for the table `dyextn_list_box` */

/*Table structure for table `dyextn_long_concept_value` */

DROP TABLE IF EXISTS `dyextn_long_concept_value`;

CREATE TABLE `dyextn_long_concept_value` (
  `IDENTIFIER` bigint(20) NOT NULL default '0',
  `VALUE` bigint(20) default NULL,
  PRIMARY KEY  (`IDENTIFIER`),
  KEY `FK3E1A6EF4BC7298A9` (`IDENTIFIER`),
  CONSTRAINT `FK3E1A6EF4BC7298A9` FOREIGN KEY (`IDENTIFIER`) REFERENCES `dyextn_permissible_value` (`IDENTIFIER`)
) ENGINE=InnoDB DEFAULT CHARSET=latin1;

/*Data for the table `dyextn_long_concept_value` */

/*Table structure for table `dyextn_long_type_info` */

DROP TABLE IF EXISTS `dyextn_long_type_info`;

CREATE TABLE `dyextn_long_type_info` (
  `IDENTIFIER` bigint(20) NOT NULL default '0',
  PRIMARY KEY  (`IDENTIFIER`),
  KEY `FK257281EDBC7298A9` (`IDENTIFIER`),
  CONSTRAINT `FK257281EDBC7298A9` FOREIGN KEY (`IDENTIFIER`) REFERENCES `dyextn_numeric_type_info` (`IDENTIFIER`)
) ENGINE=InnoDB DEFAULT CHARSET=latin1;

/*Data for the table `dyextn_long_type_info` */

insert into `dyextn_long_type_info` (`IDENTIFIER`) values (2),(6),(12),(24),(33),(35),(41),(44),(46),(51),(56),(66),(70),(72),(76),(80),(85),(94),(96),(108),(110),(111),(118),(121),(130),(142),(146),(147),(152),(159),(161),(166),(168),(169),(179),(181),(182),(186),(199),(203),(215),(217),(219),(223),(226),(228),(241),(247),(252),(255),(261),(272),(278),(284),(295),(305),(309),(313);

/*Table structure for table `dyextn_numeric_type_info` */

DROP TABLE IF EXISTS `dyextn_numeric_type_info`;

CREATE TABLE `dyextn_numeric_type_info` (
  `IDENTIFIER` bigint(20) NOT NULL default '0',
  `MEASUREMENT_UNITS` varchar(255) default NULL,
  `DECIMAL_PLACES` int(11) default NULL,
  `NO_DIGITS` int(11) default NULL,
  PRIMARY KEY  (`IDENTIFIER`),
  KEY `FK4DEC9544BC7298A9` (`IDENTIFIER`),
  CONSTRAINT `FK4DEC9544BC7298A9` FOREIGN KEY (`IDENTIFIER`) REFERENCES `dyextn_attribute_type_info` (`IDENTIFIER`)
) ENGINE=InnoDB DEFAULT CHARSET=latin1;

/*Data for the table `dyextn_numeric_type_info` */

insert into `dyextn_numeric_type_info` (`IDENTIFIER`,`MEASUREMENT_UNITS`,`DECIMAL_PLACES`,`NO_DIGITS`) values (2,NULL,0,NULL),(6,NULL,0,NULL),(12,NULL,0,NULL),(24,NULL,0,NULL),(31,NULL,0,NULL),(33,NULL,0,NULL),(34,NULL,0,NULL),(35,NULL,0,NULL),(39,NULL,0,NULL),(41,NULL,0,NULL),(42,NULL,0,NULL),(43,NULL,0,NULL),(44,NULL,0,NULL),(46,NULL,0,NULL),(48,NULL,0,NULL),(51,NULL,0,NULL),(52,NULL,0,NULL),(56,NULL,0,NULL),(60,NULL,0,NULL),(61,NULL,0,NULL),(66,NULL,0,NULL),(70,NULL,0,NULL),(71,NULL,0,NULL),(72,NULL,0,NULL),(73,NULL,0,NULL),(74,NULL,0,NULL),(76,NULL,0,NULL),(78,NULL,0,NULL),(80,NULL,0,NULL),(81,NULL,0,NULL),(84,NULL,0,NULL),(85,NULL,0,NULL),(86,NULL,0,NULL),(87,NULL,0,NULL),(88,NULL,0,NULL),(94,NULL,0,NULL),(95,NULL,0,NULL),(96,NULL,0,NULL),(99,NULL,0,NULL),(100,NULL,0,NULL),(104,NULL,0,NULL),(108,NULL,0,NULL),(110,NULL,0,NULL),(111,NULL,0,NULL),(112,NULL,0,NULL),(118,NULL,0,NULL),(119,NULL,0,NULL),(120,NULL,0,NULL),(121,NULL,0,NULL),(122,NULL,0,NULL),(124,NULL,0,NULL),(130,NULL,0,NULL),(138,NULL,0,NULL),(140,NULL,0,NULL),(142,NULL,0,NULL),(146,NULL,0,NULL),(147,NULL,0,NULL),(152,NULL,0,NULL),(159,NULL,0,NULL),(161,NULL,0,NULL),(162,NULL,0,NULL),(166,NULL,0,NULL),(168,NULL,0,NULL),(169,NULL,0,NULL),(172,NULL,0,NULL),(174,NULL,0,NULL),(179,NULL,0,NULL),(181,NULL,0,NULL),(182,NULL,0,NULL),(186,NULL,0,NULL),(199,NULL,0,NULL),(200,NULL,0,NULL),(202,NULL,0,NULL),(203,NULL,0,NULL),(205,NULL,0,NULL),(206,NULL,0,NULL),(210,NULL,0,NULL),(215,NULL,0,NULL),(217,NULL,0,NULL),(219,NULL,0,NULL),(223,NULL,0,NULL),(226,NULL,0,NULL),(227,NULL,0,NULL),(228,NULL,0,NULL),(240,NULL,0,NULL),(241,NULL,0,NULL),(243,NULL,0,NULL),(247,NULL,0,NULL),(248,NULL,0,NULL),(252,NULL,0,NULL),(255,NULL,0,NULL),(261,NULL,0,NULL),(267,NULL,0,NULL),(272,NULL,0,NULL),(275,NULL,0,NULL),(278,NULL,0,NULL),(282,NULL,0,NULL),(284,NULL,0,NULL),(291,NULL,0,NULL),(295,NULL,0,NULL),(297,NULL,0,NULL),(302,NULL,0,NULL),(305,NULL,0,NULL),(306,NULL,0,NULL),(309,NULL,0,NULL),(312,NULL,0,NULL),(313,NULL,0,NULL),(325,NULL,0,NULL),(326,NULL,0,NULL),(340,NULL,0,NULL),(341,NULL,0,NULL),(355,NULL,0,NULL),(356,NULL,0,NULL),(374,NULL,0,NULL),(375,NULL,0,NULL);

/*Table structure for table `dyextn_permissible_value` */

DROP TABLE IF EXISTS `dyextn_permissible_value`;

CREATE TABLE `dyextn_permissible_value` (
  `IDENTIFIER` bigint(20) NOT NULL auto_increment,
  `DESCRIPTION` varchar(255) default NULL,
  `ATTRIBUTE_TYPE_INFO_ID` bigint(20) default NULL,
  `USER_DEF_DE_ID` bigint(20) default NULL,
  PRIMARY KEY  (`IDENTIFIER`),
  KEY `FK136264E08C8D972A` (`ATTRIBUTE_TYPE_INFO_ID`),
  KEY `FK136264E03D51114B` (`USER_DEF_DE_ID`),
  CONSTRAINT `FK136264E03D51114B` FOREIGN KEY (`USER_DEF_DE_ID`) REFERENCES `dyextn_userdefined_de` (`IDENTIFIER`),
  CONSTRAINT `FK136264E08C8D972A` FOREIGN KEY (`ATTRIBUTE_TYPE_INFO_ID`) REFERENCES `dyextn_attribute_type_info` (`IDENTIFIER`)
) ENGINE=InnoDB DEFAULT CHARSET=latin1;

/*Data for the table `dyextn_permissible_value` */

/*Table structure for table `dyextn_primitive_attribute` */

DROP TABLE IF EXISTS `dyextn_primitive_attribute`;

CREATE TABLE `dyextn_primitive_attribute` (
  `IDENTIFIER` bigint(20) NOT NULL default '0',
  `IS_COLLECTION` tinyint(1) default NULL,
  `IS_IDENTIFIED` tinyint(1) default NULL,
  `IS_PRIMARY_KEY` tinyint(1) default NULL,
  `IS_NULLABLE` tinyint(1) default NULL,
  PRIMARY KEY  (`IDENTIFIER`),
  KEY `FKA9F765C7BC7298A9` (`IDENTIFIER`),
  CONSTRAINT `FKA9F765C7BC7298A9` FOREIGN KEY (`IDENTIFIER`) REFERENCES `dyextn_attribute` (`IDENTIFIER`)
) ENGINE=InnoDB DEFAULT CHARSET=latin1;

/*Data for the table `dyextn_primitive_attribute` */

insert into `dyextn_primitive_attribute` (`IDENTIFIER`,`IS_COLLECTION`,`IS_IDENTIFIED`,`IS_PRIMARY_KEY`,`IS_NULLABLE`) values (3,0,NULL,0,1),(4,0,NULL,1,1),(5,0,NULL,0,1),(6,0,NULL,0,1),(7,0,NULL,0,1),(9,0,NULL,0,1),(10,0,NULL,0,1),(12,0,NULL,0,1),(13,0,NULL,0,1),(14,0,NULL,0,1),(15,0,NULL,0,1),(16,0,NULL,1,1),(18,0,NULL,0,1),(19,0,NULL,0,1),(20,0,NULL,0,1),(21,0,NULL,0,1),(22,0,NULL,0,1),(23,0,NULL,0,1),(24,0,NULL,0,1),(26,0,NULL,0,1),(27,0,NULL,0,1),(28,0,NULL,0,1),(29,0,NULL,0,1),(30,0,NULL,0,1),(32,0,NULL,0,1),(33,0,NULL,0,1),(34,0,NULL,0,1),(35,0,NULL,0,1),(36,0,NULL,0,1),(37,0,NULL,0,1),(38,0,NULL,0,1),(39,0,NULL,0,1),(40,0,NULL,1,1),(42,0,NULL,0,1),(43,0,NULL,1,1),(44,0,NULL,0,1),(45,0,NULL,0,1),(47,0,NULL,0,1),(48,0,NULL,0,1),(49,0,NULL,0,1),(50,0,NULL,1,1),(51,0,NULL,0,1),(53,0,NULL,0,1),(54,0,NULL,0,1),(56,0,NULL,0,1),(57,0,NULL,1,1),(59,0,NULL,0,1),(60,0,NULL,0,1),(61,0,NULL,0,1),(62,0,NULL,0,1),(63,0,NULL,1,1),(65,0,NULL,0,1),(66,0,NULL,0,1),(67,0,NULL,0,1),(68,0,NULL,0,1),(69,0,NULL,1,1),(70,0,NULL,0,1),(71,0,NULL,0,1),(72,0,NULL,0,1),(73,0,NULL,0,1),(74,0,NULL,0,1),(75,0,NULL,0,1),(76,0,NULL,0,1),(78,0,NULL,0,1),(79,0,NULL,0,1),(80,0,NULL,1,1),(82,0,NULL,0,1),(83,0,NULL,0,1),(84,0,NULL,0,1),(86,0,NULL,0,1),(87,0,NULL,0,1),(89,0,NULL,1,1),(90,0,NULL,0,1),(91,0,NULL,0,1),(93,0,NULL,0,1),(94,0,NULL,1,1),(96,0,NULL,0,1),(97,0,NULL,0,1),(98,0,NULL,0,1),(99,0,NULL,1,1),(100,0,NULL,0,1),(102,0,NULL,0,1),(103,0,NULL,0,1),(104,0,NULL,0,1),(105,0,NULL,1,1),(106,0,NULL,0,1),(107,0,NULL,0,1),(108,0,NULL,0,1),(109,0,NULL,0,1),(111,0,NULL,0,1),(112,0,NULL,0,1),(113,0,NULL,0,1),(114,0,NULL,0,1),(115,0,NULL,1,1),(117,0,NULL,0,1),(118,0,NULL,1,1),(119,0,NULL,0,1),(120,0,NULL,0,1),(121,0,NULL,0,1),(122,0,NULL,0,1),(123,0,NULL,0,1),(124,0,NULL,0,1),(125,0,NULL,0,1),(126,0,NULL,0,1),(128,0,NULL,0,1),(129,0,NULL,0,1),(130,0,NULL,0,1),(131,0,NULL,1,1),(133,0,NULL,0,1),(134,0,NULL,0,1),(136,0,NULL,0,1),(137,0,NULL,0,1),(139,0,NULL,0,1),(140,0,NULL,0,1),(141,0,NULL,0,1),(142,0,NULL,0,1),(143,0,NULL,0,1),(144,0,NULL,1,1),(146,0,NULL,0,1),(147,0,NULL,0,1),(148,0,NULL,1,1),(149,0,NULL,0,1),(151,0,NULL,0,1),(152,0,NULL,0,1),(154,0,NULL,0,1),(155,0,NULL,0,1),(156,0,NULL,0,1),(157,0,NULL,0,1),(158,0,NULL,0,1),(159,0,NULL,1,1),(160,0,NULL,0,1),(162,0,NULL,0,1),(163,0,NULL,0,1),(164,0,NULL,0,1),(165,0,NULL,0,1),(166,0,NULL,0,1),(167,0,NULL,0,1),(168,0,NULL,0,1),(169,0,NULL,0,1),(170,0,NULL,0,1),(171,0,NULL,0,1),(172,0,NULL,0,1),(174,0,NULL,0,1),(175,0,NULL,0,1),(176,0,NULL,0,1),(177,0,NULL,1,1),(179,0,NULL,1,1),(180,0,NULL,0,1),(181,0,NULL,0,1),(183,0,NULL,0,1),(184,0,NULL,0,1),(185,0,NULL,1,1),(187,0,NULL,0,1),(188,0,NULL,0,1),(189,0,NULL,0,1),(190,0,NULL,0,1),(191,0,NULL,0,1),(192,0,NULL,0,1),(193,0,NULL,0,1),(194,0,NULL,0,1),(195,0,NULL,0,1),(197,0,NULL,0,1),(198,0,NULL,0,1),(199,0,NULL,0,1),(200,0,NULL,0,1),(201,0,NULL,1,1),(203,0,NULL,0,1),(204,0,NULL,0,1),(206,0,NULL,1,1),(207,0,NULL,0,1),(208,0,NULL,0,1),(209,0,NULL,0,1),(210,0,NULL,0,1),(211,0,NULL,0,1),(212,0,NULL,0,1),(213,0,NULL,0,1),(214,0,NULL,0,1),(216,0,NULL,0,1),(217,0,NULL,0,1),(218,0,NULL,0,1),(220,0,NULL,0,1),(221,0,NULL,0,1),(222,0,NULL,0,1),(223,0,NULL,0,1),(225,0,NULL,0,1),(226,0,NULL,1,1),(227,0,NULL,0,1),(229,0,NULL,0,1),(230,0,NULL,0,1),(231,0,NULL,0,1),(232,0,NULL,0,1),(233,0,NULL,0,1),(234,0,NULL,0,1),(235,0,NULL,0,1),(236,0,NULL,0,1),(237,0,NULL,0,1),(238,0,NULL,0,1),(239,0,NULL,0,1),(240,0,NULL,1,1),(242,0,NULL,0,1),(243,0,NULL,0,1),(244,0,NULL,0,1),(245,0,NULL,1,1),(246,0,NULL,0,1),(247,0,NULL,0,1),(248,0,NULL,0,1),(250,0,NULL,0,1),(251,0,NULL,0,1),(252,0,NULL,0,1),(253,0,NULL,0,1),(254,0,NULL,0,1),(255,0,NULL,0,1),(256,0,NULL,0,1),(257,0,NULL,0,1),(258,0,NULL,0,1),(259,0,NULL,0,1),(261,0,NULL,0,1),(263,0,NULL,0,1),(264,0,NULL,1,1),(265,0,NULL,0,1),(266,0,NULL,0,1),(268,0,NULL,0,1),(269,0,NULL,1,1),(270,0,NULL,0,1),(271,0,NULL,0,1),(273,0,NULL,0,1),(274,0,NULL,0,1),(276,0,NULL,1,1),(277,0,NULL,0,1),(278,0,NULL,0,1),(279,0,NULL,0,1),(281,0,NULL,0,1),(283,0,NULL,0,1),(284,0,NULL,0,1),(285,0,NULL,0,1),(286,0,NULL,0,1),(288,0,NULL,0,1),(289,0,NULL,0,1),(290,0,NULL,0,1),(291,0,NULL,0,1),(292,0,NULL,0,1),(294,0,NULL,0,1),(295,0,NULL,0,1),(296,0,NULL,0,1),(297,0,NULL,0,1),(298,0,NULL,0,1),(299,0,NULL,1,1),(300,0,NULL,0,1),(301,0,NULL,0,1),(303,0,NULL,0,1),(304,0,NULL,0,1),(305,0,NULL,1,1),(306,0,NULL,0,1),(308,0,NULL,0,1),(309,0,NULL,1,1),(310,0,NULL,0,1),(311,0,NULL,0,1),(313,0,NULL,0,1),(314,0,NULL,0,1),(315,0,NULL,0,1),(316,0,NULL,1,1),(317,0,NULL,0,1),(318,0,NULL,0,1),(320,0,NULL,0,1),(321,0,NULL,0,1),(322,0,NULL,0,1),(323,0,NULL,0,1),(324,0,NULL,0,1),(325,0,NULL,0,1),(326,0,NULL,0,1),(327,0,NULL,0,1),(328,0,NULL,1,1),(330,0,NULL,0,1),(331,0,NULL,0,1),(332,0,NULL,0,1),(333,0,NULL,0,1),(334,0,NULL,0,1),(335,0,NULL,1,1),(336,0,NULL,0,1),(337,0,NULL,0,1),(338,0,NULL,0,1),(339,0,NULL,0,1),(340,0,NULL,0,1),(342,0,NULL,1,1),(343,0,NULL,0,1),(344,0,NULL,0,1),(346,0,NULL,0,1),(347,0,NULL,0,1),(348,0,NULL,0,1),(349,0,NULL,0,1),(350,0,NULL,0,1),(351,0,NULL,0,1),(352,0,NULL,0,1),(353,0,NULL,0,1),(354,0,NULL,1,1),(355,0,NULL,0,1),(356,0,NULL,0,1),(358,0,NULL,0,1),(359,0,NULL,0,1),(360,0,NULL,0,1),(361,0,NULL,0,1),(362,0,NULL,0,1),(363,0,NULL,0,1),(364,0,NULL,0,1),(365,0,NULL,1,1),(366,0,NULL,0,1),(367,0,NULL,0,1),(368,0,NULL,0,1),(370,0,NULL,1,1),(371,0,NULL,0,1),(372,0,NULL,0,1),(374,0,NULL,0,1),(375,0,NULL,1,1),(455,0,NULL,0,1),(456,0,NULL,0,1),(457,0,NULL,0,1),(458,0,NULL,0,1),(459,0,NULL,0,1),(460,0,NULL,0,1),(462,0,NULL,0,1),(463,0,NULL,0,1),(464,0,NULL,0,1),(465,0,NULL,0,1),(466,0,NULL,0,1),(468,0,NULL,0,1),(469,0,NULL,0,1),(470,0,NULL,0,1),(471,0,NULL,0,1),(472,0,NULL,0,1),(473,0,NULL,0,1),(474,0,NULL,0,1),(475,0,NULL,0,1),(476,0,NULL,0,1),(477,0,NULL,0,1),(478,0,NULL,0,1),(479,0,NULL,0,1),(480,0,NULL,0,1),(481,0,NULL,0,1),(482,0,NULL,0,1),(484,0,NULL,0,1),(485,0,NULL,0,1),(486,0,NULL,0,1),(487,0,NULL,0,1),(488,0,NULL,0,1),(489,0,NULL,0,1),(490,0,NULL,0,1),(491,0,NULL,0,1),(492,0,NULL,0,1),(493,0,NULL,0,1),(494,0,NULL,0,1),(495,0,NULL,0,1),(496,0,NULL,0,1),(497,0,NULL,0,1),(498,0,NULL,0,1),(500,0,NULL,0,1),(501,0,NULL,0,1),(502,0,NULL,0,1),(503,0,NULL,0,1),(504,0,NULL,0,1),(505,0,NULL,0,1),(506,0,NULL,0,1),(507,0,NULL,0,1),(508,0,NULL,0,1),(509,0,NULL,0,1),(510,0,NULL,0,1),(511,0,NULL,0,1),(512,0,NULL,0,1),(513,0,NULL,0,1),(514,0,NULL,0,1),(516,0,NULL,0,1),(517,0,NULL,0,1),(518,0,NULL,0,1),(519,0,NULL,0,1),(521,0,NULL,0,1),(522,0,NULL,0,1),(523,0,NULL,0,1),(524,0,NULL,0,1),(525,0,NULL,0,1),(526,0,NULL,0,1),(527,0,NULL,0,1),(528,0,NULL,0,1),(529,0,NULL,0,1),(530,0,NULL,0,1),(531,0,NULL,0,1),(532,0,NULL,0,1),(533,0,NULL,0,1),(534,0,NULL,0,1),(535,0,NULL,0,1);

/*Table structure for table `dyextn_radiobutton` */

DROP TABLE IF EXISTS `dyextn_radiobutton`;

CREATE TABLE `dyextn_radiobutton` (
  `IDENTIFIER` bigint(20) NOT NULL default '0',
  PRIMARY KEY  (`IDENTIFIER`),
  KEY `FK16F5BA90BC7298A9` (`IDENTIFIER`),
  CONSTRAINT `FK16F5BA90BC7298A9` FOREIGN KEY (`IDENTIFIER`) REFERENCES `dyextn_control` (`IDENTIFIER`)
) ENGINE=InnoDB DEFAULT CHARSET=latin1;

/*Data for the table `dyextn_radiobutton` */

/*Table structure for table `dyextn_role` */

DROP TABLE IF EXISTS `dyextn_role`;

CREATE TABLE `dyextn_role` (
  `IDENTIFIER` bigint(20) NOT NULL auto_increment,
  `ASSOCIATION_TYPE` varchar(255) default NULL,
  `MAX_CARDINALITY` int(11) default NULL,
  `MIN_CARDINALITY` int(11) default NULL,
  `NAME` varchar(255) default NULL,
  PRIMARY KEY  (`IDENTIFIER`)
) ENGINE=InnoDB DEFAULT CHARSET=latin1;

/*Data for the table `dyextn_role` */

insert into `dyextn_role` (`IDENTIFIER`,`ASSOCIATION_TYPE`,`MAX_CARDINALITY`,`MIN_CARDINALITY`,`NAME`) values (1,'ASSOCIATION',2,0,''),(2,'ASSOCIATION',1,0,'coordinator'),(3,'ASSOCIATION',2,0,''),(4,'ASSOCIATION',2,0,'holdsStorageTypeCollection'),(5,'ASSOCIATION',2,0,''),(6,'ASSOCIATION',1,0,'department'),(7,'ASSOCIATION',2,0,''),(8,'ASSOCIATION',1,0,'specimenCharacteristics'),(9,'ASSOCIATION',2,0,'biohazardCollection'),(10,'ASSOCIATION',2,0,'specimenCollection'),(11,'ASSOCIATION',2,0,'distributionProtocolCollection'),(12,'ASSOCIATION',2,0,'collectionProtocolCollection'),(13,'ASSOCIATION',2,0,''),(14,'ASSOCIATION',1,1,'specimen'),(15,'ASSOCIATION',2,0,''),(16,'ASSOCIATION',1,0,'institution'),(17,'ASSOCIATION',2,1,'collectionProtocolRegistrationCollection'),(18,'ASSOCIATION',1,0,'participant'),(19,'ASSOCIATION',1,1,'collectionProtocolRegistrationCollection'),(20,'ASSOCIATION',2,0,'user'),(21,'ASSOCIATION',2,0,''),(22,'ASSOCIATION',1,0,'site'),(23,'ASSOCIATION',2,0,''),(24,'ASSOCIATION',1,0,'principalInvestigator'),(25,'ASSOCIATION',2,0,''),(26,'ASSOCIATION',1,0,'participantMedicalIdentifier'),(27,'ASSOCIATION',1,1,''),(28,'ASSOCIATION',1,1,'availableQuantity'),(29,'ASSOCIATION',2,0,''),(30,'ASSOCIATION',1,0,'cancerResearchGroup'),(31,'ASSOCIATION',1,0,'auditEvent'),(32,'ASSOCIATION',2,1,'auditEventLogCollection'),(33,'ASSOCIATION',2,0,''),(34,'ASSOCIATION',1,0,'site'),(35,'ASSOCIATION',1,1,''),(36,'ASSOCIATION',1,1,'specimenArrayType'),(37,'ASSOCIATION',2,0,''),(38,'ASSOCIATION',1,1,'createdBy'),(39,'ASSOCIATION',2,0,'participantMedicalIdentifierCollection'),(40,'ASSOCIATION',1,0,'participant'),(41,'ASSOCIATION',2,0,''),(42,'ASSOCIATION',2,0,'CollectionProtocolCollection'),(43,'ASSOCIATION',1,0,''),(44,'ASSOCIATION',1,0,'address'),(45,'ASSOCIATION',1,0,'parentSpecimen'),(46,'ASSOCIATION',2,0,'childrenSpecimen'),(47,'ASSOCIATION',2,0,'collectionProtocolCollection'),(48,'ASSOCIATION',2,0,'userCollection'),(49,'ASSOCIATION',2,0,''),(50,'ASSOCIATION',2,0,'holdsSpecimenArrayTypeCollection'),(51,'ASSOCIATION',2,0,''),(52,'ASSOCIATION',1,0,'toStorageContainer'),(53,'ASSOCIATION',2,0,''),(54,'ASSOCIATION',1,0,'storageType'),(55,'ASSOCIATION',2,1,'collectionProtocolEventCollection'),(56,'ASSOCIATION',2,1,'specimenRequirementCollection'),(57,'ASSOCIATION',2,0,''),(58,'ASSOCIATION',1,0,'distributionProtocol'),(59,'ASSOCIATION',1,1,''),(60,'ASSOCIATION',1,1,'storageContainer'),(61,'ASSOCIATION',2,0,'children'),(62,'ASSOCIATION',1,1,'parent'),(63,'ASSOCIATION',1,1,''),(64,'ASSOCIATION',1,1,'capacity'),(65,'ASSOCIATION',1,0,''),(66,'ASSOCIATION',1,0,'clinicalReport'),(67,'ASSOCIATION',1,1,''),(68,'ASSOCIATION',2,1,'passwordCollection'),(69,'ASSOCIATION',2,0,''),(70,'ASSOCIATION',1,1,'user'),(71,'ASSOCIATION',2,0,'specimenEventCollection'),(72,'ASSOCIATION',1,0,'specimen'),(73,'ASSOCIATION',2,0,''),(74,'ASSOCIATION',1,0,'collectionProtocolEvent'),(75,'ASSOCIATION',2,1,'collectionProtocolEventCollection'),(76,'ASSOCIATION',1,0,'collectionProtocol'),(77,'ASSOCIATION',2,0,''),(78,'ASSOCIATION',1,0,'toSite'),(79,'ASSOCIATION',2,0,'specimenArrayContentCollection'),(80,'ASSOCIATION',1,1,'specimenArray'),(81,'ASSOCIATION',2,0,'auditEventQueryLogCollection'),(82,'ASSOCIATION',1,1,'auditEvent'),(83,'ASSOCIATION',2,0,''),(84,'ASSOCIATION',1,0,'fromStorageContainer'),(85,'ASSOCIATION',2,0,'externalIdentifierCollection'),(86,'ASSOCIATION',1,0,'specimen'),(87,'ASSOCIATION',2,0,''),(88,'ASSOCIATION',1,1,'user'),(89,'ASSOCIATION',1,1,''),(90,'ASSOCIATION',1,1,'quantity'),(91,'ASSOCIATION',2,0,''),(92,'ASSOCIATION',1,0,'storageContainer'),(93,'ASSOCIATION',2,0,''),(94,'ASSOCIATION',2,0,'holdStorageTypeCollection'),(95,'ASSOCIATION',2,0,''),(96,'ASSOCIATION',1,0,'site'),(97,'ASSOCIATION',1,1,''),(98,'ASSOCIATION',2,0,'specimenArrayCollection'),(99,'ASSOCIATION',2,0,''),(100,'ASSOCIATION',1,0,'collectionProtocol'),(101,'ASSOCIATION',1,0,'user'),(102,'ASSOCIATION',1,1,'address'),(103,'ASSOCIATION',2,1,'auditEventDetailsCollcetion'),(104,'ASSOCIATION',1,0,'auditEventLog'),(105,'ASSOCIATION',2,1,'specimenCollection'),(106,'ASSOCIATION',1,0,'specimenCollectionGroup'),(107,'ASSOCIATION',2,1,'specimenRequirementCollection'),(108,'ASSOCIATION',2,1,'distributionProtocolCollection'),(109,'ASSOCIATION',1,1,''),(110,'ASSOCIATION',1,1,'initialQuantity'),(111,'ASSOCIATION',1,1,''),(112,'ASSOCIATION',1,1,'quantity'),(113,'ASSOCIATION',2,0,''),(114,'ASSOCIATION',2,0,'holdsSpecimenArrayTypeCollection'),(115,'ASSOCIATION',1,1,''),(116,'ASSOCIATION',1,1,'capacity'),(117,'ASSOCIATION',2,0,'SpecimenCollectionGroupCollection'),(118,'ASSOCIATION',1,1,'collectionProtocolRegistration');

/*Table structure for table `dyextn_rule` */

DROP TABLE IF EXISTS `dyextn_rule`;

CREATE TABLE `dyextn_rule` (
  `IDENTIFIER` bigint(20) NOT NULL auto_increment,
  `NAME` varchar(255) default NULL,
  `ATTRIBUTE_ID` bigint(20) default NULL,
  PRIMARY KEY  (`IDENTIFIER`),
  KEY `FKC27E0994D87D1BE` (`ATTRIBUTE_ID`),
  CONSTRAINT `FKC27E0994D87D1BE` FOREIGN KEY (`ATTRIBUTE_ID`) REFERENCES `dyextn_attribute` (`IDENTIFIER`)
) ENGINE=InnoDB DEFAULT CHARSET=latin1;

/*Data for the table `dyextn_rule` */

/*Table structure for table `dyextn_rule_parameter` */

DROP TABLE IF EXISTS `dyextn_rule_parameter`;

CREATE TABLE `dyextn_rule_parameter` (
  `IDENTIFIER` bigint(20) NOT NULL auto_increment,
  `NAME` varchar(255) default NULL,
  `VALUE` varchar(255) default NULL,
  `RULE_ID` bigint(20) default NULL,
  PRIMARY KEY  (`IDENTIFIER`),
  KEY `FK22567363871AAD3E` (`RULE_ID`),
  CONSTRAINT `FK22567363871AAD3E` FOREIGN KEY (`RULE_ID`) REFERENCES `dyextn_rule` (`IDENTIFIER`)
) ENGINE=InnoDB DEFAULT CHARSET=latin1;

/*Data for the table `dyextn_rule_parameter` */

/*Table structure for table `dyextn_select_control` */

DROP TABLE IF EXISTS `dyextn_select_control`;

CREATE TABLE `dyextn_select_control` (
  `IDENTIFIER` bigint(20) NOT NULL default '0',
  `SEPARATOR_STRING` varchar(255) default NULL,
  PRIMARY KEY  (`IDENTIFIER`),
  KEY `FKDFEBB657BC7298A9` (`IDENTIFIER`),
  CONSTRAINT `FKDFEBB657BC7298A9` FOREIGN KEY (`IDENTIFIER`) REFERENCES `dyextn_control` (`IDENTIFIER`)
) ENGINE=InnoDB DEFAULT CHARSET=latin1;

/*Data for the table `dyextn_select_control` */

/*Table structure for table `dyextn_semantic_property` */

DROP TABLE IF EXISTS `dyextn_semantic_property`;

CREATE TABLE `dyextn_semantic_property` (
  `IDENTIFIER` bigint(20) NOT NULL auto_increment,
  `CONCEPT_CODE` varchar(255) default NULL,
  `TERM` varchar(255) default NULL,
  `THESAURAS_NAME` varchar(255) default NULL,
  `SEQUENCE_NUMBER` int(11) default NULL,
  `ABSTRACT_METADATA_ID` bigint(20) default NULL,
  `ABSTRACT_VALUE_ID` bigint(20) default NULL,
  PRIMARY KEY  (`IDENTIFIER`),
  KEY `FKD2A0B5B13BAB5E46` (`ABSTRACT_VALUE_ID`),
  KEY `FKD2A0B5B17D7A9B8E` (`ABSTRACT_METADATA_ID`),
  CONSTRAINT `FKD2A0B5B17D7A9B8E` FOREIGN KEY (`ABSTRACT_METADATA_ID`) REFERENCES `dyextn_abstract_metadata` (`IDENTIFIER`),
  CONSTRAINT `FKD2A0B5B13BAB5E46` FOREIGN KEY (`ABSTRACT_VALUE_ID`) REFERENCES `dyextn_permissible_value` (`IDENTIFIER`)
) ENGINE=InnoDB DEFAULT CHARSET=latin1;

/*Data for the table `dyextn_semantic_property` */

insert into `dyextn_semantic_property` (`IDENTIFIER`,`CONCEPT_CODE`,`TERM`,`THESAURAS_NAME`,`SEQUENCE_NUMBER`,`ABSTRACT_METADATA_ID`,`ABSTRACT_VALUE_ID`) values (1,'C25218','Procedure',NULL,1,3,NULL),(2,'C25453','Collection',NULL,0,3,NULL),(3,'C25364','Identifier',NULL,0,4,NULL),(4,'C43186','Container',NULL,0,5,NULL),(5,'C54086','Timestamp',NULL,0,6,NULL),(6,'C25393','Comments',NULL,0,7,NULL),(7,'C44175','Parameter Object',NULL,2,2,NULL),(8,'C25453','Collection',NULL,1,2,NULL),(9,'C25499','Event',NULL,0,2,NULL),(10,'C25364','Identifier',NULL,0,9,NULL),(11,'C41116','Question Text',NULL,1,10,NULL),(12,'C25480','Details',NULL,0,10,NULL),(13,'C45269','Audit',NULL,3,8,NULL),(14,'C45279','Log',NULL,2,8,NULL),(15,'C41116','Question Text',NULL,1,8,NULL),(16,'C25499','Event',NULL,0,8,NULL),(17,'C25393','Comments',NULL,0,12,NULL),(18,'C42743','Uniform Resource Locator',NULL,0,13,NULL),(19,'C42614','Name',NULL,0,14,NULL),(20,'C54086','Timestamp',NULL,0,15,NULL),(21,'C25364','Identifier',NULL,0,16,NULL),(22,'C44175','Parameter Object',NULL,2,11,NULL),(23,'C25218','Procedure',NULL,1,11,NULL),(24,'C25499','Event',NULL,0,11,NULL),(25,'C25690','Street Address',NULL,0,18,NULL),(26,'C25720','Zip Code',NULL,0,19,NULL),(27,'C42879','Fax Number',NULL,0,20,NULL),(28,'C30010','State',NULL,0,21,NULL),(29,'C25160','City',NULL,0,22,NULL),(30,'C40978','Telephone Number',NULL,0,23,NULL),(31,'C25464','Country',NULL,0,24,NULL),(32,'C25407','Address',NULL,0,17,NULL),(33,'C42614','Name',NULL,0,26,NULL),(34,'C25398','Clinical',NULL,1,27,NULL),(35,'C25688','Status',NULL,0,27,NULL),(36,'C15607','Clinical Diagnosis',NULL,0,28,NULL),(37,'C43431','Activity',NULL,1,29,NULL),(38,'C25688','Status',NULL,0,29,NULL),(39,'C25364','Identifier',NULL,0,30,NULL),(40,'C43359','Group',NULL,2,25,NULL),(41,'C25453','Collection',NULL,1,25,NULL),(42,'C19157','Specimen',NULL,0,25,NULL),(43,'C16741','IRB',NULL,1,32,NULL),(44,'C25364','Identifier',NULL,0,32,NULL),(45,'C25688','Status',NULL,1,33,NULL),(46,'C43431','Activity',NULL,0,33,NULL),(47,'C42774','Title',NULL,0,34,NULL),(48,'C25365','Description',NULL,1,35,NULL),(49,'C42743','Uniform Resource Locator',NULL,0,35,NULL),(50,'C25496','End',NULL,1,36,NULL),(51,'C25164','Date',NULL,0,36,NULL),(52,'C25164','Date',NULL,1,37,NULL),(53,'C25431','Begin',NULL,0,37,NULL),(54,'C25501','Expected',NULL,1,38,NULL),(55,'C37948','Enrollment',NULL,0,38,NULL),(56,'C25249','Short',NULL,1,39,NULL),(57,'C42774','Title',NULL,0,39,NULL),(58,'C25364','Identifier',NULL,0,40,NULL),(59,'C42651','Protocol',NULL,1,31,NULL),(60,'C19157','Specimen',NULL,0,31,NULL),(61,'C12508','Cell',NULL,1,42,NULL),(62,'C25463','Count',NULL,0,42,NULL),(63,'C25364','Identifier',NULL,0,43,NULL),(64,'C25393','Comments',NULL,0,44,NULL),(65,'C54086','Timestamp',NULL,0,45,NULL),(66,'C44175','Parameter Object',NULL,4,41,NULL),(67,'C25278','Fluid',NULL,3,41,NULL),(68,'C25499','Event',NULL,2,41,NULL),(69,'C19157','Specimen',NULL,1,41,NULL),(70,'C42729','Review',NULL,0,41,NULL),(71,'C25393','Comments',NULL,0,47,NULL),(72,'C37923','Cellularity',NULL,2,48,NULL),(73,'C25613','Percentage',NULL,1,48,NULL),(74,'C45315','Neoplastic',NULL,0,48,NULL),(75,'C54086','Timestamp',NULL,0,49,NULL),(76,'C25364','Identifier',NULL,0,50,NULL),(77,'C12508','Cell',NULL,2,51,NULL),(78,'C25613','Percentage',NULL,1,51,NULL),(79,'C25324','Viable',NULL,0,51,NULL),(80,'C44175','Parameter Object',NULL,3,46,NULL),(81,'C12508','Cell',NULL,2,46,NULL),(82,'C19157','Specimen',NULL,1,46,NULL),(83,'C42729','Review',NULL,0,46,NULL),(84,'C49100','Value',NULL,0,53,NULL),(85,'C25364','Identifier',NULL,0,54,NULL),(86,'C28254','Milliliter',NULL,1,52,NULL),(87,'C25256','Quantity',NULL,0,52,NULL),(88,'C42614','Name',NULL,0,56,NULL),(89,'C25364','Identifier',NULL,0,57,NULL),(90,'C41206','Institution',NULL,0,55,NULL),(91,'C25393','Comments',NULL,0,59,NULL),(92,'C48156','Default',NULL,2,60,NULL),(93,'C42559','Degree Celsius',NULL,1,60,NULL),(94,'C25206','Temperature',NULL,0,60,NULL),(95,'C25688','Status',NULL,1,61,NULL),(96,'C43431','Activity',NULL,0,61,NULL),(97,'C42614','Name',NULL,0,62,NULL),(98,'C25364','Identifier',NULL,0,63,NULL),(99,'C45322','Storage_Unit',NULL,1,58,NULL),(100,'C25284','Type',NULL,0,58,NULL),(101,'C44256','Ratio',NULL,3,65,NULL),(102,'C48153','Microliter',NULL,2,65,NULL),(103,'C48152','Microgram',NULL,1,65,NULL),(104,'C41185','Concentration',NULL,0,65,NULL),(105,'C61036','Finding',NULL,2,66,NULL),(106,'C18189','Pathology',NULL,1,66,NULL),(107,'C25688','Status',NULL,0,66,NULL),(108,'C43361','Barcode',NULL,0,67,NULL),(109,'C45561','Label',NULL,0,68,NULL),(110,'C25364','Identifier',NULL,0,69,NULL),(111,'C25284','Type',NULL,0,70,NULL),(112,'C25429','Available',NULL,0,71,NULL),(113,'C25393','Comments',NULL,0,72,NULL),(114,'C25483','Dimension',NULL,2,73,NULL),(115,'C25509','First',NULL,1,73,NULL),(116,'C25339','Position',NULL,0,73,NULL),(117,'C25339','Position',NULL,2,74,NULL),(118,'C25483','Dimension',NULL,1,74,NULL),(119,'C25666','Second',NULL,0,74,NULL),(120,'C60792','Lineage',NULL,0,75,NULL),(121,'C25688','Status',NULL,1,76,NULL),(122,'C43431','Activity',NULL,0,76,NULL),(123,'C25574','Molecular',NULL,3,64,NULL),(124,'C25574','Molecular',NULL,2,64,NULL),(125,'C19157','Specimen',NULL,1,64,NULL),(126,'C19157','Specimen',NULL,0,64,NULL),(127,'C42614','Name',NULL,0,78,NULL),(128,'C25712','Value',NULL,0,79,NULL),(129,'C25364','Identifier',NULL,0,80,NULL),(130,'C44280','External',NULL,1,77,NULL),(131,'C25364','Identifier',NULL,0,77,NULL),(132,'C25712','Value',NULL,1,82,NULL),(133,'C25627','Previous',NULL,0,82,NULL),(134,'C48792','Element Part',NULL,1,83,NULL),(135,'C42614','Name',NULL,0,83,NULL),(136,'C25712','Value',NULL,1,84,NULL),(137,'C25471','Current',NULL,0,84,NULL),(138,'C45269','Audit',NULL,2,81,NULL),(139,'C25480','Details',NULL,1,81,NULL),(140,'C25499','Event',NULL,0,81,NULL),(141,'C25364','Identifier',NULL,0,86,NULL),(142,'C49100','Value',NULL,0,87,NULL),(143,'C48155','Gram',NULL,1,85,NULL),(144,'C25256','Quantity',NULL,0,85,NULL),(145,'C25364','Identifier',NULL,0,89,NULL),(146,'C25483','Dimension',NULL,2,90,NULL),(147,'C25443','Capacity',NULL,1,90,NULL),(148,'C25509','First',NULL,0,90,NULL),(149,'C25443','Capacity',NULL,2,91,NULL),(150,'C25483','Dimension',NULL,1,91,NULL),(151,'C25666','Second',NULL,0,91,NULL),(152,'C25443','Capacity',NULL,0,88,NULL),(153,'C42614','Name',NULL,0,93,NULL),(154,'C25364','Identifier',NULL,0,94,NULL),(155,'C48168','Cancer Research Group',NULL,0,92,NULL),(156,'C25393','Comments',NULL,0,96,NULL),(157,'C48162','G Force',NULL,0,97,NULL),(158,'C54086','Timestamp',NULL,0,98,NULL),(159,'C25364','Identifier',NULL,0,99,NULL),(160,'C25330','Duration',NULL,1,100,NULL),(161,'C48154','Minute',NULL,0,100,NULL),(162,'C16410','Centifugation',NULL,2,95,NULL),(163,'C44175','Parameter Object',NULL,1,95,NULL),(164,'C25499','Event',NULL,0,95,NULL),(165,'C25526','Histologic',NULL,1,102,NULL),(166,'C25283','Quality',NULL,0,102,NULL),(167,'C54086','Timestamp',NULL,0,103,NULL),(168,'C16897','Necrosis',NULL,1,104,NULL),(169,'C25613','Percentage',NULL,0,104,NULL),(170,'C25364','Identifier',NULL,0,105,NULL),(171,'C25304','Total',NULL,2,106,NULL),(172,'C25613','Percentage',NULL,1,106,NULL),(173,'C37923','Cellularity',NULL,0,106,NULL),(174,'C12535','Lymphocyte',NULL,1,107,NULL),(175,'C25613','Percentage',NULL,0,107,NULL),(176,'C45315','Neoplastic',NULL,2,108,NULL),(177,'C25613','Percentage',NULL,1,108,NULL),(178,'C37923','Cellularity',NULL,0,108,NULL),(179,'C25393','Comments',NULL,0,109,NULL),(180,'C44175','Parameter Object',NULL,4,101,NULL),(181,'C25499','Event',NULL,3,101,NULL),(182,'C19157','Specimen',NULL,2,101,NULL),(183,'C12801','Tissue',NULL,1,101,NULL),(184,'C42729','Review',NULL,0,101,NULL),(185,'C25284','Type',NULL,0,111,NULL),(186,'C42614','Name',NULL,0,112,NULL),(187,'C43431','Activity',NULL,1,113,NULL),(188,'C25688','Status',NULL,0,113,NULL),(189,'C42775','Email Address',NULL,0,114,NULL),(190,'C25364','Identifier',NULL,0,115,NULL),(191,'C37901','Site',NULL,0,110,NULL),(192,'C25337','Number',NULL,1,117,NULL),(193,'C45297','Gel',NULL,0,117,NULL),(194,'C25364','Identifier',NULL,0,118,NULL),(195,'C25393','Comments',NULL,0,119,NULL),(196,'C25283','Quality',NULL,1,120,NULL),(197,'C25390','Index',NULL,0,120,NULL),(198,'C44256','Ratio',NULL,2,121,NULL),(199,'C48171','28S Ribosomal RNA',NULL,1,121,NULL),(200,'C48172','18S Ribosomal RNA',NULL,0,121,NULL),(201,'C48169','Absorbance at 260nm',NULL,0,122,NULL),(202,'C45311','Lane',NULL,1,123,NULL),(203,'C25337','Number',NULL,0,123,NULL),(204,'C48179','Image',NULL,2,124,NULL),(205,'C45297','Gel',NULL,1,124,NULL),(206,'C42743','Uniform Resource Locator',NULL,0,124,NULL),(207,'C54086','Timestamp',NULL,0,125,NULL),(208,'C48170','Absorbance at 280nm',NULL,0,126,NULL),(209,'C44175','Parameter Object',NULL,3,116,NULL),(210,'C25574','Molecular',NULL,2,116,NULL),(211,'C19157','Specimen',NULL,1,116,NULL),(212,'C42729','Review',NULL,0,116,NULL),(213,'C42614','Name',NULL,0,128,NULL),(214,'C25393','Comments',NULL,0,129,NULL),(215,'C25284','Type',NULL,0,130,NULL),(216,'C25364','Identifier',NULL,0,131,NULL),(217,'C1281','Biohazardous Substance',NULL,0,127,NULL),(218,'C45258','Medical Record',NULL,1,133,NULL),(219,'C25337','Number',NULL,0,133,NULL),(220,'C25364','Identifier',NULL,0,134,NULL),(221,'C45258','Medical Record',NULL,2,132,NULL),(222,'C29867','Participant',NULL,1,132,NULL),(223,'C25364','Identifier',NULL,0,132,NULL),(224,'C25364','Identifier',NULL,0,136,NULL),(225,'C49100','Value',NULL,0,137,NULL),(226,'C25256','Quantity',NULL,1,135,NULL),(227,'C25463','Count',NULL,0,135,NULL),(228,'C25688','Status',NULL,1,139,NULL),(229,'C43431','Activity',NULL,0,139,NULL),(230,'C25164','Date',NULL,1,140,NULL),(231,'C25646','Registration',NULL,0,140,NULL),(232,'C25364','Identifier',NULL,2,141,NULL),(233,'C29867','Participant',NULL,1,141,NULL),(234,'C42651','Protocol',NULL,0,141,NULL),(235,'C25164','Date',NULL,2,142,NULL),(236,'C60005','Signature',NULL,1,142,NULL),(237,'C60004','consent',NULL,0,142,NULL),(238,'C60003','URL',NULL,3,143,NULL),(239,'C60002','Document',NULL,2,143,NULL),(240,'C60001','Consent',NULL,1,143,NULL),(241,'C60000','signed',NULL,0,143,NULL),(242,'C25364','Identifier',NULL,0,144,NULL),(243,'C42651','Protocol',NULL,3,138,NULL),(244,'C25453','Collection',NULL,2,138,NULL),(245,'C25646','Registration',NULL,1,138,NULL),(246,'C29867','Participant',NULL,0,138,NULL),(247,'C48153','Microliter',NULL,3,146,NULL),(248,'C44256','Ratio',NULL,2,146,NULL),(249,'C41185','Concentration',NULL,1,146,NULL),(250,'C48152','Microgram',NULL,0,146,NULL),(251,'C25666','Second',NULL,2,147,NULL),(252,'C25339','Position',NULL,1,147,NULL),(253,'C25483','Dimension',NULL,0,147,NULL),(254,'C25364','Identifier',NULL,0,148,NULL),(255,'C25483','Dimension',NULL,2,149,NULL),(256,'C25339','Position',NULL,1,149,NULL),(257,'C25509','First',NULL,0,149,NULL),(258,'C26358','Array',NULL,2,145,NULL),(259,'C44476','Content',NULL,1,145,NULL),(260,'C19157','Specimen',NULL,0,145,NULL),(261,'C25398','Clinical',NULL,1,151,NULL),(262,'C25688','Status',NULL,0,151,NULL),(263,'C25207','Time',NULL,3,152,NULL),(264,'C25301','Day',NULL,2,152,NULL),(265,'C25453','Collection',NULL,1,152,NULL),(266,'C19157','Specimen',NULL,0,152,NULL),(267,'C42651','Protocol',NULL,2,150,NULL),(268,'C25453','Collection',NULL,1,150,NULL),(269,'C25499','Event',NULL,0,150,NULL),(270,'C25483','Dimension',NULL,2,154,NULL),(271,'C25509','First',NULL,1,154,NULL),(272,'C45561','Label',NULL,0,154,NULL),(273,'C25688','Status',NULL,1,155,NULL),(274,'C43431','Activity',NULL,0,155,NULL),(275,'C42614','Name',NULL,0,156,NULL),(276,'C25483','Dimension',NULL,2,157,NULL),(277,'C45561','Label',NULL,1,157,NULL),(278,'C25666','Second',NULL,0,157,NULL),(279,'C25393','Comments',NULL,0,158,NULL),(280,'C25364','Identifier',NULL,0,159,NULL),(281,'C25346','Class',NULL,1,160,NULL),(282,'C19157','Specimen',NULL,0,160,NULL),(283,'C26358','Array',NULL,2,153,NULL),(284,'C19157','Specimen',NULL,1,153,NULL),(285,'C25284','Type',NULL,0,153,NULL),(286,'C43361','Barcode',NULL,0,162,NULL),(287,'C60792','Lineage',NULL,0,163,NULL),(288,'C43431','Activity',NULL,1,164,NULL),(289,'C25688','Status',NULL,0,164,NULL),(290,'C25429','Available',NULL,0,165,NULL),(291,'C25393','Comments',NULL,0,166,NULL),(292,'C45561','Label',NULL,0,167,NULL),(293,'C25339','Position',NULL,2,168,NULL),(294,'C25666','Second',NULL,1,168,NULL),(295,'C25483','Dimension',NULL,0,168,NULL),(296,'C61036','Finding',NULL,2,169,NULL),(297,'C18189','Pathology',NULL,1,169,NULL),(298,'C25688','Status',NULL,0,169,NULL),(299,'C25339','Position',NULL,2,170,NULL),(300,'C25509','First',NULL,1,170,NULL),(301,'C25483','Dimension',NULL,0,170,NULL),(302,'C25284','Type',NULL,0,171,NULL),(303,'C25364','Identifier',NULL,0,172,NULL),(304,'C19157','Specimen',NULL,0,161,NULL),(305,'C25393','Comments',NULL,0,174,NULL),(306,'C25650','Removed',NULL,2,175,NULL),(307,'C25688','Status',NULL,1,175,NULL),(308,'C25626','Present',NULL,0,175,NULL),(309,'C54086','Timestamp',NULL,0,176,NULL),(310,'C25364','Identifier',NULL,0,177,NULL),(311,'C44175','Parameter Object',NULL,3,173,NULL),(312,'C25650','Removed',NULL,2,173,NULL),(313,'C25626','Present',NULL,1,173,NULL),(314,'C25688','Status',NULL,0,173,NULL),(315,'C25364','Identifier',NULL,0,179,NULL),(316,'C25393','Comments',NULL,0,180,NULL),(317,'C54086','Timestamp',NULL,0,181,NULL),(318,'C44175','Parameter Object',NULL,2,178,NULL),(319,'C25499','Event',NULL,1,178,NULL),(320,'C19157','Specimen',NULL,0,178,NULL),(321,'C25306','Side',NULL,1,183,NULL),(322,'C12801','Tissue',NULL,0,183,NULL),(323,'C13717','Anatomic Site',NULL,1,184,NULL),(324,'C12801','Tissue',NULL,0,184,NULL),(325,'C25364','Identifier',NULL,0,185,NULL),(326,'C25447','Characteristics',NULL,1,182,NULL),(327,'C19157','Specimen',NULL,0,182,NULL),(328,'C43431','Activity',NULL,1,187,NULL),(329,'C25688','Status',NULL,0,187,NULL),(330,'C25393','Comments',NULL,0,188,NULL),(331,'C42694','Login Name',NULL,0,189,NULL),(332,'C25164','Date',NULL,1,190,NULL),(333,'C25431','Begin',NULL,0,190,NULL),(334,'C42775','Email Address',NULL,0,191,NULL),(335,'C40974','First Name',NULL,0,192,NULL),(336,'C53639','Common Security Module',NULL,2,193,NULL),(337,'C25364','Identifier',NULL,1,193,NULL),(338,'C42745','User',NULL,0,193,NULL),(339,'C40975','Last Name',NULL,0,194,NULL),(340,'C25364','Identifier',NULL,0,195,NULL),(341,'C42745','User',NULL,0,186,NULL),(342,'C48154','Minute',NULL,1,197,NULL),(343,'C25330','Duration',NULL,0,197,NULL),(344,'C25393','Comments',NULL,0,198,NULL),(345,'C25219','Fixation',NULL,1,199,NULL),(346,'C25284','Type',NULL,0,199,NULL),(347,'C54086','Timestamp',NULL,0,200,NULL),(348,'C25364','Identifier',NULL,0,201,NULL),(349,'C44175','Parameter Object',NULL,2,196,NULL),(350,'C25219','Fixation',NULL,1,196,NULL),(351,'C25499','Event',NULL,0,196,NULL),(352,'C42614','Name',NULL,0,203,NULL),(353,'C25364','Identifier',NULL,0,204,NULL),(354,'C42671','Department',NULL,0,202,NULL),(355,'C25364','Identifier',NULL,0,206,NULL),(356,'C25429','Available',NULL,1,207,NULL),(357,'C43578','Flag',NULL,0,207,NULL),(358,'C25393','Comments',NULL,0,208,NULL),(359,'C25483','Dimension',NULL,2,209,NULL),(360,'C25509','First',NULL,1,209,NULL),(361,'C25339','Position',NULL,0,209,NULL),(362,'C25688','Status',NULL,1,210,NULL),(363,'C43431','Activity',NULL,0,210,NULL),(364,'C25483','Dimension',NULL,2,211,NULL),(365,'C25339','Position',NULL,1,211,NULL),(366,'C25666','Second',NULL,0,211,NULL),(367,'C42614','Name',NULL,0,212,NULL),(368,'C43361','Barcode',NULL,0,213,NULL),(369,'C43578','Flag',NULL,1,214,NULL),(370,'C25517','Full',NULL,0,214,NULL),(371,'C26358','Array',NULL,1,205,NULL),(372,'C19157','Specimen',NULL,0,205,NULL),(373,'C45281','Object',NULL,1,216,NULL),(374,'C42614','Name',NULL,0,216,NULL),(375,'C45281','Object',NULL,1,217,NULL),(376,'C25364','Identifier',NULL,0,217,NULL),(377,'C25284','Type',NULL,1,218,NULL),(378,'C25499','Event',NULL,0,218,NULL),(379,'C45269','Audit',NULL,2,215,NULL),(380,'C45279','Log',NULL,1,215,NULL),(381,'C25499','Event',NULL,0,215,NULL),(382,'C42694','Login Name',NULL,0,220,NULL),(383,'C25364','Identifier',NULL,0,221,NULL),(384,'C54086','Timestamp',NULL,0,222,NULL),(385,'C45791','Network Address',NULL,0,223,NULL),(386,'C45269','Audit',NULL,1,219,NULL),(387,'C25499','Event',NULL,0,219,NULL),(388,'C25710','Update',NULL,1,225,NULL),(389,'C25164','Date',NULL,0,225,NULL),(390,'C25364','Identifier',NULL,0,226,NULL),(391,'C42710','Password',NULL,0,227,NULL),(392,'C42710','Password',NULL,0,224,NULL),(393,'C16564','Ethnic Group',NULL,0,229,NULL),(394,'C25155','Birth',NULL,1,230,NULL),(395,'C25164','Date',NULL,0,230,NULL),(396,'C255769','Middle',NULL,1,231,NULL),(397,'C42614','Name',NULL,0,231,NULL),(398,'C25717','Vital Status',NULL,0,232,NULL),(399,'C40974','First Name',NULL,0,233,NULL),(400,'C28421','Sex',NULL,1,234,NULL),(401,'C16631','Genotype',NULL,0,234,NULL),(402,'C28554','Death',NULL,1,235,NULL),(403,'C25164','Date',NULL,0,235,NULL),(404,'C25688','Status',NULL,1,236,NULL),(405,'C43431','Activity',NULL,0,236,NULL),(406,'C25686','SSN',NULL,0,237,NULL),(407,'C17357','Gender',NULL,0,238,NULL),(408,'C40975','Last Name',NULL,0,239,NULL),(409,'C25364','Identifier',NULL,0,240,NULL),(410,'C29867','Participant',NULL,0,228,NULL),(411,'C25666','Second',NULL,3,242,NULL),(412,'C25483','Dimension',NULL,2,242,NULL),(413,'C25471','Current',NULL,1,242,NULL),(414,'C25339','Position',NULL,0,242,NULL),(415,'C25393','Comments',NULL,0,243,NULL),(416,'C25483','Dimension',NULL,3,244,NULL),(417,'C25509','First',NULL,2,244,NULL),(418,'C25339','Position',NULL,1,244,NULL),(419,'C25627','Previous',NULL,0,244,NULL),(420,'C25364','Identifier',NULL,0,245,NULL),(421,'C54086','Timestamp',NULL,0,246,NULL),(422,'C25666','Second',NULL,3,247,NULL),(423,'C25483','Dimension',NULL,2,247,NULL),(424,'C25627','Previous',NULL,1,247,NULL),(425,'C25339','Position',NULL,0,247,NULL),(426,'C25483','Dimension',NULL,3,248,NULL),(427,'C25509','First',NULL,2,248,NULL),(428,'C25339','Position',NULL,1,248,NULL),(429,'C25471','Current',NULL,0,248,NULL),(430,'C48167','Transfer',NULL,2,241,NULL),(431,'C44175','Parameter Object',NULL,1,241,NULL),(432,'C25499','Event',NULL,0,241,NULL),(433,'C25431','Begin',NULL,1,250,NULL),(434,'C25164','Date',NULL,0,250,NULL),(435,'C42774','Title',NULL,0,251,NULL),(436,'C19157','Specimen',NULL,2,252,NULL),(437,'C25626','Present',NULL,1,252,NULL),(438,'C25326','Whole',NULL,0,252,NULL),(439,'C25501','Expected',NULL,1,253,NULL),(440,'C37948','Enrollment',NULL,0,253,NULL),(441,'C25364','Identifier',NULL,1,254,NULL),(442,'C16741','IRB',NULL,0,254,NULL),(443,'C25496','End',NULL,1,255,NULL),(444,'C25164','Date',NULL,0,255,NULL),(445,'C42774','Title',NULL,1,256,NULL),(446,'C25249','Short',NULL,0,256,NULL),(447,'C25365','Description',NULL,1,257,NULL),(448,'C42743','Uniform Resource Locator',NULL,0,257,NULL),(449,'C25364','Identifier',NULL,0,258,NULL),(450,'C43431','Activity',NULL,1,259,NULL),(451,'C25688','Status',NULL,0,259,NULL),(452,'C42651','Protocol',NULL,1,249,NULL),(453,'C25453','Collection',NULL,0,249,NULL),(454,'C25364','Identifier',NULL,0,261,NULL),(455,'C62289','Domain',NULL,2,260,NULL),(456,'C45974','Computer Programming Object',NULL,1,260,NULL),(457,'C42874','Abstract',NULL,0,260,NULL),(458,'C25283','Quality',NULL,1,263,NULL),(459,'C25639','Received',NULL,0,263,NULL),(460,'C25364','Identifier',NULL,0,264,NULL),(461,'C54086','Timestamp',NULL,0,265,NULL),(462,'C25393','Comments',NULL,0,266,NULL),(463,'C44175','Parameter Object',NULL,2,262,NULL),(464,'C25639','Received',NULL,1,262,NULL),(465,'C25499','Event',NULL,0,262,NULL),(466,'C25688','Status',NULL,1,268,NULL),(467,'C43431','Activity',NULL,0,268,NULL),(468,'C25364','Identifier',NULL,0,269,NULL),(469,'C25393','Comments',NULL,0,270,NULL),(470,'C54086','Timestamp',NULL,0,271,NULL),(471,'C45273','Distribution',NULL,0,267,NULL),(472,'C25364','Identifier',NULL,0,273,NULL),(473,'C49100','Value',NULL,0,274,NULL),(474,'C48152','Microgram',NULL,1,272,NULL),(475,'C25256','Quantity',NULL,0,272,NULL),(476,'C25364','Identifier',NULL,0,276,NULL),(477,'C25638','Reason',NULL,0,277,NULL),(478,'C54086','Timestamp',NULL,0,278,NULL),(479,'C25393','Comments',NULL,0,279,NULL),(480,'C48166','Disposal',NULL,2,275,NULL),(481,'C44175','Parameter Object',NULL,1,275,NULL),(482,'C25499','Event',NULL,0,275,NULL),(483,'C25337','Number',NULL,1,281,NULL),(484,'C16958','Surgical Pathology',NULL,0,281,NULL),(485,'C25398','Clinical',NULL,1,280,NULL),(486,'C25375','Report',NULL,0,280,NULL),(487,'C3367','Finding',NULL,2,283,NULL),(488,'C25688','Status',NULL,1,283,NULL),(489,'C18189','Pathology',NULL,0,283,NULL),(490,'C25284','Type',NULL,1,284,NULL),(491,'C19157','Specimen',NULL,0,284,NULL),(492,'C12801','Tissue',NULL,1,285,NULL),(493,'C13717','Anatomic Site',NULL,0,285,NULL),(494,'C19157','Specimen',NULL,1,286,NULL),(495,'C25346','Class',NULL,0,286,NULL),(496,'C38015','Requirement',NULL,1,282,NULL),(497,'C19157','Specimen',NULL,0,282,NULL),(498,'C25393','Comments',NULL,0,288,NULL),(499,'C25517','Full',NULL,1,289,NULL),(500,'C43578','Flag',NULL,0,289,NULL),(501,'C25688','Status',NULL,1,290,NULL),(502,'C43431','Activity',NULL,0,290,NULL),(503,'C42559','Degree Celsius',NULL,1,291,NULL),(504,'C25206','Temperature',NULL,0,291,NULL),(505,'C25364','Identifier',NULL,0,292,NULL),(506,'C45322','Storage_Unit',NULL,0,287,NULL),(507,'C43431','Activity',NULL,1,294,NULL),(508,'C25688','Status',NULL,0,294,NULL),(509,'C25509','First',NULL,2,295,NULL),(510,'C25339','Position',NULL,1,295,NULL),(511,'C25483','Dimension',NULL,0,295,NULL),(512,'C25393','Comments',NULL,0,296,NULL),(513,'C43361','Barcode',NULL,0,297,NULL),(514,'C25517','Full',NULL,1,298,NULL),(515,'C43578','Flag',NULL,0,298,NULL),(516,'C25364','Identifier',NULL,0,299,NULL),(517,'C25483','Dimension',NULL,2,300,NULL),(518,'C25666','Second',NULL,1,300,NULL),(519,'C25339','Position',NULL,0,300,NULL),(520,'C42614','Name',NULL,0,301,NULL),(521,'C43186','Container',NULL,0,293,NULL),(522,'C25393','Comments',NULL,0,303,NULL),(523,'C54086','Timestamp',NULL,0,304,NULL),(524,'C25364','Identifier',NULL,0,305,NULL),(525,'C48163','Embed',NULL,1,306,NULL),(526,'C48164','Medium',NULL,0,306,NULL),(527,'C48163','Embed',NULL,2,302,NULL),(528,'C44175','Parameter Object',NULL,1,302,NULL),(529,'C25499','Event',NULL,0,302,NULL),(530,'C25393','Comments',NULL,0,308,NULL),(531,'C25364','Identifier',NULL,0,309,NULL),(532,'C16847','Technique',NULL,0,310,NULL),(533,'C54086','Timestamp',NULL,0,311,NULL),(534,'C48160','Freezing',NULL,2,307,NULL),(535,'C44175','Parameter Object',NULL,1,307,NULL),(536,'C25499','Event',NULL,0,307,NULL),(537,'C42614','Name',NULL,0,313,NULL),(538,'C25688','Status',NULL,1,314,NULL),(539,'C43431','Activity',NULL,0,314,NULL),(540,'C45561','Label',NULL,2,315,NULL),(541,'C25483','Dimension',NULL,1,315,NULL),(542,'C25666','Second',NULL,0,315,NULL),(543,'C25364','Identifier',NULL,0,316,NULL),(544,'C25393','Comments',NULL,0,317,NULL),(545,'C45561','Label',NULL,2,318,NULL),(546,'C25509','First',NULL,1,318,NULL),(547,'C25483','Dimension',NULL,0,318,NULL),(548,'C43186','Container',NULL,1,312,NULL),(549,'C25284','Type',NULL,0,312,NULL),(550,'C25364','Identifier',NULL,1,320,NULL),(551,'C16741','IRB',NULL,0,320,NULL),(552,'C25496','End',NULL,1,321,NULL),(553,'C25164','Date',NULL,0,321,NULL),(554,'C25688','Status',NULL,1,322,NULL),(555,'C43431','Activity',NULL,0,322,NULL),(556,'C37948','Enrollment',NULL,1,323,NULL),(557,'C25501','Expected',NULL,0,323,NULL),(558,'C25164','Date',NULL,1,324,NULL),(559,'C25431','Begin',NULL,0,324,NULL),(560,'C25365','Description',NULL,1,325,NULL),(561,'C42743','Uniform Resource Locator',NULL,0,325,NULL),(562,'C42774','Title',NULL,0,326,NULL),(563,'C42774','Title',NULL,1,327,NULL),(564,'C25249','Short',NULL,0,327,NULL),(565,'C25364','Identifier',NULL,0,328,NULL),(566,'C45273','Distribution',NULL,1,319,NULL),(567,'C42651','Protocol',NULL,0,319,NULL),(568,'C43361','Barcode',NULL,0,330,NULL),(569,'C18189','Pathology',NULL,2,331,NULL),(570,'C61036','Finding',NULL,1,331,NULL),(571,'C25688','Status',NULL,0,331,NULL),(572,'C25339','Position',NULL,2,332,NULL),(573,'C25483','Dimension',NULL,1,332,NULL),(574,'C25509','First',NULL,0,332,NULL),(575,'C25429','Available',NULL,0,333,NULL),(576,'C45561','Label',NULL,0,334,NULL),(577,'C25364','Identifier',NULL,0,335,NULL),(578,'C25393','Comments',NULL,0,336,NULL),(579,'C25284','Type',NULL,0,337,NULL),(580,'C60792','Lineage',NULL,0,338,NULL),(581,'C25666','Second',NULL,2,339,NULL),(582,'C25483','Dimension',NULL,1,339,NULL),(583,'C25339','Position',NULL,0,339,NULL),(584,'C43431','Activity',NULL,1,340,NULL),(585,'C25688','Status',NULL,0,340,NULL),(586,'C19157','Specimen',NULL,3,329,NULL),(587,'C19157','Specimen',NULL,2,329,NULL),(588,'C12801','Tissue',NULL,1,329,NULL),(589,'C12801','Tissue',NULL,0,329,NULL),(590,'C25364','Identifier',NULL,0,342,NULL),(591,'C54086','Timestamp',NULL,0,343,NULL),(592,'C25393','Comments',NULL,0,344,NULL),(593,'C48165','Thaw',NULL,2,341,NULL),(594,'C44175','Parameter Object',NULL,1,341,NULL),(595,'C25499','Event',NULL,0,341,NULL),(596,'C25393','Comments',NULL,0,346,NULL),(597,'C60792','Lineage',NULL,0,347,NULL),(598,'C25429','Available',NULL,0,348,NULL),(599,'C18189','Pathology',NULL,2,349,NULL),(600,'C61036','Finding',NULL,1,349,NULL),(601,'C25688','Status',NULL,0,349,NULL),(602,'C25483','Dimension',NULL,2,350,NULL),(603,'C25509','First',NULL,1,350,NULL),(604,'C25339','Position',NULL,0,350,NULL),(605,'C45561','Label',NULL,0,351,NULL),(606,'C43431','Activity',NULL,1,352,NULL),(607,'C25688','Status',NULL,0,352,NULL),(608,'C25284','Type',NULL,0,353,NULL),(609,'C25364','Identifier',NULL,0,354,NULL),(610,'C43361','Barcode',NULL,0,355,NULL),(611,'C25483','Dimension',NULL,2,356,NULL),(612,'C25666','Second',NULL,1,356,NULL),(613,'C25339','Position',NULL,0,356,NULL),(614,'C12508','Cell',NULL,3,345,NULL),(615,'C12508','Cell',NULL,2,345,NULL),(616,'C19157','Specimen',NULL,1,345,NULL),(617,'C19157','Specimen',NULL,0,345,NULL),(618,'C43361','Barcode',NULL,0,358,NULL),(619,'C25688','Status',NULL,1,359,NULL),(620,'C43431','Activity',NULL,0,359,NULL),(621,'C25688','Status',NULL,2,360,NULL),(622,'C18189','Pathology',NULL,1,360,NULL),(623,'C61036','Finding',NULL,0,360,NULL),(624,'C25429','Available',NULL,0,361,NULL),(625,'C25483','Dimension',NULL,2,362,NULL),(626,'C25666','Second',NULL,1,362,NULL),(627,'C25339','Position',NULL,0,362,NULL),(628,'C45561','Label',NULL,0,363,NULL),(629,'C25393','Comments',NULL,0,364,NULL),(630,'C25364','Identifier',NULL,0,365,NULL),(631,'C25483','Dimension',NULL,2,366,NULL),(632,'C25509','First',NULL,1,366,NULL),(633,'C25339','Position',NULL,0,366,NULL),(634,'C25284','Type',NULL,0,367,NULL),(635,'C60792','Lineage',NULL,0,368,NULL),(636,'C25278','Fluid',NULL,3,357,NULL),(637,'C25278','Fluid',NULL,2,357,NULL),(638,'C19157','Specimen',NULL,1,357,NULL),(639,'C19157','Specimen',NULL,0,357,NULL),(640,'C25364','Identifier',NULL,0,370,NULL),(641,'C54086','Timestamp',NULL,0,371,NULL),(642,'C25393','Comments',NULL,0,372,NULL),(643,'C44175','Parameter Object',NULL,2,369,NULL),(644,'C25499','Event',NULL,1,369,NULL),(645,'C42729','Review',NULL,0,369,NULL),(646,'C30000','Identifier',NULL,0,374,NULL),(647,'C25364','Identifier',NULL,0,375,NULL),(648,'C25256','Quantity',NULL,0,373,NULL),(649,'C42614','Name',NULL,0,455,NULL),(650,'C25337','Number',NULL,0,456,NULL),(651,'C45258','Medical Record',NULL,0,456,NULL),(652,'C16958','Surgical Pathology',NULL,0,457,NULL),(653,'C25337','Number',NULL,0,457,NULL),(654,'C25688','Status',NULL,0,458,NULL),(655,'C43431','Activity',NULL,0,458,NULL),(656,'C25688','Status',NULL,0,459,NULL),(657,'C25398','Clinical',NULL,0,459,NULL),(658,'C15607','Clinical Diagnosis',NULL,0,460,NULL),(659,'C42614','Name',NULL,0,462,NULL),(660,'C25337','Number',NULL,0,463,NULL),(661,'C45258','Medical Record',NULL,0,463,NULL),(662,'C40975','Last Name',NULL,0,464,NULL),(663,'C42614','Name',NULL,0,465,NULL),(664,'C255769','Middle',NULL,0,465,NULL),(665,'C40974','First Name',NULL,0,466,NULL),(666,'C30000','Identifier',NULL,0,468,NULL),(667,'C30000','Identifier',NULL,0,469,NULL),(668,'C25688','Status',NULL,0,470,NULL),(669,'C18189','Pathology',NULL,0,470,NULL),(670,'C61036','Finding',NULL,0,470,NULL),(671,'C45561','Label',NULL,0,471,NULL),(672,'C25284','Type',NULL,0,472,NULL),(673,'C25393','Comments',NULL,0,473,NULL),(674,'C43361','Barcode',NULL,0,474,NULL),(675,'C15607','Clinical Diagnosis',NULL,0,475,NULL),(676,'C25688','Status',NULL,0,476,NULL),(677,'C25398','Clinical',NULL,0,476,NULL),(678,'C12801','Tissue',NULL,0,477,NULL),(679,'C25306','Side',NULL,0,477,NULL),(680,'C12801','Tissue',NULL,0,478,NULL),(681,'C13717','Anatomic Site',NULL,0,478,NULL),(682,'C54086','Timestamp',NULL,0,479,NULL),(683,'C25393','Comments',NULL,0,480,NULL),(684,'C42614','Name',NULL,0,481,NULL),(685,'C25712','Value',NULL,0,482,NULL),(686,'C30000','Identifier',NULL,0,484,NULL),(687,'C30000','Identifier',NULL,0,485,NULL),(688,'C25688','Status',NULL,0,486,NULL),(689,'C18189','Pathology',NULL,0,486,NULL),(690,'C61036','Finding',NULL,0,486,NULL),(691,'C45561','Label',NULL,0,487,NULL),(692,'C25284','Type',NULL,0,488,NULL),(693,'C25393','Comments',NULL,0,489,NULL),(694,'C43361','Barcode',NULL,0,490,NULL),(695,'C15607','Clinical Diagnosis',NULL,0,491,NULL),(696,'C25688','Status',NULL,0,492,NULL),(697,'C25398','Clinical',NULL,0,492,NULL),(698,'C12801','Tissue',NULL,0,493,NULL),(699,'C25306','Side',NULL,0,493,NULL),(700,'C12801','Tissue',NULL,0,494,NULL),(701,'C13717','Anatomic Site',NULL,0,494,NULL),(702,'C54086','Timestamp',NULL,0,495,NULL),(703,'C25393','Comments',NULL,0,496,NULL),(704,'C42614','Name',NULL,0,497,NULL),(705,'C25712','Value',NULL,0,498,NULL),(706,'C30000','Identifier',NULL,0,500,NULL),(707,'C30000','Identifier',NULL,0,501,NULL),(708,'C25688','Status',NULL,0,502,NULL),(709,'C18189','Pathology',NULL,0,502,NULL),(710,'C61036','Finding',NULL,0,502,NULL),(711,'C45561','Label',NULL,0,503,NULL),(712,'C25284','Type',NULL,0,504,NULL),(713,'C25393','Comments',NULL,0,505,NULL),(714,'C43361','Barcode',NULL,0,506,NULL),(715,'C15607','Clinical Diagnosis',NULL,0,507,NULL),(716,'C25688','Status',NULL,0,508,NULL),(717,'C25398','Clinical',NULL,0,508,NULL),(718,'C12801','Tissue',NULL,0,509,NULL),(719,'C25306','Side',NULL,0,509,NULL),(720,'C12801','Tissue',NULL,0,510,NULL),(721,'C13717','Anatomic Site',NULL,0,510,NULL),(722,'C54086','Timestamp',NULL,0,511,NULL),(723,'C25393','Comments',NULL,0,512,NULL),(724,'C42614','Name',NULL,0,513,NULL),(725,'C25712','Value',NULL,0,514,NULL),(726,'C25646','Registration',NULL,0,516,NULL),(727,'C25164','Date',NULL,0,516,NULL),(728,'C40975','Last Name',NULL,0,517,NULL),(729,'C42614','Name',NULL,0,518,NULL),(730,'C255769','Middle',NULL,0,518,NULL),(731,'C40974','First Name',NULL,0,519,NULL),(732,'C30000','Identifier',NULL,0,521,NULL),(733,'C30000','Identifier',NULL,0,522,NULL),(734,'C25688','Status',NULL,0,523,NULL),(735,'C18189','Pathology',NULL,0,523,NULL),(736,'C61036','Finding',NULL,0,523,NULL),(737,'C45561','Label',NULL,0,524,NULL),(738,'C25284','Type',NULL,0,525,NULL),(739,'C25393','Comments',NULL,0,526,NULL),(740,'C43361','Barcode',NULL,0,527,NULL),(741,'C15607','Clinical Diagnosis',NULL,0,528,NULL),(742,'C25688','Status',NULL,0,529,NULL),(743,'C25398','Clinical',NULL,0,529,NULL),(744,'C12801','Tissue',NULL,0,530,NULL),(745,'C25306','Side',NULL,0,530,NULL),(746,'C12801','Tissue',NULL,0,531,NULL),(747,'C13717','Anatomic Site',NULL,0,531,NULL),(748,'C54086','Timestamp',NULL,0,532,NULL),(749,'C25393','Comments',NULL,0,533,NULL),(750,'C42614','Name',NULL,0,534,NULL),(751,'C25712','Value',NULL,0,535,NULL);

/*Table structure for table `dyextn_short_concept_value` */

DROP TABLE IF EXISTS `dyextn_short_concept_value`;

CREATE TABLE `dyextn_short_concept_value` (
  `IDENTIFIER` bigint(20) NOT NULL default '0',
  `VALUE` smallint(6) default NULL,
  PRIMARY KEY  (`IDENTIFIER`),
  KEY `FKC1945ABABC7298A9` (`IDENTIFIER`),
  CONSTRAINT `FKC1945ABABC7298A9` FOREIGN KEY (`IDENTIFIER`) REFERENCES `dyextn_permissible_value` (`IDENTIFIER`)
) ENGINE=InnoDB DEFAULT CHARSET=latin1;

/*Data for the table `dyextn_short_concept_value` */

/*Table structure for table `dyextn_short_type_info` */

DROP TABLE IF EXISTS `dyextn_short_type_info`;

CREATE TABLE `dyextn_short_type_info` (
  `IDENTIFIER` bigint(20) NOT NULL default '0',
  PRIMARY KEY  (`IDENTIFIER`),
  KEY `FK99540B3BC7298A9` (`IDENTIFIER`),
  CONSTRAINT `FK99540B3BC7298A9` FOREIGN KEY (`IDENTIFIER`) REFERENCES `dyextn_numeric_type_info` (`IDENTIFIER`)
) ENGINE=InnoDB DEFAULT CHARSET=latin1;

/*Data for the table `dyextn_short_type_info` */

/*Table structure for table `dyextn_string_concept_value` */

DROP TABLE IF EXISTS `dyextn_string_concept_value`;

CREATE TABLE `dyextn_string_concept_value` (
  `IDENTIFIER` bigint(20) NOT NULL default '0',
  `VALUE` varchar(255) default NULL,
  PRIMARY KEY  (`IDENTIFIER`),
  KEY `FKADE7D889BC7298A9` (`IDENTIFIER`),
  CONSTRAINT `FKADE7D889BC7298A9` FOREIGN KEY (`IDENTIFIER`) REFERENCES `dyextn_permissible_value` (`IDENTIFIER`)
) ENGINE=InnoDB DEFAULT CHARSET=latin1;

/*Data for the table `dyextn_string_concept_value` */

/*Table structure for table `dyextn_string_type_info` */

DROP TABLE IF EXISTS `dyextn_string_type_info`;

CREATE TABLE `dyextn_string_type_info` (
  `IDENTIFIER` bigint(20) NOT NULL default '0',
  `MAX_SIZE` int(11) default NULL,
  PRIMARY KEY  (`IDENTIFIER`),
  KEY `FKDA35FE02BC7298A9` (`IDENTIFIER`),
  CONSTRAINT `FKDA35FE02BC7298A9` FOREIGN KEY (`IDENTIFIER`) REFERENCES `dyextn_attribute_type_info` (`IDENTIFIER`)
) ENGINE=InnoDB DEFAULT CHARSET=latin1;

/*Data for the table `dyextn_string_type_info` */

insert into `dyextn_string_type_info` (`IDENTIFIER`,`MAX_SIZE`) values (1,NULL),(3,NULL),(5,NULL),(7,NULL),(8,NULL),(9,NULL),(10,NULL),(13,NULL),(14,NULL),(15,NULL),(16,NULL),(17,NULL),(18,NULL),(19,NULL),(20,NULL),(21,NULL),(22,NULL),(23,NULL),(25,NULL),(26,NULL),(27,NULL),(28,NULL),(32,NULL),(36,NULL),(38,NULL),(45,NULL),(47,NULL),(49,NULL),(50,NULL),(53,NULL),(54,NULL),(55,NULL),(57,NULL),(59,NULL),(62,NULL),(63,NULL),(64,NULL),(65,NULL),(67,NULL),(68,NULL),(69,NULL),(75,NULL),(77,NULL),(82,NULL),(89,NULL),(90,NULL),(91,NULL),(92,NULL),(93,NULL),(97,NULL),(98,NULL),(101,NULL),(102,NULL),(105,NULL),(106,NULL),(107,NULL),(109,NULL),(113,NULL),(115,NULL),(117,NULL),(123,NULL),(125,NULL),(126,NULL),(127,NULL),(128,NULL),(129,NULL),(131,NULL),(132,NULL),(133,NULL),(134,NULL),(136,NULL),(137,NULL),(139,NULL),(141,NULL),(143,NULL),(144,NULL),(148,NULL),(150,NULL),(151,NULL),(153,NULL),(154,NULL),(155,NULL),(157,NULL),(158,NULL),(160,NULL),(163,NULL),(164,NULL),(167,NULL),(171,NULL),(173,NULL),(175,NULL),(176,NULL),(178,NULL),(180,NULL),(184,NULL),(187,NULL),(188,NULL),(190,NULL),(191,NULL),(192,NULL),(193,NULL),(195,NULL),(196,NULL),(197,NULL),(198,NULL),(201,NULL),(208,NULL),(211,NULL),(213,NULL),(214,NULL),(216,NULL),(218,NULL),(221,NULL),(222,NULL),(224,NULL),(229,NULL),(231,NULL),(232,NULL),(233,NULL),(234,NULL),(235,NULL),(236,NULL),(237,NULL),(239,NULL),(242,NULL),(244,NULL),(245,NULL),(249,NULL),(250,NULL),(253,NULL),(254,NULL),(256,NULL),(258,NULL),(259,NULL),(260,NULL),(262,NULL),(263,NULL),(264,NULL),(266,NULL),(269,NULL),(270,NULL),(271,NULL),(273,NULL),(274,NULL),(277,NULL),(279,NULL),(280,NULL),(281,NULL),(283,NULL),(286,NULL),(287,NULL),(288,NULL),(290,NULL),(292,NULL),(293,NULL),(294,NULL),(296,NULL),(298,NULL),(299,NULL),(300,NULL),(303,NULL),(304,NULL),(307,NULL),(308,NULL),(311,NULL),(314,NULL),(315,NULL),(316,NULL),(317,NULL),(318,NULL),(319,NULL),(320,NULL),(321,NULL),(322,NULL),(323,NULL),(324,NULL),(327,NULL),(328,NULL),(329,NULL),(330,NULL),(331,NULL),(332,NULL),(333,NULL),(334,NULL),(335,NULL),(337,NULL),(338,NULL),(339,NULL),(342,NULL),(343,NULL),(344,NULL),(345,NULL),(346,NULL),(347,NULL),(348,NULL),(349,NULL),(350,NULL),(352,NULL),(353,NULL),(354,NULL),(357,NULL),(358,NULL),(359,NULL),(360,NULL),(361,NULL),(362,NULL),(363,NULL),(364,NULL),(365,NULL),(367,NULL),(368,NULL),(369,NULL),(371,NULL),(372,NULL),(373,NULL),(376,NULL),(377,NULL),(378,NULL),(379,NULL),(380,NULL),(381,NULL),(382,NULL),(383,NULL),(384,NULL),(386,NULL),(387,NULL),(388,NULL);

/*Table structure for table `dyextn_table_properties` */

DROP TABLE IF EXISTS `dyextn_table_properties`;

CREATE TABLE `dyextn_table_properties` (
  `IDENTIFIER` bigint(20) NOT NULL default '0',
  `ENTITY_ID` bigint(20) default NULL,
  PRIMARY KEY  (`IDENTIFIER`),
  KEY `FKE608E08179F466F7` (`ENTITY_ID`),
  KEY `FKE608E081BC7298A9` (`IDENTIFIER`),
  CONSTRAINT `FKE608E081BC7298A9` FOREIGN KEY (`IDENTIFIER`) REFERENCES `dyextn_database_properties` (`IDENTIFIER`),
  CONSTRAINT `FKE608E08179F466F7` FOREIGN KEY (`ENTITY_ID`) REFERENCES `dyextn_entity` (`IDENTIFIER`)
) ENGINE=InnoDB DEFAULT CHARSET=latin1;

/*Data for the table `dyextn_table_properties` */

insert into `dyextn_table_properties` (`IDENTIFIER`,`ENTITY_ID`) values (1,2),(7,8),(10,11),(16,17),(24,25),(30,31),(40,41),(45,46),(51,52),(54,55),(57,58),(63,64),(76,77),(80,81),(84,85),(87,88),(91,92),(94,95),(100,101),(109,110),(115,116),(126,127),(131,132),(134,135),(137,138),(144,145),(149,150),(152,153),(160,161),(172,173),(177,178),(181,182),(185,186),(195,196),(201,202),(204,205),(214,215),(218,219),(223,224),(227,228),(240,241),(248,249),(259,260),(261,262),(266,267),(271,272),(274,275),(279,280),(281,282),(286,287),(292,293),(301,302),(306,307),(311,312),(318,319),(328,329),(340,341),(344,345),(356,357),(368,369),(372,373),(452,454),(459,461),(465,467),(481,483),(497,499),(513,515),(518,520);

/*Table structure for table `dyextn_tagged_value` */

DROP TABLE IF EXISTS `dyextn_tagged_value`;

CREATE TABLE `dyextn_tagged_value` (
  `IDENTIFIER` bigint(20) NOT NULL auto_increment,
  `T_KEY` varchar(255) default NULL,
  `T_VALUE` varchar(255) default NULL,
  `ABSTRACT_METADATA_ID` bigint(20) default NULL,
  PRIMARY KEY  (`IDENTIFIER`),
  KEY `FKF79D055B7D7A9B8E` (`ABSTRACT_METADATA_ID`),
  CONSTRAINT `FKF79D055B7D7A9B8E` FOREIGN KEY (`ABSTRACT_METADATA_ID`) REFERENCES `dyextn_abstract_metadata` (`IDENTIFIER`)
) ENGINE=InnoDB DEFAULT CHARSET=latin1;

/*Data for the table `dyextn_tagged_value` */

insert into `dyextn_tagged_value` (`IDENTIFIER`,`T_KEY`,`T_VALUE`,`ABSTRACT_METADATA_ID`) values (1,'Category','Category',454),(2,'Category','Category',461),(3,'Category','Category',467),(4,'Category','Category',483),(5,'Category','Category',499),(6,'Category','Category',515),(7,'Category','Category',520);

/*Table structure for table `dyextn_textarea` */

DROP TABLE IF EXISTS `dyextn_textarea`;

CREATE TABLE `dyextn_textarea` (
  `IDENTIFIER` bigint(20) NOT NULL default '0',
  `TEXTAREA_COLUMNS` int(11) default NULL,
  `TEXTAREA_ROWS` int(11) default NULL,
  PRIMARY KEY  (`IDENTIFIER`),
  KEY `FK946EE257BC7298A9` (`IDENTIFIER`),
  CONSTRAINT `FK946EE257BC7298A9` FOREIGN KEY (`IDENTIFIER`) REFERENCES `dyextn_control` (`IDENTIFIER`)
) ENGINE=InnoDB DEFAULT CHARSET=latin1;

/*Data for the table `dyextn_textarea` */

/*Table structure for table `dyextn_textfield` */

DROP TABLE IF EXISTS `dyextn_textfield`;

CREATE TABLE `dyextn_textfield` (
  `IDENTIFIER` bigint(20) NOT NULL default '0',
  `NO_OF_COLUMNS` int(11) default NULL,
  `IS_PASSWORD` tinyint(1) default NULL,
  `IS_URL` tinyint(1) default NULL,
  PRIMARY KEY  (`IDENTIFIER`),
  KEY `FKF9AFC850BC7298A9` (`IDENTIFIER`),
  CONSTRAINT `FKF9AFC850BC7298A9` FOREIGN KEY (`IDENTIFIER`) REFERENCES `dyextn_control` (`IDENTIFIER`)
) ENGINE=InnoDB DEFAULT CHARSET=latin1;

/*Data for the table `dyextn_textfield` */

/*Table structure for table `dyextn_userdefined_de` */

DROP TABLE IF EXISTS `dyextn_userdefined_de`;

CREATE TABLE `dyextn_userdefined_de` (
  `IDENTIFIER` bigint(20) NOT NULL default '0',
  PRIMARY KEY  (`IDENTIFIER`),
  KEY `FK630761FFBC7298A9` (`IDENTIFIER`),
  CONSTRAINT `FK630761FFBC7298A9` FOREIGN KEY (`IDENTIFIER`) REFERENCES `dyextn_data_element` (`IDENTIFIER`)
) ENGINE=InnoDB DEFAULT CHARSET=latin1;

/*Data for the table `dyextn_userdefined_de` */

/*Table structure for table `dyextn_view` */

DROP TABLE IF EXISTS `dyextn_view`;

CREATE TABLE `dyextn_view` (
  `IDENTIFIER` bigint(20) NOT NULL auto_increment,
  `NAME` varchar(255) default NULL,
  PRIMARY KEY  (`IDENTIFIER`)
) ENGINE=InnoDB DEFAULT CHARSET=latin1;

/*Data for the table `dyextn_view` */

/*Table structure for table `id_table` */

DROP TABLE IF EXISTS `id_table`;

CREATE TABLE `id_table` (
  `NEXT_ASSOCIATION_ID` bigint(20) NOT NULL default '0',
  PRIMARY KEY  (`NEXT_ASSOCIATION_ID`)
) ENGINE=InnoDB DEFAULT CHARSET=latin1;

/*Data for the table `id_table` */

insert into `id_table` (`NEXT_ASSOCIATION_ID`) values (78);

/*Table structure for table `inter_model_association` */

DROP TABLE IF EXISTS `inter_model_association`;

CREATE TABLE `inter_model_association` (
  `ASSOCIATION_ID` bigint(20) NOT NULL default '0',
  `LEFT_ENTITY_ID` bigint(20) NOT NULL default '0',
  `LEFT_ATTRIBUTE_ID` bigint(20) NOT NULL default '0',
  `RIGHT_ENTITY_ID` bigint(20) NOT NULL default '0',
  `RIGHT_ATTRIBUTE_ID` bigint(20) NOT NULL default '0',
  PRIMARY KEY  (`ASSOCIATION_ID`),
  CONSTRAINT `inter_model_association_ibfk_1` FOREIGN KEY (`ASSOCIATION_ID`) REFERENCES `association` (`ASSOCIATION_ID`)
) ENGINE=InnoDB DEFAULT CHARSET=latin1;

/*Data for the table `inter_model_association` */

/*Table structure for table `intra_model_association` */

DROP TABLE IF EXISTS `intra_model_association`;

CREATE TABLE `intra_model_association` (
  `ASSOCIATION_ID` bigint(20) NOT NULL default '0',
  `DE_ASSOCIATION_ID` bigint(20) NOT NULL default '0',
  PRIMARY KEY  (`ASSOCIATION_ID`),
  CONSTRAINT `intra_model_association_ibfk_1` FOREIGN KEY (`ASSOCIATION_ID`) REFERENCES `association` (`ASSOCIATION_ID`)
) ENGINE=InnoDB DEFAULT CHARSET=latin1;

/*Data for the table `intra_model_association` */

insert into `intra_model_association` (`ASSOCIATION_ID`,`DE_ASSOCIATION_ID`) values (1,427),(2,400),(3,415),(4,432),(5,446),(6,441),(7,414),(8,399),(9,413),(10,425),(11,444),(12,398),(13,380),(14,411),(15,396),(16,443),(17,416),(18,385),(19,379),(20,442),(21,437),(22,447),(23,378),(24,418),(25,401),(26,450),(27,386),(28,431),(29,387),(30,402),(31,412),(32,407),(33,392),(34,397),(35,428),(36,376),(37,448),(38,421),(39,405),(40,422),(41,433),(42,390),(43,438),(44,377),(45,419),(46,406),(47,391),(48,382),(49,393),(50,388),(51,403),(52,435),(53,424),(54,452),(55,381),(56,417),(57,436),(58,408),(59,449),(60,395),(61,410),(62,383),(63,409),(64,426),(65,394),(66,434),(67,451),(68,445),(69,423),(70,430),(71,420),(72,429),(73,439),(74,389),(75,404),(76,384),(77,440);

/*Table structure for table `path` */

DROP TABLE IF EXISTS `path`;

CREATE TABLE `path` (
  `PATH_ID` bigint(20) NOT NULL auto_increment,
  `FIRST_ENTITY_ID` bigint(20) default NULL,
  `INTERMEDIATE_PATH` text,
  `LAST_ENTITY_ID` bigint(20) default NULL,
  PRIMARY KEY  (`PATH_ID`),
  KEY `INDEX1` (`FIRST_ENTITY_ID`,`LAST_ENTITY_ID`)
) ENGINE=InnoDB DEFAULT CHARSET=latin1;

/*Data for the table `path` */

insert into `path` (`PATH_ID`,`FIRST_ENTITY_ID`,`INTERMEDIATE_PATH`,`LAST_ENTITY_ID`) values (1,8,'35_65_20',81),(2,8,'35_65',215),(3,8,'35',219),(4,25,'56',280),(5,25,'74',110),(6,25,'67_27_2_15',110),(7,25,'56_47_15',110),(8,25,'11_52_21',110),(9,25,'11_38',178),(10,25,'40',150),(11,25,'67_73_53',150),(12,25,'74_36_46_53',150),(13,25,'67_50_46_53',150),(14,25,'11_38_45_46_53',150),(15,25,'11_52_25_53',150),(16,25,'67_73_62_5_14',150),(17,25,'74_36_46_62_5_14',150),(18,25,'67_50_46_62_5_14',150),(19,25,'11_38_45_46_62_5_14',150),(20,25,'67_27_2_15_36_46_53',150),(21,25,'56_47_15_36_46_53',150),(22,25,'11_52_21_36_46_53',150),(23,25,'11_52_25_62_5_14',150),(24,25,'67_27_2_15_36_46_62_5_14',150),(25,25,'56_47_15_36_46_62_5_14',150),(26,25,'11_52_21_36_46_62_5_14',150),(27,25,'56_47_8_29_73_53',150),(28,25,'56_47_8_29_50_46_53',150),(29,25,'56_47_8_29_73_62_5_14',150),(30,25,'56_47_8_29_50_46_62_5_14',150),(31,25,'74_36_49',92),(32,25,'67_50_49',92),(33,25,'11_38_45_49',92),(34,25,'67_73_39_49',92),(35,25,'40_69_39_49',92),(36,25,'11_52_25_39_49',92),(37,25,'40_61_68_48_39_49',92),(38,25,'67_27_2_15_36_49',92),(39,25,'56_47_15_36_49',92),(40,25,'11_52_21_36_49',92),(41,25,'56_47_8_29_50_49',92),(42,25,'56_47_8_29_73_39_49',92),(43,25,'11_19',182),(44,25,'40_61',282),(45,25,'67_73_62_5',282),(46,25,'40_69_62_5',282),(47,25,'74_36_46_62_5',282),(48,25,'67_50_46_62_5',282),(49,25,'11_38_45_46_62_5',282),(50,25,'67_73_53_61',282),(51,25,'74_36_46_53_61',282),(52,25,'67_50_46_53_61',282),(53,25,'11_38_45_46_53_61',282),(54,25,'11_52_25_53_61',282),(55,25,'11_52_25_62_5',282),(56,25,'67_27_2_15_36_46_62_5',282),(57,25,'56_47_15_36_46_62_5',282),(58,25,'11_52_21_36_46_62_5',282),(59,25,'67_27_2_15_36_46_53_61',282),(60,25,'56_47_15_36_46_53_61',282),(61,25,'11_52_21_36_46_53_61',282),(62,25,'56_47_8_29_73_62_5',282),(63,25,'56_47_8_29_50_46_62_5',282),(64,25,'56_47_8_29_73_53_61',282),(65,25,'56_47_8_29_50_46_53_61',282),(66,25,'74_30',17),(67,25,'67_27_2_15_30',17),(68,25,'56_47_15_30',17),(69,25,'11_52_21_30',17),(70,25,'74_36_77',17),(71,25,'67_50_77',17),(72,25,'11_38_45_77',17),(73,25,'67_73_39_77',17),(74,25,'40_69_39_77',17),(75,25,'11_52_25_39_77',17),(76,25,'40_61_68_48_39_77',17),(77,25,'67_27_2_15_36_77',17),(78,25,'56_47_15_36_77',17),(79,25,'11_52_21_36_77',17),(80,25,'56_47_8_29_50_77',17),(81,25,'56_47_8_29_73_39_77',17),(82,25,'67_27',228),(83,25,'56_47_8',228),(84,25,'11_4',77),(85,25,'67_73_62',319),(86,25,'40_69_62',319),(87,25,'74_36_46_62',319),(88,25,'67_50_46_62',319),(89,25,'11_38_45_46_62',319),(90,25,'40_61_68',319),(91,25,'11_52_25_62',319),(92,25,'67_27_2_15_36_46_62',319),(93,25,'56_47_15_36_46_62',319),(94,25,'11_52_21_36_46_62',319),(95,25,'67_73_53_61_68',319),(96,25,'74_36_46_53_61_68',319),(97,25,'67_50_46_53_61_68',319),(98,25,'11_38_45_46_53_61_68',319),(99,25,'11_52_25_53_61_68',319),(100,25,'56_47_8_29_73_62',319),(101,25,'56_47_8_29_50_46_62',319),(102,25,'67_27_2_15_36_46_53_61_68',319),(103,25,'56_47_15_36_46_53_61_68',319),(104,25,'11_52_21_36_46_53_61_68',319),(105,25,'56_47_8_29_73_53_61_68',319),(106,25,'56_47_8_29_50_46_53_61_68',319),(107,25,'11_52',287),(108,25,'67_27_2',132),(109,25,'56_47',132),(110,25,'11_52_59',153),(111,25,'11_52_63_32',153),(112,25,'11_52_44_32',153),(113,25,'74_36',186),(114,25,'67_50',186),(115,25,'11_38_45',186),(116,25,'67_73_39',186),(117,25,'40_69_39',186),(118,25,'11_52_25_39',186),(119,25,'40_61_68_48_39',186),(120,25,'67_27_2_15_36',186),(121,25,'56_47_15_36',186),(122,25,'11_52_21_36',186),(123,25,'56_47_8_29_50',186),(124,25,'56_47_8_29_73_39',186),(125,25,'74_36_23',202),(126,25,'67_50_23',202),(127,25,'11_38_45_23',202),(128,25,'67_73_39_23',202),(129,25,'40_69_39_23',202),(130,25,'11_52_25_39_23',202),(131,25,'40_61_68_48_39_23',202),(132,25,'67_27_2_15_36_23',202),(133,25,'56_47_15_36_23',202),(134,25,'11_52_21_36_23',202),(135,25,'56_47_8_29_50_23',202),(136,25,'56_47_8_29_73_39_23',202),(137,25,'67_73',249),(138,25,'40_69',249),(139,25,'74_36_46',249),(140,25,'67_50_46',249),(141,25,'11_38_45_46',249),(142,25,'11_52_25',249),(143,25,'40_61_68_48',249),(144,25,'67_27_2_15_36_46',249),(145,25,'56_47_15_36_46',249),(146,25,'11_52_21_36_46',249),(147,25,'56_47_8_29_73',249),(148,25,'56_47_8_29_50_46',249),(149,25,'74_36_18',55),(150,25,'67_50_18',55),(151,25,'11_38_45_18',55),(152,25,'67_73_39_18',55),(153,25,'40_69_39_18',55),(154,25,'11_52_25_39_18',55),(155,25,'40_61_68_48_39_18',55),(156,25,'67_27_2_15_36_18',55),(157,25,'56_47_15_36_18',55),(158,25,'11_52_21_36_18',55),(159,25,'56_47_8_29_50_18',55),(160,25,'56_47_8_29_73_39_18',55),(161,25,'11_55',127),(162,25,'11',161),(163,25,'74_36_24',224),(164,25,'67_50_24',224),(165,25,'11_38_45_24',224),(166,25,'67_73_39_24',224),(167,25,'40_69_39_24',224),(168,25,'11_52_25_39_24',224),(169,25,'40_61_68_48_39_24',224),(170,25,'67_27_2_15_36_24',224),(171,25,'56_47_15_36_24',224),(172,25,'11_52_21_36_24',224),(173,25,'56_47_8_29_50_24',224),(174,25,'56_47_8_29_73_39_24',224),(175,25,'11_33',373),(176,25,'11_22',373),(177,25,'40_61_66',373),(178,25,'67_73_62_5_66',373),(179,25,'40_69_62_5_66',373),(180,25,'74_36_46_62_5_66',373),(181,25,'67_50_46_62_5_66',373),(182,25,'11_38_45_46_62_5_66',373),(183,25,'67_73_53_61_66',373),(184,25,'74_36_46_53_61_66',373),(185,25,'67_50_46_53_61_66',373),(186,25,'11_38_45_46_53_61_66',373),(187,25,'11_52_25_53_61_66',373),(188,25,'11_52_25_62_5_66',373),(189,25,'67_27_2_15_36_46_62_5_66',373),(190,25,'56_47_15_36_46_62_5_66',373),(191,25,'11_52_21_36_46_62_5_66',373),(192,25,'67_27_2_15_36_46_53_61_66',373),(193,25,'56_47_15_36_46_53_61_66',373),(194,25,'11_52_21_36_46_53_61_66',373),(195,25,'56_47_8_29_73_62_5_66',373),(196,25,'56_47_8_29_50_46_62_5_66',373),(197,25,'56_47_8_29_73_53_61_66',373),(198,25,'56_47_8_29_50_46_53_61_66',373),(199,25,'67',138),(200,25,'56_47_8_29',138),(201,25,'11_52_63',58),(202,25,'11_52_44',58),(203,31,'42_23',202),(204,31,'42',186),(205,31,'42_46',249),(206,31,'42_18',55),(207,31,'42_46_53',150),(208,31,'42_46_62_5_14',150),(209,31,'42_24',224),(210,31,'42_46_62_5_66',373),(211,31,'42_46_53_61_66',373),(212,31,'42_49',92),(213,31,'42_46_62_5',282),(214,31,'42_46_53_61',282),(215,31,'42_77',17),(216,31,'42_46_62',319),(217,31,'42_46_53_61_68',319),(218,58,'57',58),(219,58,'32',153),(220,58,'57_32',153),(221,77,'28_16_56',280),(222,77,'28_16',25),(223,77,'28_52_21',110),(224,77,'28_16_74',110),(225,77,'28_16_67_27_2_15',110),(226,77,'28_16_56_47_15',110),(227,77,'28_38',178),(228,77,'28_38_45_46_53',150),(229,77,'28_52_25_53',150),(230,77,'28_38_45_46_62_5_14',150),(231,77,'28_16_40',150),(232,77,'28_16_67_73_53',150),(233,77,'28_52_21_36_46_53',150),(234,77,'28_16_74_36_46_53',150),(235,77,'28_16_67_50_46_53',150),(236,77,'28_52_25_62_5_14',150),(237,77,'28_16_67_73_62_5_14',150),(238,77,'28_52_21_36_46_62_5_14',150),(239,77,'28_16_74_36_46_62_5_14',150),(240,77,'28_16_67_50_46_62_5_14',150),(241,77,'28_16_67_27_2_15_36_46_53',150),(242,77,'28_16_56_47_15_36_46_53',150),(243,77,'28_16_67_27_2_15_36_46_62_5_14',150),(244,77,'28_16_56_47_15_36_46_62_5_14',150),(245,77,'28_16_56_47_8_29_73_53',150),(246,77,'28_16_56_47_8_29_50_46_53',150),(247,77,'28_16_56_47_8_29_73_62_5_14',150),(248,77,'28_16_56_47_8_29_50_46_62_5_14',150),(249,77,'28_38_45_49',92),(250,77,'28_52_25_39_49',92),(251,77,'28_52_21_36_49',92),(252,77,'28_16_74_36_49',92),(253,77,'28_16_67_50_49',92),(254,77,'28_16_67_73_39_49',92),(255,77,'28_16_40_69_39_49',92),(256,77,'28_16_40_61_68_48_39_49',92),(257,77,'28_16_67_27_2_15_36_49',92),(258,77,'28_16_56_47_15_36_49',92),(259,77,'28_16_56_47_8_29_50_49',92),(260,77,'28_16_56_47_8_29_73_39_49',92),(261,77,'28_19',182),(262,77,'28_38_45_46_62_5',282),(263,77,'28_38_45_46_53_61',282),(264,77,'28_52_25_53_61',282),(265,77,'28_16_40_61',282),(266,77,'28_52_25_62_5',282),(267,77,'28_16_67_73_62_5',282),(268,77,'28_16_40_69_62_5',282),(269,77,'28_52_21_36_46_62_5',282),(270,77,'28_16_74_36_46_62_5',282),(271,77,'28_16_67_50_46_62_5',282),(272,77,'28_16_67_73_53_61',282),(273,77,'28_52_21_36_46_53_61',282),(274,77,'28_16_74_36_46_53_61',282),(275,77,'28_16_67_50_46_53_61',282),(276,77,'28_16_67_27_2_15_36_46_62_5',282),(277,77,'28_16_56_47_15_36_46_62_5',282),(278,77,'28_16_67_27_2_15_36_46_53_61',282),(279,77,'28_16_56_47_15_36_46_53_61',282),(280,77,'28_16_56_47_8_29_73_62_5',282),(281,77,'28_16_56_47_8_29_50_46_62_5',282),(282,77,'28_16_56_47_8_29_73_53_61',282),(283,77,'28_16_56_47_8_29_50_46_53_61',282),(284,77,'28_52_21_30',17),(285,77,'28_38_45_77',17),(286,77,'28_52_25_39_77',17),(287,77,'28_16_74_30',17),(288,77,'28_16_67_27_2_15_30',17),(289,77,'28_16_56_47_15_30',17),(290,77,'28_52_21_36_77',17),(291,77,'28_16_74_36_77',17),(292,77,'28_16_67_50_77',17),(293,77,'28_16_67_73_39_77',17),(294,77,'28_16_40_69_39_77',17),(295,77,'28_16_40_61_68_48_39_77',17),(296,77,'28_16_67_27_2_15_36_77',17),(297,77,'28_16_56_47_15_36_77',17),(298,77,'28_16_56_47_8_29_50_77',17),(299,77,'28_16_56_47_8_29_73_39_77',17),(300,77,'28_16_67_27',228),(301,77,'28_16_56_47_8',228),(302,77,'28_52',287),(303,77,'28_38_45_46_62',319),(304,77,'28_52_25_62',319),(305,77,'28_16_67_73_62',319),(306,77,'28_16_40_69_62',319),(307,77,'28_52_21_36_46_62',319),(308,77,'28_16_74_36_46_62',319),(309,77,'28_16_67_50_46_62',319),(310,77,'28_38_45_46_53_61_68',319),(311,77,'28_52_25_53_61_68',319),(312,77,'28_16_40_61_68',319),(313,77,'28_16_67_27_2_15_36_46_62',319),(314,77,'28_16_56_47_15_36_46_62',319),(315,77,'28_16_67_73_53_61_68',319),(316,77,'28_52_21_36_46_53_61_68',319),(317,77,'28_16_74_36_46_53_61_68',319),(318,77,'28_16_67_50_46_53_61_68',319),(319,77,'28_16_56_47_8_29_73_62',319),(320,77,'28_16_56_47_8_29_50_46_62',319),(321,77,'28_16_67_27_2_15_36_46_53_61_68',319),(322,77,'28_16_56_47_15_36_46_53_61_68',319),(323,77,'28_16_56_47_8_29_73_53_61_68',319),(324,77,'28_16_56_47_8_29_50_46_53_61_68',319),(325,77,'28_16_67_27_2',132),(326,77,'28_16_56_47',132),(327,77,'28_52_59',153),(328,77,'28_52_63_32',153),(329,77,'28_52_44_32',153),(330,77,'28_38_45',186),(331,77,'28_52_25_39',186),(332,77,'28_52_21_36',186),(333,77,'28_16_74_36',186),(334,77,'28_16_67_50',186),(335,77,'28_16_67_73_39',186),(336,77,'28_16_40_69_39',186),(337,77,'28_16_40_61_68_48_39',186),(338,77,'28_16_67_27_2_15_36',186),(339,77,'28_16_56_47_15_36',186),(340,77,'28_16_56_47_8_29_50',186),(341,77,'28_16_56_47_8_29_73_39',186),(342,77,'28_38_45_23',202),(343,77,'28_52_25_39_23',202),(344,77,'28_52_21_36_23',202),(345,77,'28_16_74_36_23',202),(346,77,'28_16_67_50_23',202),(347,77,'28_16_67_73_39_23',202),(348,77,'28_16_40_69_39_23',202),(349,77,'28_16_40_61_68_48_39_23',202),(350,77,'28_16_67_27_2_15_36_23',202),(351,77,'28_16_56_47_15_36_23',202),(352,77,'28_16_56_47_8_29_50_23',202),(353,77,'28_16_56_47_8_29_73_39_23',202),(354,77,'28_38_45_46',249),(355,77,'28_52_25',249),(356,77,'28_16_67_73',249),(357,77,'28_16_40_69',249),(358,77,'28_52_21_36_46',249),(359,77,'28_16_74_36_46',249),(360,77,'28_16_67_50_46',249),(361,77,'28_16_40_61_68_48',249),(362,77,'28_16_67_27_2_15_36_46',249),(363,77,'28_16_56_47_15_36_46',249),(364,77,'28_16_56_47_8_29_73',249),(365,77,'28_16_56_47_8_29_50_46',249),(366,77,'28_38_45_18',55),(367,77,'28_52_25_39_18',55),(368,77,'28_52_21_36_18',55),(369,77,'28_16_74_36_18',55),(370,77,'28_16_67_50_18',55),(371,77,'28_16_67_73_39_18',55),(372,77,'28_16_40_69_39_18',55),(373,77,'28_16_40_61_68_48_39_18',55),(374,77,'28_16_67_27_2_15_36_18',55),(375,77,'28_16_56_47_15_36_18',55),(376,77,'28_16_56_47_8_29_50_18',55),(377,77,'28_16_56_47_8_29_73_39_18',55),(378,77,'28_55',127),(379,77,'28',161),(380,77,'28_38_45_24',224),(381,77,'28_52_25_39_24',224),(382,77,'28_52_21_36_24',224),(383,77,'28_16_74_36_24',224),(384,77,'28_16_67_50_24',224),(385,77,'28_16_67_73_39_24',224),(386,77,'28_16_40_69_39_24',224),(387,77,'28_16_40_61_68_48_39_24',224),(388,77,'28_16_67_27_2_15_36_24',224),(389,77,'28_16_56_47_15_36_24',224),(390,77,'28_16_56_47_8_29_50_24',224),(391,77,'28_16_56_47_8_29_73_39_24',224),(392,77,'28_33',373),(393,77,'28_22',373),(394,77,'28_38_45_46_62_5_66',373),(395,77,'28_38_45_46_53_61_66',373),(396,77,'28_52_25_53_61_66',373),(397,77,'28_16_40_61_66',373),(398,77,'28_52_25_62_5_66',373),(399,77,'28_16_67_73_62_5_66',373),(400,77,'28_16_40_69_62_5_66',373),(401,77,'28_52_21_36_46_62_5_66',373),(402,77,'28_16_74_36_46_62_5_66',373),(403,77,'28_16_67_50_46_62_5_66',373),(404,77,'28_16_67_73_53_61_66',373),(405,77,'28_52_21_36_46_53_61_66',373),(406,77,'28_16_74_36_46_53_61_66',373),(407,77,'28_16_67_50_46_53_61_66',373),(408,77,'28_16_67_27_2_15_36_46_62_5_66',373),(409,77,'28_16_56_47_15_36_46_62_5_66',373),(410,77,'28_16_67_27_2_15_36_46_53_61_66',373),(411,77,'28_16_56_47_15_36_46_53_61_66',373),(412,77,'28_16_56_47_8_29_73_62_5_66',373),(413,77,'28_16_56_47_8_29_50_46_62_5_66',373),(414,77,'28_16_56_47_8_29_73_53_61_66',373),(415,77,'28_16_56_47_8_29_50_46_53_61_66',373),(416,77,'28_16_67',138),(417,77,'28_16_56_47_8_29',138),(418,77,'28_52_63',58),(419,77,'28_52_44',58),(420,81,'6',215),(421,81,'6_60_72',8),(422,81,'6_60',219),(423,110,'36_23',202),(424,110,'36',186),(425,110,'36_46',249),(426,110,'36_18',55),(427,110,'36_46_53',150),(428,110,'36_46_62_5_14',150),(429,110,'36_24',224),(430,110,'36_46_62_5_66',373),(431,110,'36_46_53_61_66',373),(432,110,'36_49',92),(433,110,'36_46_62_5',282),(434,110,'36_46_53_61',282),(435,110,'30',17),(436,110,'36_77',17),(437,110,'36_46_62',319),(438,110,'36_46_53_61_68',319),(439,127,'13_16_56',280),(440,127,'13_16',25),(441,127,'13_52_21',110),(442,127,'13_16_74',110),(443,127,'13_16_67_27_2_15',110),(444,127,'13_16_56_47_15',110),(445,127,'13_38',178),(446,127,'13_38_45_46_53',150),(447,127,'13_52_25_53',150),(448,127,'13_38_45_46_62_5_14',150),(449,127,'13_16_40',150),(450,127,'13_16_67_73_53',150),(451,127,'13_52_21_36_46_53',150),(452,127,'13_16_74_36_46_53',150),(453,127,'13_16_67_50_46_53',150),(454,127,'13_52_25_62_5_14',150),(455,127,'13_16_67_73_62_5_14',150),(456,127,'13_52_21_36_46_62_5_14',150),(457,127,'13_16_74_36_46_62_5_14',150),(458,127,'13_16_67_50_46_62_5_14',150),(459,127,'13_16_67_27_2_15_36_46_53',150),(460,127,'13_16_56_47_15_36_46_53',150),(461,127,'13_16_67_27_2_15_36_46_62_5_14',150),(462,127,'13_16_56_47_15_36_46_62_5_14',150),(463,127,'13_16_56_47_8_29_73_53',150),(464,127,'13_16_56_47_8_29_50_46_53',150),(465,127,'13_16_56_47_8_29_73_62_5_14',150),(466,127,'13_16_56_47_8_29_50_46_62_5_14',150),(467,127,'13_38_45_49',92),(468,127,'13_52_25_39_49',92),(469,127,'13_52_21_36_49',92),(470,127,'13_16_74_36_49',92),(471,127,'13_16_67_50_49',92),(472,127,'13_16_67_73_39_49',92),(473,127,'13_16_40_69_39_49',92),(474,127,'13_16_40_61_68_48_39_49',92),(475,127,'13_16_67_27_2_15_36_49',92),(476,127,'13_16_56_47_15_36_49',92),(477,127,'13_16_56_47_8_29_50_49',92),(478,127,'13_16_56_47_8_29_73_39_49',92),(479,127,'13_19',182),(480,127,'13_38_45_46_62_5',282),(481,127,'13_38_45_46_53_61',282),(482,127,'13_52_25_53_61',282),(483,127,'13_16_40_61',282),(484,127,'13_52_25_62_5',282),(485,127,'13_16_67_73_62_5',282),(486,127,'13_16_40_69_62_5',282),(487,127,'13_52_21_36_46_62_5',282),(488,127,'13_16_74_36_46_62_5',282),(489,127,'13_16_67_50_46_62_5',282),(490,127,'13_16_67_73_53_61',282),(491,127,'13_52_21_36_46_53_61',282),(492,127,'13_16_74_36_46_53_61',282),(493,127,'13_16_67_50_46_53_61',282),(494,127,'13_16_67_27_2_15_36_46_62_5',282),(495,127,'13_16_56_47_15_36_46_62_5',282),(496,127,'13_16_67_27_2_15_36_46_53_61',282),(497,127,'13_16_56_47_15_36_46_53_61',282),(498,127,'13_16_56_47_8_29_73_62_5',282),(499,127,'13_16_56_47_8_29_50_46_62_5',282),(500,127,'13_16_56_47_8_29_73_53_61',282),(501,127,'13_16_56_47_8_29_50_46_53_61',282),(502,127,'13_52_21_30',17),(503,127,'13_38_45_77',17),(504,127,'13_52_25_39_77',17),(505,127,'13_16_74_30',17),(506,127,'13_16_67_27_2_15_30',17),(507,127,'13_16_56_47_15_30',17),(508,127,'13_52_21_36_77',17),(509,127,'13_16_74_36_77',17),(510,127,'13_16_67_50_77',17),(511,127,'13_16_67_73_39_77',17),(512,127,'13_16_40_69_39_77',17),(513,127,'13_16_40_61_68_48_39_77',17),(514,127,'13_16_67_27_2_15_36_77',17),(515,127,'13_16_56_47_15_36_77',17),(516,127,'13_16_56_47_8_29_50_77',17),(517,127,'13_16_56_47_8_29_73_39_77',17),(518,127,'13_16_67_27',228),(519,127,'13_16_56_47_8',228),(520,127,'13_4',77),(521,127,'13_52',287),(522,127,'13_38_45_46_62',319),(523,127,'13_52_25_62',319),(524,127,'13_16_67_73_62',319),(525,127,'13_16_40_69_62',319),(526,127,'13_52_21_36_46_62',319),(527,127,'13_16_74_36_46_62',319),(528,127,'13_16_67_50_46_62',319),(529,127,'13_38_45_46_53_61_68',319),(530,127,'13_52_25_53_61_68',319),(531,127,'13_16_40_61_68',319),(532,127,'13_16_67_27_2_15_36_46_62',319),(533,127,'13_16_56_47_15_36_46_62',319),(534,127,'13_16_67_73_53_61_68',319),(535,127,'13_52_21_36_46_53_61_68',319),(536,127,'13_16_74_36_46_53_61_68',319),(537,127,'13_16_67_50_46_53_61_68',319),(538,127,'13_16_56_47_8_29_73_62',319),(539,127,'13_16_56_47_8_29_50_46_62',319),(540,127,'13_16_67_27_2_15_36_46_53_61_68',319),(541,127,'13_16_56_47_15_36_46_53_61_68',319),(542,127,'13_16_56_47_8_29_73_53_61_68',319),(543,127,'13_16_56_47_8_29_50_46_53_61_68',319),(544,127,'13_16_67_27_2',132),(545,127,'13_16_56_47',132),(546,127,'13_52_59',153),(547,127,'13_52_63_32',153),(548,127,'13_52_44_32',153),(549,127,'13_38_45',186),(550,127,'13_52_25_39',186),(551,127,'13_52_21_36',186),(552,127,'13_16_74_36',186),(553,127,'13_16_67_50',186),(554,127,'13_16_67_73_39',186),(555,127,'13_16_40_69_39',186),(556,127,'13_16_40_61_68_48_39',186),(557,127,'13_16_67_27_2_15_36',186),(558,127,'13_16_56_47_15_36',186),(559,127,'13_16_56_47_8_29_50',186),(560,127,'13_16_56_47_8_29_73_39',186),(561,127,'13_38_45_23',202),(562,127,'13_52_25_39_23',202),(563,127,'13_52_21_36_23',202),(564,127,'13_16_74_36_23',202),(565,127,'13_16_67_50_23',202),(566,127,'13_16_67_73_39_23',202),(567,127,'13_16_40_69_39_23',202),(568,127,'13_16_40_61_68_48_39_23',202),(569,127,'13_16_67_27_2_15_36_23',202),(570,127,'13_16_56_47_15_36_23',202),(571,127,'13_16_56_47_8_29_50_23',202),(572,127,'13_16_56_47_8_29_73_39_23',202),(573,127,'13_38_45_46',249),(574,127,'13_52_25',249),(575,127,'13_16_67_73',249),(576,127,'13_16_40_69',249),(577,127,'13_52_21_36_46',249),(578,127,'13_16_74_36_46',249),(579,127,'13_16_67_50_46',249),(580,127,'13_16_40_61_68_48',249),(581,127,'13_16_67_27_2_15_36_46',249),(582,127,'13_16_56_47_15_36_46',249),(583,127,'13_16_56_47_8_29_73',249),(584,127,'13_16_56_47_8_29_50_46',249),(585,127,'13_38_45_18',55),(586,127,'13_52_25_39_18',55),(587,127,'13_52_21_36_18',55),(588,127,'13_16_74_36_18',55),(589,127,'13_16_67_50_18',55),(590,127,'13_16_67_73_39_18',55),(591,127,'13_16_40_69_39_18',55),(592,127,'13_16_40_61_68_48_39_18',55),(593,127,'13_16_67_27_2_15_36_18',55),(594,127,'13_16_56_47_15_36_18',55),(595,127,'13_16_56_47_8_29_50_18',55),(596,127,'13_16_56_47_8_29_73_39_18',55),(597,127,'13',161),(598,127,'13_38_45_24',224),(599,127,'13_52_25_39_24',224),(600,127,'13_52_21_36_24',224),(601,127,'13_16_74_36_24',224),(602,127,'13_16_67_50_24',224),(603,127,'13_16_67_73_39_24',224),(604,127,'13_16_40_69_39_24',224),(605,127,'13_16_40_61_68_48_39_24',224),(606,127,'13_16_67_27_2_15_36_24',224),(607,127,'13_16_56_47_15_36_24',224),(608,127,'13_16_56_47_8_29_50_24',224),(609,127,'13_16_56_47_8_29_73_39_24',224),(610,127,'13_33',373),(611,127,'13_22',373),(612,127,'13_38_45_46_62_5_66',373),(613,127,'13_38_45_46_53_61_66',373),(614,127,'13_52_25_53_61_66',373),(615,127,'13_16_40_61_66',373),(616,127,'13_52_25_62_5_66',373),(617,127,'13_16_67_73_62_5_66',373),(618,127,'13_16_40_69_62_5_66',373),(619,127,'13_52_21_36_46_62_5_66',373),(620,127,'13_16_74_36_46_62_5_66',373),(621,127,'13_16_67_50_46_62_5_66',373),(622,127,'13_16_67_73_53_61_66',373),(623,127,'13_52_21_36_46_53_61_66',373),(624,127,'13_16_74_36_46_53_61_66',373),(625,127,'13_16_67_50_46_53_61_66',373),(626,127,'13_16_67_27_2_15_36_46_62_5_66',373),(627,127,'13_16_56_47_15_36_46_62_5_66',373),(628,127,'13_16_67_27_2_15_36_46_53_61_66',373),(629,127,'13_16_56_47_15_36_46_53_61_66',373),(630,127,'13_16_56_47_8_29_73_62_5_66',373),(631,127,'13_16_56_47_8_29_50_46_62_5_66',373),(632,127,'13_16_56_47_8_29_73_53_61_66',373),(633,127,'13_16_56_47_8_29_50_46_53_61_66',373),(634,127,'13_16_67',138),(635,127,'13_16_56_47_8_29',138),(636,127,'13_52_63',58),(637,127,'13_52_44',58),(638,132,'8_29_54_56',280),(639,132,'8_29_54',25),(640,132,'8_29_54_11_38',178),(641,132,'15',110),(642,132,'8_29_54_74',110),(643,132,'8_29_54_11_52_21',110),(644,132,'15_36_46_53',150),(645,132,'15_36_46_62_5_14',150),(646,132,'8_29_54_40',150),(647,132,'8_29_73_53',150),(648,132,'8_29_54_74_36_46_53',150),(649,132,'8_29_50_46_53',150),(650,132,'8_29_54_11_38_45_46_53',150),(651,132,'8_29_54_11_52_25_53',150),(652,132,'8_29_73_62_5_14',150),(653,132,'8_29_54_74_36_46_62_5_14',150),(654,132,'8_29_50_46_62_5_14',150),(655,132,'8_29_54_11_38_45_46_62_5_14',150),(656,132,'8_29_54_11_52_21_36_46_53',150),(657,132,'8_29_54_11_52_25_62_5_14',150),(658,132,'8_29_54_11_52_21_36_46_62_5_14',150),(659,132,'8_29_54_11_19',182),(660,132,'15_36_49',92),(661,132,'8_29_54_74_36_49',92),(662,132,'8_29_50_49',92),(663,132,'8_29_54_11_38_45_49',92),(664,132,'8_29_73_39_49',92),(665,132,'8_29_54_40_69_39_49',92),(666,132,'8_29_54_11_52_25_39_49',92),(667,132,'8_29_54_40_61_68_48_39_49',92),(668,132,'8_29_54_11_52_21_36_49',92),(669,132,'15_36_46_62_5',282),(670,132,'15_36_46_53_61',282),(671,132,'8_29_54_40_61',282),(672,132,'8_29_73_62_5',282),(673,132,'8_29_54_40_69_62_5',282),(674,132,'8_29_54_74_36_46_62_5',282),(675,132,'8_29_50_46_62_5',282),(676,132,'8_29_54_11_38_45_46_62_5',282),(677,132,'8_29_73_53_61',282),(678,132,'8_29_54_74_36_46_53_61',282),(679,132,'8_29_50_46_53_61',282),(680,132,'8_29_54_11_38_45_46_53_61',282),(681,132,'8_29_54_11_52_25_53_61',282),(682,132,'8_29_54_11_52_25_62_5',282),(683,132,'8_29_54_11_52_21_36_46_62_5',282),(684,132,'8_29_54_11_52_21_36_46_53_61',282),(685,132,'15_30',17),(686,132,'15_36_77',17),(687,132,'8_29_54_74_30',17),(688,132,'8_29_54_11_52_21_30',17),(689,132,'8_29_54_74_36_77',17),(690,132,'8_29_50_77',17),(691,132,'8_29_54_11_38_45_77',17),(692,132,'8_29_73_39_77',17),(693,132,'8_29_54_40_69_39_77',17),(694,132,'8_29_54_11_52_25_39_77',17),(695,132,'8_29_54_40_61_68_48_39_77',17),(696,132,'8_29_54_11_52_21_36_77',17),(697,132,'8',228),(698,132,'8_29_54_11_4',77),(699,132,'8_29_54_11_52',287),(700,132,'15_36_46_62',319),(701,132,'8_29_73_62',319),(702,132,'8_29_54_40_69_62',319),(703,132,'8_29_54_74_36_46_62',319),(704,132,'8_29_50_46_62',319),(705,132,'8_29_54_11_38_45_46_62',319),(706,132,'15_36_46_53_61_68',319),(707,132,'8_29_54_40_61_68',319),(708,132,'8_29_54_11_52_25_62',319),(709,132,'8_29_54_11_52_21_36_46_62',319),(710,132,'8_29_73_53_61_68',319),(711,132,'8_29_54_74_36_46_53_61_68',319),(712,132,'8_29_50_46_53_61_68',319),(713,132,'8_29_54_11_38_45_46_53_61_68',319),(714,132,'8_29_54_11_52_25_53_61_68',319),(715,132,'8_29_54_11_52_21_36_46_53_61_68',319),(716,132,'8_29_54_11_52_59',153),(717,132,'8_29_54_11_52_63_32',153),(718,132,'8_29_54_11_52_44_32',153),(719,132,'15_36',186),(720,132,'8_29_54_74_36',186),(721,132,'8_29_50',186),(722,132,'8_29_54_11_38_45',186),(723,132,'8_29_73_39',186),(724,132,'8_29_54_40_69_39',186),(725,132,'8_29_54_11_52_25_39',186),(726,132,'8_29_54_40_61_68_48_39',186),(727,132,'8_29_54_11_52_21_36',186),(728,132,'15_36_23',202),(729,132,'8_29_54_74_36_23',202),(730,132,'8_29_50_23',202),(731,132,'8_29_54_11_38_45_23',202),(732,132,'8_29_73_39_23',202),(733,132,'8_29_54_40_69_39_23',202),(734,132,'8_29_54_11_52_25_39_23',202),(735,132,'8_29_54_40_61_68_48_39_23',202),(736,132,'8_29_54_11_52_21_36_23',202),(737,132,'15_36_46',249),(738,132,'8_29_73',249),(739,132,'8_29_54_40_69',249),(740,132,'8_29_54_74_36_46',249),(741,132,'8_29_50_46',249),(742,132,'8_29_54_11_38_45_46',249),(743,132,'8_29_54_11_52_25',249),(744,132,'8_29_54_40_61_68_48',249),(745,132,'8_29_54_11_52_21_36_46',249),(746,132,'15_36_18',55),(747,132,'8_29_54_74_36_18',55),(748,132,'8_29_50_18',55),(749,132,'8_29_54_11_38_45_18',55),(750,132,'8_29_73_39_18',55),(751,132,'8_29_54_40_69_39_18',55),(752,132,'8_29_54_11_52_25_39_18',55),(753,132,'8_29_54_40_61_68_48_39_18',55),(754,132,'8_29_54_11_52_21_36_18',55),(755,132,'8_29_54_11_55',127),(756,132,'8_29_54_11',161),(757,132,'15_36_24',224),(758,132,'8_29_54_74_36_24',224),(759,132,'8_29_50_24',224),(760,132,'8_29_54_11_38_45_24',224),(761,132,'8_29_73_39_24',224),(762,132,'8_29_54_40_69_39_24',224),(763,132,'8_29_54_11_52_25_39_24',224),(764,132,'8_29_54_40_61_68_48_39_24',224),(765,132,'8_29_54_11_52_21_36_24',224),(766,132,'8_29_54_11_33',373),(767,132,'8_29_54_11_22',373),(768,132,'15_36_46_62_5_66',373),(769,132,'15_36_46_53_61_66',373),(770,132,'8_29_54_40_61_66',373),(771,132,'8_29_73_62_5_66',373),(772,132,'8_29_54_40_69_62_5_66',373),(773,132,'8_29_54_74_36_46_62_5_66',373),(774,132,'8_29_50_46_62_5_66',373),(775,132,'8_29_54_11_38_45_46_62_5_66',373),(776,132,'8_29_73_53_61_66',373),(777,132,'8_29_54_74_36_46_53_61_66',373),(778,132,'8_29_50_46_53_61_66',373),(779,132,'8_29_54_11_38_45_46_53_61_66',373),(780,132,'8_29_54_11_52_25_53_61_66',373),(781,132,'8_29_54_11_52_25_62_5_66',373),(782,132,'8_29_54_11_52_21_36_46_62_5_66',373),(783,132,'8_29_54_11_52_21_36_46_53_61_66',373),(784,132,'8_29',138),(785,132,'8_29_54_11_52_63',58),(786,132,'8_29_54_11_52_44',58),(787,138,'54_56',280),(788,138,'54',25),(789,138,'54_74',110),(790,138,'27_2_15',110),(791,138,'54_56_47_15',110),(792,138,'54_11_52_21',110),(793,138,'54_11_38',178),(794,138,'54_40',150),(795,138,'73_53',150),(796,138,'50_46_53',150),(797,138,'54_74_36_46_53',150),(798,138,'54_11_38_45_46_53',150),(799,138,'54_11_52_25_53',150),(800,138,'73_62_5_14',150),(801,138,'50_46_62_5_14',150),(802,138,'54_74_36_46_62_5_14',150),(803,138,'54_11_38_45_46_62_5_14',150),(804,138,'27_2_15_36_46_53',150),(805,138,'54_56_47_15_36_46_53',150),(806,138,'54_11_52_21_36_46_53',150),(807,138,'54_11_52_25_62_5_14',150),(808,138,'27_2_15_36_46_62_5_14',150),(809,138,'54_56_47_15_36_46_62_5_14',150),(810,138,'54_11_52_21_36_46_62_5_14',150),(811,138,'50_49',92),(812,138,'54_74_36_49',92),(813,138,'54_11_38_45_49',92),(814,138,'73_39_49',92),(815,138,'54_40_69_39_49',92),(816,138,'54_11_52_25_39_49',92),(817,138,'54_40_61_68_48_39_49',92),(818,138,'27_2_15_36_49',92),(819,138,'54_56_47_15_36_49',92),(820,138,'54_11_52_21_36_49',92),(821,138,'54_11_19',182),(822,138,'54_40_61',282),(823,138,'73_62_5',282),(824,138,'54_40_69_62_5',282),(825,138,'50_46_62_5',282),(826,138,'54_74_36_46_62_5',282),(827,138,'54_11_38_45_46_62_5',282),(828,138,'73_53_61',282),(829,138,'50_46_53_61',282),(830,138,'54_74_36_46_53_61',282),(831,138,'54_11_38_45_46_53_61',282),(832,138,'54_11_52_25_53_61',282),(833,138,'54_11_52_25_62_5',282),(834,138,'27_2_15_36_46_62_5',282),(835,138,'54_56_47_15_36_46_62_5',282),(836,138,'54_11_52_21_36_46_62_5',282),(837,138,'27_2_15_36_46_53_61',282),(838,138,'54_56_47_15_36_46_53_61',282),(839,138,'54_11_52_21_36_46_53_61',282),(840,138,'54_74_30',17),(841,138,'27_2_15_30',17),(842,138,'54_56_47_15_30',17),(843,138,'54_11_52_21_30',17),(844,138,'50_77',17),(845,138,'54_74_36_77',17),(846,138,'54_11_38_45_77',17),(847,138,'73_39_77',17),(848,138,'54_40_69_39_77',17),(849,138,'54_11_52_25_39_77',17),(850,138,'54_40_61_68_48_39_77',17),(851,138,'27_2_15_36_77',17),(852,138,'54_56_47_15_36_77',17),(853,138,'54_11_52_21_36_77',17),(854,138,'27',228),(855,138,'54_56_47_8',228),(856,138,'54_11_4',77),(857,138,'73_62',319),(858,138,'54_40_69_62',319),(859,138,'50_46_62',319),(860,138,'54_74_36_46_62',319),(861,138,'54_11_38_45_46_62',319),(862,138,'54_40_61_68',319),(863,138,'54_11_52_25_62',319),(864,138,'27_2_15_36_46_62',319),(865,138,'54_56_47_15_36_46_62',319),(866,138,'54_11_52_21_36_46_62',319),(867,138,'73_53_61_68',319),(868,138,'50_46_53_61_68',319),(869,138,'54_74_36_46_53_61_68',319),(870,138,'54_11_38_45_46_53_61_68',319),(871,138,'54_11_52_25_53_61_68',319),(872,138,'27_2_15_36_46_53_61_68',319),(873,138,'54_56_47_15_36_46_53_61_68',319),(874,138,'54_11_52_21_36_46_53_61_68',319),(875,138,'54_11_52',287),(876,138,'27_2',132),(877,138,'54_56_47',132),(878,138,'54_11_52_59',153),(879,138,'54_11_52_63_32',153),(880,138,'54_11_52_44_32',153),(881,138,'50',186),(882,138,'54_74_36',186),(883,138,'54_11_38_45',186),(884,138,'73_39',186),(885,138,'54_40_69_39',186),(886,138,'54_11_52_25_39',186),(887,138,'54_40_61_68_48_39',186),(888,138,'27_2_15_36',186),(889,138,'54_56_47_15_36',186),(890,138,'54_11_52_21_36',186),(891,138,'50_23',202),(892,138,'54_74_36_23',202),(893,138,'54_11_38_45_23',202),(894,138,'73_39_23',202),(895,138,'54_40_69_39_23',202),(896,138,'54_11_52_25_39_23',202),(897,138,'54_40_61_68_48_39_23',202),(898,138,'27_2_15_36_23',202),(899,138,'54_56_47_15_36_23',202),(900,138,'54_11_52_21_36_23',202),(901,138,'73',249),(902,138,'54_40_69',249),(903,138,'50_46',249),(904,138,'54_74_36_46',249),(905,138,'54_11_38_45_46',249),(906,138,'54_11_52_25',249),(907,138,'54_40_61_68_48',249),(908,138,'27_2_15_36_46',249),(909,138,'54_56_47_15_36_46',249),(910,138,'54_11_52_21_36_46',249),(911,138,'50_18',55),(912,138,'54_74_36_18',55),(913,138,'54_11_38_45_18',55),(914,138,'73_39_18',55),(915,138,'54_40_69_39_18',55),(916,138,'54_11_52_25_39_18',55),(917,138,'54_40_61_68_48_39_18',55),(918,138,'27_2_15_36_18',55),(919,138,'54_56_47_15_36_18',55),(920,138,'54_11_52_21_36_18',55),(921,138,'54_11_55',127),(922,138,'54_11',161),(923,138,'50_24',224),(924,138,'54_74_36_24',224),(925,138,'54_11_38_45_24',224),(926,138,'73_39_24',224),(927,138,'54_40_69_39_24',224),(928,138,'54_11_52_25_39_24',224),(929,138,'54_40_61_68_48_39_24',224),(930,138,'27_2_15_36_24',224),(931,138,'54_56_47_15_36_24',224),(932,138,'54_11_52_21_36_24',224),(933,138,'54_11_33',373),(934,138,'54_11_22',373),(935,138,'54_40_61_66',373),(936,138,'73_62_5_66',373),(937,138,'54_40_69_62_5_66',373),(938,138,'50_46_62_5_66',373),(939,138,'54_74_36_46_62_5_66',373),(940,138,'54_11_38_45_46_62_5_66',373),(941,138,'73_53_61_66',373),(942,138,'50_46_53_61_66',373),(943,138,'54_74_36_46_53_61_66',373),(944,138,'54_11_38_45_46_53_61_66',373),(945,138,'54_11_52_25_53_61_66',373),(946,138,'54_11_52_25_62_5_66',373),(947,138,'27_2_15_36_46_62_5_66',373),(948,138,'54_56_47_15_36_46_62_5_66',373),(949,138,'54_11_52_21_36_46_62_5_66',373),(950,138,'27_2_15_36_46_53_61_66',373),(951,138,'54_56_47_15_36_46_53_61_66',373),(952,138,'54_11_52_21_36_46_53_61_66',373),(953,138,'54_11_52_63',58),(954,138,'54_11_52_44',58),(955,145,'76_38',178),(956,145,'76_19',182),(957,145,'76_38_45_49',92),(958,145,'64_12_49',92),(959,145,'76_52_25_39_49',92),(960,145,'64_9_25_39_49',92),(961,145,'76_52_21_36_49',92),(962,145,'64_9_21_36_49',92),(963,145,'76_16_74_36_49',92),(964,145,'76_16_67_50_49',92),(965,145,'76_16_67_73_39_49',92),(966,145,'76_16_40_69_39_49',92),(967,145,'76_16_40_61_68_48_39_49',92),(968,145,'76_16_67_27_2_15_36_49',92),(969,145,'76_16_56_47_15_36_49',92),(970,145,'76_16_56_47_8_29_50_49',92),(971,145,'76_16_56_47_8_29_73_39_49',92),(972,145,'76_38_45_46_62_5',282),(973,145,'76_38_45_46_53_61',282),(974,145,'76_52_25_53_61',282),(975,145,'64_9_25_53_61',282),(976,145,'76_16_40_61',282),(977,145,'76_52_25_62_5',282),(978,145,'64_9_25_62_5',282),(979,145,'76_16_67_73_62_5',282),(980,145,'76_16_40_69_62_5',282),(981,145,'64_12_46_62_5',282),(982,145,'76_52_21_36_46_62_5',282),(983,145,'64_9_21_36_46_62_5',282),(984,145,'76_16_74_36_46_62_5',282),(985,145,'76_16_67_50_46_62_5',282),(986,145,'76_16_67_73_53_61',282),(987,145,'64_12_46_53_61',282),(988,145,'76_52_21_36_46_53_61',282),(989,145,'64_9_21_36_46_53_61',282),(990,145,'76_16_74_36_46_53_61',282),(991,145,'76_16_67_50_46_53_61',282),(992,145,'76_16_67_27_2_15_36_46_62_5',282),(993,145,'76_16_56_47_15_36_46_62_5',282),(994,145,'76_16_67_27_2_15_36_46_53_61',282),(995,145,'76_16_56_47_15_36_46_53_61',282),(996,145,'76_16_56_47_8_29_73_62_5',282),(997,145,'76_16_56_47_8_29_50_46_62_5',282),(998,145,'76_16_56_47_8_29_73_53_61',282),(999,145,'76_16_56_47_8_29_50_46_53_61',282),(1000,145,'64',205),(1001,145,'76_38_45_46_62',319),(1002,145,'76_52_25_62',319),(1003,145,'64_9_25_62',319),(1004,145,'76_16_67_73_62',319),(1005,145,'76_16_40_69_62',319),(1006,145,'64_12_46_62',319),(1007,145,'76_52_21_36_46_62',319),(1008,145,'64_9_21_36_46_62',319),(1009,145,'76_16_74_36_46_62',319),(1010,145,'76_16_67_50_46_62',319),(1011,145,'76_38_45_46_53_61_68',319),(1012,145,'76_52_25_53_61_68',319),(1013,145,'64_9_25_53_61_68',319),(1014,145,'76_16_40_61_68',319),(1015,145,'76_16_67_27_2_15_36_46_62',319),(1016,145,'76_16_56_47_15_36_46_62',319),(1017,145,'76_16_67_73_53_61_68',319),(1018,145,'64_12_46_53_61_68',319),(1019,145,'76_52_21_36_46_53_61_68',319),(1020,145,'64_9_21_36_46_53_61_68',319),(1021,145,'76_16_74_36_46_53_61_68',319),(1022,145,'76_16_67_50_46_53_61_68',319),(1023,145,'76_16_56_47_8_29_73_62',319),(1024,145,'76_16_56_47_8_29_50_46_62',319),(1025,145,'76_16_67_27_2_15_36_46_53_61_68',319),(1026,145,'76_16_56_47_15_36_46_53_61_68',319),(1027,145,'76_16_56_47_8_29_73_53_61_68',319),(1028,145,'76_16_56_47_8_29_50_46_53_61_68',319),(1029,145,'76_52',287),(1030,145,'64_9',287),(1031,145,'76_16_67_27_2',132),(1032,145,'76_16_56_47',132),(1033,145,'76_38_45_23',202),(1034,145,'64_12_23',202),(1035,145,'76_52_25_39_23',202),(1036,145,'64_9_25_39_23',202),(1037,145,'76_52_21_36_23',202),(1038,145,'64_9_21_36_23',202),(1039,145,'76_16_74_36_23',202),(1040,145,'76_16_67_50_23',202),(1041,145,'76_16_67_73_39_23',202),(1042,145,'76_16_40_69_39_23',202),(1043,145,'76_16_40_61_68_48_39_23',202),(1044,145,'76_16_67_27_2_15_36_23',202),(1045,145,'76_16_56_47_15_36_23',202),(1046,145,'76_16_56_47_8_29_50_23',202),(1047,145,'76_16_56_47_8_29_73_39_23',202),(1048,145,'76_38_45',186),(1049,145,'64_12',186),(1050,145,'76_52_25_39',186),(1051,145,'64_9_25_39',186),(1052,145,'76_52_21_36',186),(1053,145,'64_9_21_36',186),(1054,145,'76_16_74_36',186),(1055,145,'76_16_67_50',186),(1056,145,'76_16_67_73_39',186),(1057,145,'76_16_40_69_39',186),(1058,145,'76_16_40_61_68_48_39',186),(1059,145,'76_16_67_27_2_15_36',186),(1060,145,'76_16_56_47_15_36',186),(1061,145,'76_16_56_47_8_29_50',186),(1062,145,'76_16_56_47_8_29_73_39',186),(1063,145,'76_38_45_46',249),(1064,145,'76_52_25',249),(1065,145,'64_9_25',249),(1066,145,'76_16_67_73',249),(1067,145,'76_16_40_69',249),(1068,145,'64_12_46',249),(1069,145,'76_52_21_36_46',249),(1070,145,'64_9_21_36_46',249),(1071,145,'76_16_74_36_46',249),(1072,145,'76_16_67_50_46',249),(1073,145,'76_16_40_61_68_48',249),(1074,145,'76_16_67_27_2_15_36_46',249),(1075,145,'76_16_56_47_15_36_46',249),(1076,145,'76_16_56_47_8_29_73',249),(1077,145,'76_16_56_47_8_29_50_46',249),(1078,145,'76_38_45_18',55),(1079,145,'64_12_18',55),(1080,145,'76_52_25_39_18',55),(1081,145,'64_9_25_39_18',55),(1082,145,'76_52_21_36_18',55),(1083,145,'64_9_21_36_18',55),(1084,145,'76_16_74_36_18',55),(1085,145,'76_16_67_50_18',55),(1086,145,'76_16_67_73_39_18',55),(1087,145,'76_16_40_69_39_18',55),(1088,145,'76_16_40_61_68_48_39_18',55),(1089,145,'76_16_67_27_2_15_36_18',55),(1090,145,'76_16_56_47_15_36_18',55),(1091,145,'76_16_56_47_8_29_50_18',55),(1092,145,'76_16_56_47_8_29_73_39_18',55),(1093,145,'76_55',127),(1094,145,'37',373),(1095,145,'76_33',373),(1096,145,'76_22',373),(1097,145,'76_38_45_46_62_5_66',373),(1098,145,'76_38_45_46_53_61_66',373),(1099,145,'76_52_25_53_61_66',373),(1100,145,'64_9_25_53_61_66',373),(1101,145,'76_16_40_61_66',373),(1102,145,'76_52_25_62_5_66',373),(1103,145,'64_9_25_62_5_66',373),(1104,145,'76_16_67_73_62_5_66',373),(1105,145,'76_16_40_69_62_5_66',373),(1106,145,'64_12_46_62_5_66',373),(1107,145,'76_52_21_36_46_62_5_66',373),(1108,145,'64_9_21_36_46_62_5_66',373),(1109,145,'76_16_74_36_46_62_5_66',373),(1110,145,'76_16_67_50_46_62_5_66',373),(1111,145,'76_16_67_73_53_61_66',373),(1112,145,'64_12_46_53_61_66',373),(1113,145,'76_52_21_36_46_53_61_66',373),(1114,145,'64_9_21_36_46_53_61_66',373),(1115,145,'76_16_74_36_46_53_61_66',373),(1116,145,'76_16_67_50_46_53_61_66',373),(1117,145,'76_16_67_27_2_15_36_46_62_5_66',373),(1118,145,'76_16_56_47_15_36_46_62_5_66',373),(1119,145,'76_16_67_27_2_15_36_46_53_61_66',373),(1120,145,'76_16_56_47_15_36_46_53_61_66',373),(1121,145,'76_16_56_47_8_29_73_62_5_66',373),(1122,145,'76_16_56_47_8_29_50_46_62_5_66',373),(1123,145,'76_16_56_47_8_29_73_53_61_66',373),(1124,145,'76_16_56_47_8_29_50_46_53_61_66',373),(1125,145,'76_16_67',138),(1126,145,'76_16_56_47_8_29',138),(1127,145,'76_16_56',280),(1128,145,'76_16',25),(1129,145,'76_52_21',110),(1130,145,'64_9_21',110),(1131,145,'76_16_74',110),(1132,145,'76_16_67_27_2_15',110),(1133,145,'76_16_56_47_15',110),(1134,145,'76_38_45_46_53',150),(1135,145,'76_52_25_53',150),(1136,145,'64_9_25_53',150),(1137,145,'76_38_45_46_62_5_14',150),(1138,145,'76_16_40',150),(1139,145,'76_16_67_73_53',150),(1140,145,'64_12_46_53',150),(1141,145,'76_52_21_36_46_53',150),(1142,145,'64_9_21_36_46_53',150),(1143,145,'76_16_74_36_46_53',150),(1144,145,'76_16_67_50_46_53',150),(1145,145,'76_52_25_62_5_14',150),(1146,145,'64_9_25_62_5_14',150),(1147,145,'76_16_67_73_62_5_14',150),(1148,145,'64_12_46_62_5_14',150),(1149,145,'76_52_21_36_46_62_5_14',150),(1150,145,'64_9_21_36_46_62_5_14',150),(1151,145,'76_16_74_36_46_62_5_14',150),(1152,145,'76_16_67_50_46_62_5_14',150),(1153,145,'76_16_67_27_2_15_36_46_53',150),(1154,145,'76_16_56_47_15_36_46_53',150),(1155,145,'76_16_67_27_2_15_36_46_62_5_14',150),(1156,145,'76_16_56_47_15_36_46_62_5_14',150),(1157,145,'76_16_56_47_8_29_73_53',150),(1158,145,'76_16_56_47_8_29_50_46_53',150),(1159,145,'76_16_56_47_8_29_73_62_5_14',150),(1160,145,'76_16_56_47_8_29_50_46_62_5_14',150),(1161,145,'76_52_21_30',17),(1162,145,'64_9_21_30',17),(1163,145,'76_38_45_77',17),(1164,145,'64_12_77',17),(1165,145,'76_52_25_39_77',17),(1166,145,'64_9_25_39_77',17),(1167,145,'76_16_74_30',17),(1168,145,'76_16_67_27_2_15_30',17),(1169,145,'76_16_56_47_15_30',17),(1170,145,'76_52_21_36_77',17),(1171,145,'64_9_21_36_77',17),(1172,145,'76_16_74_36_77',17),(1173,145,'76_16_67_50_77',17),(1174,145,'76_16_67_73_39_77',17),(1175,145,'76_16_40_69_39_77',17),(1176,145,'76_16_40_61_68_48_39_77',17),(1177,145,'76_16_67_27_2_15_36_77',17),(1178,145,'76_16_56_47_15_36_77',17),(1179,145,'76_16_56_47_8_29_50_77',17),(1180,145,'76_16_56_47_8_29_73_39_77',17),(1181,145,'76_16_67_27',228),(1182,145,'76_16_56_47_8',228),(1183,145,'76_4',77),(1184,145,'64_34',153),(1185,145,'76_52_59',153),(1186,145,'64_9_59',153),(1187,145,'76_52_63_32',153),(1188,145,'76_52_44_32',153),(1189,145,'64_9_63_32',153),(1190,145,'64_9_44_32',153),(1191,145,'76_38_45_24',224),(1192,145,'64_12_24',224),(1193,145,'76_52_25_39_24',224),(1194,145,'64_9_25_39_24',224),(1195,145,'76_52_21_36_24',224),(1196,145,'64_9_21_36_24',224),(1197,145,'76_16_74_36_24',224),(1198,145,'76_16_67_50_24',224),(1199,145,'76_16_67_73_39_24',224),(1200,145,'76_16_40_69_39_24',224),(1201,145,'76_16_40_61_68_48_39_24',224),(1202,145,'76_16_67_27_2_15_36_24',224),(1203,145,'76_16_56_47_15_36_24',224),(1204,145,'76_16_56_47_8_29_50_24',224),(1205,145,'76_16_56_47_8_29_73_39_24',224),(1206,145,'76',161),(1207,145,'76_52_63',58),(1208,145,'76_52_44',58),(1209,145,'64_9_63',58),(1210,145,'64_9_44',58),(1211,150,'69_39_23',202),(1212,150,'61_68_48_39_23',202),(1213,150,'69_39',186),(1214,150,'61_68_48_39',186),(1215,150,'69',249),(1216,150,'61_68_48',249),(1217,150,'69_39_18',55),(1218,150,'61_68_48_39_18',55),(1219,150,'69_39_24',224),(1220,150,'61_68_48_39_24',224),(1221,150,'61_66',373),(1222,150,'69_62_5_66',373),(1223,150,'69_39_49',92),(1224,150,'61_68_48_39_49',92),(1225,150,'61',282),(1226,150,'69_62_5',282),(1227,150,'69_39_77',17),(1228,150,'61_68_48_39_77',17),(1229,150,'69_62',319),(1230,150,'61_68',319),(1231,161,'38',178),(1232,161,'51_38',178),(1233,161,'75_38',178),(1234,161,'19',182),(1235,161,'51_19',182),(1236,161,'75_19',182),(1237,161,'16_74_36_49',92),(1238,161,'16_67_50_49',92),(1239,161,'38_45_49',92),(1240,161,'51_38_45_49',92),(1241,161,'75_38_45_49',92),(1242,161,'16_67_73_39_49',92),(1243,161,'16_40_69_39_49',92),(1244,161,'52_25_39_49',92),(1245,161,'51_52_25_39_49',92),(1246,161,'75_52_25_39_49',92),(1247,161,'16_40_61_68_48_39_49',92),(1248,161,'16_67_27_2_15_36_49',92),(1249,161,'16_56_47_15_36_49',92),(1250,161,'52_21_36_49',92),(1251,161,'51_52_21_36_49',92),(1252,161,'75_52_21_36_49',92),(1253,161,'51_16_74_36_49',92),(1254,161,'75_16_74_36_49',92),(1255,161,'51_16_67_50_49',92),(1256,161,'75_16_67_50_49',92),(1257,161,'51_16_67_73_39_49',92),(1258,161,'75_16_67_73_39_49',92),(1259,161,'51_16_40_69_39_49',92),(1260,161,'75_16_40_69_39_49',92),(1261,161,'51_16_40_61_68_48_39_49',92),(1262,161,'75_16_40_61_68_48_39_49',92),(1263,161,'51_16_67_27_2_15_36_49',92),(1264,161,'75_16_67_27_2_15_36_49',92),(1265,161,'51_16_56_47_15_36_49',92),(1266,161,'75_16_56_47_15_36_49',92),(1267,161,'16_56_47_8_29_50_49',92),(1268,161,'16_56_47_8_29_73_39_49',92),(1269,161,'51_16_56_47_8_29_50_49',92),(1270,161,'75_16_56_47_8_29_50_49',92),(1271,161,'51_16_56_47_8_29_73_39_49',92),(1272,161,'75_16_56_47_8_29_73_39_49',92),(1273,161,'16_40_61',282),(1274,161,'16_67_73_62_5',282),(1275,161,'16_40_69_62_5',282),(1276,161,'16_74_36_46_62_5',282),(1277,161,'16_67_50_46_62_5',282),(1278,161,'38_45_46_62_5',282),(1279,161,'51_38_45_46_62_5',282),(1280,161,'75_38_45_46_62_5',282),(1281,161,'16_67_73_53_61',282),(1282,161,'16_74_36_46_53_61',282),(1283,161,'16_67_50_46_53_61',282),(1284,161,'38_45_46_53_61',282),(1285,161,'51_38_45_46_53_61',282),(1286,161,'75_38_45_46_53_61',282),(1287,161,'52_25_53_61',282),(1288,161,'51_52_25_53_61',282),(1289,161,'75_52_25_53_61',282),(1290,161,'51_16_40_61',282),(1291,161,'75_16_40_61',282),(1292,161,'52_25_62_5',282),(1293,161,'51_52_25_62_5',282),(1294,161,'75_52_25_62_5',282),(1295,161,'51_16_67_73_62_5',282),(1296,161,'75_16_67_73_62_5',282),(1297,161,'51_16_40_69_62_5',282),(1298,161,'75_16_40_69_62_5',282),(1299,161,'16_67_27_2_15_36_46_62_5',282),(1300,161,'16_56_47_15_36_46_62_5',282),(1301,161,'52_21_36_46_62_5',282),(1302,161,'51_52_21_36_46_62_5',282),(1303,161,'75_52_21_36_46_62_5',282),(1304,161,'51_16_74_36_46_62_5',282),(1305,161,'75_16_74_36_46_62_5',282),(1306,161,'51_16_67_50_46_62_5',282),(1307,161,'75_16_67_50_46_62_5',282),(1308,161,'51_16_67_73_53_61',282),(1309,161,'75_16_67_73_53_61',282),(1310,161,'16_67_27_2_15_36_46_53_61',282),(1311,161,'16_56_47_15_36_46_53_61',282),(1312,161,'52_21_36_46_53_61',282),(1313,161,'51_52_21_36_46_53_61',282),(1314,161,'75_52_21_36_46_53_61',282),(1315,161,'51_16_74_36_46_53_61',282),(1316,161,'75_16_74_36_46_53_61',282),(1317,161,'51_16_67_50_46_53_61',282),(1318,161,'75_16_67_50_46_53_61',282),(1319,161,'16_56_47_8_29_73_62_5',282),(1320,161,'51_16_67_27_2_15_36_46_62_5',282),(1321,161,'75_16_67_27_2_15_36_46_62_5',282),(1322,161,'51_16_56_47_15_36_46_62_5',282),(1323,161,'75_16_56_47_15_36_46_62_5',282),(1324,161,'16_56_47_8_29_50_46_62_5',282),(1325,161,'16_56_47_8_29_73_53_61',282),(1326,161,'51_16_67_27_2_15_36_46_53_61',282),(1327,161,'75_16_67_27_2_15_36_46_53_61',282),(1328,161,'51_16_56_47_15_36_46_53_61',282),(1329,161,'75_16_56_47_15_36_46_53_61',282),(1330,161,'16_56_47_8_29_50_46_53_61',282),(1331,161,'51_16_56_47_8_29_73_62_5',282),(1332,161,'75_16_56_47_8_29_73_62_5',282),(1333,161,'51_16_56_47_8_29_50_46_62_5',282),(1334,161,'75_16_56_47_8_29_50_46_62_5',282),(1335,161,'51_16_56_47_8_29_73_53_61',282),(1336,161,'75_16_56_47_8_29_73_53_61',282),(1337,161,'51_16_56_47_8_29_50_46_53_61',282),(1338,161,'75_16_56_47_8_29_50_46_53_61',282),(1339,161,'52',287),(1340,161,'51_52',287),(1341,161,'75_52',287),(1342,161,'16_67_73_62',319),(1343,161,'16_40_69_62',319),(1344,161,'16_74_36_46_62',319),(1345,161,'16_67_50_46_62',319),(1346,161,'38_45_46_62',319),(1347,161,'51_38_45_46_62',319),(1348,161,'75_38_45_46_62',319),(1349,161,'16_40_61_68',319),(1350,161,'52_25_62',319),(1351,161,'51_52_25_62',319),(1352,161,'75_52_25_62',319),(1353,161,'51_16_67_73_62',319),(1354,161,'75_16_67_73_62',319),(1355,161,'51_16_40_69_62',319),(1356,161,'75_16_40_69_62',319),(1357,161,'16_67_27_2_15_36_46_62',319),(1358,161,'16_56_47_15_36_46_62',319),(1359,161,'52_21_36_46_62',319),(1360,161,'51_52_21_36_46_62',319),(1361,161,'75_52_21_36_46_62',319),(1362,161,'51_16_74_36_46_62',319),(1363,161,'75_16_74_36_46_62',319),(1364,161,'51_16_67_50_46_62',319),(1365,161,'75_16_67_50_46_62',319),(1366,161,'16_67_73_53_61_68',319),(1367,161,'16_74_36_46_53_61_68',319),(1368,161,'16_67_50_46_53_61_68',319),(1369,161,'38_45_46_53_61_68',319),(1370,161,'51_38_45_46_53_61_68',319),(1371,161,'75_38_45_46_53_61_68',319),(1372,161,'52_25_53_61_68',319),(1373,161,'51_52_25_53_61_68',319),(1374,161,'75_52_25_53_61_68',319),(1375,161,'51_16_40_61_68',319),(1376,161,'75_16_40_61_68',319),(1377,161,'16_56_47_8_29_73_62',319),(1378,161,'51_16_67_27_2_15_36_46_62',319),(1379,161,'75_16_67_27_2_15_36_46_62',319),(1380,161,'51_16_56_47_15_36_46_62',319),(1381,161,'75_16_56_47_15_36_46_62',319),(1382,161,'16_56_47_8_29_50_46_62',319),(1383,161,'51_16_67_73_53_61_68',319),(1384,161,'75_16_67_73_53_61_68',319),(1385,161,'16_67_27_2_15_36_46_53_61_68',319),(1386,161,'16_56_47_15_36_46_53_61_68',319),(1387,161,'52_21_36_46_53_61_68',319),(1388,161,'51_52_21_36_46_53_61_68',319),(1389,161,'75_52_21_36_46_53_61_68',319),(1390,161,'51_16_74_36_46_53_61_68',319),(1391,161,'75_16_74_36_46_53_61_68',319),(1392,161,'51_16_67_50_46_53_61_68',319),(1393,161,'75_16_67_50_46_53_61_68',319),(1394,161,'51_16_56_47_8_29_73_62',319),(1395,161,'75_16_56_47_8_29_73_62',319),(1396,161,'51_16_56_47_8_29_50_46_62',319),(1397,161,'75_16_56_47_8_29_50_46_62',319),(1398,161,'16_56_47_8_29_73_53_61_68',319),(1399,161,'51_16_67_27_2_15_36_46_53_61_68',319),(1400,161,'75_16_67_27_2_15_36_46_53_61_68',319),(1401,161,'51_16_56_47_15_36_46_53_61_68',319),(1402,161,'75_16_56_47_15_36_46_53_61_68',319),(1403,161,'16_56_47_8_29_50_46_53_61_68',319),(1404,161,'51_16_56_47_8_29_73_53_61_68',319),(1405,161,'75_16_56_47_8_29_73_53_61_68',319),(1406,161,'51_16_56_47_8_29_50_46_53_61_68',319),(1407,161,'75_16_56_47_8_29_50_46_53_61_68',319),(1408,161,'16_67_27_2',132),(1409,161,'16_56_47',132),(1410,161,'51_16_67_27_2',132),(1411,161,'75_16_67_27_2',132),(1412,161,'51_16_56_47',132),(1413,161,'75_16_56_47',132),(1414,161,'16_74_36_23',202),(1415,161,'16_67_50_23',202),(1416,161,'38_45_23',202),(1417,161,'51_38_45_23',202),(1418,161,'75_38_45_23',202),(1419,161,'16_67_73_39_23',202),(1420,161,'16_40_69_39_23',202),(1421,161,'52_25_39_23',202),(1422,161,'51_52_25_39_23',202),(1423,161,'75_52_25_39_23',202),(1424,161,'16_40_61_68_48_39_23',202),(1425,161,'16_67_27_2_15_36_23',202),(1426,161,'16_56_47_15_36_23',202),(1427,161,'52_21_36_23',202),(1428,161,'51_52_21_36_23',202),(1429,161,'75_52_21_36_23',202),(1430,161,'51_16_74_36_23',202),(1431,161,'75_16_74_36_23',202),(1432,161,'51_16_67_50_23',202),(1433,161,'75_16_67_50_23',202),(1434,161,'51_16_67_73_39_23',202),(1435,161,'75_16_67_73_39_23',202),(1436,161,'51_16_40_69_39_23',202),(1437,161,'75_16_40_69_39_23',202),(1438,161,'51_16_40_61_68_48_39_23',202),(1439,161,'75_16_40_61_68_48_39_23',202),(1440,161,'51_16_67_27_2_15_36_23',202),(1441,161,'75_16_67_27_2_15_36_23',202),(1442,161,'51_16_56_47_15_36_23',202),(1443,161,'75_16_56_47_15_36_23',202),(1444,161,'16_56_47_8_29_50_23',202),(1445,161,'16_56_47_8_29_73_39_23',202),(1446,161,'51_16_56_47_8_29_50_23',202),(1447,161,'75_16_56_47_8_29_50_23',202),(1448,161,'51_16_56_47_8_29_73_39_23',202),(1449,161,'75_16_56_47_8_29_73_39_23',202),(1450,161,'16_74_36',186),(1451,161,'16_67_50',186),(1452,161,'38_45',186),(1453,161,'51_38_45',186),(1454,161,'75_38_45',186),(1455,161,'16_67_73_39',186),(1456,161,'16_40_69_39',186),(1457,161,'52_25_39',186),(1458,161,'51_52_25_39',186),(1459,161,'75_52_25_39',186),(1460,161,'16_40_61_68_48_39',186),(1461,161,'16_67_27_2_15_36',186),(1462,161,'16_56_47_15_36',186),(1463,161,'52_21_36',186),(1464,161,'51_52_21_36',186),(1465,161,'75_52_21_36',186),(1466,161,'51_16_74_36',186),(1467,161,'75_16_74_36',186),(1468,161,'51_16_67_50',186),(1469,161,'75_16_67_50',186),(1470,161,'51_16_67_73_39',186),(1471,161,'75_16_67_73_39',186),(1472,161,'51_16_40_69_39',186),(1473,161,'75_16_40_69_39',186),(1474,161,'51_16_40_61_68_48_39',186),(1475,161,'75_16_40_61_68_48_39',186),(1476,161,'51_16_67_27_2_15_36',186),(1477,161,'75_16_67_27_2_15_36',186);
insert into `path` (`PATH_ID`,`FIRST_ENTITY_ID`,`INTERMEDIATE_PATH`,`LAST_ENTITY_ID`) values (1478,161,'51_16_56_47_15_36',186),(1479,161,'75_16_56_47_15_36',186),(1480,161,'16_56_47_8_29_50',186),(1481,161,'16_56_47_8_29_73_39',186),(1482,161,'51_16_56_47_8_29_50',186),(1483,161,'75_16_56_47_8_29_50',186),(1484,161,'51_16_56_47_8_29_73_39',186),(1485,161,'75_16_56_47_8_29_73_39',186),(1486,161,'16_67_73',249),(1487,161,'16_40_69',249),(1488,161,'16_74_36_46',249),(1489,161,'16_67_50_46',249),(1490,161,'38_45_46',249),(1491,161,'51_38_45_46',249),(1492,161,'75_38_45_46',249),(1493,161,'52_25',249),(1494,161,'51_52_25',249),(1495,161,'75_52_25',249),(1496,161,'16_40_61_68_48',249),(1497,161,'51_16_67_73',249),(1498,161,'75_16_67_73',249),(1499,161,'51_16_40_69',249),(1500,161,'75_16_40_69',249),(1501,161,'16_67_27_2_15_36_46',249),(1502,161,'16_56_47_15_36_46',249),(1503,161,'52_21_36_46',249),(1504,161,'51_52_21_36_46',249),(1505,161,'75_52_21_36_46',249),(1506,161,'51_16_74_36_46',249),(1507,161,'75_16_74_36_46',249),(1508,161,'51_16_67_50_46',249),(1509,161,'75_16_67_50_46',249),(1510,161,'51_16_40_61_68_48',249),(1511,161,'75_16_40_61_68_48',249),(1512,161,'16_56_47_8_29_73',249),(1513,161,'51_16_67_27_2_15_36_46',249),(1514,161,'75_16_67_27_2_15_36_46',249),(1515,161,'51_16_56_47_15_36_46',249),(1516,161,'75_16_56_47_15_36_46',249),(1517,161,'16_56_47_8_29_50_46',249),(1518,161,'51_16_56_47_8_29_73',249),(1519,161,'75_16_56_47_8_29_73',249),(1520,161,'51_16_56_47_8_29_50_46',249),(1521,161,'75_16_56_47_8_29_50_46',249),(1522,161,'16_74_36_18',55),(1523,161,'16_67_50_18',55),(1524,161,'38_45_18',55),(1525,161,'51_38_45_18',55),(1526,161,'75_38_45_18',55),(1527,161,'16_67_73_39_18',55),(1528,161,'16_40_69_39_18',55),(1529,161,'52_25_39_18',55),(1530,161,'51_52_25_39_18',55),(1531,161,'75_52_25_39_18',55),(1532,161,'16_40_61_68_48_39_18',55),(1533,161,'16_67_27_2_15_36_18',55),(1534,161,'16_56_47_15_36_18',55),(1535,161,'52_21_36_18',55),(1536,161,'51_52_21_36_18',55),(1537,161,'75_52_21_36_18',55),(1538,161,'51_16_74_36_18',55),(1539,161,'75_16_74_36_18',55),(1540,161,'51_16_67_50_18',55),(1541,161,'75_16_67_50_18',55),(1542,161,'51_16_67_73_39_18',55),(1543,161,'75_16_67_73_39_18',55),(1544,161,'51_16_40_69_39_18',55),(1545,161,'75_16_40_69_39_18',55),(1546,161,'51_16_40_61_68_48_39_18',55),(1547,161,'75_16_40_61_68_48_39_18',55),(1548,161,'51_16_67_27_2_15_36_18',55),(1549,161,'75_16_67_27_2_15_36_18',55),(1550,161,'51_16_56_47_15_36_18',55),(1551,161,'75_16_56_47_15_36_18',55),(1552,161,'16_56_47_8_29_50_18',55),(1553,161,'16_56_47_8_29_73_39_18',55),(1554,161,'51_16_56_47_8_29_50_18',55),(1555,161,'75_16_56_47_8_29_50_18',55),(1556,161,'51_16_56_47_8_29_73_39_18',55),(1557,161,'75_16_56_47_8_29_73_39_18',55),(1558,161,'55',127),(1559,161,'51_55',127),(1560,161,'75_55',127),(1561,161,'33',373),(1562,161,'22',373),(1563,161,'51_33',373),(1564,161,'75_33',373),(1565,161,'51_22',373),(1566,161,'75_22',373),(1567,161,'16_40_61_66',373),(1568,161,'16_67_73_62_5_66',373),(1569,161,'16_40_69_62_5_66',373),(1570,161,'16_74_36_46_62_5_66',373),(1571,161,'16_67_50_46_62_5_66',373),(1572,161,'38_45_46_62_5_66',373),(1573,161,'51_38_45_46_62_5_66',373),(1574,161,'75_38_45_46_62_5_66',373),(1575,161,'16_67_73_53_61_66',373),(1576,161,'16_74_36_46_53_61_66',373),(1577,161,'16_67_50_46_53_61_66',373),(1578,161,'38_45_46_53_61_66',373),(1579,161,'51_38_45_46_53_61_66',373),(1580,161,'75_38_45_46_53_61_66',373),(1581,161,'52_25_53_61_66',373),(1582,161,'51_52_25_53_61_66',373),(1583,161,'75_52_25_53_61_66',373),(1584,161,'51_16_40_61_66',373),(1585,161,'75_16_40_61_66',373),(1586,161,'52_25_62_5_66',373),(1587,161,'51_52_25_62_5_66',373),(1588,161,'75_52_25_62_5_66',373),(1589,161,'51_16_67_73_62_5_66',373),(1590,161,'75_16_67_73_62_5_66',373),(1591,161,'51_16_40_69_62_5_66',373),(1592,161,'75_16_40_69_62_5_66',373),(1593,161,'16_67_27_2_15_36_46_62_5_66',373),(1594,161,'16_56_47_15_36_46_62_5_66',373),(1595,161,'52_21_36_46_62_5_66',373),(1596,161,'51_52_21_36_46_62_5_66',373),(1597,161,'75_52_21_36_46_62_5_66',373),(1598,161,'51_16_74_36_46_62_5_66',373),(1599,161,'75_16_74_36_46_62_5_66',373),(1600,161,'51_16_67_50_46_62_5_66',373),(1601,161,'75_16_67_50_46_62_5_66',373),(1602,161,'51_16_67_73_53_61_66',373),(1603,161,'75_16_67_73_53_61_66',373),(1604,161,'16_67_27_2_15_36_46_53_61_66',373),(1605,161,'16_56_47_15_36_46_53_61_66',373),(1606,161,'52_21_36_46_53_61_66',373),(1607,161,'51_52_21_36_46_53_61_66',373),(1608,161,'75_52_21_36_46_53_61_66',373),(1609,161,'51_16_74_36_46_53_61_66',373),(1610,161,'75_16_74_36_46_53_61_66',373),(1611,161,'51_16_67_50_46_53_61_66',373),(1612,161,'75_16_67_50_46_53_61_66',373),(1613,161,'16_56_47_8_29_73_62_5_66',373),(1614,161,'51_16_67_27_2_15_36_46_62_5_66',373),(1615,161,'75_16_67_27_2_15_36_46_62_5_66',373),(1616,161,'51_16_56_47_15_36_46_62_5_66',373),(1617,161,'75_16_56_47_15_36_46_62_5_66',373),(1618,161,'16_56_47_8_29_50_46_62_5_66',373),(1619,161,'16_56_47_8_29_73_53_61_66',373),(1620,161,'51_16_67_27_2_15_36_46_53_61_66',373),(1621,161,'75_16_67_27_2_15_36_46_53_61_66',373),(1622,161,'51_16_56_47_15_36_46_53_61_66',373),(1623,161,'75_16_56_47_15_36_46_53_61_66',373),(1624,161,'16_56_47_8_29_50_46_53_61_66',373),(1625,161,'51_16_56_47_8_29_73_62_5_66',373),(1626,161,'75_16_56_47_8_29_73_62_5_66',373),(1627,161,'51_16_56_47_8_29_50_46_62_5_66',373),(1628,161,'75_16_56_47_8_29_50_46_62_5_66',373),(1629,161,'51_16_56_47_8_29_73_53_61_66',373),(1630,161,'75_16_56_47_8_29_73_53_61_66',373),(1631,161,'51_16_56_47_8_29_50_46_53_61_66',373),(1632,161,'75_16_56_47_8_29_50_46_53_61_66',373),(1633,161,'16_67',138),(1634,161,'51_16_67',138),(1635,161,'75_16_67',138),(1636,161,'16_56_47_8_29',138),(1637,161,'51_16_56_47_8_29',138),(1638,161,'75_16_56_47_8_29',138),(1639,161,'16_56',280),(1640,161,'51_16_56',280),(1641,161,'75_16_56',280),(1642,161,'16',25),(1643,161,'51_16',25),(1644,161,'75_16',25),(1645,161,'16_74',110),(1646,161,'16_67_27_2_15',110),(1647,161,'16_56_47_15',110),(1648,161,'52_21',110),(1649,161,'51_52_21',110),(1650,161,'75_52_21',110),(1651,161,'51_16_74',110),(1652,161,'75_16_74',110),(1653,161,'51_16_67_27_2_15',110),(1654,161,'75_16_67_27_2_15',110),(1655,161,'51_16_56_47_15',110),(1656,161,'75_16_56_47_15',110),(1657,161,'16_40',150),(1658,161,'16_67_73_53',150),(1659,161,'16_74_36_46_53',150),(1660,161,'16_67_50_46_53',150),(1661,161,'38_45_46_53',150),(1662,161,'51_38_45_46_53',150),(1663,161,'75_38_45_46_53',150),(1664,161,'52_25_53',150),(1665,161,'51_52_25_53',150),(1666,161,'75_52_25_53',150),(1667,161,'16_67_73_62_5_14',150),(1668,161,'16_74_36_46_62_5_14',150),(1669,161,'16_67_50_46_62_5_14',150),(1670,161,'38_45_46_62_5_14',150),(1671,161,'51_38_45_46_62_5_14',150),(1672,161,'75_38_45_46_62_5_14',150),(1673,161,'51_16_40',150),(1674,161,'75_16_40',150),(1675,161,'51_16_67_73_53',150),(1676,161,'75_16_67_73_53',150),(1677,161,'16_67_27_2_15_36_46_53',150),(1678,161,'16_56_47_15_36_46_53',150),(1679,161,'52_21_36_46_53',150),(1680,161,'51_52_21_36_46_53',150),(1681,161,'75_52_21_36_46_53',150),(1682,161,'51_16_74_36_46_53',150),(1683,161,'75_16_74_36_46_53',150),(1684,161,'51_16_67_50_46_53',150),(1685,161,'75_16_67_50_46_53',150),(1686,161,'52_25_62_5_14',150),(1687,161,'51_52_25_62_5_14',150),(1688,161,'75_52_25_62_5_14',150),(1689,161,'51_16_67_73_62_5_14',150),(1690,161,'75_16_67_73_62_5_14',150),(1691,161,'16_67_27_2_15_36_46_62_5_14',150),(1692,161,'16_56_47_15_36_46_62_5_14',150),(1693,161,'52_21_36_46_62_5_14',150),(1694,161,'51_52_21_36_46_62_5_14',150),(1695,161,'75_52_21_36_46_62_5_14',150),(1696,161,'51_16_74_36_46_62_5_14',150),(1697,161,'75_16_74_36_46_62_5_14',150),(1698,161,'51_16_67_50_46_62_5_14',150),(1699,161,'75_16_67_50_46_62_5_14',150),(1700,161,'16_56_47_8_29_73_53',150),(1701,161,'51_16_67_27_2_15_36_46_53',150),(1702,161,'75_16_67_27_2_15_36_46_53',150),(1703,161,'51_16_56_47_15_36_46_53',150),(1704,161,'75_16_56_47_15_36_46_53',150),(1705,161,'16_56_47_8_29_50_46_53',150),(1706,161,'16_56_47_8_29_73_62_5_14',150),(1707,161,'51_16_67_27_2_15_36_46_62_5_14',150),(1708,161,'75_16_67_27_2_15_36_46_62_5_14',150),(1709,161,'51_16_56_47_15_36_46_62_5_14',150),(1710,161,'75_16_56_47_15_36_46_62_5_14',150),(1711,161,'16_56_47_8_29_50_46_62_5_14',150),(1712,161,'51_16_56_47_8_29_73_53',150),(1713,161,'75_16_56_47_8_29_73_53',150),(1714,161,'51_16_56_47_8_29_50_46_53',150),(1715,161,'75_16_56_47_8_29_50_46_53',150),(1716,161,'51_16_56_47_8_29_73_62_5_14',150),(1717,161,'75_16_56_47_8_29_73_62_5_14',150),(1718,161,'51_16_56_47_8_29_50_46_62_5_14',150),(1719,161,'75_16_56_47_8_29_50_46_62_5_14',150),(1720,161,'16_74_30',17),(1721,161,'16_67_27_2_15_30',17),(1722,161,'16_56_47_15_30',17),(1723,161,'52_21_30',17),(1724,161,'51_52_21_30',17),(1725,161,'75_52_21_30',17),(1726,161,'16_74_36_77',17),(1727,161,'16_67_50_77',17),(1728,161,'38_45_77',17),(1729,161,'51_38_45_77',17),(1730,161,'75_38_45_77',17),(1731,161,'16_67_73_39_77',17),(1732,161,'16_40_69_39_77',17),(1733,161,'52_25_39_77',17),(1734,161,'51_52_25_39_77',17),(1735,161,'75_52_25_39_77',17),(1736,161,'16_40_61_68_48_39_77',17),(1737,161,'51_16_74_30',17),(1738,161,'75_16_74_30',17),(1739,161,'51_16_67_27_2_15_30',17),(1740,161,'75_16_67_27_2_15_30',17),(1741,161,'51_16_56_47_15_30',17),(1742,161,'75_16_56_47_15_30',17),(1743,161,'16_67_27_2_15_36_77',17),(1744,161,'16_56_47_15_36_77',17),(1745,161,'52_21_36_77',17),(1746,161,'51_52_21_36_77',17),(1747,161,'75_52_21_36_77',17),(1748,161,'51_16_74_36_77',17),(1749,161,'75_16_74_36_77',17),(1750,161,'51_16_67_50_77',17),(1751,161,'75_16_67_50_77',17),(1752,161,'51_16_67_73_39_77',17),(1753,161,'75_16_67_73_39_77',17),(1754,161,'51_16_40_69_39_77',17),(1755,161,'75_16_40_69_39_77',17),(1756,161,'51_16_40_61_68_48_39_77',17),(1757,161,'75_16_40_61_68_48_39_77',17),(1758,161,'51_16_67_27_2_15_36_77',17),(1759,161,'75_16_67_27_2_15_36_77',17),(1760,161,'51_16_56_47_15_36_77',17),(1761,161,'75_16_56_47_15_36_77',17),(1762,161,'16_56_47_8_29_50_77',17),(1763,161,'16_56_47_8_29_73_39_77',17),(1764,161,'51_16_56_47_8_29_50_77',17),(1765,161,'75_16_56_47_8_29_50_77',17),(1766,161,'51_16_56_47_8_29_73_39_77',17),(1767,161,'75_16_56_47_8_29_73_39_77',17),(1768,161,'16_67_27',228),(1769,161,'16_56_47_8',228),(1770,161,'51_16_67_27',228),(1771,161,'75_16_67_27',228),(1772,161,'51_16_56_47_8',228),(1773,161,'75_16_56_47_8',228),(1774,161,'4',77),(1775,161,'51_4',77),(1776,161,'75_4',77),(1777,161,'52_59',153),(1778,161,'51_52_59',153),(1779,161,'75_52_59',153),(1780,161,'52_63_32',153),(1781,161,'52_44_32',153),(1782,161,'51_52_63_32',153),(1783,161,'75_52_63_32',153),(1784,161,'51_52_44_32',153),(1785,161,'75_52_44_32',153),(1786,161,'51',161),(1787,161,'75',161),(1788,161,'16_74_36_24',224),(1789,161,'16_67_50_24',224),(1790,161,'38_45_24',224),(1791,161,'51_38_45_24',224),(1792,161,'75_38_45_24',224),(1793,161,'16_67_73_39_24',224),(1794,161,'16_40_69_39_24',224),(1795,161,'52_25_39_24',224),(1796,161,'51_52_25_39_24',224),(1797,161,'75_52_25_39_24',224),(1798,161,'16_40_61_68_48_39_24',224),(1799,161,'16_67_27_2_15_36_24',224),(1800,161,'16_56_47_15_36_24',224),(1801,161,'52_21_36_24',224),(1802,161,'51_52_21_36_24',224),(1803,161,'75_52_21_36_24',224),(1804,161,'51_16_74_36_24',224),(1805,161,'75_16_74_36_24',224),(1806,161,'51_16_67_50_24',224),(1807,161,'75_16_67_50_24',224),(1808,161,'51_16_67_73_39_24',224),(1809,161,'75_16_67_73_39_24',224),(1810,161,'51_16_40_69_39_24',224),(1811,161,'75_16_40_69_39_24',224),(1812,161,'51_16_40_61_68_48_39_24',224),(1813,161,'75_16_40_61_68_48_39_24',224),(1814,161,'51_16_67_27_2_15_36_24',224),(1815,161,'75_16_67_27_2_15_36_24',224),(1816,161,'51_16_56_47_15_36_24',224),(1817,161,'75_16_56_47_15_36_24',224),(1818,161,'16_56_47_8_29_50_24',224),(1819,161,'16_56_47_8_29_73_39_24',224),(1820,161,'51_16_56_47_8_29_50_24',224),(1821,161,'75_16_56_47_8_29_50_24',224),(1822,161,'51_16_56_47_8_29_73_39_24',224),(1823,161,'75_16_56_47_8_29_73_39_24',224),(1824,161,'52_63',58),(1825,161,'52_44',58),(1826,161,'51_52_63',58),(1827,161,'75_52_63',58),(1828,161,'51_52_44',58),(1829,161,'75_52_44',58),(1830,178,'71_16_56',280),(1831,178,'71_16',25),(1832,178,'71_52_21',110),(1833,178,'71_16_74',110),(1834,178,'71_16_67_27_2_15',110),(1835,178,'71_16_56_47_15',110),(1836,178,'45_46_53',150),(1837,178,'71_52_25_53',150),(1838,178,'45_46_62_5_14',150),(1839,178,'71_16_40',150),(1840,178,'71_16_67_73_53',150),(1841,178,'71_52_21_36_46_53',150),(1842,178,'71_16_74_36_46_53',150),(1843,178,'71_16_67_50_46_53',150),(1844,178,'71_52_25_62_5_14',150),(1845,178,'71_16_67_73_62_5_14',150),(1846,178,'71_52_21_36_46_62_5_14',150),(1847,178,'71_16_74_36_46_62_5_14',150),(1848,178,'71_16_67_50_46_62_5_14',150),(1849,178,'71_16_67_27_2_15_36_46_53',150),(1850,178,'71_16_56_47_15_36_46_53',150),(1851,178,'71_16_67_27_2_15_36_46_62_5_14',150),(1852,178,'71_16_56_47_15_36_46_62_5_14',150),(1853,178,'71_16_56_47_8_29_73_53',150),(1854,178,'71_16_56_47_8_29_50_46_53',150),(1855,178,'71_16_56_47_8_29_73_62_5_14',150),(1856,178,'71_16_56_47_8_29_50_46_62_5_14',150),(1857,178,'45_49',92),(1858,178,'71_52_25_39_49',92),(1859,178,'71_52_21_36_49',92),(1860,178,'71_16_74_36_49',92),(1861,178,'71_16_67_50_49',92),(1862,178,'71_16_67_73_39_49',92),(1863,178,'71_16_40_69_39_49',92),(1864,178,'71_16_40_61_68_48_39_49',92),(1865,178,'71_16_67_27_2_15_36_49',92),(1866,178,'71_16_56_47_15_36_49',92),(1867,178,'71_16_56_47_8_29_50_49',92),(1868,178,'71_16_56_47_8_29_73_39_49',92),(1869,178,'71_19',182),(1870,178,'45_46_62_5',282),(1871,178,'45_46_53_61',282),(1872,178,'71_52_25_53_61',282),(1873,178,'71_16_40_61',282),(1874,178,'71_52_25_62_5',282),(1875,178,'71_16_67_73_62_5',282),(1876,178,'71_16_40_69_62_5',282),(1877,178,'71_52_21_36_46_62_5',282),(1878,178,'71_16_74_36_46_62_5',282),(1879,178,'71_16_67_50_46_62_5',282),(1880,178,'71_16_67_73_53_61',282),(1881,178,'71_52_21_36_46_53_61',282),(1882,178,'71_16_74_36_46_53_61',282),(1883,178,'71_16_67_50_46_53_61',282),(1884,178,'71_16_67_27_2_15_36_46_62_5',282),(1885,178,'71_16_56_47_15_36_46_62_5',282),(1886,178,'71_16_67_27_2_15_36_46_53_61',282),(1887,178,'71_16_56_47_15_36_46_53_61',282),(1888,178,'71_16_56_47_8_29_73_62_5',282),(1889,178,'71_16_56_47_8_29_50_46_62_5',282),(1890,178,'71_16_56_47_8_29_73_53_61',282),(1891,178,'71_16_56_47_8_29_50_46_53_61',282),(1892,178,'71_52_21_30',17),(1893,178,'45_77',17),(1894,178,'71_52_25_39_77',17),(1895,178,'71_16_74_30',17),(1896,178,'71_16_67_27_2_15_30',17),(1897,178,'71_16_56_47_15_30',17),(1898,178,'71_52_21_36_77',17),(1899,178,'71_16_74_36_77',17),(1900,178,'71_16_67_50_77',17),(1901,178,'71_16_67_73_39_77',17),(1902,178,'71_16_40_69_39_77',17),(1903,178,'71_16_40_61_68_48_39_77',17),(1904,178,'71_16_67_27_2_15_36_77',17),(1905,178,'71_16_56_47_15_36_77',17),(1906,178,'71_16_56_47_8_29_50_77',17),(1907,178,'71_16_56_47_8_29_73_39_77',17),(1908,178,'71_16_67_27',228),(1909,178,'71_16_56_47_8',228),(1910,178,'71_4',77),(1911,178,'71_52',287),(1912,178,'45_46_62',319),(1913,178,'71_52_25_62',319),(1914,178,'71_16_67_73_62',319),(1915,178,'71_16_40_69_62',319),(1916,178,'71_52_21_36_46_62',319),(1917,178,'71_16_74_36_46_62',319),(1918,178,'71_16_67_50_46_62',319),(1919,178,'45_46_53_61_68',319),(1920,178,'71_52_25_53_61_68',319),(1921,178,'71_16_40_61_68',319),(1922,178,'71_16_67_27_2_15_36_46_62',319),(1923,178,'71_16_56_47_15_36_46_62',319),(1924,178,'71_16_67_73_53_61_68',319),(1925,178,'71_52_21_36_46_53_61_68',319),(1926,178,'71_16_74_36_46_53_61_68',319),(1927,178,'71_16_67_50_46_53_61_68',319),(1928,178,'71_16_56_47_8_29_73_62',319),(1929,178,'71_16_56_47_8_29_50_46_62',319),(1930,178,'71_16_67_27_2_15_36_46_53_61_68',319),(1931,178,'71_16_56_47_15_36_46_53_61_68',319),(1932,178,'71_16_56_47_8_29_73_53_61_68',319),(1933,178,'71_16_56_47_8_29_50_46_53_61_68',319),(1934,178,'71_16_67_27_2',132),(1935,178,'71_16_56_47',132),(1936,178,'71_52_59',153),(1937,178,'71_52_63_32',153),(1938,178,'71_52_44_32',153),(1939,178,'45',186),(1940,178,'71_52_25_39',186),(1941,178,'71_52_21_36',186),(1942,178,'71_16_74_36',186),(1943,178,'71_16_67_50',186),(1944,178,'71_16_67_73_39',186),(1945,178,'71_16_40_69_39',186),(1946,178,'71_16_40_61_68_48_39',186),(1947,178,'71_16_67_27_2_15_36',186),(1948,178,'71_16_56_47_15_36',186),(1949,178,'71_16_56_47_8_29_50',186),(1950,178,'71_16_56_47_8_29_73_39',186),(1951,178,'45_23',202),(1952,178,'71_52_25_39_23',202),(1953,178,'71_52_21_36_23',202),(1954,178,'71_16_74_36_23',202),(1955,178,'71_16_67_50_23',202),(1956,178,'71_16_67_73_39_23',202),(1957,178,'71_16_40_69_39_23',202),(1958,178,'71_16_40_61_68_48_39_23',202),(1959,178,'71_16_67_27_2_15_36_23',202),(1960,178,'71_16_56_47_15_36_23',202),(1961,178,'71_16_56_47_8_29_50_23',202),(1962,178,'71_16_56_47_8_29_73_39_23',202),(1963,178,'45_46',249),(1964,178,'71_52_25',249),(1965,178,'71_16_67_73',249),(1966,178,'71_16_40_69',249),(1967,178,'71_52_21_36_46',249),(1968,178,'71_16_74_36_46',249),(1969,178,'71_16_67_50_46',249),(1970,178,'71_16_40_61_68_48',249),(1971,178,'71_16_67_27_2_15_36_46',249),(1972,178,'71_16_56_47_15_36_46',249),(1973,178,'71_16_56_47_8_29_73',249),(1974,178,'71_16_56_47_8_29_50_46',249),(1975,178,'45_18',55),(1976,178,'71_52_25_39_18',55),(1977,178,'71_52_21_36_18',55),(1978,178,'71_16_74_36_18',55),(1979,178,'71_16_67_50_18',55),(1980,178,'71_16_67_73_39_18',55),(1981,178,'71_16_40_69_39_18',55),(1982,178,'71_16_40_61_68_48_39_18',55),(1983,178,'71_16_67_27_2_15_36_18',55),(1984,178,'71_16_56_47_15_36_18',55),(1985,178,'71_16_56_47_8_29_50_18',55),(1986,178,'71_16_56_47_8_29_73_39_18',55),(1987,178,'71',161),(1988,178,'45_24',224),(1989,178,'71_52_25_39_24',224),(1990,178,'71_52_21_36_24',224),(1991,178,'71_16_74_36_24',224),(1992,178,'71_16_67_50_24',224),(1993,178,'71_16_67_73_39_24',224),(1994,178,'71_16_40_69_39_24',224),(1995,178,'71_16_40_61_68_48_39_24',224),(1996,178,'71_16_67_27_2_15_36_24',224),(1997,178,'71_16_56_47_15_36_24',224),(1998,178,'71_16_56_47_8_29_50_24',224),(1999,178,'71_16_56_47_8_29_73_39_24',224),(2000,178,'71_55',127),(2001,178,'71_33',373),(2002,178,'71_22',373),(2003,178,'45_46_62_5_66',373),(2004,178,'45_46_53_61_66',373),(2005,178,'71_52_25_53_61_66',373),(2006,178,'71_16_40_61_66',373),(2007,178,'71_52_25_62_5_66',373),(2008,178,'71_16_67_73_62_5_66',373),(2009,178,'71_16_40_69_62_5_66',373),(2010,178,'71_52_21_36_46_62_5_66',373),(2011,178,'71_16_74_36_46_62_5_66',373),(2012,178,'71_16_67_50_46_62_5_66',373),(2013,178,'71_16_67_73_53_61_66',373),(2014,178,'71_52_21_36_46_53_61_66',373),(2015,178,'71_16_74_36_46_53_61_66',373),(2016,178,'71_16_67_50_46_53_61_66',373),(2017,178,'71_16_67_27_2_15_36_46_62_5_66',373),(2018,178,'71_16_56_47_15_36_46_62_5_66',373),(2019,178,'71_16_67_27_2_15_36_46_53_61_66',373),(2020,178,'71_16_56_47_15_36_46_53_61_66',373),(2021,178,'71_16_56_47_8_29_73_62_5_66',373),(2022,178,'71_16_56_47_8_29_50_46_62_5_66',373),(2023,178,'71_16_56_47_8_29_73_53_61_66',373),(2024,178,'71_16_56_47_8_29_50_46_53_61_66',373),(2025,178,'71_16_67',138),(2026,178,'71_16_56_47_8_29',138),(2027,178,'71_52_63',58),(2028,178,'71_52_44',58),(2029,186,'23',202),(2030,186,'46',249),(2031,186,'18',55),(2032,186,'46_53',150),(2033,186,'46_62_5_14',150),(2034,186,'24',224),(2035,186,'46_62_5_66',373),(2036,186,'46_53_61_66',373),(2037,186,'49',92),(2038,186,'46_62_5',282),(2039,186,'46_53_61',282),(2040,186,'77',17),(2041,186,'46_62',319),(2042,186,'46_53_61_68',319),(2043,205,'1_76_38',178),(2044,205,'1_76_19',182),(2045,205,'12_49',92),(2046,205,'1_76_38_45_49',92),(2047,205,'9_25_39_49',92),(2048,205,'1_76_52_25_39_49',92),(2049,205,'9_21_36_49',92),(2050,205,'1_76_52_21_36_49',92),(2051,205,'1_76_16_74_36_49',92),(2052,205,'1_76_16_67_50_49',92),(2053,205,'1_76_16_67_73_39_49',92),(2054,205,'1_76_16_40_69_39_49',92),(2055,205,'1_76_16_40_61_68_48_39_49',92),(2056,205,'1_76_16_67_27_2_15_36_49',92),(2057,205,'1_76_16_56_47_15_36_49',92),(2058,205,'1_76_16_56_47_8_29_50_49',92),(2059,205,'1_76_16_56_47_8_29_73_39_49',92),(2060,205,'12_46_62_5',282),(2061,205,'1_76_38_45_46_62_5',282),(2062,205,'12_46_53_61',282),(2063,205,'1_76_38_45_46_53_61',282),(2064,205,'9_25_53_61',282),(2065,205,'1_76_52_25_53_61',282),(2066,205,'1_76_16_40_61',282),(2067,205,'9_25_62_5',282),(2068,205,'1_76_52_25_62_5',282),(2069,205,'1_76_16_67_73_62_5',282),(2070,205,'1_76_16_40_69_62_5',282),(2071,205,'9_21_36_46_62_5',282),(2072,205,'1_76_52_21_36_46_62_5',282),(2073,205,'1_76_16_74_36_46_62_5',282),(2074,205,'1_76_16_67_50_46_62_5',282),(2075,205,'1_76_16_67_73_53_61',282),(2076,205,'9_21_36_46_53_61',282),(2077,205,'1_76_52_21_36_46_53_61',282),(2078,205,'1_76_16_74_36_46_53_61',282),(2079,205,'1_76_16_67_50_46_53_61',282),(2080,205,'1_76_16_67_27_2_15_36_46_62_5',282),(2081,205,'1_76_16_56_47_15_36_46_62_5',282),(2082,205,'1_76_16_67_27_2_15_36_46_53_61',282),(2083,205,'1_76_16_56_47_15_36_46_53_61',282),(2084,205,'1_76_16_56_47_8_29_73_62_5',282),(2085,205,'1_76_16_56_47_8_29_50_46_62_5',282),(2086,205,'1_76_16_56_47_8_29_73_53_61',282),(2087,205,'1_76_16_56_47_8_29_50_46_53_61',282),(2088,205,'12_46_62',319),(2089,205,'1_76_38_45_46_62',319),(2090,205,'9_25_62',319),(2091,205,'1_76_52_25_62',319),(2092,205,'1_76_16_67_73_62',319),(2093,205,'1_76_16_40_69_62',319),(2094,205,'9_21_36_46_62',319),(2095,205,'1_76_52_21_36_46_62',319),(2096,205,'1_76_16_74_36_46_62',319),(2097,205,'1_76_16_67_50_46_62',319),(2098,205,'12_46_53_61_68',319),(2099,205,'1_76_38_45_46_53_61_68',319),(2100,205,'9_25_53_61_68',319),(2101,205,'1_76_52_25_53_61_68',319),(2102,205,'1_76_16_40_61_68',319),(2103,205,'1_76_16_67_27_2_15_36_46_62',319),(2104,205,'1_76_16_56_47_15_36_46_62',319),(2105,205,'1_76_16_67_73_53_61_68',319),(2106,205,'9_21_36_46_53_61_68',319),(2107,205,'1_76_52_21_36_46_53_61_68',319),(2108,205,'1_76_16_74_36_46_53_61_68',319),(2109,205,'1_76_16_67_50_46_53_61_68',319),(2110,205,'1_76_16_56_47_8_29_73_62',319),(2111,205,'1_76_16_56_47_8_29_50_46_62',319),(2112,205,'1_76_16_67_27_2_15_36_46_53_61_68',319),(2113,205,'1_76_16_56_47_15_36_46_53_61_68',319),(2114,205,'1_76_16_56_47_8_29_73_53_61_68',319),(2115,205,'1_76_16_56_47_8_29_50_46_53_61_68',319),(2116,205,'9',287),(2117,205,'1_76_52',287),(2118,205,'1_76_16_67_27_2',132),(2119,205,'1_76_16_56_47',132),(2120,205,'12_23',202),(2121,205,'1_76_38_45_23',202),(2122,205,'9_25_39_23',202),(2123,205,'1_76_52_25_39_23',202),(2124,205,'9_21_36_23',202),(2125,205,'1_76_52_21_36_23',202),(2126,205,'1_76_16_74_36_23',202),(2127,205,'1_76_16_67_50_23',202),(2128,205,'1_76_16_67_73_39_23',202),(2129,205,'1_76_16_40_69_39_23',202),(2130,205,'1_76_16_40_61_68_48_39_23',202),(2131,205,'1_76_16_67_27_2_15_36_23',202),(2132,205,'1_76_16_56_47_15_36_23',202),(2133,205,'1_76_16_56_47_8_29_50_23',202),(2134,205,'1_76_16_56_47_8_29_73_39_23',202),(2135,205,'12',186),(2136,205,'1_76_38_45',186),(2137,205,'9_25_39',186),(2138,205,'1_76_52_25_39',186),(2139,205,'9_21_36',186),(2140,205,'1_76_52_21_36',186),(2141,205,'1_76_16_74_36',186),(2142,205,'1_76_16_67_50',186),(2143,205,'1_76_16_67_73_39',186),(2144,205,'1_76_16_40_69_39',186),(2145,205,'1_76_16_40_61_68_48_39',186),(2146,205,'1_76_16_67_27_2_15_36',186),(2147,205,'1_76_16_56_47_15_36',186),(2148,205,'1_76_16_56_47_8_29_50',186),(2149,205,'1_76_16_56_47_8_29_73_39',186),(2150,205,'12_46',249),(2151,205,'1_76_38_45_46',249),(2152,205,'9_25',249),(2153,205,'1_76_52_25',249),(2154,205,'1_76_16_67_73',249),(2155,205,'1_76_16_40_69',249),(2156,205,'9_21_36_46',249),(2157,205,'1_76_52_21_36_46',249),(2158,205,'1_76_16_74_36_46',249),(2159,205,'1_76_16_67_50_46',249),(2160,205,'1_76_16_40_61_68_48',249),(2161,205,'1_76_16_67_27_2_15_36_46',249),(2162,205,'1_76_16_56_47_15_36_46',249),(2163,205,'1_76_16_56_47_8_29_73',249),(2164,205,'1_76_16_56_47_8_29_50_46',249),(2165,205,'12_18',55),(2166,205,'1_76_38_45_18',55),(2167,205,'9_25_39_18',55),(2168,205,'1_76_52_25_39_18',55),(2169,205,'9_21_36_18',55),(2170,205,'1_76_52_21_36_18',55),(2171,205,'1_76_16_74_36_18',55),(2172,205,'1_76_16_67_50_18',55),(2173,205,'1_76_16_67_73_39_18',55),(2174,205,'1_76_16_40_69_39_18',55),(2175,205,'1_76_16_40_61_68_48_39_18',55),(2176,205,'1_76_16_67_27_2_15_36_18',55),(2177,205,'1_76_16_56_47_15_36_18',55),(2178,205,'1_76_16_56_47_8_29_50_18',55),(2179,205,'1_76_16_56_47_8_29_73_39_18',55),(2180,205,'1_76_55',127),(2181,205,'1_37',373),(2182,205,'1_76_33',373),(2183,205,'1_76_22',373),(2184,205,'12_46_62_5_66',373),(2185,205,'1_76_38_45_46_62_5_66',373),(2186,205,'12_46_53_61_66',373),(2187,205,'1_76_38_45_46_53_61_66',373),(2188,205,'9_25_53_61_66',373),(2189,205,'1_76_52_25_53_61_66',373),(2190,205,'1_76_16_40_61_66',373),(2191,205,'9_25_62_5_66',373),(2192,205,'1_76_52_25_62_5_66',373),(2193,205,'1_76_16_67_73_62_5_66',373),(2194,205,'1_76_16_40_69_62_5_66',373),(2195,205,'9_21_36_46_62_5_66',373),(2196,205,'1_76_52_21_36_46_62_5_66',373),(2197,205,'1_76_16_74_36_46_62_5_66',373),(2198,205,'1_76_16_67_50_46_62_5_66',373),(2199,205,'1_76_16_67_73_53_61_66',373),(2200,205,'9_21_36_46_53_61_66',373),(2201,205,'1_76_52_21_36_46_53_61_66',373),(2202,205,'1_76_16_74_36_46_53_61_66',373),(2203,205,'1_76_16_67_50_46_53_61_66',373),(2204,205,'1_76_16_67_27_2_15_36_46_62_5_66',373),(2205,205,'1_76_16_56_47_15_36_46_62_5_66',373),(2206,205,'1_76_16_67_27_2_15_36_46_53_61_66',373),(2207,205,'1_76_16_56_47_15_36_46_53_61_66',373),(2208,205,'1_76_16_56_47_8_29_73_62_5_66',373),(2209,205,'1_76_16_56_47_8_29_50_46_62_5_66',373),(2210,205,'1_76_16_56_47_8_29_73_53_61_66',373),(2211,205,'1_76_16_56_47_8_29_50_46_53_61_66',373),(2212,205,'1_76_16_67',138),(2213,205,'1_76_16_56_47_8_29',138),(2214,205,'1_76_16_56',280),(2215,205,'1_76_16',25),(2216,205,'9_21',110),(2217,205,'1_76_52_21',110),(2218,205,'1_76_16_74',110),(2219,205,'1_76_16_67_27_2_15',110),(2220,205,'1_76_16_56_47_15',110),(2221,205,'12_46_53',150),(2222,205,'1_76_38_45_46_53',150),(2223,205,'9_25_53',150),(2224,205,'1_76_52_25_53',150),(2225,205,'12_46_62_5_14',150),(2226,205,'1_76_38_45_46_62_5_14',150),(2227,205,'1_76_16_40',150),(2228,205,'1_76_16_67_73_53',150),(2229,205,'9_21_36_46_53',150),(2230,205,'1_76_52_21_36_46_53',150),(2231,205,'1_76_16_74_36_46_53',150),(2232,205,'1_76_16_67_50_46_53',150),(2233,205,'9_25_62_5_14',150),(2234,205,'1_76_52_25_62_5_14',150),(2235,205,'1_76_16_67_73_62_5_14',150),(2236,205,'9_21_36_46_62_5_14',150),(2237,205,'1_76_52_21_36_46_62_5_14',150),(2238,205,'1_76_16_74_36_46_62_5_14',150),(2239,205,'1_76_16_67_50_46_62_5_14',150),(2240,205,'1_76_16_67_27_2_15_36_46_53',150),(2241,205,'1_76_16_56_47_15_36_46_53',150),(2242,205,'1_76_16_67_27_2_15_36_46_62_5_14',150),(2243,205,'1_76_16_56_47_15_36_46_62_5_14',150),(2244,205,'1_76_16_56_47_8_29_73_53',150),(2245,205,'1_76_16_56_47_8_29_50_46_53',150),(2246,205,'1_76_16_56_47_8_29_73_62_5_14',150),(2247,205,'1_76_16_56_47_8_29_50_46_62_5_14',150),(2248,205,'9_21_30',17),(2249,205,'1_76_52_21_30',17),(2250,205,'12_77',17),(2251,205,'1_76_38_45_77',17),(2252,205,'9_25_39_77',17),(2253,205,'1_76_52_25_39_77',17),(2254,205,'1_76_16_74_30',17),(2255,205,'1_76_16_67_27_2_15_30',17),(2256,205,'1_76_16_56_47_15_30',17),(2257,205,'9_21_36_77',17),(2258,205,'1_76_52_21_36_77',17),(2259,205,'1_76_16_74_36_77',17),(2260,205,'1_76_16_67_50_77',17),(2261,205,'1_76_16_67_73_39_77',17),(2262,205,'1_76_16_40_69_39_77',17),(2263,205,'1_76_16_40_61_68_48_39_77',17),(2264,205,'1_76_16_67_27_2_15_36_77',17),(2265,205,'1_76_16_56_47_15_36_77',17),(2266,205,'1_76_16_56_47_8_29_50_77',17),(2267,205,'1_76_16_56_47_8_29_73_39_77',17),(2268,205,'1_76_16_67_27',228),(2269,205,'1_76_16_56_47_8',228),(2270,205,'1_76_4',77),(2271,205,'34',153),(2272,205,'9_59',153),(2273,205,'1_76_52_59',153),(2274,205,'9_63_32',153),(2275,205,'9_44_32',153),(2276,205,'1_76_52_63_32',153),(2277,205,'1_76_52_44_32',153),(2278,205,'12_24',224),(2279,205,'1_76_38_45_24',224),(2280,205,'9_25_39_24',224),(2281,205,'1_76_52_25_39_24',224),(2282,205,'9_21_36_24',224),(2283,205,'1_76_52_21_36_24',224),(2284,205,'1_76_16_74_36_24',224),(2285,205,'1_76_16_67_50_24',224),(2286,205,'1_76_16_67_73_39_24',224),(2287,205,'1_76_16_40_69_39_24',224),(2288,205,'1_76_16_40_61_68_48_39_24',224),(2289,205,'1_76_16_67_27_2_15_36_24',224),(2290,205,'1_76_16_56_47_15_36_24',224),(2291,205,'1_76_16_56_47_8_29_50_24',224),(2292,205,'1_76_16_56_47_8_29_73_39_24',224),(2293,205,'1_76',161),(2294,205,'1',145),(2295,205,'9_63',58),(2296,205,'9_44',58),(2297,205,'1_76_52_63',58),(2298,205,'1_76_52_44',58),(2299,215,'20',81),(2300,215,'60_72',8),(2301,215,'60',219),(2302,219,'65_20',81),(2303,219,'65',215),(2304,219,'72',8),(2305,228,'29_54_56',280),(2306,228,'29_54',25),(2307,228,'29_54_11_38',178),(2308,228,'2_15',110),(2309,228,'29_54_74',110),(2310,228,'29_54_56_47_15',110),(2311,228,'29_54_11_52_21',110),(2312,228,'29_73_53',150),(2313,228,'29_50_46_53',150),(2314,228,'29_73_62_5_14',150),(2315,228,'29_50_46_62_5_14',150),(2316,228,'29_54_40',150),(2317,228,'2_15_36_46_53',150),(2318,228,'29_54_74_36_46_53',150),(2319,228,'29_54_11_38_45_46_53',150),(2320,228,'29_54_11_52_25_53',150),(2321,228,'2_15_36_46_62_5_14',150),(2322,228,'29_54_74_36_46_62_5_14',150),(2323,228,'29_54_11_38_45_46_62_5_14',150),(2324,228,'29_54_56_47_15_36_46_53',150),(2325,228,'29_54_11_52_21_36_46_53',150),(2326,228,'29_54_11_52_25_62_5_14',150),(2327,228,'29_54_56_47_15_36_46_62_5_14',150),(2328,228,'29_54_11_52_21_36_46_62_5_14',150),(2329,228,'29_54_11_19',182),(2330,228,'29_50_49',92),(2331,228,'29_73_39_49',92),(2332,228,'2_15_36_49',92),(2333,228,'29_54_74_36_49',92),(2334,228,'29_54_11_38_45_49',92),(2335,228,'29_54_40_69_39_49',92),(2336,228,'29_54_11_52_25_39_49',92),(2337,228,'29_54_40_61_68_48_39_49',92),(2338,228,'29_54_56_47_15_36_49',92),(2339,228,'29_54_11_52_21_36_49',92),(2340,228,'29_73_62_5',282),(2341,228,'29_50_46_62_5',282),(2342,228,'29_73_53_61',282),(2343,228,'29_50_46_53_61',282),(2344,228,'29_54_40_61',282),(2345,228,'29_54_40_69_62_5',282),(2346,228,'2_15_36_46_62_5',282),(2347,228,'29_54_74_36_46_62_5',282),(2348,228,'29_54_11_38_45_46_62_5',282),(2349,228,'2_15_36_46_53_61',282),(2350,228,'29_54_74_36_46_53_61',282),(2351,228,'29_54_11_38_45_46_53_61',282),(2352,228,'29_54_11_52_25_53_61',282),(2353,228,'29_54_11_52_25_62_5',282),(2354,228,'29_54_56_47_15_36_46_62_5',282),(2355,228,'29_54_11_52_21_36_46_62_5',282),(2356,228,'29_54_56_47_15_36_46_53_61',282),(2357,228,'29_54_11_52_21_36_46_53_61',282),(2358,228,'2_15_30',17),(2359,228,'29_50_77',17),(2360,228,'29_73_39_77',17),(2361,228,'29_54_74_30',17),(2362,228,'29_54_56_47_15_30',17),(2363,228,'29_54_11_52_21_30',17),(2364,228,'2_15_36_77',17),(2365,228,'29_54_74_36_77',17),(2366,228,'29_54_11_38_45_77',17),(2367,228,'29_54_40_69_39_77',17),(2368,228,'29_54_11_52_25_39_77',17),(2369,228,'29_54_40_61_68_48_39_77',17),(2370,228,'29_54_56_47_15_36_77',17),(2371,228,'29_54_11_52_21_36_77',17),(2372,228,'29_54_11_4',77),(2373,228,'29_54_11_52',287),(2374,228,'29_73_62',319),(2375,228,'29_50_46_62',319),(2376,228,'29_54_40_69_62',319),(2377,228,'2_15_36_46_62',319),(2378,228,'29_54_74_36_46_62',319),(2379,228,'29_54_11_38_45_46_62',319),(2380,228,'29_73_53_61_68',319),(2381,228,'29_50_46_53_61_68',319),(2382,228,'29_54_40_61_68',319),(2383,228,'29_54_11_52_25_62',319),(2384,228,'29_54_56_47_15_36_46_62',319),(2385,228,'29_54_11_52_21_36_46_62',319),(2386,228,'2_15_36_46_53_61_68',319),(2387,228,'29_54_74_36_46_53_61_68',319),(2388,228,'29_54_11_38_45_46_53_61_68',319),(2389,228,'29_54_11_52_25_53_61_68',319),(2390,228,'29_54_56_47_15_36_46_53_61_68',319),(2391,228,'29_54_11_52_21_36_46_53_61_68',319),(2392,228,'29_54_11_52_59',153),(2393,228,'29_54_11_52_63_32',153),(2394,228,'29_54_11_52_44_32',153),(2395,228,'2',132),(2396,228,'29_54_56_47',132),(2397,228,'29_50',186),(2398,228,'29_73_39',186),(2399,228,'2_15_36',186),(2400,228,'29_54_74_36',186),(2401,228,'29_54_11_38_45',186),(2402,228,'29_54_40_69_39',186),(2403,228,'29_54_11_52_25_39',186),(2404,228,'29_54_40_61_68_48_39',186),(2405,228,'29_54_56_47_15_36',186),(2406,228,'29_54_11_52_21_36',186),(2407,228,'29_50_23',202),(2408,228,'29_73_39_23',202),(2409,228,'2_15_36_23',202),(2410,228,'29_54_74_36_23',202),(2411,228,'29_54_11_38_45_23',202),(2412,228,'29_54_40_69_39_23',202),(2413,228,'29_54_11_52_25_39_23',202),(2414,228,'29_54_40_61_68_48_39_23',202),(2415,228,'29_54_56_47_15_36_23',202),(2416,228,'29_54_11_52_21_36_23',202),(2417,228,'29_73',249),(2418,228,'29_50_46',249),(2419,228,'29_54_40_69',249),(2420,228,'2_15_36_46',249),(2421,228,'29_54_74_36_46',249),(2422,228,'29_54_11_38_45_46',249),(2423,228,'29_54_11_52_25',249),(2424,228,'29_54_40_61_68_48',249),(2425,228,'29_54_56_47_15_36_46',249),(2426,228,'29_54_11_52_21_36_46',249),(2427,228,'29_50_18',55),(2428,228,'29_73_39_18',55),(2429,228,'2_15_36_18',55),(2430,228,'29_54_74_36_18',55),(2431,228,'29_54_11_38_45_18',55),(2432,228,'29_54_40_69_39_18',55),(2433,228,'29_54_11_52_25_39_18',55),(2434,228,'29_54_40_61_68_48_39_18',55),(2435,228,'29_54_56_47_15_36_18',55),(2436,228,'29_54_11_52_21_36_18',55),(2437,228,'29_54_11_55',127),(2438,228,'29_54_11',161),(2439,228,'29_50_24',224),(2440,228,'29_73_39_24',224),(2441,228,'2_15_36_24',224),(2442,228,'29_54_74_36_24',224),(2443,228,'29_54_11_38_45_24',224),(2444,228,'29_54_40_69_39_24',224),(2445,228,'29_54_11_52_25_39_24',224),(2446,228,'29_54_40_61_68_48_39_24',224),(2447,228,'29_54_56_47_15_36_24',224),(2448,228,'29_54_11_52_21_36_24',224),(2449,228,'29_54_11_33',373),(2450,228,'29_54_11_22',373),(2451,228,'29_73_62_5_66',373),(2452,228,'29_50_46_62_5_66',373),(2453,228,'29_73_53_61_66',373),(2454,228,'29_50_46_53_61_66',373),(2455,228,'29_54_40_61_66',373),(2456,228,'29_54_40_69_62_5_66',373),(2457,228,'2_15_36_46_62_5_66',373),(2458,228,'29_54_74_36_46_62_5_66',373),(2459,228,'29_54_11_38_45_46_62_5_66',373),(2460,228,'2_15_36_46_53_61_66',373),(2461,228,'29_54_74_36_46_53_61_66',373),(2462,228,'29_54_11_38_45_46_53_61_66',373),(2463,228,'29_54_11_52_25_53_61_66',373),(2464,228,'29_54_11_52_25_62_5_66',373),(2465,228,'29_54_56_47_15_36_46_62_5_66',373),(2466,228,'29_54_11_52_21_36_46_62_5_66',373),(2467,228,'29_54_56_47_15_36_46_53_61_66',373),(2468,228,'29_54_11_52_21_36_46_53_61_66',373),(2469,228,'29',138),(2470,228,'29_54_11_52_63',58),(2471,228,'29_54_11_52_44',58),(2472,241,'70_21',110),(2473,241,'58_21',110),(2474,241,'70_25_53',150),(2475,241,'58_25_53',150),(2476,241,'70_21_36_46_53',150),(2477,241,'58_21_36_46_53',150),(2478,241,'70_25_62_5_14',150),(2479,241,'58_25_62_5_14',150),(2480,241,'70_21_36_46_62_5_14',150),(2481,241,'58_21_36_46_62_5_14',150),(2482,241,'70_25_39_49',92),(2483,241,'58_25_39_49',92),(2484,241,'70_21_36_49',92),(2485,241,'58_21_36_49',92),(2486,241,'70_25_53_61',282),(2487,241,'58_25_53_61',282),(2488,241,'70_25_62_5',282),(2489,241,'58_25_62_5',282),(2490,241,'70_21_36_46_62_5',282),(2491,241,'58_21_36_46_62_5',282),(2492,241,'70_21_36_46_53_61',282),(2493,241,'58_21_36_46_53_61',282),(2494,241,'70_21_30',17),(2495,241,'58_21_30',17),(2496,241,'70_25_39_77',17),(2497,241,'58_25_39_77',17),(2498,241,'70_21_36_77',17),(2499,241,'58_21_36_77',17),(2500,241,'70_25_62',319),(2501,241,'58_25_62',319),(2502,241,'70_21_36_46_62',319),(2503,241,'58_21_36_46_62',319),(2504,241,'70_25_53_61_68',319),(2505,241,'58_25_53_61_68',319),(2506,241,'70_21_36_46_53_61_68',319),(2507,241,'58_21_36_46_53_61_68',319),(2508,241,'70',287),(2509,241,'58',287),(2510,241,'70_59',153),(2511,241,'58_59',153),(2512,241,'70_63_32',153),(2513,241,'58_63_32',153),(2514,241,'70_44_32',153),(2515,241,'58_44_32',153),(2516,241,'70_25_39',186),(2517,241,'58_25_39',186),(2518,241,'70_21_36',186),(2519,241,'58_21_36',186),(2520,241,'70_25_39_23',202),(2521,241,'58_25_39_23',202),(2522,241,'70_21_36_23',202),(2523,241,'58_21_36_23',202),(2524,241,'70_25',249),(2525,241,'58_25',249),(2526,241,'70_21_36_46',249),(2527,241,'58_21_36_46',249),(2528,241,'70_25_39_18',55),(2529,241,'58_25_39_18',55),(2530,241,'70_21_36_18',55),(2531,241,'58_21_36_18',55),(2532,241,'70_25_39_24',224),(2533,241,'58_25_39_24',224),(2534,241,'70_21_36_24',224),(2535,241,'58_21_36_24',224),(2536,241,'70_25_53_61_66',373),(2537,241,'58_25_53_61_66',373),(2538,241,'70_25_62_5_66',373),(2539,241,'58_25_62_5_66',373),(2540,241,'70_21_36_46_62_5_66',373),(2541,241,'58_21_36_46_62_5_66',373),(2542,241,'70_21_36_46_53_61_66',373),(2543,241,'58_21_36_46_53_61_66',373),(2544,241,'70_63',58),(2545,241,'58_63',58),(2546,241,'70_44',58),(2547,241,'58_44',58),(2548,249,'39_23',202),(2549,249,'39',186),(2550,249,'39_18',55),(2551,249,'53',150),(2552,249,'62_5_14',150),(2553,249,'39_24',224),(2554,249,'53_61_66',373),(2555,249,'62_5_66',373),(2556,249,'39_49',92),(2557,249,'53_61',282),(2558,249,'62_5',282),(2559,249,'39_77',17),(2560,249,'62',319),(2561,249,'53_61_68',319),(2562,267,'43_1_76_38',178),(2563,267,'41_49',92),(2564,267,'10_36_49',92),(2565,267,'43_12_49',92),(2566,267,'43_9_25_39_49',92),(2567,267,'31_48_39_49',92),(2568,267,'43_9_21_36_49',92),(2569,267,'43_1_76_38_45_49',92),(2570,267,'31_5_14_69_39_49',92),(2571,267,'43_1_76_52_25_39_49',92),(2572,267,'43_1_76_52_21_36_49',92),(2573,267,'43_1_76_16_74_36_49',92),(2574,267,'43_1_76_16_67_50_49',92),(2575,267,'43_1_76_16_67_73_39_49',92),(2576,267,'43_1_76_16_40_69_39_49',92),(2577,267,'43_1_76_16_40_61_68_48_39_49',92),(2578,267,'43_1_76_16_67_27_2_15_36_49',92),(2579,267,'43_1_76_16_56_47_15_36_49',92),(2580,267,'43_1_76_16_56_47_8_29_50_49',92),(2581,267,'43_1_76_16_56_47_8_29_73_39_49',92),(2582,267,'43_1_76_19',182),(2583,267,'31_5',282),(2584,267,'41_46_62_5',282),(2585,267,'10_36_46_62_5',282),(2586,267,'41_46_53_61',282),(2587,267,'10_36_46_53_61',282),(2588,267,'43_9_25_53_61',282),(2589,267,'31_48_53_61',282),(2590,267,'43_9_25_62_5',282),(2591,267,'43_12_46_62_5',282),(2592,267,'43_9_21_36_46_62_5',282),(2593,267,'43_1_76_38_45_46_62_5',282),(2594,267,'43_12_46_53_61',282),(2595,267,'43_9_21_36_46_53_61',282),(2596,267,'43_1_76_38_45_46_53_61',282),(2597,267,'43_1_76_52_25_53_61',282),(2598,267,'43_1_76_16_40_61',282),(2599,267,'43_1_76_52_25_62_5',282),(2600,267,'43_1_76_16_67_73_62_5',282),(2601,267,'43_1_76_16_40_69_62_5',282),(2602,267,'43_1_76_52_21_36_46_62_5',282),(2603,267,'43_1_76_16_74_36_46_62_5',282),(2604,267,'43_1_76_16_67_50_46_62_5',282),(2605,267,'43_1_76_16_67_73_53_61',282),(2606,267,'43_1_76_52_21_36_46_53_61',282),(2607,267,'43_1_76_16_74_36_46_53_61',282),(2608,267,'43_1_76_16_67_50_46_53_61',282),(2609,267,'43_1_76_16_67_27_2_15_36_46_62_5',282),(2610,267,'43_1_76_16_56_47_15_36_46_62_5',282),(2611,267,'43_1_76_16_67_27_2_15_36_46_53_61',282),(2612,267,'43_1_76_16_56_47_15_36_46_53_61',282),(2613,267,'43_1_76_16_56_47_8_29_73_62_5',282),(2614,267,'43_1_76_16_56_47_8_29_50_46_62_5',282),(2615,267,'43_1_76_16_56_47_8_29_73_53_61',282),(2616,267,'43_1_76_16_56_47_8_29_50_46_53_61',282),(2617,267,'43',205),(2618,267,'43_9',287),(2619,267,'43_1_76_52',287),(2620,267,'31',319),(2621,267,'41_46_62',319),(2622,267,'10_36_46_62',319),(2623,267,'43_9_25_62',319),(2624,267,'43_12_46_62',319),(2625,267,'43_9_21_36_46_62',319),(2626,267,'43_1_76_38_45_46_62',319),(2627,267,'41_46_53_61_68',319),(2628,267,'10_36_46_53_61_68',319),(2629,267,'43_9_25_53_61_68',319),(2630,267,'43_1_76_52_25_62',319),(2631,267,'43_1_76_16_67_73_62',319),(2632,267,'43_1_76_16_40_69_62',319),(2633,267,'43_1_76_52_21_36_46_62',319),(2634,267,'43_1_76_16_74_36_46_62',319),(2635,267,'43_1_76_16_67_50_46_62',319),(2636,267,'43_12_46_53_61_68',319),(2637,267,'43_9_21_36_46_53_61_68',319),(2638,267,'43_1_76_38_45_46_53_61_68',319),(2639,267,'43_1_76_52_25_53_61_68',319),(2640,267,'43_1_76_16_40_61_68',319),(2641,267,'43_1_76_16_67_27_2_15_36_46_62',319),(2642,267,'43_1_76_16_56_47_15_36_46_62',319),(2643,267,'43_1_76_16_67_73_53_61_68',319),(2644,267,'43_1_76_52_21_36_46_53_61_68',319),(2645,267,'43_1_76_16_74_36_46_53_61_68',319),(2646,267,'43_1_76_16_67_50_46_53_61_68',319),(2647,267,'43_1_76_16_56_47_8_29_73_62',319),(2648,267,'43_1_76_16_56_47_8_29_50_46_62',319),(2649,267,'43_1_76_16_67_27_2_15_36_46_53_61_68',319),(2650,267,'43_1_76_16_56_47_15_36_46_53_61_68',319),(2651,267,'43_1_76_16_56_47_8_29_73_53_61_68',319),(2652,267,'43_1_76_16_56_47_8_29_50_46_53_61_68',319),(2653,267,'43_1_76_16_67_27_2',132),(2654,267,'43_1_76_16_56_47',132),(2655,267,'41_23',202),(2656,267,'10_36_23',202),(2657,267,'43_12_23',202),(2658,267,'43_9_25_39_23',202),(2659,267,'31_48_39_23',202),(2660,267,'43_9_21_36_23',202),(2661,267,'43_1_76_38_45_23',202),(2662,267,'31_5_14_69_39_23',202),(2663,267,'43_1_76_52_25_39_23',202),(2664,267,'43_1_76_52_21_36_23',202),(2665,267,'43_1_76_16_74_36_23',202),(2666,267,'43_1_76_16_67_50_23',202),(2667,267,'43_1_76_16_67_73_39_23',202),(2668,267,'43_1_76_16_40_69_39_23',202),(2669,267,'43_1_76_16_40_61_68_48_39_23',202),(2670,267,'43_1_76_16_67_27_2_15_36_23',202),(2671,267,'43_1_76_16_56_47_15_36_23',202),(2672,267,'43_1_76_16_56_47_8_29_50_23',202),(2673,267,'43_1_76_16_56_47_8_29_73_39_23',202),(2674,267,'41',186),(2675,267,'10_36',186),(2676,267,'43_12',186),(2677,267,'43_9_25_39',186),(2678,267,'31_48_39',186),(2679,267,'43_9_21_36',186),(2680,267,'43_1_76_38_45',186),(2681,267,'31_5_14_69_39',186),(2682,267,'43_1_76_52_25_39',186),(2683,267,'43_1_76_52_21_36',186),(2684,267,'43_1_76_16_74_36',186),(2685,267,'43_1_76_16_67_50',186),(2686,267,'43_1_76_16_67_73_39',186),(2687,267,'43_1_76_16_40_69_39',186),(2688,267,'43_1_76_16_40_61_68_48_39',186),(2689,267,'43_1_76_16_67_27_2_15_36',186),(2690,267,'43_1_76_16_56_47_15_36',186),(2691,267,'43_1_76_16_56_47_8_29_50',186),(2692,267,'43_1_76_16_56_47_8_29_73_39',186),(2693,267,'41_46',249),(2694,267,'10_36_46',249),(2695,267,'43_9_25',249),(2696,267,'31_48',249),(2697,267,'31_5_14_69',249),(2698,267,'43_12_46',249),(2699,267,'43_9_21_36_46',249),(2700,267,'43_1_76_38_45_46',249),(2701,267,'43_1_76_52_25',249),(2702,267,'43_1_76_16_67_73',249),(2703,267,'43_1_76_16_40_69',249),(2704,267,'43_1_76_52_21_36_46',249),(2705,267,'43_1_76_16_74_36_46',249),(2706,267,'43_1_76_16_67_50_46',249),(2707,267,'43_1_76_16_40_61_68_48',249),(2708,267,'43_1_76_16_67_27_2_15_36_46',249),(2709,267,'43_1_76_16_56_47_15_36_46',249),(2710,267,'43_1_76_16_56_47_8_29_73',249),(2711,267,'43_1_76_16_56_47_8_29_50_46',249),(2712,267,'41_18',55),(2713,267,'10_36_18',55),(2714,267,'43_12_18',55),(2715,267,'43_9_25_39_18',55),(2716,267,'31_48_39_18',55),(2717,267,'43_9_21_36_18',55),(2718,267,'43_1_76_38_45_18',55),(2719,267,'31_5_14_69_39_18',55),(2720,267,'43_1_76_52_25_39_18',55),(2721,267,'43_1_76_52_21_36_18',55),(2722,267,'43_1_76_16_74_36_18',55),(2723,267,'43_1_76_16_67_50_18',55),(2724,267,'43_1_76_16_67_73_39_18',55),(2725,267,'43_1_76_16_40_69_39_18',55),(2726,267,'43_1_76_16_40_61_68_48_39_18',55),(2727,267,'43_1_76_16_67_27_2_15_36_18',55),(2728,267,'43_1_76_16_56_47_15_36_18',55),(2729,267,'43_1_76_16_56_47_8_29_50_18',55),(2730,267,'43_1_76_16_56_47_8_29_73_39_18',55),(2731,267,'43_1_76_55',127),(2732,267,'43_1_37',373),(2733,267,'43_1_76_33',373),(2734,267,'43_1_76_22',373),(2735,267,'31_5_66',373),(2736,267,'41_46_62_5_66',373),(2737,267,'10_36_46_62_5_66',373),(2738,267,'41_46_53_61_66',373),(2739,267,'10_36_46_53_61_66',373),(2740,267,'43_9_25_53_61_66',373),(2741,267,'31_48_53_61_66',373),(2742,267,'43_9_25_62_5_66',373),(2743,267,'43_12_46_62_5_66',373),(2744,267,'43_9_21_36_46_62_5_66',373),(2745,267,'43_1_76_38_45_46_62_5_66',373),(2746,267,'43_12_46_53_61_66',373),(2747,267,'43_9_21_36_46_53_61_66',373),(2748,267,'43_1_76_38_45_46_53_61_66',373),(2749,267,'43_1_76_52_25_53_61_66',373),(2750,267,'43_1_76_16_40_61_66',373),(2751,267,'43_1_76_52_25_62_5_66',373),(2752,267,'43_1_76_16_67_73_62_5_66',373),(2753,267,'43_1_76_16_40_69_62_5_66',373),(2754,267,'43_1_76_52_21_36_46_62_5_66',373),(2755,267,'43_1_76_16_74_36_46_62_5_66',373),(2756,267,'43_1_76_16_67_50_46_62_5_66',373),(2757,267,'43_1_76_16_67_73_53_61_66',373),(2758,267,'43_1_76_52_21_36_46_53_61_66',373),(2759,267,'43_1_76_16_74_36_46_53_61_66',373),(2760,267,'43_1_76_16_67_50_46_53_61_66',373),(2761,267,'43_1_76_16_67_27_2_15_36_46_62_5_66',373),(2762,267,'43_1_76_16_56_47_15_36_46_62_5_66',373),(2763,267,'43_1_76_16_67_27_2_15_36_46_53_61_66',373),(2764,267,'43_1_76_16_56_47_15_36_46_53_61_66',373),(2765,267,'43_1_76_16_56_47_8_29_73_62_5_66',373),(2766,267,'43_1_76_16_56_47_8_29_50_46_62_5_66',373),(2767,267,'43_1_76_16_56_47_8_29_73_53_61_66',373),(2768,267,'43_1_76_16_56_47_8_29_50_46_53_61_66',373),(2769,267,'43_1_76_16_67',138),(2770,267,'43_1_76_16_56_47_8_29',138),(2771,267,'43_1_76_16_56',280),(2772,267,'43_1_76_16',25),(2773,267,'10',110),(2774,267,'43_9_21',110),(2775,267,'43_1_76_52_21',110),(2776,267,'43_1_76_16_74',110),(2777,267,'43_1_76_16_67_27_2_15',110),(2778,267,'43_1_76_16_56_47_15',110),(2779,267,'41_46_53',150),(2780,267,'10_36_46_53',150),(2781,267,'43_9_25_53',150),(2782,267,'31_48_53',150),(2783,267,'31_5_14',150),(2784,267,'41_46_62_5_14',150),(2785,267,'10_36_46_62_5_14',150),(2786,267,'43_12_46_53',150),(2787,267,'43_9_21_36_46_53',150),(2788,267,'43_1_76_38_45_46_53',150),(2789,267,'43_1_76_52_25_53',150),(2790,267,'43_9_25_62_5_14',150),(2791,267,'43_12_46_62_5_14',150),(2792,267,'43_9_21_36_46_62_5_14',150),(2793,267,'43_1_76_38_45_46_62_5_14',150),(2794,267,'43_1_76_16_40',150),(2795,267,'43_1_76_16_67_73_53',150),(2796,267,'43_1_76_52_21_36_46_53',150),(2797,267,'43_1_76_16_74_36_46_53',150),(2798,267,'43_1_76_16_67_50_46_53',150),(2799,267,'43_1_76_52_25_62_5_14',150),(2800,267,'43_1_76_16_67_73_62_5_14',150),(2801,267,'43_1_76_52_21_36_46_62_5_14',150),(2802,267,'43_1_76_16_74_36_46_62_5_14',150),(2803,267,'43_1_76_16_67_50_46_62_5_14',150),(2804,267,'43_1_76_16_67_27_2_15_36_46_53',150),(2805,267,'43_1_76_16_56_47_15_36_46_53',150),(2806,267,'43_1_76_16_67_27_2_15_36_46_62_5_14',150),(2807,267,'43_1_76_16_56_47_15_36_46_62_5_14',150),(2808,267,'43_1_76_16_56_47_8_29_73_53',150),(2809,267,'43_1_76_16_56_47_8_29_50_46_53',150),(2810,267,'43_1_76_16_56_47_8_29_73_62_5_14',150),(2811,267,'43_1_76_16_56_47_8_29_50_46_62_5_14',150),(2812,267,'10_30',17),(2813,267,'43_9_21_30',17),(2814,267,'41_77',17),(2815,267,'10_36_77',17),(2816,267,'43_12_77',17),(2817,267,'43_9_25_39_77',17),(2818,267,'31_48_39_77',17),(2819,267,'43_1_76_52_21_30',17),(2820,267,'43_9_21_36_77',17),(2821,267,'43_1_76_38_45_77',17),(2822,267,'31_5_14_69_39_77',17),(2823,267,'43_1_76_52_25_39_77',17),(2824,267,'43_1_76_16_74_30',17),(2825,267,'43_1_76_16_67_27_2_15_30',17),(2826,267,'43_1_76_16_56_47_15_30',17),(2827,267,'43_1_76_52_21_36_77',17),(2828,267,'43_1_76_16_74_36_77',17),(2829,267,'43_1_76_16_67_50_77',17),(2830,267,'43_1_76_16_67_73_39_77',17),(2831,267,'43_1_76_16_40_69_39_77',17),(2832,267,'43_1_76_16_40_61_68_48_39_77',17),(2833,267,'43_1_76_16_67_27_2_15_36_77',17),(2834,267,'43_1_76_16_56_47_15_36_77',17),(2835,267,'43_1_76_16_56_47_8_29_50_77',17),(2836,267,'43_1_76_16_56_47_8_29_73_39_77',17),(2837,267,'43_1_76_16_67_27',228),(2838,267,'43_1_76_16_56_47_8',228),(2839,267,'43_1_76_4',77),(2840,267,'43_34',153),(2841,267,'43_9_59',153),(2842,267,'43_9_63_32',153),(2843,267,'43_9_44_32',153),(2844,267,'43_1_76_52_59',153),(2845,267,'43_1_76_52_63_32',153),(2846,267,'43_1_76_52_44_32',153),(2847,267,'41_24',224),(2848,267,'10_36_24',224),(2849,267,'43_12_24',224),(2850,267,'43_9_25_39_24',224),(2851,267,'31_48_39_24',224),(2852,267,'43_9_21_36_24',224),(2853,267,'43_1_76_38_45_24',224),(2854,267,'31_5_14_69_39_24',224),(2855,267,'43_1_76_52_25_39_24',224),(2856,267,'43_1_76_52_21_36_24',224),(2857,267,'43_1_76_16_74_36_24',224),(2858,267,'43_1_76_16_67_50_24',224),(2859,267,'43_1_76_16_67_73_39_24',224),(2860,267,'43_1_76_16_40_69_39_24',224),(2861,267,'43_1_76_16_40_61_68_48_39_24',224),(2862,267,'43_1_76_16_67_27_2_15_36_24',224),(2863,267,'43_1_76_16_56_47_15_36_24',224),(2864,267,'43_1_76_16_56_47_8_29_50_24',224),(2865,267,'43_1_76_16_56_47_8_29_73_39_24',224),(2866,267,'43_1_76',161),(2867,267,'43_1',145),(2868,267,'43_9_63',58),(2869,267,'43_9_44',58),(2870,267,'43_1_76_52_63',58),(2871,267,'43_1_76_52_44',58),(2872,280,'47_8_29_54',25);
insert into `path` (`PATH_ID`,`FIRST_ENTITY_ID`,`INTERMEDIATE_PATH`,`LAST_ENTITY_ID`) values (2873,280,'47_15',110),(2874,280,'47_8_29_54_74',110),(2875,280,'47_8_29_54_11_52_21',110),(2876,280,'47_8_29_54_11_38',178),(2877,280,'47_8_29_54_40',150),(2878,280,'47_8_29_73_53',150),(2879,280,'47_15_36_46_53',150),(2880,280,'47_8_29_54_74_36_46_53',150),(2881,280,'47_8_29_50_46_53',150),(2882,280,'47_8_29_54_11_38_45_46_53',150),(2883,280,'47_8_29_54_11_52_25_53',150),(2884,280,'47_8_29_73_62_5_14',150),(2885,280,'47_15_36_46_62_5_14',150),(2886,280,'47_8_29_54_74_36_46_62_5_14',150),(2887,280,'47_8_29_50_46_62_5_14',150),(2888,280,'47_8_29_54_11_38_45_46_62_5_14',150),(2889,280,'47_8_29_54_11_52_21_36_46_53',150),(2890,280,'47_8_29_54_11_52_25_62_5_14',150),(2891,280,'47_8_29_54_11_52_21_36_46_62_5_14',150),(2892,280,'47_15_36_49',92),(2893,280,'47_8_29_54_74_36_49',92),(2894,280,'47_8_29_50_49',92),(2895,280,'47_8_29_54_11_38_45_49',92),(2896,280,'47_8_29_73_39_49',92),(2897,280,'47_8_29_54_40_69_39_49',92),(2898,280,'47_8_29_54_11_52_25_39_49',92),(2899,280,'47_8_29_54_40_61_68_48_39_49',92),(2900,280,'47_8_29_54_11_52_21_36_49',92),(2901,280,'47_8_29_54_11_19',182),(2902,280,'47_8_29_54_40_61',282),(2903,280,'47_8_29_73_62_5',282),(2904,280,'47_8_29_54_40_69_62_5',282),(2905,280,'47_15_36_46_62_5',282),(2906,280,'47_8_29_54_74_36_46_62_5',282),(2907,280,'47_8_29_50_46_62_5',282),(2908,280,'47_8_29_54_11_38_45_46_62_5',282),(2909,280,'47_8_29_73_53_61',282),(2910,280,'47_15_36_46_53_61',282),(2911,280,'47_8_29_54_74_36_46_53_61',282),(2912,280,'47_8_29_50_46_53_61',282),(2913,280,'47_8_29_54_11_38_45_46_53_61',282),(2914,280,'47_8_29_54_11_52_25_53_61',282),(2915,280,'47_8_29_54_11_52_25_62_5',282),(2916,280,'47_8_29_54_11_52_21_36_46_62_5',282),(2917,280,'47_8_29_54_11_52_21_36_46_53_61',282),(2918,280,'47_15_30',17),(2919,280,'47_8_29_54_74_30',17),(2920,280,'47_8_29_54_11_52_21_30',17),(2921,280,'47_15_36_77',17),(2922,280,'47_8_29_54_74_36_77',17),(2923,280,'47_8_29_50_77',17),(2924,280,'47_8_29_54_11_38_45_77',17),(2925,280,'47_8_29_73_39_77',17),(2926,280,'47_8_29_54_40_69_39_77',17),(2927,280,'47_8_29_54_11_52_25_39_77',17),(2928,280,'47_8_29_54_40_61_68_48_39_77',17),(2929,280,'47_8_29_54_11_52_21_36_77',17),(2930,280,'47_8',228),(2931,280,'47_8_29_54_11_4',77),(2932,280,'47_8_29_73_62',319),(2933,280,'47_8_29_54_40_69_62',319),(2934,280,'47_15_36_46_62',319),(2935,280,'47_8_29_54_74_36_46_62',319),(2936,280,'47_8_29_50_46_62',319),(2937,280,'47_8_29_54_11_38_45_46_62',319),(2938,280,'47_8_29_54_40_61_68',319),(2939,280,'47_8_29_54_11_52_25_62',319),(2940,280,'47_8_29_54_11_52_21_36_46_62',319),(2941,280,'47_8_29_73_53_61_68',319),(2942,280,'47_15_36_46_53_61_68',319),(2943,280,'47_8_29_54_74_36_46_53_61_68',319),(2944,280,'47_8_29_50_46_53_61_68',319),(2945,280,'47_8_29_54_11_38_45_46_53_61_68',319),(2946,280,'47_8_29_54_11_52_25_53_61_68',319),(2947,280,'47_8_29_54_11_52_21_36_46_53_61_68',319),(2948,280,'47_8_29_54_11_52',287),(2949,280,'47_8_29_54_11_52_59',153),(2950,280,'47_8_29_54_11_52_63_32',153),(2951,280,'47_8_29_54_11_52_44_32',153),(2952,280,'47',132),(2953,280,'47_15_36',186),(2954,280,'47_8_29_54_74_36',186),(2955,280,'47_8_29_50',186),(2956,280,'47_8_29_54_11_38_45',186),(2957,280,'47_8_29_73_39',186),(2958,280,'47_8_29_54_40_69_39',186),(2959,280,'47_8_29_54_11_52_25_39',186),(2960,280,'47_8_29_54_40_61_68_48_39',186),(2961,280,'47_8_29_54_11_52_21_36',186),(2962,280,'47_15_36_23',202),(2963,280,'47_8_29_54_74_36_23',202),(2964,280,'47_8_29_50_23',202),(2965,280,'47_8_29_54_11_38_45_23',202),(2966,280,'47_8_29_73_39_23',202),(2967,280,'47_8_29_54_40_69_39_23',202),(2968,280,'47_8_29_54_11_52_25_39_23',202),(2969,280,'47_8_29_54_40_61_68_48_39_23',202),(2970,280,'47_8_29_54_11_52_21_36_23',202),(2971,280,'47_8_29_73',249),(2972,280,'47_8_29_54_40_69',249),(2973,280,'47_15_36_46',249),(2974,280,'47_8_29_54_74_36_46',249),(2975,280,'47_8_29_50_46',249),(2976,280,'47_8_29_54_11_38_45_46',249),(2977,280,'47_8_29_54_11_52_25',249),(2978,280,'47_8_29_54_40_61_68_48',249),(2979,280,'47_8_29_54_11_52_21_36_46',249),(2980,280,'47_15_36_18',55),(2981,280,'47_8_29_54_74_36_18',55),(2982,280,'47_8_29_50_18',55),(2983,280,'47_8_29_54_11_38_45_18',55),(2984,280,'47_8_29_73_39_18',55),(2985,280,'47_8_29_54_40_69_39_18',55),(2986,280,'47_8_29_54_11_52_25_39_18',55),(2987,280,'47_8_29_54_40_61_68_48_39_18',55),(2988,280,'47_8_29_54_11_52_21_36_18',55),(2989,280,'47_8_29_54_11_55',127),(2990,280,'47_8_29_54_11',161),(2991,280,'47_15_36_24',224),(2992,280,'47_8_29_54_74_36_24',224),(2993,280,'47_8_29_50_24',224),(2994,280,'47_8_29_54_11_38_45_24',224),(2995,280,'47_8_29_73_39_24',224),(2996,280,'47_8_29_54_40_69_39_24',224),(2997,280,'47_8_29_54_11_52_25_39_24',224),(2998,280,'47_8_29_54_40_61_68_48_39_24',224),(2999,280,'47_8_29_54_11_52_21_36_24',224),(3000,280,'47_8_29_54_11_33',373),(3001,280,'47_8_29_54_11_22',373),(3002,280,'47_8_29_54_40_61_66',373),(3003,280,'47_8_29_73_62_5_66',373),(3004,280,'47_8_29_54_40_69_62_5_66',373),(3005,280,'47_15_36_46_62_5_66',373),(3006,280,'47_8_29_54_74_36_46_62_5_66',373),(3007,280,'47_8_29_50_46_62_5_66',373),(3008,280,'47_8_29_54_11_38_45_46_62_5_66',373),(3009,280,'47_8_29_73_53_61_66',373),(3010,280,'47_15_36_46_53_61_66',373),(3011,280,'47_8_29_54_74_36_46_53_61_66',373),(3012,280,'47_8_29_50_46_53_61_66',373),(3013,280,'47_8_29_54_11_38_45_46_53_61_66',373),(3014,280,'47_8_29_54_11_52_25_53_61_66',373),(3015,280,'47_8_29_54_11_52_25_62_5_66',373),(3016,280,'47_8_29_54_11_52_21_36_46_62_5_66',373),(3017,280,'47_8_29_54_11_52_21_36_46_53_61_66',373),(3018,280,'47_8_29',138),(3019,280,'47_8_29_54_11_52_63',58),(3020,280,'47_8_29_54_11_52_44',58),(3021,282,'14_69_39_23',202),(3022,282,'68_48_39_23',202),(3023,282,'14_69_39',186),(3024,282,'68_48_39',186),(3025,282,'14_69',249),(3026,282,'68_48',249),(3027,282,'14_69_39_18',55),(3028,282,'68_48_39_18',55),(3029,282,'14',150),(3030,282,'68_48_53',150),(3031,282,'14_69_39_24',224),(3032,282,'68_48_39_24',224),(3033,282,'66',373),(3034,282,'14_69_39_49',92),(3035,282,'68_48_39_49',92),(3036,282,'14_69_39_77',17),(3037,282,'68_48_39_77',17),(3038,282,'68',319),(3039,282,'14_69_62',319),(3040,287,'21',110),(3041,287,'25_53',150),(3042,287,'21_36_46_53',150),(3043,287,'25_62_5_14',150),(3044,287,'21_36_46_62_5_14',150),(3045,287,'21_36_49',92),(3046,287,'25_39_49',92),(3047,287,'25_62_5',282),(3048,287,'21_36_46_62_5',282),(3049,287,'25_53_61',282),(3050,287,'21_36_46_53_61',282),(3051,287,'21_30',17),(3052,287,'21_36_77',17),(3053,287,'25_39_77',17),(3054,287,'25_62',319),(3055,287,'21_36_46_62',319),(3056,287,'25_53_61_68',319),(3057,287,'21_36_46_53_61_68',319),(3058,287,'59',153),(3059,287,'63_32',153),(3060,287,'44_32',153),(3061,287,'21_36',186),(3062,287,'25_39',186),(3063,287,'21_36_23',202),(3064,287,'25_39_23',202),(3065,287,'25',249),(3066,287,'21_36_46',249),(3067,287,'21_36_18',55),(3068,287,'25_39_18',55),(3069,287,'21_36_24',224),(3070,287,'25_39_24',224),(3071,287,'25_62_5_66',373),(3072,287,'21_36_46_62_5_66',373),(3073,287,'25_53_61_66',373),(3074,287,'21_36_46_53_61_66',373),(3075,287,'63',58),(3076,287,'44',58),(3077,293,'17',88),(3078,293,'3_17',88),(3079,293,'7_17',88),(3080,293,'3',293),(3081,293,'7',293),(3082,312,'26',88),(3083,319,'48_39_23',202),(3084,319,'5_14_69_39_23',202),(3085,319,'48_39',186),(3086,319,'5_14_69_39',186),(3087,319,'48',249),(3088,319,'5_14_69',249),(3089,319,'48_39_18',55),(3090,319,'5_14_69_39_18',55),(3091,319,'48_53',150),(3092,319,'5_14',150),(3093,319,'48_39_24',224),(3094,319,'5_14_69_39_24',224),(3095,319,'5_66',373),(3096,319,'48_53_61_66',373),(3097,319,'48_39_49',92),(3098,319,'5_14_69_39_49',92),(3099,319,'5',282),(3100,319,'48_53_61',282),(3101,319,'48_39_77',17),(3102,319,'5_14_69_39_77',17);

SET SQL_MODE=@OLD_SQL_MODE;
SET FOREIGN_KEY_CHECKS=@OLD_FOREIGN_KEY_CHECKS;
