/*
SQLyog - Free MySQL GUI v5.16
Host - 4.1.19-community-nt : Database - catissue_core1
*********************************************************************
Server version : 4.1.19-community-nt
*/

SET NAMES utf8;

SET SQL_MODE='';


SET @OLD_SQL_MODE=@@SQL_MODE, SQL_MODE='NO_AUTO_VALUE_ON_ZERO';
SET FOREIGN_KEY_CHECKS = 0;

/*Table structure for table `association` */

DROP TABLE IF EXISTS `association`;

CREATE TABLE `association` (
  `ASSOCIATION_ID` bigint(20) NOT NULL default '0',
  `ASSOCIATION_TYPE` int(8) NOT NULL default '0',
  PRIMARY KEY  (`ASSOCIATION_ID`)
) ENGINE=InnoDB DEFAULT CHARSET=latin1;

/*Data for the table `association` */

insert into `association` (`ASSOCIATION_ID`,`ASSOCIATION_TYPE`) values (1,2),(2,2),(3,2),(4,2),(5,2),(6,2),(7,2),(8,2),(9,2),(10,2),(11,2),(12,2),(13,2),(14,2),(15,2),(16,2),(17,2),(18,2),(19,2),(20,2),(21,2),(22,2),(23,2),(24,2),(25,2),(26,2),(27,2),(28,2),(29,2),(30,2),(31,2),(32,2),(33,2),(34,2),(35,2),(36,2),(37,2),(38,2),(39,2),(40,2),(41,2),(42,2),(43,2),(44,2),(45,2),(46,2),(47,2),(48,2),(49,2),(50,2),(51,2),(52,2),(53,2),(54,2),(55,2),(56,2),(57,2),(58,2),(59,2),(60,2),(61,2),(62,2),(63,2),(64,2),(65,2),(66,2),(67,2),(68,2),(69,2),(70,2),(71,2),(72,2),(73,2),(74,2),(75,2),(76,2),(77,2),(78,2),(79,2),(80,2),(81,2),(82,2),(83,2),(84,2),(85,2),(86,2),(87,2),(88,2),(89,2),(90,2),(91,2),(92,2),(93,2),(94,2),(95,2),(96,2),(97,2),(98,2),(99,2),(100,2),(101,2),(102,2),(103,2),(104,2),(105,2),(106,2),(107,2),(108,2),(109,2),(110,2),(111,2),(112,2),(113,2),(114,2),(115,2),(116,2),(117,2),(118,2),(119,2),(120,2),(121,2),(122,2),(123,2),(124,2),(125,2),(126,2),(127,2),(128,2),(129,2),(130,2),(131,2),(132,2),(133,2),(134,2),(135,2),(136,2),(137,2),(138,2),(139,2),(140,2),(141,2),(142,2),(143,2),(144,2),(145,2),(146,2),(147,2),(148,2),(149,2),(150,2),(151,2),(152,2),(153,2),(154,2),(155,2),(156,2),(157,2),(158,2),(159,2),(160,2),(161,2),(162,2),(163,2),(164,2),(165,2),(166,2),(167,2),(168,2),(169,2),(170,2),(171,2),(172,2),(173,2),(174,2),(175,2),(176,2),(177,2),(178,2),(179,2),(180,2),(181,2),(182,2),(183,2),(184,2),(185,2),(186,2),(187,2),(188,2),(189,2),(190,2),(191,2),(192,2),(193,2),(194,2),(195,2),(196,2),(197,2),(198,2),(199,2),(200,2),(201,2),(202,2),(203,2),(204,2),(205,2),(206,2),(207,2),(208,2),(209,2),(210,2),(211,2),(212,2),(213,2),(214,2),(215,2),(216,2),(217,2),(218,2),(219,2),(220,2),(221,2),(222,2),(223,2),(224,2),(225,2),(226,2),(227,2),(228,2),(229,2),(230,2),(231,2),(232,2),(233,2),(234,2),(235,2),(236,2),(237,2),(238,2),(239,2),(240,2),(241,2),(242,2),(243,2),(244,2),(245,2),(246,2),(247,2),(248,2),(249,2),(250,2),(251,2),(252,2),(253,2),(254,2),(255,2),(256,2),(257,2),(258,2),(259,2),(260,2),(261,2),(262,2),(263,2),(264,2),(265,2),(266,2),(267,2),(268,2),(269,2),(270,2),(271,2),(272,2),(273,2),(274,2),(275,2),(276,2),(277,2),(278,2),(279,2),(280,2),(281,2),(282,2),(283,2),(284,2),(285,2),(286,2),(287,2),(288,2),(289,2),(290,2),(291,2),(292,2),(293,2),(294,2),(295,2),(296,2),(297,2),(298,2),(299,2),(300,2),(301,2),(302,2),(303,2),(304,2),(305,2),(306,2),(307,2),(308,2),(309,2),(310,2),(311,2),(312,2),(313,2),(314,2),(315,2),(316,2),(317,2),(318,2),(319,2),(320,2),(321,2),(322,2),(323,2),(324,2),(325,2),(326,2),(327,2),(328,2),(329,2),(330,2),(331,2),(332,2),(333,2),(334,2),(335,2),(336,2),(337,2),(338,2),(339,2),(340,2),(341,2),(342,2),(343,2),(344,2),(345,2),(346,2),(347,2),(348,2),(349,2),(350,2),(351,2),(352,2),(353,2),(354,2),(355,2),(356,2),(357,2),(358,2),(359,2),(360,2),(361,2),(362,2),(363,2),(364,2),(365,2),(366,2),(367,2),(368,2),(369,2),(370,2),(371,2),(372,2),(373,2),(374,2),(375,2),(376,2),(377,2),(378,2),(379,2),(380,2),(381,2),(382,2),(383,2),(384,2),(385,2),(386,2),(387,2),(388,2),(389,2),(390,2),(391,2),(392,2),(393,2),(394,2),(395,2),(396,2),(397,2),(398,2),(399,2),(400,2),(401,2),(402,2),(403,2),(404,2),(405,2),(406,2),(407,2),(408,2),(409,2),(410,2),(411,2),(412,2),(413,2),(414,2),(415,2),(416,2),(417,2),(418,2),(419,2),(420,2),(421,2),(422,2),(423,2),(424,2),(425,2),(426,2),(427,2),(428,2),(429,2),(430,2),(431,2),(432,2),(433,2),(434,2),(435,2),(436,2),(437,2),(438,2),(439,2),(440,2),(441,2),(442,2),(443,2),(444,2),(445,2),(446,2),(447,2),(448,2),(449,2),(450,2),(451,2),(452,2),(453,2),(454,2),(455,2),(456,2),(457,2),(458,2),(459,2),(460,2),(461,2),(462,2),(463,2),(464,2),(465,2),(466,2),(467,2),(468,2),(469,2),(470,2),(471,2),(472,2),(473,2),(474,2),(475,2),(476,2),(477,2),(478,2),(479,2),(480,2),(481,2),(482,2),(483,2),(484,2),(485,2),(486,2),(487,2),(488,2),(489,2),(490,2),(491,2),(492,2),(493,2),(494,2),(495,2),(496,2),(497,2),(498,2),(499,2),(500,2),(501,2),(502,2),(503,2),(504,2),(505,2),(506,2),(507,2),(508,2),(509,2),(510,2),(511,2),(512,2),(513,2),(514,2),(515,2),(516,2),(517,2),(518,2),(519,2),(520,2),(521,2),(522,2),(523,2),(524,2),(525,2),(526,2),(527,2),(528,2),(529,2),(530,2),(531,2),(532,2),(533,2),(534,2),(535,2),(536,2),(537,2),(538,2),(539,2),(540,2),(541,2),(542,2),(543,2),(544,2),(545,2),(546,2),(547,2),(548,2),(549,2),(550,2),(551,2),(552,2),(553,2),(554,2),(555,2),(556,2),(557,2),(558,2),(559,2),(560,2),(561,2),(562,2),(563,2),(564,2),(565,2),(566,2),(567,2),(568,2),(569,2),(570,2),(571,2),(572,2),(573,2),(574,2),(575,2),(576,2),(577,2),(578,2),(579,2),(580,2),(581,2),(582,2),(583,2),(584,2),(585,2),(586,2),(587,2),(588,2),(589,2),(590,2),(591,2),(592,2),(593,2),(594,2),(595,2),(596,2),(597,2),(598,2),(599,2),(600,2),(601,2),(602,2),(603,2),(604,2),(605,2),(606,2),(607,2),(608,2),(609,2),(610,2),(611,2),(612,2),(613,2),(614,2),(615,2),(616,2),(617,2),(618,2),(619,2),(620,2),(621,2),(622,2),(623,2),(624,2),(625,2),(626,2),(627,2),(628,2),(629,2),(630,2),(631,2),(632,2),(633,2),(634,2),(635,2),(636,2),(637,2),(638,2),(639,2),(640,2),(641,2),(642,2),(643,2),(644,2),(645,2),(646,2),(647,2),(648,2),(649,2),(650,2),(651,2),(652,2),(653,2),(654,2),(655,2),(656,2),(657,2),(658,2),(659,2);

/*Table structure for table `categorial_attribute` */

DROP TABLE IF EXISTS `categorial_attribute`;

CREATE TABLE `categorial_attribute` (
  `ID` bigint(20) NOT NULL auto_increment,
  `CATEGORIAL_CLASS_ID` bigint(20) default NULL,
  `DE_CATEGORY_ATTRIBUTE_ID` bigint(20) default NULL,
  `DE_SOURCE_CLASS_ATTRIBUTE_ID` bigint(20) default NULL,
  PRIMARY KEY  (`ID`),
  KEY `FK31F77B56E8CBD948` (`CATEGORIAL_CLASS_ID`),
  CONSTRAINT `FK31F77B56E8CBD948` FOREIGN KEY (`CATEGORIAL_CLASS_ID`) REFERENCES `categorial_class` (`ID`)
) ENGINE=InnoDB DEFAULT CHARSET=latin1;

/*Data for the table `categorial_attribute` */

/*Table structure for table `categorial_class` */

DROP TABLE IF EXISTS `categorial_class`;

CREATE TABLE `categorial_class` (
  `ID` bigint(20) NOT NULL auto_increment,
  `DE_ENTITY_ID` bigint(20) default NULL,
  `PATH_FROM_PARENT_ID` bigint(20) default NULL,
  `PARENT_CATEGORIAL_CLASS_ID` bigint(20) default NULL,
  PRIMARY KEY  (`ID`),
  KEY `FK9651EF32D8D56A33` (`PARENT_CATEGORIAL_CLASS_ID`),
  CONSTRAINT `FK9651EF32D8D56A33` FOREIGN KEY (`PARENT_CATEGORIAL_CLASS_ID`) REFERENCES `categorial_class` (`ID`)
) ENGINE=InnoDB DEFAULT CHARSET=latin1;

/*Data for the table `categorial_class` */

/*Table structure for table `category` */

DROP TABLE IF EXISTS `category`;

CREATE TABLE `category` (
  `ID` bigint(20) NOT NULL auto_increment,
  `DE_ENTITY_ID` bigint(20) default NULL,
  `PARENT_CATEGORY_ID` bigint(20) default NULL,
  `ROOT_CATEGORIAL_CLASS_ID` bigint(20) default NULL,
  PRIMARY KEY  (`ID`),
  UNIQUE KEY `ROOT_CATEGORIAL_CLASS_ID` (`ROOT_CATEGORIAL_CLASS_ID`),
  KEY `FK31A8ACFE2D0F63E7` (`PARENT_CATEGORY_ID`),
  KEY `FK31A8ACFE211D9A6B` (`ROOT_CATEGORIAL_CLASS_ID`),
  CONSTRAINT `FK31A8ACFE211D9A6B` FOREIGN KEY (`ROOT_CATEGORIAL_CLASS_ID`) REFERENCES `categorial_class` (`ID`),
  CONSTRAINT `FK31A8ACFE2D0F63E7` FOREIGN KEY (`PARENT_CATEGORY_ID`) REFERENCES `category` (`ID`)
) ENGINE=InnoDB DEFAULT CHARSET=latin1;

/*Data for the table `category` */

/*Table structure for table `catissue_abs_speci_coll_group` */

DROP TABLE IF EXISTS `catissue_abs_speci_coll_group`;

CREATE TABLE `catissue_abs_speci_coll_group` (
  `IDENTIFIER` bigint(20) NOT NULL auto_increment,
  `CLINICAL_DIAGNOSIS` varchar(150) default NULL,
  `CLINICAL_STATUS` varchar(50) default NULL,
  `ACTIVITY_STATUS` varchar(50) default NULL,
  `SITE_ID` bigint(20) default NULL,
  PRIMARY KEY  (`IDENTIFIER`),
  KEY `FKDEBAF167A7F77D13` (`SITE_ID`),
  CONSTRAINT `FKDEBAF167A7F77D13` FOREIGN KEY (`SITE_ID`) REFERENCES `catissue_site` (`IDENTIFIER`)
) ENGINE=InnoDB DEFAULT CHARSET=latin1;

/*Data for the table `catissue_abs_speci_coll_group` */

insert into `catissue_abs_speci_coll_group` (`IDENTIFIER`,`CLINICAL_DIAGNOSIS`,`CLINICAL_STATUS`,`ACTIVITY_STATUS`,`SITE_ID`) values (1,'Not Specified','Not Specified','Active',NULL),(2,'Not Specified','Not Specified','Active',NULL);

/*Table structure for table `catissue_address` */

DROP TABLE IF EXISTS `catissue_address`;

CREATE TABLE `catissue_address` (
  `IDENTIFIER` bigint(20) NOT NULL auto_increment,
  `STREET` varchar(255) default NULL,
  `CITY` varchar(50) default NULL,
  `STATE` varchar(50) default NULL,
  `COUNTRY` varchar(50) default NULL,
  `ZIPCODE` varchar(30) default NULL,
  `PHONE_NUMBER` varchar(50) default NULL,
  `FAX_NUMBER` varchar(50) default NULL,
  PRIMARY KEY  (`IDENTIFIER`)
) ENGINE=InnoDB DEFAULT CHARSET=latin1;

/*Data for the table `catissue_address` */

insert into `catissue_address` (`IDENTIFIER`,`STREET`,`CITY`,`STATE`,`COUNTRY`,`ZIPCODE`,`PHONE_NUMBER`,`FAX_NUMBER`) values (1,NULL,NULL,NULL,NULL,NULL,NULL,NULL),(2,'street1','cybercity','Delaware','United States','11111','212122','323232'),(3,'street1','siliconcity','California','United States','12345','1111-11-11111','');

/*Table structure for table `catissue_audit_event` */

DROP TABLE IF EXISTS `catissue_audit_event`;

CREATE TABLE `catissue_audit_event` (
  `IDENTIFIER` bigint(20) NOT NULL auto_increment,
  `IP_ADDRESS` varchar(20) default NULL,
  `EVENT_TIMESTAMP` datetime default NULL,
  `USER_ID` bigint(20) default NULL,
  `COMMENTS` text,
  PRIMARY KEY  (`IDENTIFIER`),
  KEY `FKACAF697A2206F20F` (`USER_ID`),
  CONSTRAINT `FKACAF697A2206F20F` FOREIGN KEY (`USER_ID`) REFERENCES `catissue_user` (`IDENTIFIER`)
) ENGINE=InnoDB DEFAULT CHARSET=latin1;

/*Data for the table `catissue_audit_event` */

insert into `catissue_audit_event` (`IDENTIFIER`,`IP_ADDRESS`,`EVENT_TIMESTAMP`,`USER_ID`,`COMMENTS`) values (1,'127.0.0.1','2007-10-23 11:47:17',1,NULL),(2,'127.0.0.1','2007-10-23 11:47:19',1,NULL),(3,'127.0.0.1','2007-10-23 11:47:20',1,NULL),(4,'127.0.0.1','2007-10-23 11:47:21',1,NULL),(5,'127.0.0.1','2007-10-23 11:47:24',1,NULL),(6,'127.0.0.1','2007-10-23 11:47:27',1,NULL),(7,'127.0.0.1','2007-10-23 11:47:30',1,NULL),(8,'127.0.0.1','2007-10-23 11:47:32',1,NULL),(9,'127.0.0.1','2007-10-23 11:47:33',1,NULL),(10,'127.0.0.1','2007-10-23 11:47:46',1,NULL),(11,'127.0.0.1','2007-10-23 12:04:44',1,'QueryLog'),(12,'127.0.0.1','2007-10-23 12:04:52',1,'QueryLog'),(13,'127.0.0.1','2007-10-23 12:05:01',1,'QueryLog'),(14,'127.0.0.1','2007-10-23 12:05:19',1,'QueryLog'),(15,'127.0.0.1','2007-10-23 12:05:43',1,NULL),(16,'127.0.0.1','2007-10-23 12:05:53',1,'QueryLog'),(17,'127.0.0.1','2007-10-23 12:07:40',1,NULL),(18,'127.0.0.1','2007-10-23 12:09:09',1,NULL),(19,'127.0.0.1','2007-10-23 12:09:45',1,NULL);

/*Table structure for table `catissue_audit_event_details` */

DROP TABLE IF EXISTS `catissue_audit_event_details`;

CREATE TABLE `catissue_audit_event_details` (
  `IDENTIFIER` bigint(20) NOT NULL auto_increment,
  `ELEMENT_NAME` varchar(150) default NULL,
  `PREVIOUS_VALUE` varchar(150) default NULL,
  `CURRENT_VALUE` text,
  `AUDIT_EVENT_LOG_ID` bigint(20) default NULL,
  PRIMARY KEY  (`IDENTIFIER`),
  KEY `FK5C07745D34FFD77F` (`AUDIT_EVENT_LOG_ID`),
  CONSTRAINT `FK5C07745D34FFD77F` FOREIGN KEY (`AUDIT_EVENT_LOG_ID`) REFERENCES `catissue_audit_event_log` (`IDENTIFIER`)
) ENGINE=InnoDB DEFAULT CHARSET=latin1;

/*Data for the table `catissue_audit_event_details` */

insert into `catissue_audit_event_details` (`IDENTIFIER`,`ELEMENT_NAME`,`PREVIOUS_VALUE`,`CURRENT_VALUE`,`AUDIT_EVENT_LOG_ID`) values (1,'NAME',NULL,'dept',1),(2,'IDENTIFIER',NULL,'2',1),(3,'NAME',NULL,'inst',2),(4,'IDENTIFIER',NULL,'2',2),(5,'NAME',NULL,'crg',3),(6,'IDENTIFIER',NULL,'2',3),(7,'COUNTRY',NULL,'United States',4),(8,'CITY',NULL,'cybercity',4),(9,'FAX_NUMBER',NULL,'323232',4),(10,'ZIPCODE',NULL,'11111',4),(11,'IDENTIFIER',NULL,'2',4),(12,'PHONE_NUMBER',NULL,'212122',4),(13,'STATE',NULL,'Delaware',4),(14,'STREET',NULL,'street1',4),(15,'IDENTIFIER',NULL,'1',5),(16,'ADDRESS_ID',NULL,'2',5),(17,'NAME',NULL,'site',5),(18,'TYPE',NULL,'Repository',5),(19,'USER_ID',NULL,'1',5),(20,'EMAIL_ADDRESS',NULL,'admin@admin.com',5),(21,'ACTIVITY_STATUS',NULL,'Active',5),(22,'CANCER_RESEARCH_GROUP_ID',NULL,'2',6),(23,'FIRST_TIME_LOGIN',NULL,'true',6),(24,'LAST_NAME',NULL,'LastName',6),(25,'START_DATE',NULL,'Tue Oct 23 11:47:24 GMT+05:30 2007',6),(26,'LOGIN_NAME',NULL,'user@admin.com',6),(27,'ACTIVITY_STATUS',NULL,'Active',6),(28,'EMAIL_ADDRESS',NULL,'user@admin.com',6),(29,'FIRST_NAME',NULL,'firstName',6),(30,'CSM_USER_ID',NULL,'2',6),(31,'DEPARTMENT_ID',NULL,'2',6),(32,'ADDRESS_ID',NULL,'3',6),(33,'INSTITUTION_ID',NULL,'2',6),(34,'STATUS_COMMENT',NULL,'administrator added',6),(35,'IDENTIFIER',NULL,'2',6),(36,'COUNTRY',NULL,'United States',7),(37,'IDENTIFIER',NULL,'3',7),(38,'FAX_NUMBER',NULL,'',7),(39,'ZIPCODE',NULL,'12345',7),(40,'STATE',NULL,'California',7),(41,'PHONE_NUMBER',NULL,'1111-11-11111',7),(42,'CITY',NULL,'siliconcity',7),(43,'STREET',NULL,'street1',7),(44,'IDENTIFIER',NULL,'1',8),(45,'TWO_DIMENSION_CAPACITY',NULL,'3',8),(46,'ONE_DIMENSION_CAPACITY',NULL,'4',8),(47,'IDENTIFIER',NULL,'3',9),(48,'NAME',NULL,'ST',9),(49,'ONE_DIMENSION_LABEL',NULL,'d1',9),(50,'TWO_DIMENSION_LABEL',NULL,'d2',9),(51,'CAPACITY_ID',NULL,'1',9),(52,'ACTIVITY_STATUS',NULL,'Active',9),(53,'DEFAULT_TEMPERATURE',NULL,'15.0',9),(54,'IDENTIFIER',NULL,'1',10),(55,'CAPACITY_ID',NULL,'2',10),(56,'TEMPERATURE',NULL,'15.0',10),(57,'STORAGE_TYPE_ID',NULL,'3',10),(58,'ACTIVITY_STATUS',NULL,'Active',10),(59,'NAME',NULL,'site_ST_2',10),(60,'SITE_ID',NULL,'1',10),(61,'IDENTIFIER',NULL,'2',11),(62,'TWO_DIMENSION_CAPACITY',NULL,'3',11),(63,'ONE_DIMENSION_CAPACITY',NULL,'4',11),(64,'IDENTIFIER',NULL,'4',12),(65,'NAME',NULL,'sat',12),(66,'SPECIMEN_CLASS',NULL,'Tissue',12),(67,'COMMENTS',NULL,'comments',12),(68,'ACTIVITY_STATUS',NULL,'Active',12),(69,'CAPACITY_ID',NULL,'3',12),(70,'IDENTIFIER',NULL,'3',13),(71,'TWO_DIMENSION_CAPACITY',NULL,'2',13),(72,'ONE_DIMENSION_CAPACITY',NULL,'5',13),(73,'IDENTIFIER',NULL,'1',14),(74,'TYPE',NULL,'Mutagen',14),(75,'NAME',NULL,'Bh',14),(76,'COMMENTS',NULL,'comments',14),(77,'IDENTIFIER',NULL,'1',15),(78,'DESCRIPTION_URL',NULL,'eqeqw',15),(79,'ENROLLMENT',NULL,'0',15),(80,'SHORT_TITLE',NULL,'pd',15),(81,'PRINCIPAL_INVESTIGATOR_ID',NULL,'1',15),(82,'START_DATE',NULL,'Fri Oct 12 00:00:00 GMT+05:30 2007',15),(83,'IRB_IDENTIFIER',NULL,'',15),(84,'TITLE',NULL,'DisProt',15),(85,'ACTIVITY_STATUS',NULL,'Active',15),(86,'IDENTIFIER',NULL,'1',16),(87,'PATHOLOGY_STATUS',NULL,'Metastatic',16),(88,'TISSUE_SITE',NULL,'Anterior floor of mouth',16),(89,'SPECIMEN_CLASS',NULL,'Cell',16),(90,'QUANTITY_ID',NULL,'1',16),(91,'SPECIMEN_TYPE',NULL,'Fixed Cell Block',16),(92,'ONE_DIMENSION_CAPACITY','5','4',17),(93,'TWO_DIMENSION_CAPACITY','2','3',17),(94,'IDENTIFIER',NULL,'1',18),(95,'TISSUE_SITE',NULL,'Not Specified',18),(96,'TISSUE_SIDE',NULL,'Not Specified',18),(97,'TITLE',NULL,'CollProto',19),(98,'UNSIGNED_CONSENT_DOC_URL',NULL,'',19),(99,'ENROLLMENT',NULL,'0',19),(100,'PRINCIPAL_INVESTIGATOR_ID',NULL,'1',19),(101,'START_DATE',NULL,'Tue Oct 23 00:00:00 GMT+05:30 2007',19),(102,'IDENTIFIER',NULL,'2',19),(103,'CONSENTS_WAIVED',NULL,'false',19),(104,'DESCRIPTION_URL',NULL,'xyzz',19),(105,'ALIQUOT_IN_SAME_CONTAINER',NULL,'false',19),(106,'IRB_IDENTIFIER',NULL,'abc',19),(107,'ACTIVITY_STATUS',NULL,'Active',19),(108,'SHORT_TITLE',NULL,'pc',19),(109,'IDENTIFIER',NULL,'1',20),(110,'TYPE',NULL,'Fixed Tissue',20),(111,'AVAILABLE',NULL,'true',20),(112,'IS_COLL_PROT_REQ',NULL,'true',20),(113,'SPECIMEN_COLLECTION_GROUP_ID',NULL,'1',20),(114,'SPECIMEN_CHARACTERISTICS_ID',NULL,'1',20),(115,'LINEAGE',NULL,'New',20),(116,'ACTIVITY_STATUS',NULL,'Active',20),(117,'PATHOLOGICAL_STATUS',NULL,'Not Specified',20),(118,'POSITION_DIMENSION_ONE',NULL,'2',20),(119,'IDENTIFIER',NULL,'1',21),(120,'CLINICAL_STATUS',NULL,'Not Specified',21),(121,'CLINICAL_DIAGNOSIS',NULL,'Not Specified',21),(122,'ACTIVITY_STATUS',NULL,'Active',21),(123,'COLLECTION_PROTOCOL_ID',NULL,'2',22),(124,'IDENTIFIER',NULL,'1',22),(125,'COLLECTION_POINT_LABEL',NULL,'User value',22),(126,'CLINICAL_STATUS',NULL,'Not Specified',22),(127,'STUDY_CALENDAR_EVENT_POINT',NULL,'1.0',22),(128,'SPECIMEN_CHARACTERISTICS_ID',NULL,'2',23),(129,'SPECIMEN_COLLECTION_GROUP_ID',NULL,'2',23),(130,'CREATED_ON_DATE',NULL,'Tue Oct 23 12:09:10 GMT+05:30 2007',23),(131,'TYPE',NULL,'Fixed Tissue',23),(132,'LABEL',NULL,'1',23),(133,'ACTIVITY_STATUS',NULL,'Active',23),(134,'COLLECTION_STATUS',NULL,'Pending',23),(135,'LINEAGE',NULL,'New',23),(136,'POSITION_DIMENSION_ONE',NULL,'2',23),(137,'AVAILABLE',NULL,'true',23),(138,'IDENTIFIER',NULL,'2',23),(139,'IS_COLL_PROT_REQ',NULL,'false',23),(140,'PATHOLOGICAL_STATUS',NULL,'Not Specified',23),(141,'TISSUE_SITE',NULL,'Not Specified',24),(142,'TISSUE_SIDE',NULL,'Not Specified',24),(143,'IDENTIFIER',NULL,'2',24),(144,'COLLECTION_PROTOCOL_REG_ID',NULL,'1',25),(145,'IDENTIFIER',NULL,'2',25),(146,'COLLECTION_PROTOCOL_EVENT_ID',NULL,'1',25),(147,'NAME',NULL,'CollProto_1_1',25),(148,'CLINICAL_STATUS',NULL,'Not Specified',25),(149,'CLINICAL_DIAGNOSIS',NULL,'Not Specified',25),(150,'ACTIVITY_STATUS',NULL,'Active',25),(151,'COLLECTION_STATUS',NULL,'Pending',25),(152,'BIRTH_DATE',NULL,'Fri Oct 01 00:00:00 GMT+05:30 1993',26),(153,'IDENTIFIER',NULL,'1',26),(154,'GENDER',NULL,'Male Gender',26),(155,'MIDDLE_NAME',NULL,'m',26),(156,'ETHNICITY',NULL,'Hispanic or Latino',26),(157,'LAST_NAME',NULL,'N1',26),(158,'GENOTYPE',NULL,'Unknown',26),(159,'FIRST_NAME',NULL,'G1',26),(160,'ACTIVITY_STATUS',NULL,'Active',26),(161,'VITAL_STATUS',NULL,'Unknown',26),(162,'COLLECTION_PROTOCOL_ID',NULL,'2',27),(163,'IDENTIFIER',NULL,'1',27),(164,'REGISTRATION_DATE',NULL,'Tue Oct 23 00:00:00 GMT+05:30 2007',27),(165,'PROTOCOL_PARTICIPANT_ID',NULL,'',27),(166,'PARTICIPANT_ID',NULL,'1',27),(167,'ACTIVITY_STATUS',NULL,'Active',27),(168,'MEDICAL_RECORD_NUMBER','1111','g1',28),(169,'PROTOCOL_PARTICIPANT_ID','','1111',29);

/*Table structure for table `catissue_audit_event_log` */

DROP TABLE IF EXISTS `catissue_audit_event_log`;

CREATE TABLE `catissue_audit_event_log` (
  `IDENTIFIER` bigint(20) NOT NULL auto_increment,
  `OBJECT_IDENTIFIER` bigint(20) default NULL,
  `OBJECT_NAME` varchar(50) default NULL,
  `EVENT_TYPE` varchar(50) default NULL,
  `AUDIT_EVENT_ID` bigint(20) default NULL,
  PRIMARY KEY  (`IDENTIFIER`),
  KEY `FK8BB672DF77F0B904` (`AUDIT_EVENT_ID`),
  CONSTRAINT `FK8BB672DF77F0B904` FOREIGN KEY (`AUDIT_EVENT_ID`) REFERENCES `catissue_audit_event` (`IDENTIFIER`)
) ENGINE=InnoDB DEFAULT CHARSET=latin1;

/*Data for the table `catissue_audit_event_log` */

insert into `catissue_audit_event_log` (`IDENTIFIER`,`OBJECT_IDENTIFIER`,`OBJECT_NAME`,`EVENT_TYPE`,`AUDIT_EVENT_ID`) values (1,2,'CATISSUE_DEPARTMENT','INSERT',1),(2,2,'CATISSUE_INSTITUTION','INSERT',2),(3,2,'CATISSUE_CANCER_RESEARCH_GROUP','INSERT',3),(4,2,'CATISSUE_ADDRESS','INSERT',4),(5,1,'CATISSUE_SITE','INSERT',4),(6,2,'CATISSUE_USER','INSERT',5),(7,3,'CATISSUE_ADDRESS','INSERT',5),(8,1,'CATISSUE_CAPACITY','INSERT',6),(9,3,'CATISSUE_STORAGE_TYPE','INSERT',6),(10,1,'CATISSUE_STORAGE_CONTAINER','INSERT',7),(11,2,'CATISSUE_CAPACITY','INSERT',7),(12,4,'CATISSUE_SPECIMEN_ARRAY_TYPE','INSERT',8),(13,3,'CATISSUE_CAPACITY','INSERT',8),(14,1,'CATISSUE_BIOHAZARD','INSERT',9),(15,1,'CATISSUE_DISTRIBUTION_PROTOCOL','INSERT',10),(16,1,'CATISSUE_SPECIMEN_REQUIREMENT','INSERT',10),(17,3,'CATISSUE_CAPACITY','UPDATE',15),(18,1,'CATISSUE_SPECIMEN_CHAR','INSERT',17),(19,2,'CATISSUE_COLLECTION_PROTOCOL','INSERT',17),(20,1,'CATISSUE_SPECIMEN','INSERT',17),(21,1,'CATISSUE_SPECI_COLL_REQ_GROUP','INSERT',17),(22,1,'CATISSUE_COLL_PROT_EVENT','INSERT',17),(23,2,'CATISSUE_SPECIMEN','INSERT',18),(24,2,'CATISSUE_SPECIMEN_CHAR','INSERT',18),(25,2,'CATISSUE_SPECIMEN_COLL_GROUP','INSERT',18),(26,1,'CATISSUE_PARTICIPANT','INSERT',18),(27,1,'CATISSUE_COLL_PROT_REG','INSERT',18),(28,1,'CATISSUE_PART_MEDICAL_ID','UPDATE',19),(29,1,'CATISSUE_COLL_PROT_REG','UPDATE',19);

/*Table structure for table `catissue_audit_event_query_log` */

DROP TABLE IF EXISTS `catissue_audit_event_query_log`;

CREATE TABLE `catissue_audit_event_query_log` (
  `IDENTIFIER` bigint(20) NOT NULL auto_increment,
  `QUERY_DETAILS` longtext,
  `AUDIT_EVENT_ID` bigint(20) default NULL,
  PRIMARY KEY  (`IDENTIFIER`),
  KEY `FK62DC439DBC7298A9` (`AUDIT_EVENT_ID`),
  CONSTRAINT `FK62DC439DBC7298A9` FOREIGN KEY (`AUDIT_EVENT_ID`) REFERENCES `catissue_audit_event` (`IDENTIFIER`)
) ENGINE=InnoDB DEFAULT CHARSET=latin1;

/*Data for the table `catissue_audit_event_query_log` */

insert into `catissue_audit_event_query_log` (`IDENTIFIER`,`QUERY_DETAILS`,`AUDIT_EVENT_ID`) values (1,'Select Site1.NAME  Column0 , Site1.IDENTIFIER  Column1 , Site1.TYPE  Column2 , Site1.EMAIL_ADDRESS  Column3 , Address1.STREET  Column4 , Address1.CITY  Column5 , Address1.STATE  Column6 , Address1.COUNTRY  Column7 , Address1.ZIPCODE  Column8 , Address1.PHONE_NUMBER  Column9 , Address1.FAX_NUMBER  Column10 \nFROM  CATISSUE_ADDRESS Address1 , CATISSUE_SITE Site1  \nWHERE Address1.IDENTIFIER   =  Site1.ADDRESS_ID    AND ( ( Site1.IDENTIFIER  IS NOT NULL  )   AND UPPER(Site1.ACTIVITY_STATUS ) != UPPER(\'Disabled\')  )\nORDER BY Site1.IDENTIFIER ,Address1.IDENTIFIER ',11),(2,'Select ContainerType1.NAME  Column0 , StorageType1.IDENTIFIER  Column1 , StorageType1.DEFAULT_TEMPERATURE  Column2 , ContainerType1.ONE_DIMENSION_LABEL  Column3 , ContainerType1.TWO_DIMENSION_LABEL  Column4 \nFROM  CATISSUE_STORAGE_TYPE StorageType1 , CATISSUE_CONTAINER_TYPE ContainerType1  \nWHERE StorageType1.IDENTIFIER   =  ContainerType1.IDENTIFIER    AND ( ( StorageType1.IDENTIFIER  IS NOT NULL  )   AND UPPER(ContainerType1.ACTIVITY_STATUS ) != UPPER(\'Disabled\')   AND UPPER(ContainerType1.ACTIVITY_STATUS ) != UPPER(\'Disabled\')  )\nORDER BY StorageType1.IDENTIFIER ,ContainerType1.IDENTIFIER ',12),(3,'Select Container1.NAME  Column0 , StorageContainer1.IDENTIFIER  Column1 , StorageContainer1.TEMPERATURE  Column2 , Site1.NAME  Column3 , Container1.FULL  Column4 , Container1.BARCODE  Column5 , Container1.PARENT_CONTAINER_ID  Column6 , Container1.POSITION_DIMENSION_ONE  Column7 , Container1.POSITION_DIMENSION_TWO  Column8 \nFROM  CATISSUE_SITE Site1 , CATISSUE_STORAGE_CONTAINER StorageContainer1 , CATISSUE_CONTAINER Container1  \nWHERE Site1.IDENTIFIER   =  StorageContainer1.SITE_ID  AND Container1.IDENTIFIER   =  StorageContainer1.IDENTIFIER    AND ( ( StorageContainer1.IDENTIFIER  IS NOT NULL  )   AND UPPER(Site1.ACTIVITY_STATUS ) != UPPER(\'Disabled\')   AND UPPER(Container1.ACTIVITY_STATUS ) != UPPER(\'Disabled\')   AND UPPER(Container1.ACTIVITY_STATUS ) != UPPER(\'Disabled\')  )\nORDER BY Site1.IDENTIFIER ,StorageContainer1.IDENTIFIER ,Container1.IDENTIFIER ',13),(4,'Select ContainerType1.NAME  Column0 , SpecimenArrayType1.IDENTIFIER  Column1 , SpecimenArrayType1.SPECIMEN_CLASS  Column2 , ContainerType1.ONE_DIMENSION_LABEL  Column3 , ContainerType1.TWO_DIMENSION_LABEL  Column4 \nFROM  CATISSUE_SPECIMEN_ARRAY_TYPE SpecimenArrayType1 , CATISSUE_CONTAINER_TYPE ContainerType1  \nWHERE SpecimenArrayType1.IDENTIFIER   =  ContainerType1.IDENTIFIER    AND ( ( SpecimenArrayType1.IDENTIFIER  IS NOT NULL  )   AND UPPER(ContainerType1.ACTIVITY_STATUS ) != UPPER(\'Disabled\')   AND UPPER(ContainerType1.ACTIVITY_STATUS ) != UPPER(\'Disabled\')  )\nORDER BY SpecimenArrayType1.IDENTIFIER ,ContainerType1.IDENTIFIER ',14),(5,'Select SpecimenProtocol1.TITLE  Column0 , CollectionProtocol1.IDENTIFIER  Column1 , User1.LAST_NAME  Column2 , User1.FIRST_NAME  Column3 , SpecimenProtocol1.SHORT_TITLE  Column4 , SpecimenProtocol1.IRB_IDENTIFIER  Column5 , SpecimenProtocol1.START_DATE  Column6 \nFROM  CATISSUE_USER User1 , CATISSUE_COLLECTION_PROTOCOL CollectionProtocol1 , CATISSUE_SPECIMEN_PROTOCOL SpecimenProtocol1  \nWHERE User1.IDENTIFIER   =  SpecimenProtocol1.PRINCIPAL_INVESTIGATOR_ID  AND SpecimenProtocol1.IDENTIFIER   =  CollectionProtocol1.IDENTIFIER    AND ( ( CollectionProtocol1.IDENTIFIER  IS NOT NULL  )   AND UPPER(SpecimenProtocol1.ACTIVITY_STATUS ) != UPPER(\'Disabled\')   AND UPPER(User1.ACTIVITY_STATUS ) != UPPER(\'Disabled\')   AND UPPER(SpecimenProtocol1.ACTIVITY_STATUS ) != UPPER(\'Disabled\')  )\nORDER BY CollectionProtocol1.IDENTIFIER ,SpecimenProtocol1.IDENTIFIER ,User1.IDENTIFIER ',16);

/*Table structure for table `catissue_biohazard` */

DROP TABLE IF EXISTS `catissue_biohazard`;

CREATE TABLE `catissue_biohazard` (
  `IDENTIFIER` bigint(20) NOT NULL auto_increment,
  `NAME` varchar(255) NOT NULL default '',
  `COMMENTS` text,
  `TYPE` varchar(50) default NULL,
  PRIMARY KEY  (`IDENTIFIER`),
  UNIQUE KEY `NAME` (`NAME`),
  KEY `INDX_CATISSUE_BIOHAZARD_TYPE` (`TYPE`)
) ENGINE=InnoDB DEFAULT CHARSET=latin1;

/*Data for the table `catissue_biohazard` */

insert into `catissue_biohazard` (`IDENTIFIER`,`NAME`,`COMMENTS`,`TYPE`) values (1,'Bh','comments','Mutagen');

/*Table structure for table `catissue_cancer_research_group` */

DROP TABLE IF EXISTS `catissue_cancer_research_group`;

CREATE TABLE `catissue_cancer_research_group` (
  `IDENTIFIER` bigint(20) NOT NULL auto_increment,
  `NAME` varchar(255) NOT NULL default '',
  PRIMARY KEY  (`IDENTIFIER`),
  UNIQUE KEY `NAME` (`NAME`)
) ENGINE=InnoDB DEFAULT CHARSET=latin1;

/*Data for the table `catissue_cancer_research_group` */

insert into `catissue_cancer_research_group` (`IDENTIFIER`,`NAME`) values (1,'c'),(2,'crg');

/*Table structure for table `catissue_capacity` */

DROP TABLE IF EXISTS `catissue_capacity`;

CREATE TABLE `catissue_capacity` (
  `IDENTIFIER` bigint(20) NOT NULL auto_increment,
  `ONE_DIMENSION_CAPACITY` int(11) default NULL,
  `TWO_DIMENSION_CAPACITY` int(11) default NULL,
  PRIMARY KEY  (`IDENTIFIER`)
) ENGINE=InnoDB DEFAULT CHARSET=latin1;

/*Data for the table `catissue_capacity` */

insert into `catissue_capacity` (`IDENTIFIER`,`ONE_DIMENSION_CAPACITY`,`TWO_DIMENSION_CAPACITY`) values (1,4,3),(2,4,3),(3,4,3);

/*Table structure for table `catissue_cde` */

DROP TABLE IF EXISTS `catissue_cde`;

CREATE TABLE `catissue_cde` (
  `PUBLIC_ID` varchar(30) NOT NULL default '',
  `LONG_NAME` varchar(200) default NULL,
  `DEFINITION` text,
  `VERSION` varchar(50) default NULL,
  `LAST_UPDATED` date default NULL,
  PRIMARY KEY  (`PUBLIC_ID`)
) ENGINE=InnoDB DEFAULT CHARSET=latin1;

/*Data for the table `catissue_cde` */

insert into `catissue_cde` (`PUBLIC_ID`,`LONG_NAME`,`DEFINITION`,`VERSION`,`LAST_UPDATED`) values ('2003988','Clinical Status','Clinical status of the participant.','1',NULL),('2003989','Gender','Gender of the participant.','1',NULL),('2003990','Genotype','Genotype of the participant.','1',NULL),('2003991','Specimen','Specimen Class','1',NULL),('2003992','Tissue Side','Tissue Side','1',NULL),('2003993','Pathological Status','Pathological Status','1',NULL),('2003994','Received Quality','Received Quality','1',NULL),('2003995','Fixation Type','Fixation Type','1',NULL),('2003996','Collection Procedure','Collection Procedure','1',NULL),('2003997','Container','Container','1',NULL),('2003998','Method','Method','1',NULL),('2003999','Embedding Medium','Embedding Medium','1',NULL),('2004000','Biohazard','Biohazard','1',NULL),('2004001','VitalStatus','Vital status of the participant.','1',NULL),('2004100','Countries','List of Countries.','1',NULL),('2004200','States','List of States.','1',NULL),('4284','Request Status','Statuses for the ordered requests','1',NULL),('4285','Requested Items Status','Statuses for the individual elements in the ordered request','1',NULL),('Clinical_Diagnosis_PID','Clinical Diagnosis','Clinical Diagnosis','1',NULL),('Ethnicity_PID','Ethnicity','Ethnicity','1',NULL),('Hist_Quality','Histological Quality','Histological Quality','1',NULL),('Race_PID','Race','Race','1',NULL),('Site_Type_PID','Site Type','Site Type','1',NULL),('Specimen_Type_PID','Specimen Type','Specimen Type','1',NULL),('Tissue_Site_PID','Tissue Site','Tissue Site','1',NULL);

/*Table structure for table `catissue_cell_spe_review_param` */

DROP TABLE IF EXISTS `catissue_cell_spe_review_param`;

CREATE TABLE `catissue_cell_spe_review_param` (
  `IDENTIFIER` bigint(20) NOT NULL default '0',
  `NEOPLASTIC_CELLULARITY_PER` double default NULL,
  `VIABLE_CELL_PERCENTAGE` double default NULL,
  PRIMARY KEY  (`IDENTIFIER`),
  KEY `FK52F40EDEBC7298A9` (`IDENTIFIER`),
  KEY `INDX_CATISSUE_CELLEVT_REVNCP` (`NEOPLASTIC_CELLULARITY_PER`),
  KEY `INDX_CATISSUE_CELLEVT_REVVCP` (`VIABLE_CELL_PERCENTAGE`),
  CONSTRAINT `FK52F40EDEBC7298A9` FOREIGN KEY (`IDENTIFIER`) REFERENCES `catissue_event_param` (`IDENTIFIER`)
) ENGINE=InnoDB DEFAULT CHARSET=latin1;

/*Data for the table `catissue_cell_spe_review_param` */

/*Table structure for table `catissue_coll_coordinators` */

DROP TABLE IF EXISTS `catissue_coll_coordinators`;

CREATE TABLE `catissue_coll_coordinators` (
  `COLLECTION_PROTOCOL_ID` bigint(20) NOT NULL default '0',
  `USER_ID` bigint(20) NOT NULL default '0',
  PRIMARY KEY  (`COLLECTION_PROTOCOL_ID`,`USER_ID`),
  KEY `FKE490E33A48304401` (`COLLECTION_PROTOCOL_ID`),
  KEY `FKE490E33A2206F20F` (`USER_ID`),
  CONSTRAINT `FKE490E33A2206F20F` FOREIGN KEY (`USER_ID`) REFERENCES `catissue_user` (`IDENTIFIER`),
  CONSTRAINT `FKE490E33A48304401` FOREIGN KEY (`COLLECTION_PROTOCOL_ID`) REFERENCES `catissue_collection_protocol` (`IDENTIFIER`)
) ENGINE=InnoDB DEFAULT CHARSET=latin1;

/*Data for the table `catissue_coll_coordinators` */

/*Table structure for table `catissue_coll_distribution_rel` */

DROP TABLE IF EXISTS `catissue_coll_distribution_rel`;

CREATE TABLE `catissue_coll_distribution_rel` (
  `COLLECTION_PROTOCOL_ID` bigint(20) NOT NULL default '0',
  `DISTRIBUTION_PROTOCOL_ID` bigint(20) NOT NULL default '0',
  PRIMARY KEY  (`COLLECTION_PROTOCOL_ID`,`DISTRIBUTION_PROTOCOL_ID`),
  KEY `FK1483BCB56B1F36E7` (`DISTRIBUTION_PROTOCOL_ID`),
  KEY `FK1483BCB548304401` (`COLLECTION_PROTOCOL_ID`),
  CONSTRAINT `FK1483BCB548304401` FOREIGN KEY (`COLLECTION_PROTOCOL_ID`) REFERENCES `catissue_collection_protocol` (`IDENTIFIER`),
  CONSTRAINT `FK1483BCB56B1F36E7` FOREIGN KEY (`DISTRIBUTION_PROTOCOL_ID`) REFERENCES `catissue_distribution_protocol` (`IDENTIFIER`)
) ENGINE=InnoDB DEFAULT CHARSET=latin1;

/*Data for the table `catissue_coll_distribution_rel` */

/*Table structure for table `catissue_coll_event_param` */

DROP TABLE IF EXISTS `catissue_coll_event_param`;

CREATE TABLE `catissue_coll_event_param` (
  `IDENTIFIER` bigint(20) NOT NULL default '0',
  `COLLECTION_PROCEDURE` varchar(50) default NULL,
  `CONTAINER` varchar(50) default NULL,
  PRIMARY KEY  (`IDENTIFIER`),
  KEY `FKF9888F91BC7298A9` (`IDENTIFIER`),
  KEY `INDX_CATISSUE_COLEVT_PROC` (`COLLECTION_PROCEDURE`),
  KEY `INDX_CATISSUE_COLEVT_CONT` (`CONTAINER`),
  CONSTRAINT `FKF9888F91BC7298A9` FOREIGN KEY (`IDENTIFIER`) REFERENCES `catissue_specimen_event_param` (`IDENTIFIER`)
) ENGINE=InnoDB DEFAULT CHARSET=latin1;

/*Data for the table `catissue_coll_event_param` */

insert into `catissue_coll_event_param` (`IDENTIFIER`,`COLLECTION_PROCEDURE`,`CONTAINER`) values (1,'Not Specified','Not Specified'),(4,'Not Specified','Not Specified');

/*Table structure for table `catissue_coll_prot_event` */

DROP TABLE IF EXISTS `catissue_coll_prot_event`;

CREATE TABLE `catissue_coll_prot_event` (
  `IDENTIFIER` bigint(20) NOT NULL auto_increment,
  `CLINICAL_STATUS` varchar(50) default NULL,
  `COLLECTION_POINT_LABEL` varchar(255) default NULL,
  `STUDY_CALENDAR_EVENT_POINT` double default NULL,
  `COLLECTION_PROTOCOL_ID` bigint(20) default NULL,
  `SPECIMEN_COLL_REQ_GROUP_ID` bigint(20) default NULL,
  PRIMARY KEY  (`IDENTIFIER`),
  UNIQUE KEY `COLLECTION_PROTOCOL_ID` (`COLLECTION_PROTOCOL_ID`,`COLLECTION_POINT_LABEL`),
  KEY `FK7AE7715948304401` (`COLLECTION_PROTOCOL_ID`),
  KEY `FK_COLL_EVENT_REQ_GROUP` (`SPECIMEN_COLL_REQ_GROUP_ID`),
  KEY `INDX_COLPROTO_EVNT_CAL` (`STUDY_CALENDAR_EVENT_POINT`),
  CONSTRAINT `FK7AE7715948304401` FOREIGN KEY (`COLLECTION_PROTOCOL_ID`) REFERENCES `catissue_collection_protocol` (`IDENTIFIER`),
  CONSTRAINT `FK_COLL_EVENT_REQ_GROUP` FOREIGN KEY (`SPECIMEN_COLL_REQ_GROUP_ID`) REFERENCES `catissue_speci_coll_req_group` (`IDENTIFIER`)
) ENGINE=InnoDB DEFAULT CHARSET=latin1;

/*Data for the table `catissue_coll_prot_event` */

insert into `catissue_coll_prot_event` (`IDENTIFIER`,`CLINICAL_STATUS`,`COLLECTION_POINT_LABEL`,`STUDY_CALENDAR_EVENT_POINT`,`COLLECTION_PROTOCOL_ID`,`SPECIMEN_COLL_REQ_GROUP_ID`) values (1,'Not Specified','User value',1,2,1);

/*Table structure for table `catissue_coll_prot_reg` */

DROP TABLE IF EXISTS `catissue_coll_prot_reg`;

CREATE TABLE `catissue_coll_prot_reg` (
  `IDENTIFIER` bigint(20) NOT NULL auto_increment,
  `PROTOCOL_PARTICIPANT_ID` varchar(255) default NULL,
  `REGISTRATION_DATE` date default NULL,
  `PARTICIPANT_ID` bigint(20) default NULL,
  `COLLECTION_PROTOCOL_ID` bigint(20) default NULL,
  `ACTIVITY_STATUS` varchar(50) default NULL,
  `CONSENT_SIGN_DATE` datetime default NULL,
  `CONSENT_DOC_URL` text,
  `CONSENT_WITNESS` bigint(20) default NULL,
  PRIMARY KEY  (`IDENTIFIER`),
  KEY `FK5EB25F1387E5ADC7` (`PARTICIPANT_ID`),
  KEY `FK5EB25F13A0FF79D4` (`CONSENT_WITNESS`),
  KEY `FK5EB25F1348304401` (`COLLECTION_PROTOCOL_ID`),
  KEY `INDX_COLL_PROT_REGID` (`PROTOCOL_PARTICIPANT_ID`),
  KEY `INDX_COLL_PROT_REG_DATE` (`REGISTRATION_DATE`),
  CONSTRAINT `FK5EB25F1348304401` FOREIGN KEY (`COLLECTION_PROTOCOL_ID`) REFERENCES `catissue_collection_protocol` (`IDENTIFIER`),
  CONSTRAINT `FK5EB25F1387E5ADC7` FOREIGN KEY (`PARTICIPANT_ID`) REFERENCES `catissue_participant` (`IDENTIFIER`),
  CONSTRAINT `FK5EB25F13A0FF79D4` FOREIGN KEY (`CONSENT_WITNESS`) REFERENCES `catissue_user` (`IDENTIFIER`)
) ENGINE=InnoDB DEFAULT CHARSET=latin1;

/*Data for the table `catissue_coll_prot_reg` */

insert into `catissue_coll_prot_reg` (`IDENTIFIER`,`PROTOCOL_PARTICIPANT_ID`,`REGISTRATION_DATE`,`PARTICIPANT_ID`,`COLLECTION_PROTOCOL_ID`,`ACTIVITY_STATUS`,`CONSENT_SIGN_DATE`,`CONSENT_DOC_URL`,`CONSENT_WITNESS`) values (1,'1111','2007-10-23',1,2,'Active',NULL,NULL,NULL);

/*Table structure for table `catissue_coll_specimen_req` */

DROP TABLE IF EXISTS `catissue_coll_specimen_req`;

CREATE TABLE `catissue_coll_specimen_req` (
  `COLLECTION_PROTOCOL_EVENT_ID` bigint(20) NOT NULL default '0',
  `SPECIMEN_REQUIREMENT_ID` bigint(20) NOT NULL default '0',
  PRIMARY KEY  (`COLLECTION_PROTOCOL_EVENT_ID`,`SPECIMEN_REQUIREMENT_ID`),
  KEY `FK860E6ABEBE10F0CE` (`SPECIMEN_REQUIREMENT_ID`),
  KEY `FK860E6ABE53B01F66` (`COLLECTION_PROTOCOL_EVENT_ID`),
  CONSTRAINT `FK860E6ABE53B01F66` FOREIGN KEY (`COLLECTION_PROTOCOL_EVENT_ID`) REFERENCES `catissue_coll_prot_event` (`IDENTIFIER`),
  CONSTRAINT `FK860E6ABEBE10F0CE` FOREIGN KEY (`SPECIMEN_REQUIREMENT_ID`) REFERENCES `catissue_specimen_requirement` (`IDENTIFIER`)
) ENGINE=InnoDB DEFAULT CHARSET=latin1;

/*Data for the table `catissue_coll_specimen_req` */

/*Table structure for table `catissue_collection_protocol` */

DROP TABLE IF EXISTS `catissue_collection_protocol`;

CREATE TABLE `catissue_collection_protocol` (
  `IDENTIFIER` bigint(20) NOT NULL default '0',
  `UNSIGNED_CONSENT_DOC_URL` text,
  `ALIQUOT_IN_SAME_CONTAINER` tinyint(1) default NULL,
  `CONSENTS_WAIVED` tinyint(1) default NULL,
  PRIMARY KEY  (`IDENTIFIER`),
  KEY `FK32DC439DBC7298A9` (`IDENTIFIER`),
  CONSTRAINT `FK32DC439DBC7298A9` FOREIGN KEY (`IDENTIFIER`) REFERENCES `catissue_specimen_protocol` (`IDENTIFIER`)
) ENGINE=InnoDB DEFAULT CHARSET=latin1;

/*Data for the table `catissue_collection_protocol` */

insert into `catissue_collection_protocol` (`IDENTIFIER`,`UNSIGNED_CONSENT_DOC_URL`,`ALIQUOT_IN_SAME_CONTAINER`,`CONSENTS_WAIVED`) values (2,'',0,0);

/*Table structure for table `catissue_concept` */

DROP TABLE IF EXISTS `catissue_concept`;

CREATE TABLE `catissue_concept` (
  `IDENTIFIER` bigint(20) NOT NULL auto_increment,
  `CONCEPT_UNIQUE_ID` varchar(30) default NULL,
  `NAME` text,
  `SEMANTIC_TYPE_ID` bigint(20) default NULL,
  PRIMARY KEY  (`IDENTIFIER`),
  KEY `FKC1A3C8CC7F0C2C7` (`SEMANTIC_TYPE_ID`),
  CONSTRAINT `FKC1A3C8CC7F0C2C7` FOREIGN KEY (`SEMANTIC_TYPE_ID`) REFERENCES `catissue_semantic_type` (`IDENTIFIER`)
) ENGINE=InnoDB DEFAULT CHARSET=latin1;

/*Data for the table `catissue_concept` */

/*Table structure for table `catissue_concept_classificatn` */

DROP TABLE IF EXISTS `catissue_concept_classificatn`;

CREATE TABLE `catissue_concept_classificatn` (
  `IDENTIFIER` bigint(20) NOT NULL auto_increment,
  `NAME` text,
  PRIMARY KEY  (`IDENTIFIER`)
) ENGINE=InnoDB DEFAULT CHARSET=latin1;

/*Data for the table `catissue_concept_classificatn` */

/*Table structure for table `catissue_concept_referent` */

DROP TABLE IF EXISTS `catissue_concept_referent`;

CREATE TABLE `catissue_concept_referent` (
  `IDENTIFIER` bigint(20) NOT NULL auto_increment,
  `CONCEPT_ID` bigint(20) default NULL,
  `CONCEPT_CLASSIFICATION_ID` bigint(20) default NULL,
  `DEIDENTIFIED_REPORT_ID` bigint(20) default NULL,
  `END_OFFSET` bigint(20) default NULL,
  `IS_MODIFIER` tinyint(1) default NULL,
  `IS_NEGATED` tinyint(1) default NULL,
  `START_OFFSET` bigint(20) default NULL,
  PRIMARY KEY  (`IDENTIFIER`),
  KEY `FK799CCA7E9F96B363` (`DEIDENTIFIED_REPORT_ID`),
  KEY `FK799CCA7EA9816272` (`CONCEPT_ID`),
  KEY `FK799CCA7E72C371DD` (`CONCEPT_CLASSIFICATION_ID`),
  CONSTRAINT `FK799CCA7E72C371DD` FOREIGN KEY (`CONCEPT_CLASSIFICATION_ID`) REFERENCES `catissue_concept_classificatn` (`IDENTIFIER`),
  CONSTRAINT `FK799CCA7E9F96B363` FOREIGN KEY (`DEIDENTIFIED_REPORT_ID`) REFERENCES `catissue_deidentified_report` (`IDENTIFIER`),
  CONSTRAINT `FK799CCA7EA9816272` FOREIGN KEY (`CONCEPT_ID`) REFERENCES `catissue_concept` (`IDENTIFIER`)
) ENGINE=InnoDB DEFAULT CHARSET=latin1;

/*Data for the table `catissue_concept_referent` */

/*Table structure for table `catissue_consent_tier` */

DROP TABLE IF EXISTS `catissue_consent_tier`;

CREATE TABLE `catissue_consent_tier` (
  `IDENTIFIER` bigint(20) NOT NULL auto_increment,
  `STATEMENT` text,
  `COLL_PROTOCOL_ID` bigint(20) default NULL,
  PRIMARY KEY  (`IDENTIFIER`),
  KEY `FK51725303E36A4B4F` (`COLL_PROTOCOL_ID`),
  CONSTRAINT `FK51725303E36A4B4F` FOREIGN KEY (`COLL_PROTOCOL_ID`) REFERENCES `catissue_collection_protocol` (`IDENTIFIER`)
) ENGINE=InnoDB DEFAULT CHARSET=latin1;

/*Data for the table `catissue_consent_tier` */

insert into `catissue_consent_tier` (`IDENTIFIER`,`STATEMENT`,`COLL_PROTOCOL_ID`) values (1,'c2',2),(2,'c1',2);

/*Table structure for table `catissue_consent_tier_response` */

DROP TABLE IF EXISTS `catissue_consent_tier_response`;

CREATE TABLE `catissue_consent_tier_response` (
  `IDENTIFIER` bigint(20) NOT NULL auto_increment,
  `RESPONSE` varchar(255) default NULL,
  `CONSENT_TIER_ID` bigint(20) default NULL,
  `COLL_PROT_REG_ID` bigint(20) default NULL,
  PRIMARY KEY  (`IDENTIFIER`),
  KEY `FKFB1995FD4AD77FCB` (`COLL_PROT_REG_ID`),
  KEY `FKFB1995FD17B9953` (`CONSENT_TIER_ID`),
  CONSTRAINT `FKFB1995FD17B9953` FOREIGN KEY (`CONSENT_TIER_ID`) REFERENCES `catissue_consent_tier` (`IDENTIFIER`),
  CONSTRAINT `FKFB1995FD4AD77FCB` FOREIGN KEY (`COLL_PROT_REG_ID`) REFERENCES `catissue_coll_prot_reg` (`IDENTIFIER`)
) ENGINE=InnoDB DEFAULT CHARSET=latin1;

/*Data for the table `catissue_consent_tier_response` */

insert into `catissue_consent_tier_response` (`IDENTIFIER`,`RESPONSE`,`CONSENT_TIER_ID`,`COLL_PROT_REG_ID`) values (1,'Not Specified',1,1),(2,'Not Specified',2,1);

/*Table structure for table `catissue_consent_tier_status` */

DROP TABLE IF EXISTS `catissue_consent_tier_status`;

CREATE TABLE `catissue_consent_tier_status` (
  `IDENTIFIER` bigint(20) NOT NULL auto_increment,
  `CONSENT_TIER_ID` bigint(20) default NULL,
  `STATUS` varchar(255) default NULL,
  `SPECIMEN_ID` bigint(20) default NULL,
  `SPECIMEN_COLL_GROUP_ID` bigint(20) default NULL,
  PRIMARY KEY  (`IDENTIFIER`),
  KEY `FKF74E94AEF69249F7` (`SPECIMEN_COLL_GROUP_ID`),
  KEY `FKF74E94AE60773DB2` (`SPECIMEN_ID`),
  KEY `FKF74E94AE17B9953` (`CONSENT_TIER_ID`),
  CONSTRAINT `FKF74E94AEF69249F7` FOREIGN KEY (`SPECIMEN_COLL_GROUP_ID`) REFERENCES `catissue_specimen_coll_group` (`IDENTIFIER`),
  CONSTRAINT `FKF74E94AE17B9953` FOREIGN KEY (`CONSENT_TIER_ID`) REFERENCES `catissue_consent_tier` (`IDENTIFIER`),
  CONSTRAINT `FKF74E94AE60773DB2` FOREIGN KEY (`SPECIMEN_ID`) REFERENCES `catissue_specimen` (`IDENTIFIER`)
) ENGINE=InnoDB DEFAULT CHARSET=latin1;

/*Data for the table `catissue_consent_tier_status` */

insert into `catissue_consent_tier_status` (`IDENTIFIER`,`CONSENT_TIER_ID`,`STATUS`,`SPECIMEN_ID`,`SPECIMEN_COLL_GROUP_ID`) values (1,2,'Not Specified',NULL,2),(2,1,'Not Specified',NULL,2),(3,1,'Not Specified',2,NULL),(4,2,'Not Specified',2,NULL);

/*Table structure for table `catissue_cont_holds_sparrtype` */

DROP TABLE IF EXISTS `catissue_cont_holds_sparrtype`;

CREATE TABLE `catissue_cont_holds_sparrtype` (
  `STORAGE_CONTAINER_ID` bigint(20) NOT NULL default '0',
  `SPECIMEN_ARRAY_TYPE_ID` bigint(20) NOT NULL default '0',
  PRIMARY KEY  (`STORAGE_CONTAINER_ID`,`SPECIMEN_ARRAY_TYPE_ID`),
  KEY `SPECIMEN_ARRAY_TYPE_ID` (`SPECIMEN_ARRAY_TYPE_ID`),
  KEY `STORAGE_CONTAINER_ID` (`STORAGE_CONTAINER_ID`),
  CONSTRAINT `FKDC7E31E2B3DFB11D` FOREIGN KEY (`STORAGE_CONTAINER_ID`) REFERENCES `catissue_storage_container` (`IDENTIFIER`),
  CONSTRAINT `FKDC7E31E2ECE89343` FOREIGN KEY (`SPECIMEN_ARRAY_TYPE_ID`) REFERENCES `catissue_specimen_array_type` (`IDENTIFIER`)
) ENGINE=InnoDB DEFAULT CHARSET=latin1;

/*Data for the table `catissue_cont_holds_sparrtype` */

/*Table structure for table `catissue_container` */

DROP TABLE IF EXISTS `catissue_container`;

CREATE TABLE `catissue_container` (
  `IDENTIFIER` bigint(20) NOT NULL auto_increment,
  `ACTIVITY_STATUS` varchar(50) default NULL,
  `BARCODE` varchar(255) default NULL,
  `CAPACITY_ID` bigint(20) default NULL,
  `PARENT_CONTAINER_ID` bigint(20) default NULL,
  `COMMENTS` text,
  `FULL` tinyint(1) default NULL,
  `NAME` varchar(255) NOT NULL default '',
  `POSITION_DIMENSION_ONE` int(11) default NULL,
  `POSITION_DIMENSION_TWO` int(11) default NULL,
  PRIMARY KEY  (`IDENTIFIER`),
  UNIQUE KEY `NAME` (`NAME`),
  UNIQUE KEY `BARCODE` (`BARCODE`),
  KEY `FK49B8DE5DB097B2E` (`PARENT_CONTAINER_ID`),
  KEY `FK49B8DE5DAC76C0` (`CAPACITY_ID`),
  CONSTRAINT `FK49B8DE5DAC76C0` FOREIGN KEY (`CAPACITY_ID`) REFERENCES `catissue_capacity` (`IDENTIFIER`),
  CONSTRAINT `FK49B8DE5DB097B2E` FOREIGN KEY (`PARENT_CONTAINER_ID`) REFERENCES `catissue_container` (`IDENTIFIER`)
) ENGINE=InnoDB DEFAULT CHARSET=latin1;

/*Data for the table `catissue_container` */

insert into `catissue_container` (`IDENTIFIER`,`ACTIVITY_STATUS`,`BARCODE`,`CAPACITY_ID`,`PARENT_CONTAINER_ID`,`COMMENTS`,`FULL`,`NAME`,`POSITION_DIMENSION_ONE`,`POSITION_DIMENSION_TWO`) values (1,'Active',NULL,2,NULL,NULL,0,'site_ST_2',NULL,NULL);

/*Table structure for table `catissue_container_type` */

DROP TABLE IF EXISTS `catissue_container_type`;

CREATE TABLE `catissue_container_type` (
  `IDENTIFIER` bigint(20) NOT NULL auto_increment,
  `CAPACITY_ID` bigint(20) default NULL,
  `NAME` varchar(255) default NULL,
  `ONE_DIMENSION_LABEL` varchar(255) default NULL,
  `TWO_DIMENSION_LABEL` varchar(255) default NULL,
  `COMMENTS` text,
  `ACTIVITY_STATUS` varchar(50) default NULL,
  PRIMARY KEY  (`IDENTIFIER`),
  UNIQUE KEY `NAME` (`NAME`),
  KEY `FKCBBC9954DAC76C0` (`CAPACITY_ID`),
  CONSTRAINT `FKCBBC9954DAC76C0` FOREIGN KEY (`CAPACITY_ID`) REFERENCES `catissue_capacity` (`IDENTIFIER`)
) ENGINE=InnoDB DEFAULT CHARSET=latin1;

/*Data for the table `catissue_container_type` */

insert into `catissue_container_type` (`IDENTIFIER`,`CAPACITY_ID`,`NAME`,`ONE_DIMENSION_LABEL`,`TWO_DIMENSION_LABEL`,`COMMENTS`,`ACTIVITY_STATUS`) values (1,NULL,'All',NULL,NULL,NULL,'Disabled'),(2,NULL,'Any',NULL,NULL,NULL,'Disabled'),(3,1,'ST','d1','d2',NULL,'Active'),(4,3,'sat',NULL,NULL,'comments','Active');

/*Table structure for table `catissue_deidentified_report` */

DROP TABLE IF EXISTS `catissue_deidentified_report`;

CREATE TABLE `catissue_deidentified_report` (
  `IDENTIFIER` bigint(20) NOT NULL default '0',
  `STATUS` varchar(100) default NULL,
  `SCG_ID` bigint(20) default NULL,
  PRIMARY KEY  (`IDENTIFIER`),
  KEY `FKCDD0DF7BBC7298A9` (`IDENTIFIER`),
  KEY `FKCDD0DF7B91741663` (`SCG_ID`),
  CONSTRAINT `FKCDD0DF7B91741663` FOREIGN KEY (`SCG_ID`) REFERENCES `catissue_specimen_coll_group` (`IDENTIFIER`),
  CONSTRAINT `FKCDD0DF7BBC7298A9` FOREIGN KEY (`IDENTIFIER`) REFERENCES `catissue_pathology_report` (`IDENTIFIER`)
) ENGINE=InnoDB DEFAULT CHARSET=latin1;

/*Data for the table `catissue_deidentified_report` */

/*Table structure for table `catissue_department` */

DROP TABLE IF EXISTS `catissue_department`;

CREATE TABLE `catissue_department` (
  `IDENTIFIER` bigint(20) NOT NULL auto_increment,
  `NAME` varchar(255) NOT NULL default '',
  PRIMARY KEY  (`IDENTIFIER`),
  UNIQUE KEY `NAME` (`NAME`)
) ENGINE=InnoDB DEFAULT CHARSET=latin1;

/*Data for the table `catissue_department` */

insert into `catissue_department` (`IDENTIFIER`,`NAME`) values (1,'d'),(2,'dept');

/*Table structure for table `catissue_derieved_sp_ord_item` */

DROP TABLE IF EXISTS `catissue_derieved_sp_ord_item`;

CREATE TABLE `catissue_derieved_sp_ord_item` (
  `IDENTIFIER` bigint(20) NOT NULL default '0',
  `SPECIMEN_CLASS` varchar(255) default NULL,
  `SPECIMEN_TYPE` varchar(255) default NULL,
  `SPECIMEN_ID` bigint(20) default NULL,
  PRIMARY KEY  (`IDENTIFIER`),
  KEY `FK3742152BBC7298A9` (`IDENTIFIER`),
  KEY `FK3742152B60773DB2` (`SPECIMEN_ID`),
  CONSTRAINT `FK3742152B60773DB2` FOREIGN KEY (`SPECIMEN_ID`) REFERENCES `catissue_specimen` (`IDENTIFIER`),
  CONSTRAINT `FK3742152BBC7298A9` FOREIGN KEY (`IDENTIFIER`) REFERENCES `catissue_order_item` (`IDENTIFIER`)
) ENGINE=InnoDB DEFAULT CHARSET=latin1;

/*Data for the table `catissue_derieved_sp_ord_item` */

/*Table structure for table `catissue_disposal_event_param` */

DROP TABLE IF EXISTS `catissue_disposal_event_param`;

CREATE TABLE `catissue_disposal_event_param` (
  `IDENTIFIER` bigint(20) NOT NULL default '0',
  `REASON` varchar(255) default NULL,
  PRIMARY KEY  (`IDENTIFIER`),
  KEY `FK1BC818D6BC7298A9` (`IDENTIFIER`),
  KEY `INDX_CATISSUE_COLEVT_RSN` (`REASON`),
  CONSTRAINT `FK1BC818D6BC7298A9` FOREIGN KEY (`IDENTIFIER`) REFERENCES `catissue_specimen_event_param` (`IDENTIFIER`)
) ENGINE=InnoDB DEFAULT CHARSET=latin1;

/*Data for the table `catissue_disposal_event_param` */

/*Table structure for table `catissue_distributed_item` */

DROP TABLE IF EXISTS `catissue_distributed_item`;

CREATE TABLE `catissue_distributed_item` (
  `IDENTIFIER` bigint(20) NOT NULL auto_increment,
  `QUANTITY` double default NULL,
  `SPECIMEN_ID` bigint(20) default NULL,
  `DISTRIBUTION_ID` bigint(20) default NULL,
  `SPECIMEN_ARRAY_ID` bigint(20) default NULL,
  PRIMARY KEY  (`IDENTIFIER`),
  KEY `FKA7C3ED4B60773DB2` (`SPECIMEN_ID`),
  KEY `FKA7C3ED4BF8278B6` (`DISTRIBUTION_ID`),
  KEY `FKA7C3ED4BC4A3C438` (`SPECIMEN_ARRAY_ID`),
  CONSTRAINT `FKA7C3ED4BC4A3C438` FOREIGN KEY (`SPECIMEN_ARRAY_ID`) REFERENCES `catissue_specimen_array` (`IDENTIFIER`),
  CONSTRAINT `FKA7C3ED4B60773DB2` FOREIGN KEY (`SPECIMEN_ID`) REFERENCES `catissue_specimen` (`IDENTIFIER`),
  CONSTRAINT `FKA7C3ED4BF8278B6` FOREIGN KEY (`DISTRIBUTION_ID`) REFERENCES `catissue_distribution` (`IDENTIFIER`)
) ENGINE=InnoDB DEFAULT CHARSET=latin1;

/*Data for the table `catissue_distributed_item` */

/*Table structure for table `catissue_distribution` */

DROP TABLE IF EXISTS `catissue_distribution`;

CREATE TABLE `catissue_distribution` (
  `IDENTIFIER` bigint(20) NOT NULL auto_increment,
  `TO_SITE_ID` bigint(20) default NULL,
  `DISTRIBUTION_PROTOCOL_ID` bigint(20) default NULL,
  `ACTIVITY_STATUS` varchar(50) default NULL,
  `SPECIMEN_ID` bigint(20) default NULL,
  `EVENT_TIMESTAMP` datetime default NULL,
  `USER_ID` bigint(20) default NULL,
  `COMMENTS` text,
  `ORDER_ID` bigint(20) default NULL,
  PRIMARY KEY  (`IDENTIFIER`),
  KEY `FK542766802206F20F` (`USER_ID`),
  KEY `FK542766806B1F36E7` (`DISTRIBUTION_PROTOCOL_ID`),
  KEY `FK542766801DBE834F` (`TO_SITE_ID`),
  KEY `FK5427668060773DB2` (`SPECIMEN_ID`),
  KEY `FK54276680783867CC` (`ORDER_ID`),
  CONSTRAINT `FK54276680783867CC` FOREIGN KEY (`ORDER_ID`) REFERENCES `catissue_order` (`IDENTIFIER`),
  CONSTRAINT `FK542766801DBE834F` FOREIGN KEY (`TO_SITE_ID`) REFERENCES `catissue_site` (`IDENTIFIER`),
  CONSTRAINT `FK542766802206F20F` FOREIGN KEY (`USER_ID`) REFERENCES `catissue_user` (`IDENTIFIER`),
  CONSTRAINT `FK5427668060773DB2` FOREIGN KEY (`SPECIMEN_ID`) REFERENCES `catissue_specimen` (`IDENTIFIER`),
  CONSTRAINT `FK542766806B1F36E7` FOREIGN KEY (`DISTRIBUTION_PROTOCOL_ID`) REFERENCES `catissue_distribution_protocol` (`IDENTIFIER`)
) ENGINE=InnoDB DEFAULT CHARSET=latin1;

/*Data for the table `catissue_distribution` */

/*Table structure for table `catissue_distribution_protocol` */

DROP TABLE IF EXISTS `catissue_distribution_protocol`;

CREATE TABLE `catissue_distribution_protocol` (
  `IDENTIFIER` bigint(20) NOT NULL default '0',
  PRIMARY KEY  (`IDENTIFIER`),
  KEY `FKC8999977BC7298A9` (`IDENTIFIER`),
  CONSTRAINT `FKC8999977BC7298A9` FOREIGN KEY (`IDENTIFIER`) REFERENCES `catissue_specimen_protocol` (`IDENTIFIER`)
) ENGINE=InnoDB DEFAULT CHARSET=latin1;

/*Data for the table `catissue_distribution_protocol` */

insert into `catissue_distribution_protocol` (`IDENTIFIER`) values (1);

/*Table structure for table `catissue_distribution_spe_req` */

DROP TABLE IF EXISTS `catissue_distribution_spe_req`;

CREATE TABLE `catissue_distribution_spe_req` (
  `DISTRIBUTION_PROTOCOL_ID` bigint(20) NOT NULL default '0',
  `SPECIMEN_REQUIREMENT_ID` bigint(20) NOT NULL default '0',
  PRIMARY KEY  (`DISTRIBUTION_PROTOCOL_ID`,`SPECIMEN_REQUIREMENT_ID`),
  KEY `FKE34A3688BE10F0CE` (`SPECIMEN_REQUIREMENT_ID`),
  KEY `FKE34A36886B1F36E7` (`DISTRIBUTION_PROTOCOL_ID`),
  CONSTRAINT `FKE34A36886B1F36E7` FOREIGN KEY (`DISTRIBUTION_PROTOCOL_ID`) REFERENCES `catissue_distribution_protocol` (`IDENTIFIER`),
  CONSTRAINT `FKE34A3688BE10F0CE` FOREIGN KEY (`SPECIMEN_REQUIREMENT_ID`) REFERENCES `catissue_specimen_requirement` (`IDENTIFIER`)
) ENGINE=InnoDB DEFAULT CHARSET=latin1;

/*Data for the table `catissue_distribution_spe_req` */

insert into `catissue_distribution_spe_req` (`DISTRIBUTION_PROTOCOL_ID`,`SPECIMEN_REQUIREMENT_ID`) values (1,1);

/*Table structure for table `catissue_embedded_event_param` */

DROP TABLE IF EXISTS `catissue_embedded_event_param`;

CREATE TABLE `catissue_embedded_event_param` (
  `IDENTIFIER` bigint(20) NOT NULL default '0',
  `EMBEDDING_MEDIUM` varchar(50) default NULL,
  PRIMARY KEY  (`IDENTIFIER`),
  KEY `FKD356182FBC7298A9` (`IDENTIFIER`),
  KEY `INDX_CATISSUE_EMBEVT_MEDI` (`EMBEDDING_MEDIUM`),
  CONSTRAINT `FKD356182FBC7298A9` FOREIGN KEY (`IDENTIFIER`) REFERENCES `catissue_specimen_event_param` (`IDENTIFIER`)
) ENGINE=InnoDB DEFAULT CHARSET=latin1;

/*Data for the table `catissue_embedded_event_param` */

/*Table structure for table `catissue_event_param` */

DROP TABLE IF EXISTS `catissue_event_param`;

CREATE TABLE `catissue_event_param` (
  `IDENTIFIER` bigint(20) NOT NULL default '0',
  PRIMARY KEY  (`IDENTIFIER`),
  KEY `FK90C79AECBC7298A9` (`IDENTIFIER`),
  CONSTRAINT `FK90C79AECBC7298A9` FOREIGN KEY (`IDENTIFIER`) REFERENCES `catissue_specimen_event_param` (`IDENTIFIER`)
) ENGINE=InnoDB DEFAULT CHARSET=latin1;

/*Data for the table `catissue_event_param` */

/*Table structure for table `catissue_existing_sp_ord_item` */

DROP TABLE IF EXISTS `catissue_existing_sp_ord_item`;

CREATE TABLE `catissue_existing_sp_ord_item` (
  `IDENTIFIER` bigint(20) NOT NULL default '0',
  `SPECIMEN_ID` bigint(20) default NULL,
  PRIMARY KEY  (`IDENTIFIER`),
  KEY `FKF8B855EEBC7298A9` (`IDENTIFIER`),
  KEY `FKF8B855EE60773DB2` (`SPECIMEN_ID`),
  CONSTRAINT `FKF8B855EE60773DB2` FOREIGN KEY (`SPECIMEN_ID`) REFERENCES `catissue_specimen` (`IDENTIFIER`),
  CONSTRAINT `FKF8B855EEBC7298A9` FOREIGN KEY (`IDENTIFIER`) REFERENCES `catissue_order_item` (`IDENTIFIER`)
) ENGINE=InnoDB DEFAULT CHARSET=latin1;

/*Data for the table `catissue_existing_sp_ord_item` */

/*Table structure for table `catissue_external_identifier` */

DROP TABLE IF EXISTS `catissue_external_identifier`;

CREATE TABLE `catissue_external_identifier` (
  `IDENTIFIER` bigint(20) NOT NULL auto_increment,
  `NAME` varchar(255) default NULL,
  `VALUE` varchar(255) default NULL,
  `SPECIMEN_ID` bigint(20) default NULL,
  PRIMARY KEY  (`IDENTIFIER`),
  KEY `FK5CF2FA2160773DB2` (`SPECIMEN_ID`),
  CONSTRAINT `FK5CF2FA2160773DB2` FOREIGN KEY (`SPECIMEN_ID`) REFERENCES `catissue_specimen` (`IDENTIFIER`)
) ENGINE=InnoDB DEFAULT CHARSET=latin1;

/*Data for the table `catissue_external_identifier` */

insert into `catissue_external_identifier` (`IDENTIFIER`,`NAME`,`VALUE`,`SPECIMEN_ID`) values (1,NULL,NULL,1),(2,NULL,NULL,2);

/*Table structure for table `catissue_fixed_event_param` */

DROP TABLE IF EXISTS `catissue_fixed_event_param`;

CREATE TABLE `catissue_fixed_event_param` (
  `IDENTIFIER` bigint(20) NOT NULL default '0',
  `FIXATION_TYPE` varchar(50) NOT NULL default '',
  `DURATION_IN_MINUTES` int(11) default NULL,
  PRIMARY KEY  (`IDENTIFIER`),
  KEY `FKE0F1781BC7298A9` (`IDENTIFIER`),
  KEY `INDX_CATISSUE_FIXEVT_TYPE` (`FIXATION_TYPE`),
  KEY `INDX_CATISSUE_FIXEVT_MIN` (`DURATION_IN_MINUTES`),
  CONSTRAINT `FKE0F1781BC7298A9` FOREIGN KEY (`IDENTIFIER`) REFERENCES `catissue_specimen_event_param` (`IDENTIFIER`)
) ENGINE=InnoDB DEFAULT CHARSET=latin1;

/*Data for the table `catissue_fixed_event_param` */

/*Table structure for table `catissue_fluid_spe_event_param` */

DROP TABLE IF EXISTS `catissue_fluid_spe_event_param`;

CREATE TABLE `catissue_fluid_spe_event_param` (
  `IDENTIFIER` bigint(20) NOT NULL default '0',
  `CELL_COUNT` double default NULL,
  PRIMARY KEY  (`IDENTIFIER`),
  KEY `FK70565D20BC7298A9` (`IDENTIFIER`),
  KEY `INDX_CATISSUE_FLDEVT_CELL` (`CELL_COUNT`),
  CONSTRAINT `FK70565D20BC7298A9` FOREIGN KEY (`IDENTIFIER`) REFERENCES `catissue_event_param` (`IDENTIFIER`)
) ENGINE=InnoDB DEFAULT CHARSET=latin1;

/*Data for the table `catissue_fluid_spe_event_param` */

/*Table structure for table `catissue_frozen_event_param` */

DROP TABLE IF EXISTS `catissue_frozen_event_param`;

CREATE TABLE `catissue_frozen_event_param` (
  `IDENTIFIER` bigint(20) NOT NULL default '0',
  `METHOD` varchar(50) default NULL,
  PRIMARY KEY  (`IDENTIFIER`),
  KEY `FK52627245BC7298A9` (`IDENTIFIER`),
  KEY `INDX_CATISSUE_FROZEVT_METH` (`METHOD`),
  CONSTRAINT `FK52627245BC7298A9` FOREIGN KEY (`IDENTIFIER`) REFERENCES `catissue_specimen_event_param` (`IDENTIFIER`)
) ENGINE=InnoDB DEFAULT CHARSET=latin1;

/*Data for the table `catissue_frozen_event_param` */

/*Table structure for table `catissue_identified_report` */

DROP TABLE IF EXISTS `catissue_identified_report`;

CREATE TABLE `catissue_identified_report` (
  `IDENTIFIER` bigint(20) NOT NULL default '0',
  `DEID_REPORT` bigint(20) default NULL,
  `SCG_ID` bigint(20) default NULL,
  PRIMARY KEY  (`IDENTIFIER`),
  KEY `FK6A2246DCBC7298A9` (`IDENTIFIER`),
  KEY `FK6A2246DC752DD177` (`DEID_REPORT`),
  KEY `FK6A2246DC91741663` (`SCG_ID`),
  CONSTRAINT `FK6A2246DC91741663` FOREIGN KEY (`SCG_ID`) REFERENCES `catissue_specimen_coll_group` (`IDENTIFIER`),
  CONSTRAINT `FK6A2246DC752DD177` FOREIGN KEY (`DEID_REPORT`) REFERENCES `catissue_deidentified_report` (`IDENTIFIER`),
  CONSTRAINT `FK6A2246DCBC7298A9` FOREIGN KEY (`IDENTIFIER`) REFERENCES `catissue_pathology_report` (`IDENTIFIER`)
) ENGINE=InnoDB DEFAULT CHARSET=latin1;

/*Data for the table `catissue_identified_report` */

/*Table structure for table `catissue_in_out_event_param` */

DROP TABLE IF EXISTS `catissue_in_out_event_param`;

CREATE TABLE `catissue_in_out_event_param` (
  `IDENTIFIER` bigint(20) NOT NULL default '0',
  `STORAGE_STATUS` varchar(100) NOT NULL default '',
  PRIMARY KEY  (`IDENTIFIER`),
  KEY `FK4F0FAEB9BC7298A9` (`IDENTIFIER`),
  KEY `INDX_CATISSUE_IOEVT_STATUS` (`STORAGE_STATUS`),
  CONSTRAINT `FK4F0FAEB9BC7298A9` FOREIGN KEY (`IDENTIFIER`) REFERENCES `catissue_specimen_event_param` (`IDENTIFIER`)
) ENGINE=InnoDB DEFAULT CHARSET=latin1;

/*Data for the table `catissue_in_out_event_param` */

/*Table structure for table `catissue_institution` */

DROP TABLE IF EXISTS `catissue_institution`;

CREATE TABLE `catissue_institution` (
  `IDENTIFIER` bigint(20) NOT NULL auto_increment,
  `NAME` varchar(255) NOT NULL default '',
  PRIMARY KEY  (`IDENTIFIER`),
  UNIQUE KEY `NAME` (`NAME`)
) ENGINE=InnoDB DEFAULT CHARSET=latin1;

/*Data for the table `catissue_institution` */

insert into `catissue_institution` (`IDENTIFIER`,`NAME`) values (1,'i'),(2,'inst');

/*Table structure for table `catissue_interface_column_data` */

DROP TABLE IF EXISTS `catissue_interface_column_data`;

CREATE TABLE `catissue_interface_column_data` (
  `IDENTIFIER` bigint(20) NOT NULL auto_increment,
  `TABLE_ID` bigint(20) NOT NULL default '0',
  `COLUMN_NAME` varchar(50) default NULL,
  `ATTRIBUTE_TYPE` varchar(30) default NULL,
  PRIMARY KEY  (`IDENTIFIER`)
) ENGINE=InnoDB DEFAULT CHARSET=latin1;

/*Data for the table `catissue_interface_column_data` */

insert into `catissue_interface_column_data` (`IDENTIFIER`,`TABLE_ID`,`COLUMN_NAME`,`ATTRIBUTE_TYPE`) values (1,4,'IDENTIFIER','bigint'),(2,4,'STREET','varchar'),(3,4,'CITY','varchar'),(4,4,'STATE','varchar'),(5,4,'COUNTRY','varchar'),(6,4,'ZIPCODE','varchar'),(7,4,'PHONE_NUMBER','varchar'),(8,4,'FAX_NUMBER','varchar'),(9,39,'IDENTIFIER','bigint'),(10,39,'IP_ADDRESS','varchar'),(11,39,'EVENT_TIMESTAMP','timestamp'),(12,39,'USER_ID','bigint'),(13,39,'COMMENTS','text'),(14,40,'IDENTIFIER','bigint'),(15,40,'ELEMENT_NAME','varchar'),(16,40,'PREVIOUS_VALUE','varchar'),(17,40,'CURRENT_VALUE','varchar'),(18,40,'AUDIT_EVENT_LOG_ID','bigint'),(19,41,'IDENTIFIER','bigint'),(20,41,'OBJECT_IDENTIFIER','bigint'),(21,41,'OBJECT_NAME','varchar'),(22,41,'EVENT_TYPE','varchar'),(23,41,'AUDIT_EVENT_ID','bigint'),(24,8,'IDENTIFIER','bigint'),(25,8,'NAME','varchar'),(26,8,'COMMENTS','text'),(27,8,'TYPE','varchar'),(28,7,'IDENTIFIER','bigint'),(29,7,'NAME','varchar'),(30,42,'PUBLIC_ID','varchar'),(31,42,'LONG_NAME','varchar'),(32,42,'DEFINITION','text'),(33,42,'VERSION','varchar'),(37,12,'QUANTITY_ID','bigint'),(38,12,'SPECIMEN_CLASS','varchar'),(39,43,'IDENTIFIER','bigint'),(40,43,'NEOPLASTIC_CELLULARITY_PER','double'),(41,43,'VIABLE_CELL_PERCENTAGE','double'),(42,44,'IDENTIFIER','bigint'),(43,44,'STORAGE_STATUS','varchar'),(47,17,'COLLECTION_PROTOCOL_ID','bigint'),(48,17,'USER_ID','bigint'),(49,45,'COLLECTION_PROTOCOL_ID','bigint'),(50,45,'DISTRIBUTION_PROTOCOL_ID','bigint'),(51,46,'IDENTIFIER','bigint'),(52,46,'COLLECTION_PROCEDURE','varchar'),(53,46,'CONTAINER','varchar'),(54,10,'IDENTIFIER','bigint'),(55,11,'IDENTIFIER','bigint'),(56,11,'CLINICAL_STATUS','varchar'),(57,11,'STUDY_CALENDAR_EVENT_POINT','double'),(58,11,'COLLECTION_PROTOCOL_ID','bigint'),(59,27,'IDENTIFIER','bigint'),(60,27,'PROTOCOL_PARTICIPANT_ID','varchar'),(61,27,'REGISTRATION_DATE','date'),(62,27,'PARTICIPANT_ID','bigint'),(63,27,'COLLECTION_PROTOCOL_ID','bigint'),(64,27,'ACTIVITY_STATUS','varchar'),(65,18,'COLLECTION_PROTOCOL_EVENT_ID','bigint'),(66,18,'SPECIMEN_REQUIREMENT_ID','bigint'),(67,5,'IDENTIFIER','bigint'),(68,5,'NAME','varchar'),(69,47,'IDENTIFIER','bigint'),(70,47,'REASON','varchar'),(71,37,'IDENTIFIER','bigint'),(72,37,'QUANTITY','double'),(73,37,'SPECIMEN_ID','bigint'),(74,37,'DISTRIBUTION_ID','bigint'),(75,38,'IDENTIFIER','bigint'),(76,38,'TO_SITE_ID','bigint'),(78,38,'DISTRIBUTION_PROTOCOL_ID','bigint'),(79,19,'IDENTIFIER','bigint'),(80,20,'DISTRIBUTION_PROTOCOL_ID','bigint'),(81,20,'SPECIMEN_REQUIREMENT_ID','bigint'),(82,48,'IDENTIFIER','bigint'),(83,48,'EMBEDDING_MEDIUM','varchar'),(84,28,'IDENTIFIER','bigint'),(85,28,'NAME','varchar'),(86,28,'VALUE','varchar'),(87,28,'SPECIMEN_ID','bigint'),(88,49,'IDENTIFIER','bigint'),(89,49,'FIXATION_TYPE','varchar'),(90,49,'DURATION_IN_MINUTES','integer'),(96,50,'IDENTIFIER','bigint'),(97,50,'CELL_COUNT','double'),(98,51,'IDENTIFIER','bigint'),(99,51,'METHOD','varchar'),(100,6,'IDENTIFIER','bigint'),(101,6,'NAME','varchar'),(102,33,'SPECIMEN_CLASS','varchar'),(103,33,'QUANTITY','double'),(104,33,'AVAILABLE_QUANTITY','double'),(105,33,'CONCENTRATION','double'),(108,52,'IDENTIFIER','bigint'),(109,52,'GEL_IMAGE_URL','varchar'),(110,52,'QUALITY_INDEX','varchar'),(111,52,'LANE_NUMBER','varchar'),(112,52,'GEL_NUMBER','integer'),(113,52,'ABSORBANCE_AT_260','double'),(114,52,'ABSORBANCE_AT_280','double'),(115,52,'RATIO_28S_TO_18S','double'),(116,31,'IDENTIFIER','bigint'),(117,31,'LAST_NAME','varchar'),(118,31,'FIRST_NAME','varchar'),(119,31,'MIDDLE_NAME','varchar'),(120,31,'BIRTH_DATE','date'),(121,31,'GENDER','varchar'),(122,31,'GENOTYPE','varchar'),(124,31,'ETHNICITY','varchar'),(125,31,'SOCIAL_SECURITY_NUMBER','varchar'),(126,31,'ACTIVITY_STATUS','varchar'),(127,32,'IDENTIFIER','bigint'),(128,32,'MEDICAL_RECORD_NUMBER','varchar'),(129,32,'SITE_ID','bigint'),(130,32,'PARTICIPANT_ID','bigint'),(131,53,'IDENTIFIER','varchar'),(132,53,'CONCEPT_CODE','varchar'),(133,53,'DEFINITION','text'),(134,53,'EVS_CODE','text'),(135,53,'PARENT_IDENTIFIER','varchar'),(136,53,'VALUE','varchar'),(137,53,'PUBLIC_ID','varchar'),(138,54,'IDENTIFIER','bigint'),(139,54,'URL','varchar'),(140,54,'NAME','varchar'),(141,55,'IDENTIFIER','bigint'),(142,55,'TABLE_ID','bigint'),(143,55,'COLUMN_NAME','varchar'),(144,55,'DISPLAY_NAME','varchar'),(145,55,'ATTRIBUTE_TYPE','varchar'),(146,56,'TABLE_ID','bigint'),(147,56,'DISPLAY_NAME','varchar'),(148,56,'TABLE_NAME','varchar'),(149,56,'ALIAS_NAME','varchar'),(150,57,'IDENTIFIER','bigint'),(151,57,'RECEIVED_QUALITY','varchar'),(152,58,'FIRST_TABLE_ID','bigint'),(153,58,'SECOND_TABLE_ID','bigint'),(154,58,'FIRST_TABLE_JOIN_COLUMN','varchar'),(155,58,'SECOND_TABLE_JOIN_COLUMN','varchar'),(156,59,'IDENTIFIER','bigint'),(157,59,'AFFILIATION','varchar'),(158,59,'NAME_OF_REPORTER','varchar'),(159,59,'REPORTERS_EMAIL_ID','varchar'),(160,59,'MESSAGE_BODY','varchar'),(161,59,'SUBJECT','varchar'),(162,59,'REPORTED_DATE','date'),(163,59,'ACTIVITY_STATUS','varchar'),(164,59,'COMMENTS','text'),(165,60,'IDENTIFIER','bigint'),(166,61,'IDENTIFIER','bigint'),(167,61,'FIRST_NAME','varchar'),(168,61,'LAST_NAME','varchar'),(169,61,'LOGIN_NAME','varchar'),(170,61,'EMAIL_ADDRESS','varchar'),(171,61,'START_DATE','date'),(172,61,'ACTIVITY_STATUS','varchar'),(173,61,'DEPARTMENT_ID','bigint'),(174,61,'STREET','varchar'),(175,61,'CITY','varchar'),(176,61,'STATE','varchar'),(177,61,'COUNTRY','varchar'),(178,61,'ZIPCODE','varchar'),(179,61,'PHONE_NUMBER','varchar'),(180,61,'FAX_NUMBER','varchar'),(181,61,'CANCER_RESEARCH_GROUP_ID','bigint'),(182,61,'INSTITUTION_ID','bigint'),(183,61,'STATUS_COMMENT','text'),(184,3,'IDENTIFIER','bigint'),(185,3,'NAME','varchar'),(186,3,'TYPE','varchar'),(187,3,'EMAIL_ADDRESS','varchar'),(188,3,'USER_ID','bigint'),(189,3,'ACTIVITY_STATUS','varchar'),(190,3,'ADDRESS_ID','bigint'),(191,33,'IDENTIFIER','bigint'),(192,33,'TYPE','varchar'),(193,33,'AVAILABLE','tinyint'),(194,33,'POSITION_DIMENSION_ONE','integer'),(195,33,'POSITION_DIMENSION_TWO','integer'),(196,33,'BARCODE','varchar'),(197,33,'COMMENTS','varchar'),(198,33,'ACTIVITY_STATUS','varchar'),(199,33,'PARENT_SPECIMEN_ID','bigint'),(200,33,'STORAGE_CONTAINER_IDENTIFIER','bigint'),(201,33,'SPECIMEN_COLLECTION_GROUP_ID','bigint'),(202,33,'SPECIMEN_CHARACTERISTICS_ID','bigint'),(203,62,'BIOHAZARD_ID','bigint'),(204,62,'SPECIMEN_ID','bigint'),(205,34,'IDENTIFIER','bigint'),(206,34,'TISSUE_SITE','varchar'),(207,34,'TISSUE_SIDE','varchar'),(208,33,'PATHOLOGICAL_STATUS','varchar'),(209,35,'IDENTIFIER','bigint'),(210,92,'CLINICAL_DIAGNOSIS','varchar'),(211,92,'CLINICAL_STATUS','varchar'),(212,92,'ACTIVITY_STATUS','varchar'),(213,92,'SITE_ID','bigint'),(214,35,'COLLECTION_PROTOCOL_EVENT_ID','bigint'),(215,35,'SURGICAL_PATHOLOGY_NUMBER','varchar'),(216,35,'COLLECTION_PROTOCOL_REG_ID','bigint'),(217,63,'IDENTIFIER','bigint'),(218,63,'SPECIMEN_ID','bigint'),(219,63,'EVENT_TIMESTAMP','timestamptime'),(220,63,'USER_ID','bigint'),(221,63,'COMMENTS','text'),(222,9,'IDENTIFIER','bigint'),(223,9,'PRINCIPAL_INVESTIGATOR_ID','bigint'),(224,9,'TITLE','varchar'),(225,9,'SHORT_TITLE','varchar'),(226,9,'IRB_IDENTIFIER','varchar'),(227,9,'START_DATE','date'),(228,9,'END_DATE','date'),(229,9,'ENROLLMENT','integer'),(230,9,'DESCRIPTION_URL','varchar'),(231,9,'ACTIVITY_STATUS','varchar'),(232,12,'IDENTIFIER','bigint'),(233,12,'SPECIMEN_TYPE','varchar'),(234,12,'TISSUE_SITE','varchar'),(235,12,'PATHOLOGY_STATUS','varchar'),(236,64,'IDENTIFIER','bigint'),(237,64,'GFORCE','double'),(238,64,'DURATION_IN_MINUTES','integer'),(239,21,'IDENTIFIER','bigint'),(240,70,'NAME','varchar'),(241,21,'TEMPERATURE','double'),(242,70,'FULL','tinyint'),(243,70,'BARCODE','varchar'),(244,70,'ACTIVITY_STATUS','varchar'),(245,21,'STORAGE_TYPE_ID','bigint'),(246,21,'SITE_ID','bigint'),(247,70,'PARENT_CONTAINER_ID','bigint'),(248,70,'CAPACITY_ID','bigint'),(249,70,'POSITION_DIMENSION_ONE','integer'),(250,70,'POSITION_DIMENSION_TWO','integer'),(251,2,'IDENTIFIER','bigint'),(252,2,'ONE_DIMENSION_CAPACITY','integer'),(253,2,'TWO_DIMENSION_CAPACITY','integer'),(258,1,'IDENTIFIER','bigint'),(260,1,'DEFAULT_TEMPERATURE','double'),(261,69,'ONE_DIMENSION_LABEL','varchar'),(262,69,'TWO_DIMENSION_LABEL','varchar'),(263,69,'CAPACITY_ID','bigint'),(264,65,'PARENT_TABLE_ID','bigint'),(265,65,'CHILD_TABLE_ID','bigint'),(266,66,'IDENTIFIER','bigint'),(272,67,'IDENTIFIER','bigint'),(273,67,'NEOPLASTIC_CELLULARITY_PER','double'),(274,67,'NECROSIS_PERCENTAGE','double'),(275,67,'LYMPHOCYTIC_PERCENTAGE','double'),(276,67,'TOTAL_CELLULARITY_PERCENTAGE','double'),(277,67,'HISTOLOGICAL_QUALITY','varchar'),(278,68,'IDENTIFIER','bigint'),(279,68,'FROM_POSITION_DIMENSION_ONE','integer'),(280,68,'FROM_POSITION_DIMENSION_TWO','integer'),(281,68,'TO_POSITION_DIMENSION_ONE','integer'),(282,68,'TO_POSITION_DIMENSION_TWO','integer'),(283,68,'TO_STORAGE_CONTAINER_ID','bigint'),(284,68,'FROM_STORAGE_CONTAINER_ID','bigint'),(285,23,'IDENTIFIER','bigint'),(286,23,'ACTIVITY_STATUS','varchar'),(287,23,'DEPARTMENT_ID','bigint'),(288,23,'CANCER_RESEARCH_GROUP_ID','bigint'),(289,23,'INSTITUTION_ID','bigint'),(290,23,'ADDRESS_ID','bigint'),(291,23,'STATUS_COMMENT','text'),(292,23,'LAST_NAME','varchar'),(293,23,'FIRST_NAME','varchar'),(294,23,'LOGIN_NAME','varchar'),(295,23,'START_DATE','date'),(296,63,'EVENT_TIMESTAMP','timestampdate'),(297,38,'ACTIVITY_STATUS','varchar'),(298,38,'EVENT_TIMESTAMP','timestampdate'),(299,38,'USER_ID','bigint'),(300,38,'COMMENTS','varchar'),(301,38,'SPECIMEN_ID','bigint'),(302,38,'EVENT_TIMESTAMP','timestamptime'),(303,31,'DEATH_DATE','date'),(304,31,'VITAL_STATUS','varchar'),(305,1,'ACTIVITY_STATUS','varchar'),(306,69,'IDENTIFIER','bigint'),(307,69,'NAME','varchar'),(308,69,'COMMENTS','varchar'),(309,70,'IDENTIFIER','bigint'),(310,70,'COMMENTS','varchar'),(311,71,'IDENTIFIER','bigint'),(312,71,'SPECIMEN_CLASS','varchar'),(313,72,'IDENTIFIER','bigint'),(314,72,'CREATED_BY_ID','bigint'),(315,72,'SPECIMEN_ARRAY_TYPE_ID','bigint'),(316,73,'PARTICIPANT_ID','bigint'),(317,73,'RACE_NAME','varchar'),(318,74,'IDENTIFIER','bigint'),(319,74,'QUANTITY','double'),(320,35,'NAME','varchar'),(321,72,'DISTRIBUTION_ID','bigint'),(322,33,'LINEAGE','varchar'),(323,33,'LABEL','varchar'),(324,72,'AVAILABLE','tinyint'),(325,75,'EVENT_TIMESTAMP','timestampdate'),(326,75,'EVENT_TIMESTAMP','timestamptime'),(327,75,'IDENTIFIER','bigint'),(328,33,'CREATED_ON_DATE','date'),(329,11,'COLLECTION_POINT_LABEL','varchar'),(330,92,'IDENTIFIER','bigint');

/*Table structure for table `catissue_mol_spe_review_param` */

DROP TABLE IF EXISTS `catissue_mol_spe_review_param`;

CREATE TABLE `catissue_mol_spe_review_param` (
  `IDENTIFIER` bigint(20) NOT NULL default '0',
  `GEL_IMAGE_URL` varchar(255) default NULL,
  `QUALITY_INDEX` varchar(50) default NULL,
  `LANE_NUMBER` varchar(50) default NULL,
  `GEL_NUMBER` int(11) default NULL,
  `ABSORBANCE_AT_260` double default NULL,
  `ABSORBANCE_AT_280` double default NULL,
  `RATIO_28S_TO_18S` double default NULL,
  PRIMARY KEY  (`IDENTIFIER`),
  KEY `FK5280ECEBC7298A9` (`IDENTIFIER`),
  KEY `INDX_CATISSUE_MOLEVT_METH` (`GEL_IMAGE_URL`),
  KEY `INDX_CATISSUE_MOLEVT_LANE` (`LANE_NUMBER`),
  KEY `INDX_CATISSUE_MOLEVT_GEL` (`GEL_NUMBER`),
  KEY `INDX_CATISSUE_MOLEVT_ABS1` (`ABSORBANCE_AT_260`),
  KEY `INDX_CATISSUE_MOLEVT_ABS2` (`ABSORBANCE_AT_280`),
  KEY `INDX_CATISSUE_MOLEVT_RAT` (`RATIO_28S_TO_18S`),
  CONSTRAINT `FK5280ECEBC7298A9` FOREIGN KEY (`IDENTIFIER`) REFERENCES `catissue_event_param` (`IDENTIFIER`)
) ENGINE=InnoDB DEFAULT CHARSET=latin1;

/*Data for the table `catissue_mol_spe_review_param` */

/*Table structure for table `catissue_new_sp_ar_order_item` */

DROP TABLE IF EXISTS `catissue_new_sp_ar_order_item`;

CREATE TABLE `catissue_new_sp_ar_order_item` (
  `IDENTIFIER` bigint(20) NOT NULL default '0',
  `ARRAY_TYPE_ID` bigint(20) default NULL,
  `NAME` varchar(255) default NULL,
  `SPECIMEN_ARRAY_ID` bigint(20) default NULL,
  PRIMARY KEY  (`IDENTIFIER`),
  KEY `FKC5C92CCBCE5FBC3A` (`ARRAY_TYPE_ID`),
  KEY `FKC5C92CCBBC7298A9` (`IDENTIFIER`),
  KEY `FKC5C92CCBC4A3C438` (`SPECIMEN_ARRAY_ID`),
  CONSTRAINT `FKC5C92CCBC4A3C438` FOREIGN KEY (`SPECIMEN_ARRAY_ID`) REFERENCES `catissue_specimen_array` (`IDENTIFIER`),
  CONSTRAINT `FKC5C92CCBBC7298A9` FOREIGN KEY (`IDENTIFIER`) REFERENCES `catissue_order_item` (`IDENTIFIER`),
  CONSTRAINT `FKC5C92CCBCE5FBC3A` FOREIGN KEY (`ARRAY_TYPE_ID`) REFERENCES `catissue_specimen_array_type` (`IDENTIFIER`)
) ENGINE=InnoDB DEFAULT CHARSET=latin1;

/*Data for the table `catissue_new_sp_ar_order_item` */

/*Table structure for table `catissue_order` */

DROP TABLE IF EXISTS `catissue_order`;

CREATE TABLE `catissue_order` (
  `IDENTIFIER` bigint(20) NOT NULL auto_increment,
  `COMMENTS` text,
  `DISTRIBUTION_PROTOCOL_ID` bigint(20) default NULL,
  `NAME` text,
  `REQUESTED_DATE` datetime default NULL,
  `STATUS` varchar(50) default NULL,
  PRIMARY KEY  (`IDENTIFIER`),
  KEY `FK543F22B26B1F36E7` (`DISTRIBUTION_PROTOCOL_ID`),
  CONSTRAINT `FK543F22B26B1F36E7` FOREIGN KEY (`DISTRIBUTION_PROTOCOL_ID`) REFERENCES `catissue_distribution_protocol` (`IDENTIFIER`)
) ENGINE=InnoDB DEFAULT CHARSET=latin1;

/*Data for the table `catissue_order` */

/*Table structure for table `catissue_order_item` */

DROP TABLE IF EXISTS `catissue_order_item`;

CREATE TABLE `catissue_order_item` (
  `IDENTIFIER` bigint(20) NOT NULL auto_increment,
  `DESCRIPTION` text,
  `DISTRIBUTED_ITEM_ID` bigint(20) default NULL,
  `STATUS` varchar(50) default NULL,
  `REQUESTED_QUANTITY` double default NULL,
  `ORDER_ID` bigint(20) default NULL,
  PRIMARY KEY  (`IDENTIFIER`),
  KEY `FKB501E88060975C0B` (`DISTRIBUTED_ITEM_ID`),
  KEY `FKB501E880783867CC` (`ORDER_ID`),
  CONSTRAINT `FKB501E880783867CC` FOREIGN KEY (`ORDER_ID`) REFERENCES `catissue_order` (`IDENTIFIER`),
  CONSTRAINT `FKB501E88060975C0B` FOREIGN KEY (`DISTRIBUTED_ITEM_ID`) REFERENCES `catissue_distributed_item` (`IDENTIFIER`)
) ENGINE=InnoDB DEFAULT CHARSET=latin1;

/*Data for the table `catissue_order_item` */

/*Table structure for table `catissue_part_medical_id` */

DROP TABLE IF EXISTS `catissue_part_medical_id`;

CREATE TABLE `catissue_part_medical_id` (
  `IDENTIFIER` bigint(20) NOT NULL auto_increment,
  `MEDICAL_RECORD_NUMBER` varchar(255) default NULL,
  `SITE_ID` bigint(20) default NULL,
  `PARTICIPANT_ID` bigint(20) default NULL,
  PRIMARY KEY  (`IDENTIFIER`),
  UNIQUE KEY `mrn_site_unique` (`MEDICAL_RECORD_NUMBER`,`SITE_ID`),
  KEY `FK349E77F9A7F77D13` (`SITE_ID`),
  KEY `FK349E77F987E5ADC7` (`PARTICIPANT_ID`),
  KEY `INDX_PART_MEDICAL_RECNO` (`MEDICAL_RECORD_NUMBER`),
  CONSTRAINT `FK349E77F987E5ADC7` FOREIGN KEY (`PARTICIPANT_ID`) REFERENCES `catissue_participant` (`IDENTIFIER`),
  CONSTRAINT `FK349E77F9A7F77D13` FOREIGN KEY (`SITE_ID`) REFERENCES `catissue_site` (`IDENTIFIER`)
) ENGINE=InnoDB DEFAULT CHARSET=latin1;

/*Data for the table `catissue_part_medical_id` */

insert into `catissue_part_medical_id` (`IDENTIFIER`,`MEDICAL_RECORD_NUMBER`,`SITE_ID`,`PARTICIPANT_ID`) values (1,'g1',1,1);

/*Table structure for table `catissue_participant` */

DROP TABLE IF EXISTS `catissue_participant`;

CREATE TABLE `catissue_participant` (
  `IDENTIFIER` bigint(20) NOT NULL auto_increment,
  `LAST_NAME` varchar(255) default NULL,
  `FIRST_NAME` varchar(255) default NULL,
  `MIDDLE_NAME` varchar(255) default NULL,
  `BIRTH_DATE` date default NULL,
  `GENDER` varchar(20) default NULL,
  `GENOTYPE` varchar(50) default NULL,
  `ETHNICITY` varchar(50) default NULL,
  `SOCIAL_SECURITY_NUMBER` varchar(50) default NULL,
  `ACTIVITY_STATUS` varchar(50) default NULL,
  `DEATH_DATE` date default NULL,
  `VITAL_STATUS` varchar(50) default NULL,
  PRIMARY KEY  (`IDENTIFIER`),
  UNIQUE KEY `SOCIAL_SECURITY_NUMBER` (`SOCIAL_SECURITY_NUMBER`),
  KEY `INDX_PARTICIPANT_LNAME` (`LAST_NAME`),
  KEY `INDX_PARTICIPANT_FNAME` (`FIRST_NAME`),
  KEY `INDX_PARTICIPANT_MNAME` (`MIDDLE_NAME`),
  KEY `INDX_PARTICIPANT_BDATE` (`BIRTH_DATE`),
  KEY `INDX_PARTICIPANT_DDATE` (`DEATH_DATE`),
  KEY `INDX_PARTICIPANT_VSTATUS` (`VITAL_STATUS`),
  KEY `INDX_PARTICIPANT_GENDER` (`GENDER`),
  KEY `INDX_PARTICIPANT_GENOTYPE` (`GENOTYPE`),
  KEY `INDX_PARTICIPANT_ETHNICITY` (`ETHNICITY`)
) ENGINE=InnoDB DEFAULT CHARSET=latin1;

/*Data for the table `catissue_participant` */

insert into `catissue_participant` (`IDENTIFIER`,`LAST_NAME`,`FIRST_NAME`,`MIDDLE_NAME`,`BIRTH_DATE`,`GENDER`,`GENOTYPE`,`ETHNICITY`,`SOCIAL_SECURITY_NUMBER`,`ACTIVITY_STATUS`,`DEATH_DATE`,`VITAL_STATUS`) values (1,'N1','G1','m','1993-10-01','Male Gender','Unknown','Hispanic or Latino',NULL,'Active',NULL,'Unknown');

/*Table structure for table `catissue_password` */

DROP TABLE IF EXISTS `catissue_password`;

CREATE TABLE `catissue_password` (
  `IDENTIFIER` bigint(20) NOT NULL auto_increment,
  `PASSWORD` varchar(255) default NULL,
  `UPDATE_DATE` date default NULL,
  `USER_ID` bigint(20) default NULL,
  PRIMARY KEY  (`IDENTIFIER`),
  KEY `FKDE1F38972206F20F` (`USER_ID`),
  CONSTRAINT `FKDE1F38972206F20F` FOREIGN KEY (`USER_ID`) REFERENCES `catissue_user` (`IDENTIFIER`)
) ENGINE=InnoDB DEFAULT CHARSET=latin1;

/*Data for the table `catissue_password` */

insert into `catissue_password` (`IDENTIFIER`,`PASSWORD`,`UPDATE_DATE`,`USER_ID`) values (1,'4c416f576765696c6e63316f326d3365','2007-10-23',1),(2,'4b4164573165596c6e63376f','2007-10-23',2),(4,'544165577365746c3163326f336d','2007-10-23',1);

/*Table structure for table `catissue_path_case_order_item` */

DROP TABLE IF EXISTS `catissue_path_case_order_item`;

CREATE TABLE `catissue_path_case_order_item` (
  `IDENTIFIER` bigint(20) NOT NULL default '0',
  `PATHOLOGICAL_STATUS` varchar(255) default NULL,
  `TISSUE_SITE` varchar(255) default NULL,
  `SPECIMEN_CLASS` varchar(255) default NULL,
  `SPECIMEN_TYPE` varchar(255) default NULL,
  `SPECIMEN_COLL_GROUP_ID` bigint(20) default NULL,
  PRIMARY KEY  (`IDENTIFIER`),
  KEY `FKBD5029D5F69249F7` (`SPECIMEN_COLL_GROUP_ID`),
  KEY `FKBD5029D5BC7298A9` (`IDENTIFIER`),
  CONSTRAINT `FKBD5029D5BC7298A9` FOREIGN KEY (`IDENTIFIER`) REFERENCES `catissue_order_item` (`IDENTIFIER`),
  CONSTRAINT `FKBD5029D5F69249F7` FOREIGN KEY (`SPECIMEN_COLL_GROUP_ID`) REFERENCES `catissue_specimen_coll_group` (`IDENTIFIER`)
) ENGINE=InnoDB DEFAULT CHARSET=latin1;

/*Data for the table `catissue_path_case_order_item` */

/*Table structure for table `catissue_pathology_report` */

DROP TABLE IF EXISTS `catissue_pathology_report`;

CREATE TABLE `catissue_pathology_report` (
  `IDENTIFIER` bigint(20) NOT NULL auto_increment,
  `ACTIVITY_STATUS` varchar(100) default NULL,
  `REVIEW_FLAG` tinyint(1) default NULL,
  `SOURCE_ID` bigint(20) default NULL,
  `REPORT_STATUS` varchar(100) default NULL,
  `COLLECTION_DATE_TIME` date default NULL,
  PRIMARY KEY  (`IDENTIFIER`),
  KEY `FK904EC9F040DCD7BF` (`SOURCE_ID`),
  CONSTRAINT `FK904EC9F040DCD7BF` FOREIGN KEY (`SOURCE_ID`) REFERENCES `catissue_site` (`IDENTIFIER`)
) ENGINE=InnoDB DEFAULT CHARSET=latin1;

/*Data for the table `catissue_pathology_report` */

/*Table structure for table `catissue_permissible_value` */

DROP TABLE IF EXISTS `catissue_permissible_value`;

CREATE TABLE `catissue_permissible_value` (
  `IDENTIFIER` bigint(20) NOT NULL auto_increment,
  `CONCEPT_CODE` varchar(40) default NULL,
  `DEFINITION` text,
  `PARENT_IDENTIFIER` bigint(20) default NULL,
  `VALUE` varchar(100) default NULL,
  `PUBLIC_ID` varchar(30) default NULL,
  PRIMARY KEY  (`IDENTIFIER`),
  KEY `FK57DDCE153B5435E` (`PARENT_IDENTIFIER`),
  KEY `FK57DDCE1FC56C2B1` (`PUBLIC_ID`),
  CONSTRAINT `FK57DDCE1FC56C2B1` FOREIGN KEY (`PUBLIC_ID`) REFERENCES `catissue_cde` (`PUBLIC_ID`),
  CONSTRAINT `FK57DDCE153B5435E` FOREIGN KEY (`PARENT_IDENTIFIER`) REFERENCES `catissue_permissible_value` (`IDENTIFIER`)
) ENGINE=InnoDB DEFAULT CHARSET=latin1;

/*Data for the table `catissue_permissible_value` */

insert into `catissue_permissible_value` (`IDENTIFIER`,`CONCEPT_CODE`,`DEFINITION`,`PARENT_IDENTIFIER`,`VALUE`,`PUBLIC_ID`) values (1,NULL,NULL,NULL,'Molecular','2003991'),(2,NULL,NULL,NULL,'Cell','2003991'),(3,NULL,NULL,NULL,'Fluid','2003991'),(4,NULL,NULL,NULL,'Tissue','2003991'),(5,NULL,NULL,1,'RNA, poly-A enriched',NULL),(6,NULL,NULL,1,'RNA, nuclear',NULL),(7,NULL,NULL,1,'Not Specified',NULL),(8,NULL,NULL,1,'protein',NULL),(9,NULL,NULL,1,'cDNA',NULL),(10,NULL,NULL,1,'RNA',NULL),(11,NULL,NULL,1,'DNA',NULL),(12,NULL,NULL,1,'RNA, cytoplasmic',NULL),(13,NULL,NULL,2,'Frozen Cell Pellet',NULL),(14,NULL,NULL,2,'Fixed Cell Block',NULL),(15,NULL,NULL,2,'Frozen Cell Block',NULL),(16,NULL,NULL,2,'Not Specified',NULL),(17,NULL,NULL,2,'Cryopreserved Cells',NULL),(18,NULL,NULL,3,'Whole Bone Marrow',NULL),(19,NULL,NULL,3,'Saliva',NULL),(20,NULL,NULL,3,'Plasma',NULL),(21,NULL,NULL,3,'Body Cavity Fluid',NULL),(22,NULL,NULL,3,'Milk',NULL),(23,NULL,NULL,3,'Pericardial Fluid',NULL),(24,NULL,NULL,3,'Lavage',NULL),(25,NULL,NULL,3,'Whole Blood',NULL),(26,NULL,NULL,3,'Vitreous Fluid',NULL),(27,NULL,NULL,3,'Gastric Fluid',NULL),(28,NULL,NULL,3,'Not Specified',NULL),(29,NULL,NULL,3,'Bone Marrow Plasma',NULL),(30,NULL,NULL,3,'Urine',NULL),(31,NULL,NULL,3,'Serum',NULL),(32,NULL,NULL,3,'Amniotic Fluid',NULL),(33,NULL,NULL,3,'Cerebrospinal Fluid',NULL),(34,NULL,NULL,3,'Bile',NULL),(35,NULL,NULL,3,'Synovial Fluid',NULL),(36,NULL,NULL,3,'Sweat',NULL),(37,NULL,NULL,3,'Feces',NULL),(38,NULL,NULL,4,'Fixed Tissue',NULL),(39,NULL,NULL,4,'Fixed Tissue Block',NULL),(40,NULL,NULL,4,'Frozen Tissue Block',NULL),(41,NULL,NULL,4,'Fixed Tissue Slide',NULL),(42,NULL,NULL,4,'Frozen Tissue Slide',NULL),(43,NULL,NULL,4,'Fresh Tissue',NULL),(44,NULL,NULL,4,'Microdissected',NULL),(45,NULL,NULL,4,'Frozen Tissue',NULL),(46,NULL,NULL,4,'Not Specified',NULL),(47,NULL,NULL,NULL,'Relapse, Not Specified','2003988'),(48,NULL,NULL,NULL,'Post-Operative','2003988'),(49,NULL,NULL,NULL,'Not Specified','2003988'),(50,NULL,NULL,NULL,'Operative','2003988'),(51,NULL,NULL,NULL,'Remission','2003988'),(52,NULL,NULL,NULL,'Pre-Operative','2003988'),(53,NULL,NULL,NULL,'Pre-Therapy','2003988'),(54,NULL,NULL,NULL,'Relapse, Distant Site','2003988'),(55,NULL,NULL,NULL,'No Diagnosis / Control','2003988'),(56,NULL,NULL,NULL,'Post-Therapy','2003988'),(57,NULL,NULL,NULL,'New Diagnosis','2003988'),(58,NULL,NULL,NULL,'Relapse, Primary Site','2003988'),(59,NULL,NULL,NULL,'Male Gender','2003989'),(60,NULL,NULL,NULL,'Unspecified','2003989'),(61,NULL,NULL,NULL,'Female Gender','2003989'),(62,NULL,NULL,NULL,'Unknown','2003990'),(63,NULL,NULL,NULL,'XXXY Syndrome','2003990'),(64,NULL,NULL,NULL,'Penta X Syndrome','2003990'),(65,NULL,NULL,NULL,'Mosaic including XXXXY','2003990'),(66,NULL,NULL,NULL,'XY','2003990'),(67,NULL,NULL,NULL,'Klinefelter\'s Syndrome','2003990'),(68,NULL,NULL,NULL,'XX','2003990'),(69,NULL,NULL,NULL,'XXX','2003990'),(70,NULL,NULL,NULL,'XXYY Syndrome','2003990'),(71,NULL,NULL,NULL,'Not Applicable','2003992'),(72,NULL,NULL,NULL,'Right','2003992'),(73,NULL,NULL,NULL,'Left','2003992'),(74,NULL,NULL,NULL,'Not Specified','2003992'),(75,NULL,NULL,NULL,'Malignant, Invasive','2003993'),(76,NULL,NULL,NULL,'Malignant, Pre-Invasive','2003993'),(77,NULL,NULL,NULL,'Non-Malignant','2003993'),(78,NULL,NULL,NULL,'Non-Malignant, Diseased','2003993'),(79,NULL,NULL,NULL,'Pre-Malignant','2003993'),(80,NULL,NULL,NULL,'Not Specified','2003993'),(81,NULL,NULL,NULL,'Malignant','2003993'),(82,NULL,NULL,NULL,'Metastatic','2003993'),(83,NULL,NULL,NULL,'Quantity Not Sufficient','2003994'),(84,NULL,NULL,NULL,'Cauterized','2003994'),(85,NULL,NULL,NULL,'Unacceptable, Not Specified','2003994'),(86,NULL,NULL,NULL,'Hemorrhagic','2003994'),(87,NULL,NULL,NULL,'Lipemic','2003994'),(88,NULL,NULL,NULL,'Frozen','2003994'),(89,NULL,NULL,NULL,'Not Specified','2003994'),(90,NULL,NULL,NULL,'Damaged','2003994'),(91,NULL,NULL,NULL,'Thawed','2003994'),(92,NULL,NULL,NULL,'Clotted','2003994'),(93,NULL,NULL,NULL,'Hemolyzed','2003994'),(94,NULL,NULL,NULL,'Acceptable','2003994'),(95,NULL,NULL,NULL,'Neutral Buffered Formalin','2003995'),(96,NULL,NULL,NULL,'Not Specified','2003995'),(97,NULL,NULL,NULL,'Formaldehyde','2003995'),(98,NULL,NULL,NULL,'Ethanol, 70%','2003995'),(99,NULL,NULL,NULL,'Methacarn','2003995'),(100,NULL,NULL,NULL,'Bouin\'s','2003995'),(101,NULL,NULL,NULL,'RNALater','2003995'),(102,NULL,NULL,NULL,'Methanol','2003995'),(103,NULL,NULL,NULL,'UM-Fix','2003995'),(104,NULL,NULL,NULL,'Surgical Resection','2003996'),(105,NULL,NULL,NULL,'Lavage','2003996'),(106,NULL,NULL,NULL,'Needle Core Biopsy','2003996'),(107,NULL,NULL,NULL,'Needle Aspirate','2003996'),(108,NULL,NULL,NULL,'Indwelling Catheter','2003996'),(109,NULL,NULL,NULL,'Venipuncture','2003996'),(110,NULL,NULL,NULL,'Not Specified','2003996'),(111,NULL,NULL,NULL,'ACD Vacutainer','2003997'),(112,NULL,NULL,NULL,'Heparin Vacutainer','2003997'),(113,NULL,NULL,NULL,'EDTA Vacutainer','2003997'),(114,NULL,NULL,NULL,'Serum Separator Vacutainer','2003997'),(115,NULL,NULL,NULL,'Sterile Specimen Container','2003997'),(116,NULL,NULL,NULL,'No Additive Vacutainer','2003997'),(117,NULL,NULL,NULL,'Citrate Vacutainer','2003997'),(118,NULL,NULL,NULL,'Not Specified','2003997'),(119,NULL,NULL,NULL,'Liquid Nitrogen Vapor','2003998'),(120,NULL,NULL,NULL,'Liquid Notrogen / Isopentane','2003998'),(121,NULL,NULL,NULL,'Liquid Nitrogen','2003998'),(122,NULL,NULL,NULL,'Dry Ice / Hydrocarbon Slurry','2003998'),(123,NULL,NULL,NULL,'Not Specified','2003998'),(124,NULL,NULL,NULL,'Aerosol Spray','2003998'),(125,NULL,NULL,NULL,'Cryostat','2003998'),(126,NULL,NULL,NULL,'Dry Ice','2003998'),(127,NULL,NULL,NULL,'Cryobath','2003998'),(128,NULL,NULL,NULL,'Freezing Media, Not Specified','2003999'),(129,NULL,NULL,NULL,'Paraffin','2003999'),(130,NULL,NULL,NULL,'Low Melting Point Paraffin','2003999'),(131,NULL,NULL,NULL,'Optimal Cutting Temperature Media','2003999'),(132,NULL,NULL,NULL,'Plastic','2003999'),(133,NULL,NULL,NULL,'Not Specified','2003999'),(134,NULL,NULL,NULL,'Toxic','2004000'),(135,NULL,NULL,NULL,'Carcinogen','2004000'),(136,NULL,NULL,NULL,'Infectious','2004000'),(137,NULL,NULL,NULL,'Radioactive','2004000'),(138,NULL,NULL,NULL,'Not Specified','2004000'),(139,NULL,NULL,NULL,'Mutagen','2004000'),(140,NULL,NULL,NULL,'Fair- Definable Tissue Architecture','Hist_Quality'),(141,NULL,NULL,NULL,'Not Specified','Hist_Quality'),(142,NULL,NULL,NULL,'Good- Definable Cellular Detail','Hist_Quality'),(143,NULL,NULL,NULL,'Excellent- Definable Nuclear Detail','Hist_Quality'),(144,NULL,NULL,NULL,'Poor- No Definable Features','Hist_Quality'),(145,NULL,NULL,NULL,'Laboratory','Site_Type_PID'),(146,NULL,NULL,NULL,'Repository','Site_Type_PID'),(147,NULL,NULL,NULL,'Not Specified','Site_Type_PID'),(148,NULL,NULL,NULL,'Collection Site','Site_Type_PID'),(149,NULL,NULL,NULL,'DIGESTIVE ORGANS','Tissue_Site_PID'),(150,NULL,NULL,149,'RECTUM',NULL),(151,NULL,NULL,150,'Rectum, NOS',NULL),(152,NULL,NULL,149,'ESOPHAGUS',NULL),(153,NULL,NULL,152,'Esophagus, NOS',NULL),(154,NULL,NULL,152,'Middle third of esophagus',NULL),(155,NULL,NULL,152,'Lower third of esophagus',NULL),(156,NULL,NULL,152,'Abdominal esophagus',NULL),(157,NULL,NULL,152,'Upper third of esophagus',NULL),(158,NULL,NULL,152,'Thoracic esophagus',NULL),(159,NULL,NULL,152,'Cervical esophagus',NULL),(160,NULL,NULL,152,'Overlapping lesion of esophagus',NULL),(161,NULL,NULL,149,'COLON',NULL),(162,NULL,NULL,161,'Hepatic flexure of colon',NULL),(163,NULL,NULL,161,'Colon, NOS',NULL),(164,NULL,NULL,161,'Descending colon',NULL),(165,NULL,NULL,161,'Cecum',NULL),(166,NULL,NULL,161,'Sigmoid colon',NULL),(167,NULL,NULL,161,'Splenic flexure of colon',NULL),(168,NULL,NULL,161,'Ascending colon',NULL),(169,NULL,NULL,161,'Transverse colon',NULL),(170,NULL,NULL,161,'Overlapping lesion of colon',NULL),(171,NULL,NULL,161,'Appendix',NULL),(172,NULL,NULL,149,'GALLBLADDER',NULL),(173,NULL,NULL,172,'Gallbladder',NULL),(174,NULL,NULL,149,'OTHER AND UNSPECIFIED PARTS OF BILIARY TRACT',NULL),(175,NULL,NULL,174,'Ampulla of Vater',NULL),(176,NULL,NULL,174,'Biliary tract, NOS',NULL),(177,NULL,NULL,174,'Overlapping lesion of biliary tract',NULL),(178,NULL,NULL,174,'Extrahepatic bile duct',NULL),(179,NULL,NULL,149,'LIVER AND INTRAHEPATIC BILE DUCTS',NULL),(180,NULL,NULL,179,'Intrahepatic bile duct',NULL),(181,NULL,NULL,179,'Liver',NULL),(182,NULL,NULL,149,'RECTOSIGMOID JUNCTION',NULL),(183,NULL,NULL,182,'Rectosigmoid junction',NULL),(184,NULL,NULL,149,'PANCREAS',NULL),(185,NULL,NULL,184,'Pancreatic duct',NULL),(186,NULL,NULL,184,'Tail of pancreas',NULL),(187,NULL,NULL,184,'Pancreas, NOS',NULL),(188,NULL,NULL,184,'Other specified parts of pancreas',NULL),(189,NULL,NULL,184,'Islets of Langerhans',NULL),(190,NULL,NULL,184,'Overlapping lesion of pancreas',NULL),(191,NULL,NULL,184,'Body of pancreas',NULL),(192,NULL,NULL,184,'Head of pancreas',NULL),(193,NULL,NULL,149,'OTHER AND ILL-DEFINED DIGESTIVE ORGANS',NULL),(194,NULL,NULL,193,'Gastrointestinal tract, NOS',NULL),(195,NULL,NULL,193,'Overlapping lesion of digestive system',NULL),(196,NULL,NULL,193,'Intestinal tract, NOS',NULL),(197,NULL,NULL,149,'SMALL INTESTINE',NULL),(198,NULL,NULL,197,'Small intestine, NOS',NULL),(199,NULL,NULL,197,'Duodenum',NULL),(200,NULL,NULL,197,'Meckel\'s diverticulum',NULL),(201,NULL,NULL,197,'Jejunum',NULL),(202,NULL,NULL,197,'Overlapping lesion of small intestine',NULL),(203,NULL,NULL,197,'Ileum',NULL),(204,NULL,NULL,149,'ANUS AND ANAL CANAL',NULL),(205,NULL,NULL,204,'Anus, NOS',NULL),(206,NULL,NULL,204,'Anal canal',NULL),(207,NULL,NULL,204,'Cloacogenic zone',NULL),(208,NULL,NULL,204,'Overlapping lesion of rectum, anus and anal canal',NULL),(209,NULL,NULL,149,'STOMACH',NULL),(210,NULL,NULL,209,'Stomach, NOS',NULL),(211,NULL,NULL,209,'Greater curvature of stomach, NOS',NULL),(212,NULL,NULL,209,'Fundus of stomach',NULL),(213,NULL,NULL,209,'Pylorus',NULL),(214,NULL,NULL,209,'Cardia, NOS',NULL),(215,NULL,NULL,209,'Overlapping lesion of stomach',NULL),(216,NULL,NULL,209,'Lesser curvature of stomach, NOS',NULL),(217,NULL,NULL,209,'Gastric antrum',NULL),(218,NULL,NULL,209,'Body of stomach',NULL),(219,NULL,NULL,NULL,'SKIN','Tissue_Site_PID'),(220,NULL,NULL,219,'Skin of other and unspecified parts of face',NULL),(221,NULL,NULL,219,'Skin, NOS',NULL),(222,NULL,NULL,219,'Skin of upper limb and shoulder',NULL),(223,NULL,NULL,219,'Overlapping lesion of skin',NULL),(224,NULL,NULL,219,'Skin of lower limb and hip',NULL),(225,NULL,NULL,219,'External ear',NULL),(226,NULL,NULL,219,'Eyelid',NULL),(227,NULL,NULL,219,'Skin of lip, NOS',NULL),(228,NULL,NULL,219,'Skin of trunk',NULL),(229,NULL,NULL,219,'Skin of scalp and neck',NULL),(230,NULL,NULL,NULL,'MALE GENITAL ORGANS','Tissue_Site_PID'),(231,NULL,NULL,230,'OTHER AND UNSPECIFIED MALE GENITAL ORGANS',NULL),(232,NULL,NULL,231,'Scrotum, NOS',NULL),(233,NULL,NULL,231,'Male genital organs, NOS',NULL),(234,NULL,NULL,231,'Overlapping lesion of male genital organs',NULL),(235,NULL,NULL,231,'Epididymis',NULL),(236,NULL,NULL,231,'Spermatic cord',NULL),(237,NULL,NULL,231,'Other specified parts of male genital organs',NULL),(238,NULL,NULL,230,'TESTIS',NULL),(239,NULL,NULL,238,'Testis, NOS',NULL),(240,NULL,NULL,238,'Undescended testis',NULL),(241,NULL,NULL,238,'Descended testis',NULL),(242,NULL,NULL,230,'PROSTATE GLAND',NULL),(243,NULL,NULL,242,'Prostate gland',NULL),(244,NULL,NULL,230,'PENIS',NULL),(245,NULL,NULL,244,'Body of penis',NULL),(246,NULL,NULL,244,'Penis, NOS',NULL),(247,NULL,NULL,244,'Prepuce',NULL),(248,NULL,NULL,244,'Glans penis',NULL),(249,NULL,NULL,244,'Overlapping lesion of penis',NULL),(250,NULL,NULL,NULL,'UNKNOWN PRIMARY SITE','Tissue_Site_PID'),(252,NULL,NULL,NULL,'PERIPHERAL NERVES AND AUTONOMIC NERVOUS SYSTEM','Tissue_Site_PID'),(253,NULL,NULL,252,'Peripheral nerves and Autonomic nervous system of upper limb and shoulder',NULL),(254,NULL,NULL,252,'Autonomic nervous system, NOS',NULL),(255,NULL,NULL,252,'Overlapping lesion of peripheral nerves and autonomic nervous system',NULL),(256,NULL,NULL,252,'Peripheral nerves and Autonomic nervous system of thorax',NULL),(257,NULL,NULL,252,'Peripheral nerves and Autonomic nervous system of trunk, NOS',NULL),(258,NULL,NULL,252,'Peripheral nerves and Autonomic nervous system of lower limb and hip',NULL),(259,NULL,NULL,252,'Peripheral nerves and Autonomic nervous system of head, face, and neck',NULL),(260,NULL,NULL,252,'Peripheral nerves and Autonomic nervous system of abdomen',NULL),(261,NULL,NULL,252,'Peripheral nerves and Autonomic nervous system of pelvis',NULL),(262,NULL,NULL,NULL,'FEMALE GENITAL ORGANS','Tissue_Site_PID'),(263,NULL,NULL,262,'CORPUS UTERI',NULL),(264,NULL,NULL,263,'Corpus uteri',NULL),(265,NULL,NULL,263,'Overlapping lesion of corpus uteri',NULL),(266,NULL,NULL,263,'Myometrium',NULL),(267,NULL,NULL,263,'Endometrium',NULL),(268,NULL,NULL,263,'Fundus uteri',NULL),(269,NULL,NULL,263,'Isthmus uteri',NULL),(270,NULL,NULL,262,'VULVA',NULL),(271,NULL,NULL,270,'Labium majus',NULL),(272,NULL,NULL,270,'Overlapping lesion of vulva',NULL),(273,NULL,NULL,270,'Labium minus',NULL),(274,NULL,NULL,270,'Clitoris',NULL),(275,NULL,NULL,270,'Vulva, NOS',NULL),(276,NULL,NULL,262,'OVARY',NULL),(277,NULL,NULL,276,'Ovary',NULL),(278,NULL,NULL,262,'UTERUS, NOS',NULL),(279,NULL,NULL,278,'Uterus, NOS',NULL),(280,NULL,NULL,262,'CERVIX UTERI',NULL),(281,NULL,NULL,280,'Exocervix',NULL),(282,NULL,NULL,280,'Endocervix',NULL),(283,NULL,NULL,280,'Cervix uteri',NULL),(284,NULL,NULL,280,'Overlapping lesion of cervix uteri',NULL),(285,NULL,NULL,262,'OTHER AND UNSPECIFIED FEMALE GENITAL ORGANS',NULL),(286,NULL,NULL,285,'Overlapping lesion of female genital organs',NULL),(287,NULL,NULL,285,'Fallopian tube',NULL),(288,NULL,NULL,285,'Broad ligament',NULL),(289,NULL,NULL,285,'Parametrium',NULL),(290,NULL,NULL,285,'Round ligament',NULL),(291,NULL,NULL,285,'Uterine adnexa',NULL),(292,NULL,NULL,285,'Female genital tract, NOS',NULL),(293,NULL,NULL,285,'Other specified parts of female genital organs',NULL),(294,NULL,NULL,262,'VAGINA',NULL),(295,NULL,NULL,294,'Vagina, NOS',NULL),(296,NULL,NULL,262,'PLACENTA',NULL),(297,NULL,NULL,296,'Placenta',NULL),(298,NULL,NULL,NULL,'OTHER AND ILL-DEFINED SITES','Tissue_Site_PID'),(299,NULL,NULL,298,'Overlapping lesion of ill-defined sites',NULL),(300,NULL,NULL,298,'Other ill-defined sites',NULL),(301,NULL,NULL,298,'Lower limb, NOS',NULL),(302,NULL,NULL,298,'Head, face or neck, NOS',NULL),(303,NULL,NULL,298,'Abdomen, NOS',NULL),(304,NULL,NULL,298,'Upper limb, NOS',NULL),(305,NULL,NULL,298,'Pelvis, NOS',NULL),(306,NULL,NULL,298,'Thorax, NOS',NULL),(307,NULL,NULL,NULL,'HEMATOPOIETIC AND RETICULOENDOTHELIAL SYSTEMS','Tissue_Site_PID'),(308,NULL,NULL,307,'Spleen',NULL),(309,NULL,NULL,307,'Bone marrow',NULL),(310,NULL,NULL,307,'Blood',NULL),(311,NULL,NULL,307,'Reticuloendothelial system, NOS',NULL),(312,NULL,NULL,307,'Hematopoietic system, NOS',NULL),(313,NULL,NULL,NULL,'RETROPERITONEUM AND PERITONEUM','Tissue_Site_PID'),(314,NULL,NULL,313,'Specified parts of peritoneum',NULL),(315,NULL,NULL,313,'Retroperitoneum',NULL),(316,NULL,NULL,313,'Peritoneum, NOS',NULL),(317,NULL,NULL,313,'Overlapping lesion of retroperitoneum and peritoneum',NULL),(318,NULL,NULL,NULL,'RESPIRATORY SYSTEM AND INTRATHORACIC ORGANS','Tissue_Site_PID'),(319,NULL,NULL,318,'TRACHEA',NULL),(320,NULL,NULL,319,'Trachea',NULL),(321,NULL,NULL,318,'ACCESSORY SINUSES',NULL),(322,NULL,NULL,321,'Maxillary sinus',NULL),(323,NULL,NULL,321,'Accessory sinus, NOS',NULL),(324,NULL,NULL,321,'Overlapping lesion of accessory sinuses',NULL),(325,NULL,NULL,321,'Frontal sinus',NULL),(326,NULL,NULL,321,'Ethmoid sinus',NULL),(327,NULL,NULL,321,'Sphenoid sinus',NULL),(328,NULL,NULL,318,'LARYNX',NULL),(329,NULL,NULL,328,'Overlapping lesion of larynx',NULL),(330,NULL,NULL,328,'Subglottis',NULL),(331,NULL,NULL,328,'Larynx, NOS',NULL),(332,NULL,NULL,328,'Glottis',NULL),(333,NULL,NULL,328,'Supraglottis',NULL),(334,NULL,NULL,328,'Laryngeal cartilage',NULL),(335,NULL,NULL,318,'NASAL CAVITY AND MIDDLE EAR',NULL),(336,NULL,NULL,335,'Middle ear',NULL),(337,NULL,NULL,335,'Nasal cavity',NULL),(338,NULL,NULL,318,'HEART, MEDIASTINUM, AND PLEURA',NULL),(339,NULL,NULL,338,'Pleura, NOS',NULL),(340,NULL,NULL,338,'Anterior mediastinum',NULL),(341,NULL,NULL,338,'Heart',NULL),(342,NULL,NULL,338,'Posterior mediastinum',NULL),(343,NULL,NULL,338,'Overlapping lesion of heart, mediastinum and pleura',NULL),(344,NULL,NULL,338,'Mediastinum, NOS',NULL),(345,NULL,NULL,318,'BRONCHUS AND LUNG',NULL),(346,NULL,NULL,345,'Lower lobe, lung',NULL),(347,NULL,NULL,345,'Main bronchus',NULL),(348,NULL,NULL,345,'Middle lobe, lung',NULL),(349,NULL,NULL,345,'Upper lobe, lung',NULL),(350,NULL,NULL,345,'Lung, NOS',NULL),(351,NULL,NULL,345,'Overlapping lesion of lung',NULL),(352,NULL,NULL,318,'THYMUS',NULL),(353,NULL,NULL,352,'Thymus',NULL),(354,NULL,NULL,318,'OTHER AND ILL-DEFINED SITES WITHIN RESPIRATORY SYSTEM AND INTRATHORACIC ORGANS',NULL),(355,NULL,NULL,354,'Overlapping lesion of respiratory system and intrathoracic organs',NULL),(356,NULL,NULL,354,'Ill-defined sites within respiratory system',NULL),(357,NULL,NULL,354,'Upper respiratory tract, NOS',NULL),(358,NULL,NULL,NULL,'BONES, JOINTS AND ARTICULAR CARTILAGE','Tissue_Site_PID'),(359,NULL,NULL,358,'BONES, JOINTS AND ARTICULAR CARTILAGE OF LIMBS',NULL),(360,NULL,NULL,359,'Long bones of upper limb, scapula and associated joints',NULL),(361,NULL,NULL,359,'Short bones of upper limb and associated joints',NULL),(362,NULL,NULL,359,'Bone of limb, NOS',NULL),(363,NULL,NULL,359,'Short bones of lower limb and associated joints',NULL),(364,NULL,NULL,359,'Long bones of lower limb and associated joints',NULL),(365,NULL,NULL,359,'Overlapping lesion of bones, joints and articular cartilage of limbs',NULL),(366,NULL,NULL,358,'BONES, JOINTS AND ARTICULAR CARTILAGE OF OTHER AND UNSPECIFIED SITES',NULL),(367,NULL,NULL,366,'Bones of skull and face and associated joints',NULL),(368,NULL,NULL,366,'Pelvic bones, Sacrum, Coccyx and associated joints',NULL),(369,NULL,NULL,366,'Mandible',NULL),(370,NULL,NULL,366,'Rib, Sternum, Clavicle and associated joints',NULL),(371,NULL,NULL,366,'Overlapping lesion of bones, joints and articular cartilage',NULL),(372,NULL,NULL,366,'Bone, NOS',NULL),(373,NULL,NULL,366,'Vertebral column',NULL),(374,NULL,NULL,NULL,'THYROID AND OTHER ENDOCRINE GLANDS','Tissue_Site_PID'),(375,NULL,NULL,374,'OTHER ENDOCRINE GLANDS AND RELATED STRUCTURES',NULL),(376,NULL,NULL,375,'Aortic body and other paraganglia',NULL),(377,NULL,NULL,375,'Pineal gland',NULL),(378,NULL,NULL,375,'Pituitary gland',NULL),(379,NULL,NULL,375,'Endocrine gland, NOS',NULL),(380,NULL,NULL,375,'Parathyroid gland',NULL),(381,NULL,NULL,375,'Craniopharyngeal duct',NULL),(382,NULL,NULL,375,'Overlapping lesion of endocrine glands and related structures',NULL),(383,NULL,NULL,375,'Carotid body',NULL),(384,NULL,NULL,374,'ADRENAL GLAND',NULL),(385,NULL,NULL,384,'Medulla of adrenal gland',NULL),(386,NULL,NULL,384,'Adrenal gland, NOS',NULL),(387,NULL,NULL,384,'Cortex of adrenal gland',NULL),(388,NULL,NULL,374,'THYROID GLAND',NULL),(389,NULL,NULL,388,'Thyroid gland',NULL),(390,NULL,NULL,NULL,'MENINGES','Tissue_Site_PID'),(391,NULL,NULL,390,'Cerebral meninges',NULL),(392,NULL,NULL,390,'Spinal meninges',NULL),(393,NULL,NULL,390,'Meninges, NOS',NULL),(394,NULL,NULL,NULL,'CONNECTIVE, SUBCUTANEOUS AND OTHER SOFT TISSUES','Tissue_Site_PID'),(395,NULL,NULL,394,'Connective, Subcutaneous and other Soft tissues of thorax',NULL),(396,NULL,NULL,394,'Connective, Subcutaneous and other Soft tissues of upper limb and shoulder',NULL),(397,NULL,NULL,394,'Connective, Subcutaneous and other Soft tissues, NOS',NULL),(398,NULL,NULL,394,'Connective, Subcutaneous and other Soft tissues of lower limb and hip',NULL),(399,NULL,NULL,394,'Connective, Subcutaneous and other Soft tissues of trunk, NOS',NULL),(400,NULL,NULL,394,'Connective, Subcutaneous and other Soft tissues of abdomen',NULL),(401,NULL,NULL,394,'Connective, Subcutaneous and other Soft tissues of head, face, and neck',NULL),(402,NULL,NULL,394,'Overlapping lesion of connective, subcutaneous and other soft tissues',NULL),(403,NULL,NULL,394,'Connective, Subcutaneous and other Soft tissues of pelvis',NULL),(404,NULL,NULL,NULL,'BREAST','Tissue_Site_PID'),(405,NULL,NULL,404,'Upper-outer quadrant of breast',NULL),(406,NULL,NULL,404,'Central portion of breast',NULL),(407,NULL,NULL,404,'Axillary tail of breast',NULL),(408,NULL,NULL,404,'Lower-outer quadrant of breast',NULL),(409,NULL,NULL,404,'Breast, NOS',NULL),(410,NULL,NULL,404,'Overlapping lesion of breast',NULL),(411,NULL,NULL,404,'Lower-inner quadrant of breast',NULL),(412,NULL,NULL,404,'Upper-inner quadrant of breast',NULL),(413,NULL,NULL,404,'Nipple',NULL),(414,NULL,NULL,NULL,'LIP, ORAL CAVITY AND PHARYNX','Tissue_Site_PID'),(415,NULL,NULL,414,'OTHER AND ILL-DEFINED SITES IN LIP, ORAL CAVITY AND PHARYNX',NULL),(416,NULL,NULL,415,'Waldeyer\'s ring',NULL),(417,NULL,NULL,415,'Laryngopharynx',NULL),(418,NULL,NULL,415,'Pharynx, NOS',NULL),(419,NULL,NULL,415,'Overlapping lesion of lip, oral cavity and pharynx',NULL),(420,NULL,NULL,414,'TONSIL',NULL),(421,NULL,NULL,420,'Tonsil, NOS',NULL),(422,NULL,NULL,420,'Tonsillar pillar',NULL),(423,NULL,NULL,420,'Overlapping lesion of tonsil',NULL),(424,NULL,NULL,420,'Tonsillar fossa',NULL),(425,NULL,NULL,414,'PYRIFORM SINUS',NULL),(426,NULL,NULL,425,'Pyriform sinus',NULL),(427,NULL,NULL,414,'GUM',NULL),(428,NULL,NULL,427,'Gum, NOS',NULL),(429,NULL,NULL,427,'Upper gum',NULL),(430,NULL,NULL,427,'Lower gum',NULL),(431,NULL,NULL,414,'OTHER AND UNSPECIFIED PARTS OF TONGUE',NULL),(432,NULL,NULL,431,'Dorsal surface of tongue, NOS',NULL),(433,NULL,NULL,431,'Ventral surface of tongue, NOS',NULL),(434,NULL,NULL,431,'Overlapping lesion of tongue',NULL),(435,NULL,NULL,431,'Tongue, NOS',NULL),(436,NULL,NULL,431,'Border of tongue',NULL),(437,NULL,NULL,431,'Lingual tonsil',NULL),(438,NULL,NULL,431,'Anterior 2/3 of tongue, NOS',NULL),(439,NULL,NULL,414,'PALATE',NULL),(440,NULL,NULL,439,'Palate, NOS',NULL),(441,NULL,NULL,439,'Overlapping lesion of palate',NULL),(442,NULL,NULL,439,'Soft palate, NOS',NULL),(443,NULL,NULL,439,'Uvula',NULL),(444,NULL,NULL,439,'Hard palate',NULL),(445,NULL,NULL,414,'OTHER AND UNSPECIFIED MAJOR SALIVARY GLANDS',NULL),(446,NULL,NULL,445,'Submandibular gland',NULL),(447,NULL,NULL,445,'Overlapping lesion of major salivary glands',NULL),(448,NULL,NULL,445,'Major salivary gland, NOS',NULL),(449,NULL,NULL,445,'Sublingual gland',NULL),(450,NULL,NULL,414,'HYPOPHARYNX',NULL),(451,NULL,NULL,450,'Overlapping lesion of hypopharynx',NULL),(452,NULL,NULL,450,'Posterior wall of hypopharynx',NULL),(453,NULL,NULL,450,'Hypopharynx, NOS',NULL),(454,NULL,NULL,450,'Postcricoid region',NULL),(455,NULL,NULL,450,'Hypopharyngeal aspect of aryepiglottic fold',NULL),(456,NULL,NULL,414,'OROPHARYNX',NULL),(457,NULL,NULL,456,'Overlapping lesion of oropharynx',NULL),(458,NULL,NULL,456,'Branchial cleft',NULL),(459,NULL,NULL,456,'Posterior wall of oropharynx',NULL),(460,NULL,NULL,456,'Anterior surface of epiglottis',NULL),(461,NULL,NULL,456,'Oropharynx, NOS',NULL),(462,NULL,NULL,456,'Vallecula',NULL),(463,NULL,NULL,456,'Lateral wall of oropharynx',NULL),(464,NULL,NULL,414,'LIP',NULL),(465,NULL,NULL,464,'Lip, NOS',NULL),(466,NULL,NULL,464,'Mucosa of upper lip',NULL),(467,NULL,NULL,464,'Mucosa of lower lip',NULL),(468,NULL,NULL,464,'Commissure of lip',NULL),(469,NULL,NULL,464,'External upper lip',NULL),(470,NULL,NULL,464,'Mucosa of lip, NOS',NULL),(471,NULL,NULL,464,'Overlapping lesion of lip',NULL),(472,NULL,NULL,464,'External lip, NOS',NULL),(473,NULL,NULL,464,'External lower lip',NULL),(474,NULL,NULL,414,'PAROTID GLAND',NULL),(475,NULL,NULL,474,'Parotid gland',NULL),(476,NULL,NULL,414,'BASE OF TONGUE',NULL),(477,NULL,NULL,476,'Base of tongue, NOS',NULL),(478,NULL,NULL,414,'FLOOR OF MOUTH',NULL),(479,NULL,NULL,478,'Lateral floor of mouth',NULL),(480,NULL,NULL,478,'Anterior floor of mouth',NULL),(481,NULL,NULL,478,'Overlapping lesion of floor of mouth',NULL),(482,NULL,NULL,478,'Floor of mouth, NOS',NULL),(483,NULL,NULL,414,'NASOPHARYNX',NULL),(484,NULL,NULL,483,'Posterior wall of nasopharynx',NULL),(485,NULL,NULL,483,'Superior wall of nasopharynx',NULL),(486,NULL,NULL,483,'Nasopharynx, NOS',NULL),(487,NULL,NULL,483,'Lateral wall of nasopharynx',NULL),(488,NULL,NULL,483,'Overlapping lesion of nasopharynx',NULL),(489,NULL,NULL,483,'Anterior wall of nasopharynx',NULL),(490,NULL,NULL,414,'OTHER AND UNSPECIFIED PARTS OF MOUTH',NULL),(491,NULL,NULL,490,'Vestibule of mouth',NULL),(492,NULL,NULL,490,'Retromolar area',NULL),(493,NULL,NULL,490,'Cheek mucosa',NULL),(494,NULL,NULL,490,'Mouth, NOS',NULL),(495,NULL,NULL,490,'Overlapping lesion of other and unspecified parts of mouth',NULL),(496,NULL,NULL,NULL,'LYMPH NODES','Tissue_Site_PID'),(497,NULL,NULL,496,'Lymph nodes of head, face and neck',NULL),(498,NULL,NULL,496,'Lymph nodes of axilla or arm',NULL),(499,NULL,NULL,496,'Intrathoracic lymph nodes',NULL),(500,NULL,NULL,496,'Lymph nodes of inguinal region or leg',NULL),(501,NULL,NULL,496,'Pelvic lymph nodes',NULL),(502,NULL,NULL,496,'Lymph node, NOS',NULL),(503,NULL,NULL,496,'Lymph nodes of multiple regions',NULL),(504,NULL,NULL,496,'Intra-abdominal lymph nodes',NULL),(505,NULL,NULL,NULL,'URINARY TRACT','Tissue_Site_PID'),(506,NULL,NULL,505,'URETER',NULL),(507,NULL,NULL,506,'Ureter',NULL),(508,NULL,NULL,505,'RENAL PELVIS',NULL),(509,NULL,NULL,508,'Renal pelvis',NULL),(510,NULL,NULL,505,'KIDNEY',NULL),(511,NULL,NULL,510,'Kidney, NOS',NULL),(512,NULL,NULL,505,'OTHER AND UNSPECIFIED URINARY ORGANS',NULL),(513,NULL,NULL,512,'Urinary system, NOS',NULL),(514,NULL,NULL,512,'Overlapping lesion of urinary organs',NULL),(515,NULL,NULL,512,'Paraurethral gland',NULL),(516,NULL,NULL,512,'Urethra',NULL),(517,NULL,NULL,505,'BLADDER',NULL),(518,NULL,NULL,517,'Lateral wall of bladder',NULL),(519,NULL,NULL,517,'Bladder, NOS',NULL),(520,NULL,NULL,517,'Dome of bladder',NULL),(521,NULL,NULL,517,'Anterior wall of bladder',NULL),(522,NULL,NULL,517,'Ureteric orifice',NULL),(523,NULL,NULL,517,'Posterior wall of bladder',NULL),(524,NULL,NULL,517,'Overlapping lesion of bladder',NULL),(525,NULL,NULL,517,'Bladder neck',NULL),(526,NULL,NULL,517,'Trigone of bladder',NULL),(527,NULL,NULL,517,'Urachus',NULL),(528,NULL,NULL,NULL,'BRAIN','Tissue_Site_PID'),(529,NULL,NULL,528,'Brain, NOS',NULL),(530,NULL,NULL,528,'Brain stem',NULL),(531,NULL,NULL,528,'Occipital lobe',NULL),(532,NULL,NULL,528,'Cerebrum',NULL),(533,NULL,NULL,528,'Parietal lobe',NULL),(534,NULL,NULL,528,'Cerebellum, NOS',NULL),(535,NULL,NULL,528,'Ventricle, NOS',NULL),(536,NULL,NULL,528,'Frontal lobe',NULL),(537,NULL,NULL,528,'Overlapping lesion of brain',NULL),(538,NULL,NULL,528,'Temporal lobe',NULL),(539,NULL,NULL,NULL,'SPINAL CORD, CRANIAL NERVES, AND OTHER PARTS OF CENTRAL NERVOUS SYSTEM','Tissue_Site_PID'),(540,NULL,NULL,539,'Nervous system, NOS',NULL),(541,NULL,NULL,539,'Acoustic nerve',NULL),(542,NULL,NULL,539,'Cranial nerve, NOS',NULL),(543,NULL,NULL,539,'Cauda equina',NULL),(544,NULL,NULL,539,'Spinal cord',NULL),(545,NULL,NULL,539,'Optic nerve',NULL),(546,NULL,NULL,539,'Olfactory nerve',NULL),(547,NULL,NULL,539,'Overlapping lesion of brain and central nervous system',NULL),(548,NULL,NULL,NULL,'EYE, BRAIN AND OTHER PARTS OF CENTRAL NERVOUS SYSTEM','Tissue_Site_PID'),(549,NULL,NULL,548,'Conjunctiva',NULL),(550,NULL,NULL,548,'Eye, NOS',NULL),(551,NULL,NULL,548,'Overlapping lesion of eye and adnexa',NULL),(552,NULL,NULL,548,'Choroid',NULL),(553,NULL,NULL,548,'Retina',NULL),(554,NULL,NULL,548,'Cornea, NOS',NULL),(555,NULL,NULL,548,'Ciliary body',NULL),(556,NULL,NULL,548,'Lacrimal gland',NULL),(557,NULL,NULL,548,'EYE AND ADNEXA',NULL),(558,NULL,NULL,548,'Orbit, NOS',NULL),(559,NULL,NULL,NULL,'Not Hispanic or Latino','Ethnicity_PID'),(560,NULL,NULL,NULL,'Hispanic or Latino','Ethnicity_PID'),(561,NULL,NULL,NULL,'Not Reported','Ethnicity_PID'),(562,NULL,NULL,NULL,'Unknown','Ethnicity_PID'),(602,NULL,NULL,NULL,'Black or African American','Race_PID'),(603,NULL,NULL,NULL,'Not Reported','Race_PID'),(604,NULL,NULL,NULL,'Unknown','Race_PID'),(622,NULL,NULL,NULL,'Asian','Race_PID'),(647,NULL,NULL,NULL,'American Indian or Alaska Native','Race_PID'),(1475,NULL,NULL,NULL,'White','Race_PID'),(1496,NULL,NULL,NULL,'Native Hawaiian or Other Pacific Islander','Race_PID'),(1523,NULL,NULL,NULL,'Tunisia','2004100'),(1524,NULL,NULL,NULL,'Kuwait','2004100'),(1525,NULL,NULL,NULL,'Iran','2004100'),(1526,NULL,NULL,NULL,'United Kingdom','2004100'),(1527,NULL,NULL,NULL,'Romania','2004100'),(1528,NULL,NULL,NULL,'Slovakia','2004100'),(1529,NULL,NULL,NULL,'Turks and Caicos Islands','2004100'),(1530,NULL,NULL,NULL,'Western Sahara','2004100'),(1531,NULL,NULL,NULL,'Haiti','2004100'),(1532,NULL,NULL,NULL,'Seychelles','2004100'),(1533,NULL,NULL,NULL,'Saint Lucia','2004100'),(1534,NULL,NULL,NULL,'Mauritania','2004100'),(1535,NULL,NULL,NULL,'Gabon','2004100'),(1536,NULL,NULL,NULL,'Tuvalu','2004100'),(1537,NULL,NULL,NULL,'Norfolk Island','2004100'),(1538,NULL,NULL,NULL,'Lebanon','2004100'),(1539,NULL,NULL,NULL,'Saint Helena','2004100'),(1540,NULL,NULL,NULL,'Papua New Guinea','2004100'),(1541,NULL,NULL,NULL,'Reunion','2004100'),(1542,NULL,NULL,NULL,'Christmas Island','2004100'),(1543,NULL,NULL,NULL,'Vietnam','2004100'),(1544,NULL,NULL,NULL,'Gibraltar','2004100'),(1545,NULL,NULL,NULL,'Switzerland','2004100'),(1546,NULL,NULL,NULL,'Zambia','2004100'),(1547,NULL,NULL,NULL,'Singapore','2004100'),(1548,NULL,NULL,NULL,'Macau','2004100'),(1549,NULL,NULL,NULL,'Somalia','2004100'),(1550,NULL,NULL,NULL,'American Samoa','2004100'),(1551,NULL,NULL,NULL,'Chile','2004100'),(1552,NULL,NULL,NULL,'Nauru','2004100'),(1553,NULL,NULL,NULL,'Guyana','2004100'),(1554,NULL,NULL,NULL,'Fiji','2004100'),(1555,NULL,NULL,NULL,'Congo','2004100'),(1556,NULL,NULL,NULL,'Croatia','2004100'),(1557,NULL,NULL,NULL,'Guinea-Bissau','2004100'),(1558,NULL,NULL,NULL,'Australia','2004100'),(1559,NULL,NULL,NULL,'Swaziland','2004100'),(1560,NULL,NULL,NULL,'Czech Republic','2004100'),(1561,NULL,NULL,NULL,'Cocos Islands','2004100'),(1562,NULL,NULL,NULL,'New Caledonia','2004100'),(1563,NULL,NULL,NULL,'Malawi','2004100'),(1564,NULL,NULL,NULL,'Dominica','2004100'),(1565,NULL,NULL,NULL,'Ethiopia','2004100'),(1566,NULL,NULL,NULL,'Belarus','2004100'),(1567,NULL,NULL,NULL,'Saint Pierre','2004100'),(1568,NULL,NULL,NULL,'Mozambique','2004100'),(1569,NULL,NULL,NULL,'Belgium','2004100'),(1570,NULL,NULL,NULL,'Liechtenstein','2004100'),(1571,NULL,NULL,NULL,'South Africa','2004100'),(1572,NULL,NULL,NULL,'Barbados','2004100'),(1573,NULL,NULL,NULL,'San Marino','2004100'),(1574,NULL,NULL,NULL,'Colombia','2004100'),(1575,NULL,NULL,NULL,'Palau','2004100'),(1576,NULL,NULL,NULL,'Burkina Faso','2004100'),(1577,NULL,NULL,NULL,'Nigeria','2004100'),(1578,NULL,NULL,NULL,'Peru','2004100'),(1579,NULL,NULL,NULL,'Japan','2004100'),(1580,NULL,NULL,NULL,'Cambodia','2004100'),(1581,NULL,NULL,NULL,'Netherlands Antilles','2004100'),(1582,NULL,NULL,NULL,'Qatar','2004100'),(1583,NULL,NULL,NULL,'Trinidad and Tobago','2004100'),(1584,NULL,NULL,NULL,'Saudi Arabia','2004100'),(1585,NULL,NULL,NULL,'Venezuela','2004100'),(1586,NULL,NULL,NULL,'Pakistan','2004100'),(1587,NULL,NULL,NULL,'Egypt','2004100'),(1588,NULL,NULL,NULL,'Jordan','2004100'),(1589,NULL,NULL,NULL,'Zaire','2004100'),(1590,NULL,NULL,NULL,'Aruba','2004100'),(1591,NULL,NULL,NULL,'French Guiana','2004100'),(1592,NULL,NULL,NULL,'France','2004100'),(1593,NULL,NULL,NULL,'Niue','2004100'),(1594,NULL,NULL,NULL,'Guinea','2004100'),(1595,NULL,NULL,NULL,'Costa Rica','2004100'),(1596,NULL,NULL,NULL,'Guadeloupe','2004100'),(1597,NULL,NULL,NULL,'Tajikistan','2004100'),(1598,NULL,NULL,NULL,'Bosnia and Herzegovina','2004100'),(1599,NULL,NULL,NULL,'Cayman Islands','2004100'),(1600,NULL,NULL,NULL,'Macedonia','2004100'),(1601,NULL,NULL,NULL,'Cook Islands','2004100'),(1602,NULL,NULL,NULL,'Guatemala','2004100'),(1603,NULL,NULL,NULL,'Afghanistan','2004100'),(1604,NULL,NULL,NULL,'Netherlands','2004100'),(1605,NULL,NULL,NULL,'Bouvet Island','2004100'),(1606,NULL,NULL,NULL,'El Salvador','2004100'),(1607,NULL,NULL,NULL,'Sudan','2004100'),(1608,NULL,NULL,NULL,'Kiribati','2004100'),(1609,NULL,NULL,NULL,'Armenia','2004100'),(1610,NULL,NULL,NULL,'Rwanda','2004100'),(1611,NULL,NULL,NULL,'Kenya','2004100'),(1612,NULL,NULL,NULL,'Iceland','2004100'),(1613,NULL,NULL,NULL,'Hong Kong','2004100'),(1614,NULL,NULL,NULL,'Samoa','2004100'),(1615,NULL,NULL,NULL,'Turkey','2004100'),(1616,NULL,NULL,NULL,'Saint Vincent','2004100'),(1617,NULL,NULL,NULL,'Mauritius','2004100'),(1618,NULL,NULL,NULL,'Monaco','2004100'),(1619,NULL,NULL,NULL,'Faroe Islands','2004100'),(1620,NULL,NULL,NULL,'Kyrgyzstan','2004100'),(1621,NULL,NULL,NULL,'Indonesia','2004100'),(1622,NULL,NULL,NULL,'Namibia','2004100'),(1623,NULL,NULL,NULL,'Mongolia','2004100'),(1624,NULL,NULL,NULL,'Tanzania','2004100'),(1625,NULL,NULL,NULL,'Philippines','2004100'),(1626,NULL,NULL,NULL,'Azerbaijan','2004100'),(1627,NULL,NULL,NULL,'Martinique','2004100'),(1628,NULL,NULL,NULL,'Paraguay','2004100'),(1629,NULL,NULL,NULL,'Latvia','2004100'),(1630,NULL,NULL,NULL,'Turkmenistan','2004100'),(1631,NULL,NULL,NULL,'Norway','2004100'),(1632,NULL,NULL,NULL,'Angola','2004100'),(1633,NULL,NULL,NULL,'Nepal','2004100'),(1634,NULL,NULL,NULL,'Mexico','2004100'),(1635,NULL,NULL,NULL,'Finland','2004100'),(1636,NULL,NULL,NULL,'Senegal','2004100'),(1637,NULL,NULL,NULL,'Bhutan','2004100'),(1638,NULL,NULL,NULL,'Cape Verde','2004100'),(1639,NULL,NULL,NULL,'Marshall Islands','2004100'),(1640,NULL,NULL,NULL,'Grenada','2004100'),(1641,NULL,NULL,NULL,'Russian Federation','2004100'),(1642,NULL,NULL,NULL,'Myanmar','2004100'),(1643,NULL,NULL,NULL,'Algeria','2004100'),(1644,NULL,NULL,NULL,'Kazakhstan','2004100'),(1645,NULL,NULL,NULL,'Pitcairn','2004100'),(1646,NULL,NULL,NULL,'Bolivia','2004100'),(1647,NULL,NULL,NULL,'Mali','2004100'),(1648,NULL,NULL,NULL,'Belize','2004100'),(1649,NULL,NULL,NULL,'Micronesia','2004100'),(1650,NULL,NULL,NULL,'Taiwan','2004100'),(1651,NULL,NULL,NULL,'Israel','2004100'),(1652,NULL,NULL,NULL,'East Timor','2004100'),(1653,NULL,NULL,NULL,'Moldova','2004100'),(1654,NULL,NULL,NULL,'Puerto Rico','2004100'),(1655,NULL,NULL,NULL,'Vanuatu','2004100'),(1656,NULL,NULL,NULL,'Austria','2004100'),(1657,NULL,NULL,NULL,'Togo','2004100'),(1658,NULL,NULL,NULL,'Bermuda','2004100'),(1659,NULL,NULL,NULL,'Dominican Republic','2004100'),(1660,NULL,NULL,NULL,'Bulgaria','2004100'),(1661,NULL,NULL,NULL,'Virgin Islands','2004100'),(1662,NULL,NULL,NULL,'Antarctica','2004100'),(1663,NULL,NULL,NULL,'Cyprus','2004100'),(1664,NULL,NULL,NULL,'Cameroon','2004100'),(1665,NULL,NULL,NULL,'Malaysia','2004100'),(1666,NULL,NULL,NULL,'Solomon Islands','2004100'),(1667,NULL,NULL,NULL,'Nicaragua','2004100'),(1668,NULL,NULL,NULL,'Sierra Leone','2004100'),(1669,NULL,NULL,NULL,'Lesotho','2004100'),(1670,NULL,NULL,NULL,'Andorra','2004100'),(1671,NULL,NULL,NULL,'Greece','2004100'),(1672,NULL,NULL,NULL,'Central African Republic','2004100'),(1673,NULL,NULL,NULL,'Jamaica','2004100'),(1674,NULL,NULL,NULL,'Sao Tome and Principe','2004100'),(1675,NULL,NULL,NULL,'Bahamas','2004100'),(1676,NULL,NULL,NULL,'Ghana','2004100'),(1677,NULL,NULL,NULL,'Bangladesh','2004100'),(1678,NULL,NULL,NULL,'French S. Territories','2004100'),(1679,NULL,NULL,NULL,'Bahrain','2004100'),(1680,NULL,NULL,NULL,'Uganda','2004100'),(1681,NULL,NULL,NULL,'Montserrat','2004100'),(1682,NULL,NULL,NULL,'Luxembourg','2004100'),(1683,NULL,NULL,NULL,'Botswana','2004100'),(1684,NULL,NULL,NULL,'New Zealand','2004100'),(1685,NULL,NULL,NULL,'Germany','2004100'),(1686,NULL,NULL,NULL,'Portugal','2004100'),(1687,NULL,NULL,NULL,'Saint Kitts and Nevis','2004100'),(1688,NULL,NULL,NULL,'Ecuador','2004100'),(1689,NULL,NULL,NULL,'Greenland','2004100'),(1690,NULL,NULL,NULL,'United Arab Emirates','2004100'),(1691,NULL,NULL,NULL,'Tonga','2004100'),(1692,NULL,NULL,NULL,'India','2004100'),(1693,NULL,NULL,NULL,'Albania','2004100'),(1694,NULL,NULL,NULL,'Anguilla','2004100'),(1695,NULL,NULL,NULL,'Liberia','2004100'),(1696,NULL,NULL,NULL,'Maldives','2004100'),(1697,NULL,NULL,NULL,'Sweden','2004100'),(1698,NULL,NULL,NULL,'Uruguay','2004100'),(1699,NULL,NULL,NULL,'Vatican City State','2004100'),(1700,NULL,NULL,NULL,'Antigua and Barbuda','2004100'),(1701,NULL,NULL,NULL,'Thailand','2004100'),(1702,NULL,NULL,NULL,'Estonia','2004100'),(1703,NULL,NULL,NULL,'Tokelau','2004100'),(1704,NULL,NULL,NULL,'Ukraine','2004100'),(1705,NULL,NULL,NULL,'Laos','2004100'),(1706,NULL,NULL,NULL,'Chad','2004100'),(1707,NULL,NULL,NULL,'Syrian Arab Republic','2004100'),(1708,NULL,NULL,NULL,'Burundi','2004100'),(1709,NULL,NULL,NULL,'Uzbekistan','2004100'),(1710,NULL,NULL,NULL,'Yemen','2004100'),(1711,NULL,NULL,NULL,'Argentina','2004100'),(1712,NULL,NULL,NULL,'Hungary','2004100'),(1713,NULL,NULL,NULL,'Yugoslavia','2004100'),(1714,NULL,NULL,NULL,'Eritrea','2004100'),(1715,NULL,NULL,NULL,'Mayotte','2004100'),(1716,NULL,NULL,NULL,'Suriname','2004100'),(1717,NULL,NULL,NULL,'Ireland','2004100'),(1718,NULL,NULL,NULL,'Guam','2004100'),(1719,NULL,NULL,NULL,'Wallis And Futuna Islands','2004100'),(1720,NULL,NULL,NULL,'Morocco','2004100'),(1721,NULL,NULL,NULL,'Benin','2004100'),(1722,NULL,NULL,NULL,'Poland','2004100'),(1723,NULL,NULL,NULL,'Panama','2004100'),(1724,NULL,NULL,NULL,'Spain','2004100'),(1725,NULL,NULL,NULL,'French Polynesia','2004100'),(1726,NULL,NULL,NULL,'Korea','2004100'),(1727,NULL,NULL,NULL,'China','2004100'),(1728,NULL,NULL,NULL,'Iraq','2004100'),(1729,NULL,NULL,NULL,'Oman','2004100'),(1730,NULL,NULL,NULL,'Sri Lanka','2004100'),(1731,NULL,NULL,NULL,'Gambia','2004100'),(1732,NULL,NULL,NULL,'Brunei Darussalam','2004100'),(1733,NULL,NULL,NULL,'Cote D ivoire','2004100'),(1734,NULL,NULL,NULL,'Italy','2004100'),(1735,NULL,NULL,NULL,'Madagascar','2004100'),(1736,NULL,NULL,NULL,'Slovenia','2004100'),(1737,NULL,NULL,NULL,'Equatorial Guinea','2004100'),(1738,NULL,NULL,NULL,'Falkland Islands','2004100'),(1739,NULL,NULL,NULL,'Comoros','2004100'),(1740,NULL,NULL,NULL,'Honduras','2004100'),(1741,NULL,NULL,NULL,'Canada','2004100'),(1742,NULL,NULL,NULL,'United States','2004100'),(1743,NULL,NULL,NULL,'Brazil','2004100'),(1744,NULL,NULL,NULL,'Zimbabwe','2004100'),(1745,NULL,NULL,NULL,'Niger','2004100'),(1746,NULL,NULL,NULL,'Denmark','2004100'),(1747,NULL,NULL,NULL,'Georgia','2004100'),(1748,NULL,NULL,NULL,'Djibouti','2004100'),(1749,NULL,NULL,NULL,'Lithuania','2004100'),(1750,NULL,NULL,NULL,'Malta','2004100'),(1751,NULL,NULL,NULL,'New Mexico','2004200'),(1752,NULL,NULL,NULL,'Ohio','2004200'),(1753,NULL,NULL,NULL,'D.C.','2004200'),(1754,NULL,NULL,NULL,'Georgia','2004200'),(1755,NULL,NULL,NULL,'Idaho','2004200'),(1756,NULL,NULL,NULL,'Nebraska','2004200'),(1757,NULL,NULL,NULL,'Minnesota','2004200'),(1758,NULL,NULL,NULL,'Oklahoma','2004200'),(1759,NULL,NULL,NULL,'West Virginia','2004200'),(1760,NULL,NULL,NULL,'Maryland','2004200'),(1761,NULL,NULL,NULL,'Kansas','2004200'),(1762,NULL,NULL,NULL,'New Jersey','2004200'),(1763,NULL,NULL,NULL,'Vermont','2004200'),(1764,NULL,NULL,NULL,'Maine','2004200'),(1765,NULL,NULL,NULL,'Mississippi','2004200'),(1766,NULL,NULL,NULL,'Arkansas','2004200'),(1767,NULL,NULL,NULL,'Pennsylvania','2004200'),(1768,NULL,NULL,NULL,'Louisiana','2004200'),(1769,NULL,NULL,NULL,'Washington','2004200'),(1770,NULL,NULL,NULL,'Hawaii','2004200'),(1771,NULL,NULL,NULL,'Illinois','2004200'),(1772,NULL,NULL,NULL,'North Carolina','2004200'),(1773,NULL,NULL,NULL,'New Hampshire','2004200'),(1774,NULL,NULL,NULL,'Montana','2004200'),(1775,NULL,NULL,NULL,'Arizona','2004200'),(1776,NULL,NULL,NULL,'Connecticut','2004200'),(1777,NULL,NULL,NULL,'Other','2004200'),(1778,NULL,NULL,NULL,'Colorado','2004200'),(1779,NULL,NULL,NULL,'California','2004200'),(1780,NULL,NULL,NULL,'Florida','2004200'),(1781,NULL,NULL,NULL,'Virginia','2004200'),(1782,NULL,NULL,NULL,'Alaska','2004200'),(1783,NULL,NULL,NULL,'Wisconsin','2004200'),(1784,NULL,NULL,NULL,'Tennessee','2004200'),(1785,NULL,NULL,NULL,'Texas','2004200'),(1786,NULL,NULL,NULL,'Wyoming','2004200'),(1787,NULL,NULL,NULL,'Utah','2004200'),(1788,NULL,NULL,NULL,'Michigan','2004200'),(1789,NULL,NULL,NULL,'Nevada','2004200'),(1790,NULL,NULL,NULL,'Missouri','2004200'),(1791,NULL,NULL,NULL,'South Carolina','2004200'),(1792,NULL,NULL,NULL,'South Dakota','2004200'),(1793,NULL,NULL,NULL,'Massachusetts','2004200'),(1794,NULL,NULL,NULL,'Indiana','2004200'),(1795,NULL,NULL,NULL,'Iowa','2004200'),(1796,NULL,NULL,NULL,'Kentucky','2004200'),(1797,NULL,NULL,NULL,'Alabama','2004200'),(1798,NULL,NULL,NULL,'Delaware','2004200'),(1799,NULL,NULL,NULL,'Oregon','2004200'),(1800,NULL,NULL,NULL,'Rhode Island','2004200'),(1801,NULL,NULL,NULL,'North Dakota','2004200'),(1802,NULL,NULL,NULL,'New York','2004200'),(1803,NULL,NULL,NULL,'GERM CELL NEOPLASMS','Clinical_Diagnosis_PID'),(1804,NULL,NULL,1803,'Seminoma, NOS',NULL),(1805,NULL,NULL,1803,'Endodermal sinus tumor',NULL),(1806,NULL,NULL,1803,'Gonadoblastoma',NULL),(1807,NULL,NULL,1803,'Dysgerminoma',NULL),(1808,NULL,NULL,1803,'Mixed germ cell tumor',NULL),(1809,NULL,NULL,1803,'Malignant teratoma, intermediate',NULL),(1810,NULL,NULL,1803,'Teratoma, malignant, NOS',NULL),(1811,NULL,NULL,1803,'Struma ovarii, malignant',NULL),(1812,NULL,NULL,1803,'Struma ovarii, NOS',NULL),(1813,NULL,NULL,1803,'Teratoma with malignant transformation',NULL),(1814,NULL,NULL,1803,'Teratoma, benign',NULL),(1815,NULL,NULL,1803,'Polyembryoma',NULL),(1816,NULL,NULL,1803,'Dermoid cyst, NOS',NULL),(1817,NULL,NULL,1803,'Germinoma',NULL),(1818,NULL,NULL,1803,'Embryonal carcinoma, NOS',NULL),(1819,NULL,NULL,1803,'Malignant teratoma, undifferentiated',NULL),(1820,NULL,NULL,1803,'Seminoma, anaplastic',NULL),(1821,NULL,NULL,1803,'Spermatocytic seminoma',NULL),(1822,NULL,NULL,1803,'Teratoma, NOS',NULL),(1823,NULL,NULL,1803,'Strumal carcinoid',NULL),(1824,NULL,NULL,1803,'Teratocarcinoma',NULL),(1825,NULL,NULL,NULL,'LYMPHOSARCOMA CELL LEUKEMIA','Clinical_Diagnosis_PID'),(1826,NULL,NULL,NULL,'MONOCYTIC LEUKEMIAS','Clinical_Diagnosis_PID'),(1827,NULL,NULL,1826,'Acute monocytic leukemia',NULL),(1828,NULL,NULL,NULL,'FIBROMATOUS NEOPLASMS','Clinical_Diagnosis_PID'),(1829,NULL,NULL,1828,'Dermatofibroma, NOS',NULL),(1830,NULL,NULL,1828,'Dermatofibrosarcoma, NOS',NULL),(1831,NULL,NULL,1828,'Pigmented dermatofibrosarcoma protuberans',NULL),(1832,NULL,NULL,1828,'Periosteal fibrosarcoma',NULL),(1833,NULL,NULL,1828,'Fascial fibroma',NULL),(1834,NULL,NULL,1828,'Fibrous histiocytoma, NOS',NULL),(1835,NULL,NULL,1828,'Fibrosarcoma, NOS',NULL),(1836,NULL,NULL,1828,'Desmoplastic fibroma',NULL),(1837,NULL,NULL,1828,'Fibromyxoma',NULL),(1838,NULL,NULL,1828,'Aggressive fibromatosis',NULL),(1839,NULL,NULL,1828,'Myofibromatosis',NULL),(1840,NULL,NULL,1828,'Atypical fibrous histiocytoma',NULL),(1841,NULL,NULL,1828,'Fibromyxosarcoma',NULL),(1842,NULL,NULL,1828,'Infantile fibrosarcoma',NULL),(1843,NULL,NULL,1828,'Fascial fibrosarcoma',NULL),(1844,NULL,NULL,1828,'Elastofibroma',NULL),(1845,NULL,NULL,1828,'Fibrous histiocytoma, malignant',NULL),(1846,NULL,NULL,1828,'Periosteal fibroma',NULL),(1847,NULL,NULL,1828,'Fibroma, NOS',NULL),(1848,NULL,NULL,1828,'Abdominal fibromatosis',NULL),(1849,NULL,NULL,NULL,'PLASMA CELL TUMORS','Clinical_Diagnosis_PID'),(1850,NULL,NULL,1849,'Multiple myeloma',NULL),(1851,NULL,NULL,1849,'Plasmacytoma, NOS',NULL),(1852,NULL,NULL,NULL,'ODONTOGENIC TUMORS','Clinical_Diagnosis_PID'),(1853,NULL,NULL,1852,'Odontogenic tumor, malignant',NULL),(1854,NULL,NULL,1852,'Compound odontoma',NULL),(1855,NULL,NULL,1852,'Gigantiform cementoma',NULL),(1856,NULL,NULL,1852,'Ameloblastic fibrosarcoma',NULL),(1857,NULL,NULL,1852,'Ameloblastic fibro-odontoma',NULL),(1858,NULL,NULL,1852,'Odontoma, NOS',NULL),(1859,NULL,NULL,1852,'Central odontogenic fibroma',NULL),(1860,NULL,NULL,1852,'Ameloblastoma, malignant',NULL),(1861,NULL,NULL,1852,'Odontogenic tumor, benign',NULL),(1862,NULL,NULL,1852,'Odontogenic myxoma',NULL),(1863,NULL,NULL,1852,'Cementoma, NOS',NULL),(1864,NULL,NULL,1852,'Odontogenic tumor, NOS',NULL),(1865,NULL,NULL,1852,'Odontoameloblastoma',NULL),(1866,NULL,NULL,1852,'Cementifying fibroma',NULL),(1867,NULL,NULL,1852,'Cementoblastoma, benign',NULL),(1868,NULL,NULL,1852,'Odontogenic ghost cell tumor',NULL),(1869,NULL,NULL,1852,'Squamous odontogenic tumor',NULL),(1870,NULL,NULL,1852,'Adenomatoid odontogenic tumor',NULL),(1871,NULL,NULL,1852,'Ameloblastoma, NOS',NULL),(1872,NULL,NULL,1852,'Peripheral odontogenic fibroma',NULL),(1873,NULL,NULL,1852,'Calcifying odontogenic cyst',NULL),(1874,NULL,NULL,1852,'Ameloblastic fibroma',NULL),(1875,NULL,NULL,1852,'Complex odontoma',NULL),(1876,NULL,NULL,1852,'Calcifying epithelial odontogenic tumor',NULL),(1877,NULL,NULL,1852,'Dentinoma',NULL),(1878,NULL,NULL,1852,'Ameloblastic odontosarcoma',NULL),(1879,NULL,NULL,NULL,'ADNEXAL AND SKIN APPENDAGE NEOPLASMS','Clinical_Diagnosis_PID'),(1880,NULL,NULL,1879,'Skin appendage adenoma',NULL),(1881,NULL,NULL,1879,'Apocrine adenoma',NULL),(1882,NULL,NULL,1879,'Papillary hidradenoma',NULL),(1883,NULL,NULL,1879,'Eccrine acrospiroma',NULL),(1884,NULL,NULL,1879,'Eccrine spiradenoma',NULL),(1885,NULL,NULL,1879,'Sweat gland tumor, NOS',NULL),(1886,NULL,NULL,1879,'Papillary syringadenoma',NULL),(1887,NULL,NULL,1879,'Sweat gland adenocarcinoma',NULL),(1888,NULL,NULL,1879,'Sweat gland adenoma',NULL),(1889,NULL,NULL,1879,'Sebaceous adenocarcinoma',NULL),(1890,NULL,NULL,1879,'Sebaceous adenoma',NULL),(1891,NULL,NULL,1879,'Apocrine adenocarcinoma',NULL),(1892,NULL,NULL,1879,'Skin appendage carcinoma',NULL),(1893,NULL,NULL,1879,'Ceruminous adenoma',NULL),(1894,NULL,NULL,1879,'Hidrocystoma',NULL),(1895,NULL,NULL,1879,'Ceruminous adenocarcinoma',NULL),(1896,NULL,NULL,1879,'Syringoma, NOS',NULL),(1897,NULL,NULL,1879,'Eccrine papillary adenoma',NULL),(1898,NULL,NULL,NULL,'COMPLEX MIXED AND STROMAL NEOPLASMS','Clinical_Diagnosis_PID'),(1899,NULL,NULL,1898,'Carcinosarcoma, embryonal',NULL),(1900,NULL,NULL,1898,'Endometrial stromal nodule',NULL),(1901,NULL,NULL,1898,'Adenosarcoma',NULL),(1902,NULL,NULL,1898,'Mesodermal mixed tumor',NULL),(1903,NULL,NULL,1898,'Mesenchymoma, benign',NULL),(1904,NULL,NULL,1898,'Clear cell sarcoma of kidney',NULL),(1905,NULL,NULL,1898,'Embryonal sarcoma',NULL),(1906,NULL,NULL,1898,'Nephroblastoma, NOS',NULL),(1907,NULL,NULL,1898,'Mesenchymoma, NOS',NULL),(1908,NULL,NULL,1898,'Carcinoma in pleomorphic adenoma',NULL),(1909,NULL,NULL,1898,'Adenomyoma',NULL),(1910,NULL,NULL,1898,'Myoepithelioma',NULL),(1911,NULL,NULL,1898,'Endolymphatic stromal myosis',NULL),(1912,NULL,NULL,1898,'Mullerian mixed tumor',NULL),(1913,NULL,NULL,1898,'Carcinosarcoma, NOS',NULL),(1914,NULL,NULL,1898,'Mixed tumor, malignant, NOS',NULL),(1915,NULL,NULL,1898,'Mesoblastic nephroma',NULL),(1916,NULL,NULL,1898,'Mesenchymoma, malignant',NULL),(1917,NULL,NULL,1898,'Pleomorphic adenoma',NULL),(1918,NULL,NULL,1898,'Rhabdoid sarcoma',NULL),(1919,NULL,NULL,1898,'Hepatoblastoma',NULL),(1920,NULL,NULL,1898,'Pancreatoblastoma',NULL),(1921,NULL,NULL,1898,'Endometrial stromal sarcoma',NULL),(1922,NULL,NULL,1898,'Pulmonary blastoma',NULL),(1923,NULL,NULL,NULL,'NEVI AND MELANOMAS','Clinical_Diagnosis_PID'),(1924,NULL,NULL,1923,'Epithelioid and spindle cell nevus',NULL),(1925,NULL,NULL,1923,'Melanoma in situ',NULL),(1926,NULL,NULL,1923,'Dysplastic nevus',NULL),(1927,NULL,NULL,1923,'Spindle cell melanoma, NOS',NULL),(1928,NULL,NULL,1923,'Junctional nevus, NOS',NULL),(1929,NULL,NULL,1923,'Epithelioid cell nevus',NULL),(1930,NULL,NULL,1923,'Cellular blue nevus',NULL),(1931,NULL,NULL,1923,'Nonpigmented nevus',NULL),(1932,NULL,NULL,1923,'Giant pigmented nevus, NOS',NULL),(1933,NULL,NULL,1923,'Balloon cell melanoma',NULL),(1934,NULL,NULL,1923,'Fibrous papule of nose',NULL),(1935,NULL,NULL,1923,'Desmoplastic melanoma, malignant',NULL),(1936,NULL,NULL,1923,'Spindle cell nevus',NULL),(1937,NULL,NULL,1923,'Spindle cell melanoma, type A',NULL),(1938,NULL,NULL,1923,'Neuronevus',NULL),(1939,NULL,NULL,1923,'Acral lentiginous melanoma, malignant',NULL),(1940,NULL,NULL,1923,'Malignant melanoma, regressing',NULL),(1941,NULL,NULL,1923,'Nodular melanoma',NULL),(1942,NULL,NULL,1923,'Compound nevus',NULL),(1943,NULL,NULL,1923,'Spindle cell melanoma, type B',NULL),(1944,NULL,NULL,1923,'Pigmented nevus, NOS',NULL),(1945,NULL,NULL,1923,'Intradermal nevus',NULL),(1946,NULL,NULL,1923,'Mixed epithelioid and spindle cell melanoma',NULL),(1947,NULL,NULL,1923,'Epithelioid cell melanoma',NULL),(1948,NULL,NULL,1923,'Superficial spreading melanoma',NULL),(1949,NULL,NULL,1923,'Blue nevus, malignant',NULL),(1950,NULL,NULL,1923,'Amelanotic melanoma',NULL),(1951,NULL,NULL,1923,'Malignant melanoma in junctional nevus',NULL),(1952,NULL,NULL,1923,'Malignant melanoma in precancerous melanosis',NULL),(1953,NULL,NULL,1923,'Balloon cell nevus',NULL),(1954,NULL,NULL,1923,'Malignant melanoma, NOS',NULL),(1955,NULL,NULL,1923,'Blue nevus, NOS',NULL),(1956,NULL,NULL,1923,'Precancerous melanosis, NOS',NULL),(1957,NULL,NULL,1923,'Hutchinson\'s melanotic freckle, NOS',NULL),(1958,NULL,NULL,1923,'Malignant melanoma in giant pigmented nevus',NULL),(1959,NULL,NULL,1923,'Magnocellular nevus',NULL),(1960,NULL,NULL,1923,'Halo nevus',NULL),(1961,NULL,NULL,1923,'Malignant melanoma in Hutchinson\'s melanotic freckle',NULL),(1962,NULL,NULL,NULL,'SPECIFIED CUTANEOUS AND PERIPHERAL T-CELL LYMPHOMAS','Clinical_Diagnosis_PID'),(1963,NULL,NULL,1962,'Peripheral T-cell lymphoma, AILD (Angioimmunoblastic Lymphadenopathy with',NULL),(1964,NULL,NULL,1962,'Sezary\'s disease',NULL),(1965,NULL,NULL,1962,'Mycosis fungoides',NULL),(1966,NULL,NULL,1962,'Peripheral T-cell lymphoma, NOS',NULL),(1967,NULL,NULL,1962,'Cutaneous lymphoma',NULL),(1968,NULL,NULL,NULL,'BLOOD VESSEL TUMORS','Clinical_Diagnosis_PID'),(1969,NULL,NULL,1968,'Hemangiosarcoma',NULL),(1970,NULL,NULL,1968,'Hemangioblastoma',NULL),(1971,NULL,NULL,1968,'Intramuscular hemangioma',NULL),(1972,NULL,NULL,1968,'Epithelioid hemangioendothelioma, malignant',NULL),(1973,NULL,NULL,1968,'Racemose hemangioma',NULL),(1974,NULL,NULL,1968,'Hemangiopericytoma, NOS',NULL),(1975,NULL,NULL,1968,'Hemangioma, NOS',NULL),(1976,NULL,NULL,1968,'Kupffer cell sarcoma',NULL),(1977,NULL,NULL,1968,'Verrucous keratotic hemangioma',NULL),(1978,NULL,NULL,1968,'Hemangiopericytoma, benign',NULL),(1979,NULL,NULL,1968,'Angiokeratoma',NULL),(1980,NULL,NULL,1968,'Kaposi\'s sarcoma',NULL),(1981,NULL,NULL,1968,'Epithelioid hemangioma',NULL),(1982,NULL,NULL,1968,'Hemangiopericytoma, malignant',NULL),(1983,NULL,NULL,1968,'Hemangioendothelioma, NOS',NULL),(1984,NULL,NULL,1968,'Capillary hemangioma',NULL),(1985,NULL,NULL,1968,'Venous hemangioma',NULL),(1986,NULL,NULL,1968,'Hemangioendothelioma, malignant',NULL),(1987,NULL,NULL,1968,'Cavernous hemangioma',NULL),(1988,NULL,NULL,1968,'Hemangioendothelioma, benign',NULL),(1989,NULL,NULL,1968,'Epithelioid hemangioendothelioma, NOS',NULL),(1990,NULL,NULL,NULL,'MYELOID (GRANULOCYTIC) LEUKEMIAS','Clinical_Diagnosis_PID'),(1991,NULL,NULL,1990,'Chronic myelomonocytic leukemia',NULL),(1992,NULL,NULL,1990,'Acute myelomonocytic leukemia',NULL),(1993,NULL,NULL,1990,'Chronic myeloid leukemia',NULL),(1994,NULL,NULL,1990,'Acute promyelocytic leukemia',NULL),(1995,NULL,NULL,1990,'Acute myeloid leukemia',NULL),(1996,NULL,NULL,1990,'Myeloid leukemia, NOS',NULL),(1997,NULL,NULL,NULL,'LEUKEMIAS, NOS','Clinical_Diagnosis_PID'),(1998,NULL,NULL,1997,'Leukemia, NOS',NULL),(1999,NULL,NULL,1997,'Acute leukemia, NOS',NULL),(2000,NULL,NULL,1997,'Chronic leukemia, NOS',NULL),(2001,NULL,NULL,NULL,'ACINAR CELL NEOPLASMS','Clinical_Diagnosis_PID'),(2002,NULL,NULL,2001,'Acinar cell tumor',NULL),(2003,NULL,NULL,2001,'Acinar cell adenoma',NULL),(2004,NULL,NULL,2001,'Acinar cell carcinoma',NULL),(2005,NULL,NULL,NULL,'OTHER SPECIFIED NON-HODGKIN\'S LYMPHOMAS','Clinical_Diagnosis_PID'),(2006,NULL,NULL,2005,'Angiocentric T-cell lymphoma',NULL),(2007,NULL,NULL,2005,'Monocytoid B-cell lymphoma',NULL),(2008,NULL,NULL,2005,'Large cell (Ki-1+) lymphoma',NULL),(2009,NULL,NULL,NULL,'HODGKIN\'S DISEASE','Clinical_Diagnosis_PID'),(2010,NULL,NULL,2009,'Hodgkin\'s granuloma',NULL),(2011,NULL,NULL,2009,'Hodgkin\'s disease, nodular sclerosis, cellular phase',NULL),(2012,NULL,NULL,2009,'Hodgkin\'s disease, lymphocytic predominance, nodular',NULL),(2013,NULL,NULL,2009,'Hodgkin\'s disease, lymphocytic depletion, reticular',NULL),(2014,NULL,NULL,2009,'Hodgkin\'s disease, lymphocytic depletion, NOS',NULL),(2015,NULL,NULL,2009,'Hodgkin\'s disease, mixed cellularity, NOS',NULL),(2016,NULL,NULL,2009,'Hodgkin\'s sarcoma',NULL),(2017,NULL,NULL,2009,'Hodgkin\'s disease, nodular sclerosis, lymphocytic predominance',NULL),(2018,NULL,NULL,2009,'Hodgkin\'s disease, nodular sclerosis, lymphocytic depletion',NULL),(2019,NULL,NULL,2009,'Hodgkin\'s disease, NOS',NULL),(2020,NULL,NULL,2009,'Hodgkin\'s disease, lymphocytic depletion, diffuse fibrosis',NULL),(2021,NULL,NULL,2009,'Hodgkin\'s disease, lymphocytic predominance, NOS',NULL),(2022,NULL,NULL,2009,'Hodgkin\'s disease, nodular sclerosis, NOS',NULL),(2023,NULL,NULL,NULL,'SQUAMOUS CELL NEOPLASMS','Clinical_Diagnosis_PID'),(2024,NULL,NULL,2023,'Adenoid squamous cell carcinoma',NULL),(2025,NULL,NULL,2023,'Papilloma, NOS (except Papilloma of bladder M-8120/1)',NULL),(2026,NULL,NULL,2023,'Lymphoepithelial carcinoma',NULL),(2027,NULL,NULL,2023,'Papillary squamous cell carcinoma',NULL),(2028,NULL,NULL,2023,'Inverted papilloma',NULL),(2029,NULL,NULL,2023,'Squamous cell papilloma',NULL),(2030,NULL,NULL,2023,'Squamous cell carcinoma, large cell, nonkeratinizing',NULL),(2031,NULL,NULL,2023,'Papillary carcinoma in situ',NULL),(2032,NULL,NULL,2023,'Verrucous papilloma',NULL),(2033,NULL,NULL,2023,'Bowen\'s disease',NULL),(2034,NULL,NULL,2023,'Squamous cell carcinoma, NOS',NULL),(2035,NULL,NULL,2023,'Intraepithelial neoplasia, grade III, of cervix, vulva and vagina (See Introduction, page xxix)',NULL),(2036,NULL,NULL,2023,'Verrucous carcinoma, NOS',NULL),(2037,NULL,NULL,2023,'Papillary carcinoma, NOS',NULL),(2038,NULL,NULL,2023,'Squamous cell carcinoma in situ, NOS',NULL),(2039,NULL,NULL,2023,'Squamous cell carcinoma in situ with questionable stromal invasion',NULL),(2040,NULL,NULL,2023,'Squamous cell carcinoma, spindle cell',NULL),(2041,NULL,NULL,2023,'Squamous cell carcinoma, small cell, nonkeratinizing',NULL),(2042,NULL,NULL,2023,'Squamous cell carcinoma, metastatic, NOS',NULL),(2043,NULL,NULL,2023,'Papillomatosis, NOS',NULL),(2044,NULL,NULL,2023,'Queyrat\'s erythroplasia',NULL),(2045,NULL,NULL,2023,'Squamous cell carcinoma, keratinizing, NOS',NULL),(2046,NULL,NULL,2023,'Squamous cell carcinoma, microinvasive',NULL),(2047,NULL,NULL,NULL,'MALIGNANT LYMPHOMA, NOS, OR DIFFUSE','Clinical_Diagnosis_PID'),(2048,NULL,NULL,2047,'Malignant lymphoma, non-Hodgkin\'s, NOS',NULL),(2049,NULL,NULL,2047,'Malignant lymphoma, NOS',NULL),(2050,NULL,NULL,NULL,'IMMUNOPROLIFERATIVE DISEASES','Clinical_Diagnosis_PID'),(2051,NULL,NULL,2050,'Angiocentric immunoproliferative lesion',NULL),(2052,NULL,NULL,2050,'Monoclonal gammopathy',NULL),(2053,NULL,NULL,2050,'Waldenstrom\'s macroglobulinemia',NULL),(2054,NULL,NULL,2050,'T-gamma lymphoproliferative disease',NULL),(2055,NULL,NULL,2050,'Angioimmunoblastic lymphadenopathy',NULL),(2056,NULL,NULL,2050,'Immunoproliferative small intestinal disease',NULL),(2057,NULL,NULL,2050,'Immunoproliferative disease, NOS',NULL),(2058,NULL,NULL,2050,'Alpha heavy chain disease',NULL),(2059,NULL,NULL,NULL,'SYNOVIAL-LIKE NEOPLASMS','Clinical_Diagnosis_PID'),(2060,NULL,NULL,2059,'Synovial sarcoma, epithelioid cell',NULL),(2061,NULL,NULL,2059,'Clear cell sarcoma (except of Kidney M-8964/3)',NULL),(2062,NULL,NULL,2059,'Synovial sarcoma, NOS',NULL),(2063,NULL,NULL,2059,'Synovial sarcoma, biphasic',NULL),(2064,NULL,NULL,2059,'Synovial sarcoma, spindle cell',NULL),(2065,NULL,NULL,2059,'Synovioma, benign',NULL),(2066,NULL,NULL,NULL,'CYSTIC, MUCINOUS AND SEROUS NEOPLASMS','Clinical_Diagnosis_PID'),(2067,NULL,NULL,2066,'Papillary serous cystadenocarcinoma',NULL),(2068,NULL,NULL,2066,'Mucinous cystadenoma, borderline malignancy',NULL),(2069,NULL,NULL,2066,'Papillary serous cystadenoma, borderline malignancy',NULL),(2070,NULL,NULL,2066,'Papillary mucinous cystadenoma, NOS',NULL),(2071,NULL,NULL,2066,'Serous surface papillary carcinoma',NULL),(2072,NULL,NULL,2066,'Cystadenoma, NOS',NULL),(2073,NULL,NULL,2066,'Papillary mucinous cystadenoma, borderline malignancy',NULL),(2074,NULL,NULL,2066,'Mucinous cystadenocarcinoma, NOS',NULL),(2075,NULL,NULL,2066,'Signet ring cell carcinoma',NULL),(2076,NULL,NULL,2066,'Pseudomyxoma peritonei',NULL),(2077,NULL,NULL,2066,'Mucinous cystadenoma, NOS',NULL),(2078,NULL,NULL,2066,'Serous cystadenoma, borderline malignancy',NULL),(2079,NULL,NULL,2066,'Metastatic signet ring cell carcinoma',NULL),(2080,NULL,NULL,2066,'Mucinous adenocarcinoma',NULL),(2081,NULL,NULL,2066,'Papillary serous cystadenoma, NOS',NULL),(2082,NULL,NULL,2066,'Papillary cystic tumor',NULL),(2083,NULL,NULL,2066,'Papillary cystadenoma, borderline malignancy',NULL),(2084,NULL,NULL,2066,'Cystadenocarcinoma, NOS',NULL),(2085,NULL,NULL,2066,'Serous cystadenoma, NOS',NULL),(2086,NULL,NULL,2066,'Papillary cystadenocarcinoma, NOS',NULL),(2087,NULL,NULL,2066,'Mucin-producing adenocarcinoma',NULL),(2088,NULL,NULL,2066,'Serous cystadenocarcinoma, NOS',NULL),(2089,NULL,NULL,2066,'Papillary cystadenoma, NOS',NULL),(2090,NULL,NULL,2066,'Papillary mucinous cystadenocarcinoma',NULL),(2091,NULL,NULL,2066,'Mucinous adenoma',NULL),(2092,NULL,NULL,2066,'Serous surface papilloma',NULL),(2093,NULL,NULL,NULL,'FIBROEPITHELIAL NEOPLASMS','Clinical_Diagnosis_PID'),(2094,NULL,NULL,2093,'Phyllodes tumor, malignant',NULL),(2095,NULL,NULL,2093,'Giant fibroadenoma',NULL),(2096,NULL,NULL,2093,'Fibroadenoma, NOS',NULL),(2097,NULL,NULL,2093,'Phyllodes tumor, benign',NULL),(2098,NULL,NULL,2093,'Brenner tumor, malignant',NULL),(2099,NULL,NULL,2093,'Mucinous adenofibroma',NULL),(2100,NULL,NULL,2093,'Intracanalicular fibroadenoma',NULL),(2101,NULL,NULL,2093,'Brenner tumor, borderline malignancy',NULL),(2102,NULL,NULL,2093,'Phyllodes tumor, NOS',NULL),(2103,NULL,NULL,2093,'Brenner tumor, NOS',NULL),(2104,NULL,NULL,2093,'Pericanalicular fibroadenoma',NULL),(2105,NULL,NULL,2093,'Adenofibroma, NOS',NULL),(2106,NULL,NULL,2093,'Serous adenofibroma',NULL),(2107,NULL,NULL,2093,'Juvenile fibroadenoma',NULL),(2108,NULL,NULL,NULL,'MUCOEPIDERMOID NEOPLASMS','Clinical_Diagnosis_PID'),(2109,NULL,NULL,2108,'Mucoepidermoid tumor',NULL),(2110,NULL,NULL,2108,'Mucoepidermoid carcinoma',NULL),(2111,NULL,NULL,NULL,'LIPOMATOUS NEOPLASMS','Clinical_Diagnosis_PID'),(2112,NULL,NULL,2111,'Pleomorphic liposarcoma',NULL),(2113,NULL,NULL,2111,'Myxoid liposarcoma',NULL),(2114,NULL,NULL,2111,'Liposarcoma, well differentiated',NULL),(2115,NULL,NULL,2111,'Mixed liposarcoma',NULL),(2116,NULL,NULL,2111,'Hibernoma',NULL),(2117,NULL,NULL,2111,'Fibromyxolipoma',NULL),(2118,NULL,NULL,2111,'Round cell liposarcoma',NULL),(2119,NULL,NULL,2111,'Dedifferentiated liposarcoma',NULL),(2120,NULL,NULL,2111,'Liposarcoma, NOS',NULL),(2121,NULL,NULL,2111,'Lipoma, NOS',NULL),(2122,NULL,NULL,2111,'Lipoblastomatosis',NULL),(2123,NULL,NULL,2111,'Angiolipoma, NOS',NULL),(2124,NULL,NULL,2111,'Fibrolipoma',NULL),(2125,NULL,NULL,2111,'Pleomorphic lipoma',NULL),(2126,NULL,NULL,2111,'Intramuscular lipoma',NULL),(2127,NULL,NULL,2111,'Angiomyolipoma',NULL),(2128,NULL,NULL,2111,'Spindle cell lipoma',NULL),(2129,NULL,NULL,2111,'Myelolipoma',NULL),(2130,NULL,NULL,NULL,'GIANT CELL TUMORS','Clinical_Diagnosis_PID'),(2131,NULL,NULL,2130,'Giant cell tumor of bone, NOS',NULL),(2132,NULL,NULL,2130,'Giant cell tumor of soft parts, NOS',NULL),(2133,NULL,NULL,2130,'Malignant giant cell tumor of soft parts',NULL),(2134,NULL,NULL,2130,'Giant cell tumor of bone, malignant',NULL),(2135,NULL,NULL,NULL,'MALIGNANT LYMPHOMA SPECIFIED TYPE, DIFFUSE OR NOS','Clinical_Diagnosis_PID'),(2136,NULL,NULL,2135,'Malignant lymphoma, immunoblastic, NOS',NULL),(2137,NULL,NULL,2135,'Malignant lymphoma, lymphoplasmacytic',NULL),(2138,NULL,NULL,2135,'Burkitt\'s lymphoma, NOS',NULL),(2139,NULL,NULL,2135,'Malignant lymphoma, large cell, diffuse, NOS',NULL),(2140,NULL,NULL,2135,'Malignant lymphoma, lymphoblastic',NULL),(2141,NULL,NULL,2135,'Malignant lymphoma, mixed small and large cell, diffuse',NULL),(2142,NULL,NULL,2135,'Malignant lymphoma, lymphocytic, intermediate differentiation, diffuse',NULL),(2143,NULL,NULL,2135,'Malignant lymphoma, small lymphocytic, NOS',NULL),(2144,NULL,NULL,NULL,'COMPLEX EPITHELIAL NEOPLASMS','Clinical_Diagnosis_PID'),(2145,NULL,NULL,2144,'Adenocarcinoma with squamous metaplasia',NULL),(2146,NULL,NULL,2144,'Epithelial-myoepithelial carcinoma',NULL),(2147,NULL,NULL,2144,'Adenocarcinoma with apocrine metaplasia',NULL),(2148,NULL,NULL,2144,'Thymoma, malignant',NULL),(2149,NULL,NULL,2144,'Adenosquamous carcinoma',NULL),(2150,NULL,NULL,2144,'Thymoma, benign',NULL),(2151,NULL,NULL,2144,'Adenolymphoma',NULL),(2152,NULL,NULL,2144,'Adenocarcinoma with spindle cell metaplasia',NULL),(2153,NULL,NULL,2144,'Adenocarcinoma with cartilaginous and osseous metaplasia',NULL),(2154,NULL,NULL,NULL,'EOSINOPHILIC LEUKEMIA','Clinical_Diagnosis_PID'),(2155,NULL,NULL,NULL,'SOFT TISSUE TUMORS AND SARCOMAS, NOS','Clinical_Diagnosis_PID'),(2156,NULL,NULL,2155,'Small cell sarcoma',NULL),(2157,NULL,NULL,2155,'Soft tissue tumor, benign',NULL),(2158,NULL,NULL,2155,'Giant cell sarcoma (except of Bone M-9250/3)',NULL),(2159,NULL,NULL,2155,'Spindle cell sarcoma',NULL),(2160,NULL,NULL,2155,'Sarcoma, NOS',NULL),(2161,NULL,NULL,2155,'Sarcomatosis, NOS',NULL),(2162,NULL,NULL,2155,'Epithelioid sarcoma',NULL),(2163,NULL,NULL,NULL,'LYMPHATIC VESSEL TUMORS','Clinical_Diagnosis_PID'),(2164,NULL,NULL,2163,'Lymphangiomyoma',NULL),(2165,NULL,NULL,2163,'Cystic lymphangioma',NULL),(2166,NULL,NULL,2163,'Lymphangioma, NOS',NULL),(2167,NULL,NULL,2163,'Hemolymphangioma',NULL),(2168,NULL,NULL,2163,'Cavernous lymphangioma',NULL),(2169,NULL,NULL,2163,'Capillary lymphangioma',NULL),(2170,NULL,NULL,2163,'Lymphangiosarcoma',NULL),(2171,NULL,NULL,2163,'Lymphangiomyomatosis',NULL),(2172,NULL,NULL,NULL,'OTHER LEUKEMIAS','Clinical_Diagnosis_PID'),(2173,NULL,NULL,2172,'Acute megakaryoblastic leukemia',NULL),(2174,NULL,NULL,2172,'Mast cell leukemia',NULL),(2175,NULL,NULL,2172,'Acute panmyelosis',NULL),(2176,NULL,NULL,2172,'Hairy cell leukemia',NULL),(2177,NULL,NULL,2172,'Myeloid sarcoma',NULL),(2178,NULL,NULL,NULL,'MISCELLANEOUS BONE TUMORS','Clinical_Diagnosis_PID'),(2179,NULL,NULL,2178,'Adamantinoma of long bones',NULL),(2180,NULL,NULL,2178,'Ewing\'s sarcoma',NULL),(2181,NULL,NULL,2178,'Ossifying fibroma',NULL),(2182,NULL,NULL,NULL,'DUCTAL, LOBULAR AND MEDULLARY NEOPLASMS','Clinical_Diagnosis_PID'),(2183,NULL,NULL,2182,'Infiltrating duct carcinoma',NULL),(2184,NULL,NULL,2182,'Juvenile carcinoma of breast',NULL),(2185,NULL,NULL,2182,'Intraductal carcinoma and lobular carcinoma in situ',NULL),(2186,NULL,NULL,2182,'Paget\'s disease and intraductal carcinoma of breast',NULL),(2187,NULL,NULL,2182,'Intracystic carcinoma, NOS',NULL),(2188,NULL,NULL,2182,'Intraductal papillary adenocarcinoma with invasion',NULL),(2189,NULL,NULL,2182,'Medullary carcinoma with lymphoid stroma',NULL),(2190,NULL,NULL,2182,'Infiltrating duct and lobular carcinoma',NULL),(2191,NULL,NULL,2182,'Medullary carcinoma with amyloid stroma',NULL),(2192,NULL,NULL,2182,'Medullary carcinoma, NOS',NULL),(2193,NULL,NULL,2182,'Lobular carcinoma in situ',NULL),(2194,NULL,NULL,2182,'Comedocarcinoma, noninfiltrating',NULL),(2195,NULL,NULL,2182,'Inflammatory carcinoma',NULL),(2196,NULL,NULL,2182,'Intracystic papillary adenoma',NULL),(2197,NULL,NULL,2182,'Adenoma of nipple',NULL),(2198,NULL,NULL,2182,'Infiltrating ductular carcinoma',NULL),(2199,NULL,NULL,2182,'Paget\'s disease and infiltrating duct carcinoma of breast',NULL),(2200,NULL,NULL,2182,'Intraductal papillomatosis, NOS',NULL),(2201,NULL,NULL,2182,'Paget\'s disease, mammary',NULL),(2202,NULL,NULL,2182,'Lobular carcinoma, NOS',NULL),(2203,NULL,NULL,2182,'Noninfiltrating intracystic carcinoma',NULL),(2204,NULL,NULL,2182,'Intraductal papilloma',NULL),(2205,NULL,NULL,2182,'Intraductal carcinoma, noninfiltrating, NOS',NULL),(2206,NULL,NULL,2182,'Paget\'s disease, extramammary (except Paget\'s disease of bone)',NULL),(2207,NULL,NULL,2182,'Noninfiltrating intraductal papillary adenocarcinoma',NULL),(2208,NULL,NULL,2182,'Comedocarcinoma, NOS',NULL),(2209,NULL,NULL,NULL,'MISCELLANEOUS MYELOPROLIFERATIVE AND LYMPHOPROLIFERATIVE DISORDERS','Clinical_Diagnosis_PID'),(2210,NULL,NULL,2209,'Chronic myeloproliferative disease',NULL),(2211,NULL,NULL,2209,'Idiopathic thrombocythemia',NULL),(2212,NULL,NULL,2209,'Myelosclerosis with myeloid metaplasia',NULL),(2213,NULL,NULL,2209,'Lymphoproliferative disease, NOS',NULL),(2214,NULL,NULL,NULL,'MENINGIOMAS','Clinical_Diagnosis_PID'),(2215,NULL,NULL,2214,'Meningotheliomatous meningioma',NULL),(2216,NULL,NULL,2214,'Hemangioblastic meningioma',NULL),(2217,NULL,NULL,2214,'Meningioma, malignant',NULL),(2218,NULL,NULL,2214,'Meningiomatosis, NOS',NULL),(2219,NULL,NULL,2214,'Angiomatous meningioma',NULL),(2220,NULL,NULL,2214,'Psammomatous meningioma',NULL),(2221,NULL,NULL,2214,'Meningeal sarcomatosis',NULL),(2222,NULL,NULL,2214,'Fibrous meningioma',NULL),(2223,NULL,NULL,2214,'Meningioma, NOS',NULL),(2224,NULL,NULL,2214,'Transitional meningioma',NULL),(2225,NULL,NULL,2214,'Papillary meningioma',NULL),(2226,NULL,NULL,NULL,'OTHER LYMPHORETICULAR NEOPLASMS','Clinical_Diagnosis_PID'),(2227,NULL,NULL,2226,'Letterer-Siwe\'s disease',NULL),(2228,NULL,NULL,2226,'True histiocytic lymphoma',NULL),(2229,NULL,NULL,2226,'Malignant histiocytosis',NULL),(2230,NULL,NULL,NULL,'MYOMATOUS NEOPLASMS','Clinical_Diagnosis_PID'),(2231,NULL,NULL,2230,'Embryonal rhabdomyosarcoma',NULL),(2232,NULL,NULL,2230,'Angiomyoma',NULL),(2233,NULL,NULL,2230,'Rhabdomyoma, NOS',NULL),(2234,NULL,NULL,2230,'Bizarre leiomyoma',NULL),(2235,NULL,NULL,2230,'Angiomyosarcoma',NULL),(2236,NULL,NULL,2230,'Myoma',NULL),(2237,NULL,NULL,2230,'Pleomorphic rhabdomyosarcoma',NULL),(2238,NULL,NULL,2230,'Leiomyosarcoma, NOS',NULL),(2239,NULL,NULL,2230,'Alveolar rhabdomyosarcoma',NULL),(2240,NULL,NULL,2230,'Leiomyoma, NOS',NULL),(2241,NULL,NULL,2230,'Cellular leiomyoma',NULL),(2242,NULL,NULL,2230,'Mixed type rhabdomyosarcoma',NULL),(2243,NULL,NULL,2230,'Epithelioid leiomyoma',NULL),(2244,NULL,NULL,2230,'Adult rhabdomyoma',NULL),(2245,NULL,NULL,2230,'Leiomyomatosis, NOS',NULL),(2246,NULL,NULL,2230,'Smooth muscle tumor, NOS',NULL),(2247,NULL,NULL,2230,'Myosarcoma',NULL),(2248,NULL,NULL,2230,'Rhabdomyosarcoma, NOS',NULL),(2249,NULL,NULL,2230,'Epithelioid leiomyosarcoma',NULL),(2250,NULL,NULL,2230,'Myxoid leiomyosarcoma',NULL),(2251,NULL,NULL,2230,'Fetal rhabdomyoma',NULL),(2252,NULL,NULL,NULL,'PARAGANGLIOMAS AND GLOMUS TUMORS','Clinical_Diagnosis_PID'),(2253,NULL,NULL,2252,'Parasympathetic paraganglioma',NULL),(2254,NULL,NULL,2252,'Paraganglioma, NOS',NULL),(2255,NULL,NULL,2252,'Carotid body tumor',NULL),(2256,NULL,NULL,2252,'Pheochromocytoma, NOS',NULL),(2257,NULL,NULL,2252,'Glomus tumor',NULL),(2258,NULL,NULL,2252,'Pheochromocytoma, malignant',NULL),(2259,NULL,NULL,2252,'Paraganglioma, malignant',NULL),(2260,NULL,NULL,2252,'Extra-adrenal paraganglioma, NOS',NULL),(2261,NULL,NULL,2252,'Glomangioma',NULL),(2262,NULL,NULL,2252,'Glomangiomyoma',NULL),(2263,NULL,NULL,2252,'Aortic body tumor',NULL),(2264,NULL,NULL,2252,'Extra-adrenal paraganglioma, malignant',NULL),(2265,NULL,NULL,2252,'Gangliocytic paraganglioma',NULL),(2266,NULL,NULL,2252,'Sympathetic paraganglioma',NULL),(2267,NULL,NULL,2252,'Glomus jugulare tumor',NULL),(2268,NULL,NULL,2252,'Glomangiosarcoma',NULL),(2269,NULL,NULL,NULL,'TRANSITIONAL CELL PAPILLOMAS AND CARCINOMAS','Clinical_Diagnosis_PID'),(2270,NULL,NULL,2269,'Basaloid carcinoma',NULL),(2271,NULL,NULL,2269,'Transitional cell carcinoma, NOS',NULL),(2272,NULL,NULL,2269,'Urothelial papilloma',NULL),(2273,NULL,NULL,2269,'Transitional cell papilloma, inverted',NULL),(2274,NULL,NULL,2269,'Papillary transitional cell carcinoma',NULL),(2275,NULL,NULL,2269,'Schneiderian papilloma',NULL),(2276,NULL,NULL,2269,'Transitional cell papilloma, NOS',NULL),(2277,NULL,NULL,2269,'Transitional cell carcinoma, spindle cell',NULL),(2278,NULL,NULL,2269,'Cloacogenic carcinoma',NULL),(2279,NULL,NULL,2269,'Schneiderian carcinoma',NULL),(2280,NULL,NULL,2269,'Transitional cell carcinoma in situ',NULL),(2281,NULL,NULL,NULL,'ADENOMAS AND ADENOCARCINOMAS','Clinical_Diagnosis_PID'),(2282,NULL,NULL,2281,'Mixed acidophil-basophil carcinoma',NULL),(2283,NULL,NULL,2281,'Adenoid cystic carcinoma',NULL),(2284,NULL,NULL,2281,'Adenomatous polyposis coli',NULL),(2285,NULL,NULL,2281,'Islet cell adenoma',NULL),(2286,NULL,NULL,2281,'Hypernephroid tumor',NULL),(2287,NULL,NULL,2281,'Adenocarcinoma, intestinal type',NULL),(2288,NULL,NULL,2281,'Cribriform carcinoma',NULL),(2289,NULL,NULL,2281,'Superficial spreading adenocarcinoma',NULL),(2290,NULL,NULL,2281,'Clear cell adenofibroma',NULL),(2291,NULL,NULL,2281,'Alveolar adenoma',NULL),(2292,NULL,NULL,2281,'Basophil adenoma',NULL),(2293,NULL,NULL,2281,'Adenocarcinoma in tubulovillous adenoma',NULL),(2294,NULL,NULL,2281,'Renal cell carcinoma',NULL),(2295,NULL,NULL,2281,'Neuroendocrine carcinoma',NULL),(2296,NULL,NULL,2281,'Adenocarcinoma in situ, NOS',NULL),(2297,NULL,NULL,2281,'Adenomatous polyp, NOS',NULL),(2298,NULL,NULL,2281,'Pulmonary adenomatosis',NULL),(2299,NULL,NULL,2281,'Apudoma',NULL),(2300,NULL,NULL,2281,'Vipoma',NULL),(2301,NULL,NULL,2281,'Adenocarcinoma, NOS',NULL),(2302,NULL,NULL,2281,'Hepatocellular carcinoma, fibrolamellar',NULL),(2303,NULL,NULL,2281,'Glycogen-rich carcinoma',NULL),(2304,NULL,NULL,2281,'Papillary adenoma, NOS',NULL),(2305,NULL,NULL,2281,'Linitis plastica',NULL),(2306,NULL,NULL,2281,'Tubular adenoma, NOS',NULL),(2307,NULL,NULL,2281,'Tubular adenocarcinoma',NULL),(2308,NULL,NULL,2281,'Goblet cell carcinoid',NULL),(2309,NULL,NULL,2281,'Oxyphilic adenocarcinoma',NULL),(2310,NULL,NULL,2281,'Bile duct adenoma',NULL),(2311,NULL,NULL,2281,'Hepatocellular carcinoma, NOS',NULL),(2312,NULL,NULL,2281,'Acidophil adenoma',NULL),(2313,NULL,NULL,2281,'Adenocarcinoma, metastatic, NOS',NULL),(2314,NULL,NULL,2281,'Basal cell adenocarcinoma',NULL),(2315,NULL,NULL,2281,'Tubulovillous adenoma, NOS',NULL),(2316,NULL,NULL,2281,'Gastrinoma, NOS',NULL),(2317,NULL,NULL,2281,'Islet cell carcinoma',NULL),(2318,NULL,NULL,2281,'Basal cell adenoma',NULL),(2319,NULL,NULL,2281,'Mixed acidophil-basophil adenoma',NULL),(2320,NULL,NULL,2281,'Insulinoma, NOS',NULL),(2321,NULL,NULL,2281,'Gastrinoma, malignant',NULL),(2322,NULL,NULL,2281,'Glucagonoma, NOS',NULL),(2323,NULL,NULL,2281,'Trabecular adenoma',NULL),(2324,NULL,NULL,2281,'Microcystic adenoma',NULL),(2325,NULL,NULL,2281,'Alveolar adenocarcinoma',NULL),(2326,NULL,NULL,2281,'Carcinoid tumor, argentaffin, malignant',NULL),(2327,NULL,NULL,2281,'Adenocarcinoma in adenomatous polyposis coli',NULL),(2328,NULL,NULL,2281,'Adenocarcinoma in situ in villous adenoma',NULL),(2329,NULL,NULL,2281,'Clear cell adenocarcinoma, NOS',NULL),(2330,NULL,NULL,2281,'Eccrine dermal cylindroma',NULL),(2331,NULL,NULL,2281,'Papillary adenocarcinoma, NOS',NULL),(2332,NULL,NULL,2281,'Cholangiocarcinoma',NULL),(2333,NULL,NULL,2281,'Adenocarcinoma in situ in adenomatous polyp',NULL),(2334,NULL,NULL,2281,'Merkel cell carcinoma',NULL),(2335,NULL,NULL,2281,'Adenocarcinoma in multiple adenomatous polyps',NULL),(2336,NULL,NULL,2281,'Prolactinoma',NULL),(2337,NULL,NULL,2281,'Adenocarcinoma in villous adenoma',NULL),(2338,NULL,NULL,2281,'Klatskin\'s tumor',NULL),(2339,NULL,NULL,2281,'Scirrhous adenocarcinoma',NULL),(2340,NULL,NULL,2281,'Clear cell adenoma',NULL),(2341,NULL,NULL,2281,'Chromophobe adenoma',NULL),(2342,NULL,NULL,2281,'Carcinoma simplex',NULL),(2343,NULL,NULL,2281,'Oxyphilic adenoma',NULL),(2344,NULL,NULL,2281,'Lipid-rich carcinoma',NULL),(2345,NULL,NULL,2281,'Monomorphic adenoma',NULL),(2346,NULL,NULL,2281,'Adenocarcinoma in adenomatous polyp',NULL),(2347,NULL,NULL,2281,'Multiple adenomatous polyps',NULL),(2348,NULL,NULL,2281,'Bile duct cystadenoma',NULL),(2349,NULL,NULL,2281,'Acidophil carcinoma',NULL),(2350,NULL,NULL,2281,'Villous adenoma, NOS',NULL),(2351,NULL,NULL,2281,'Adenocarcinoid tumor',NULL),(2352,NULL,NULL,2281,'Composite carcinoid',NULL),(2353,NULL,NULL,2281,'Insulinoma, malignant',NULL),(2354,NULL,NULL,2281,'Adenocarcinoma in situ in tubulovillous adenoma',NULL),(2355,NULL,NULL,2281,'Bronchiolo-alveolar adenocarcinoma',NULL),(2356,NULL,NULL,2281,'Bronchial adenoma, NOS',NULL),(2357,NULL,NULL,2281,'Granular cell carcinoma',NULL),(2358,NULL,NULL,2281,'Carcinoma, diffuse type',NULL),(2359,NULL,NULL,2281,'Combined hepatocellular carcinoma and cholangiocarcinoma',NULL),(2360,NULL,NULL,2281,'Trabecular adenocarcinoma',NULL),(2361,NULL,NULL,2281,'Embryonal adenoma',NULL),(2362,NULL,NULL,2281,'Solid carcinoma, NOS',NULL),(2363,NULL,NULL,2281,'Mixed islet cell and exocrine adenocarcinoma',NULL),(2364,NULL,NULL,2281,'Adenoma, NOS',NULL),(2365,NULL,NULL,2281,'Basophil carcinoma',NULL),(2366,NULL,NULL,2281,'Villous adenocarcinoma',NULL),(2367,NULL,NULL,2281,'Liver cell adenoma',NULL),(2368,NULL,NULL,2281,'Carcinoid tumor, NOS, of appendix',NULL),(2369,NULL,NULL,2281,'Chromophobe carcinoma',NULL),(2370,NULL,NULL,2281,'Carcinoid tumor, NOS (except of Appendix M-8240/1)',NULL),(2371,NULL,NULL,2281,'Glucagonoma, malignant',NULL),(2372,NULL,NULL,2281,'Bile duct cystadenocarcinoma',NULL),(2373,NULL,NULL,NULL,'EPITHELIAL NEOPLASMS, NOS','Clinical_Diagnosis_PID'),(2374,NULL,NULL,2373,'Tumorlet',NULL),(2375,NULL,NULL,2373,'Epithelioma, malignant',NULL),(2376,NULL,NULL,2373,'Pleomorphic carcinoma',NULL),(2377,NULL,NULL,2373,'Polygonal cell carcinoma',NULL),(2378,NULL,NULL,2373,'Carcinoma, NOS',NULL),(2379,NULL,NULL,2373,'Carcinomatosis',NULL),(2380,NULL,NULL,2373,'Oat cell carcinoma',NULL),(2381,NULL,NULL,2373,'Small cell carcinoma, intermediate cell',NULL),(2382,NULL,NULL,2373,'Small cell carcinoma, fusiform cell',NULL),(2383,NULL,NULL,2373,'Pseudosarcomatous carcinoma',NULL),(2384,NULL,NULL,2373,'Small cell-large cell carcinoma',NULL),(2385,NULL,NULL,2373,'Epithelioma, benign',NULL),(2386,NULL,NULL,2373,'Small cell carcinoma, NOS',NULL),(2387,NULL,NULL,2373,'Giant cell and spindle cell carcinoma',NULL),(2388,NULL,NULL,2373,'Giant cell carcinoma',NULL),(2389,NULL,NULL,2373,'Carcinoma, anaplastic, NOS',NULL),(2390,NULL,NULL,2373,'Epithelial tumor, benign',NULL),(2391,NULL,NULL,2373,'Spindle cell carcinoma',NULL),(2392,NULL,NULL,2373,'Carcinoma in situ, NOS',NULL),(2393,NULL,NULL,2373,'Carcinoma, metastatic, NOS',NULL),(2394,NULL,NULL,2373,'Large cell carcinoma, NOS',NULL),(2395,NULL,NULL,2373,'Carcinoma, undifferentiated, NOS',NULL),(2396,NULL,NULL,NULL,'TROPHOBLASTIC NEOPLASMS','Clinical_Diagnosis_PID'),(2397,NULL,NULL,2396,'Partial hydatidiform mole',NULL),(2398,NULL,NULL,2396,'Choriocarcinoma, NOS',NULL),(2399,NULL,NULL,2396,'Invasive hydatidiform mole',NULL),(2400,NULL,NULL,2396,'Placental site trophoblastic tumor',NULL),(2401,NULL,NULL,2396,'Malignant teratoma, trophoblastic',NULL),(2402,NULL,NULL,2396,'Choriocarcinoma combined with other germ cell elements',NULL),(2403,NULL,NULL,2396,'Hydatidiform mole, NOS',NULL),(2404,NULL,NULL,NULL,'BASAL CELL NEOPLASMS','Clinical_Diagnosis_PID'),(2405,NULL,NULL,2404,'Basal cell carcinoma, NOS',NULL),(2406,NULL,NULL,2404,'Intraepidermal epithelioma of Jadassohn',NULL),(2407,NULL,NULL,2404,'Metatypical carcinoma',NULL),(2408,NULL,NULL,2404,'Pilomatrixoma, NOS',NULL),(2409,NULL,NULL,2404,'Pilomatrix carcinoma',NULL),(2410,NULL,NULL,2404,'Trichoepithelioma',NULL),(2411,NULL,NULL,2404,'Tricholemmoma',NULL),(2412,NULL,NULL,2404,'Basal cell carcinoma, morphea',NULL),(2413,NULL,NULL,2404,'Basal cell tumor',NULL),(2414,NULL,NULL,2404,'Multicentric basal cell carcinoma',NULL),(2415,NULL,NULL,2404,'Basal cell carcinoma, fibroepithelial',NULL),(2416,NULL,NULL,2404,'Trichofolliculoma',NULL),(2417,NULL,NULL,2404,'Basosquamous carcinoma',NULL),(2418,NULL,NULL,NULL,'NEOPLASMS, NOS','Clinical_Diagnosis_PID'),(2419,NULL,NULL,2418,'Neoplasm, benign',NULL),(2420,NULL,NULL,2418,'Malignant tumor, small cell type',NULL),(2421,NULL,NULL,2418,'Neoplasm, uncertain whether benign or malignant',NULL),(2422,NULL,NULL,2418,'Malignant tumor, giant cell type',NULL),(2423,NULL,NULL,2418,'Malignant tumor, fusiform cell type',NULL),(2424,NULL,NULL,2418,'Tumor cells, uncertain whether benign or malignant',NULL),(2425,NULL,NULL,2418,'Tumor cells, benign',NULL),(2426,NULL,NULL,2418,'Neoplasm, malignant, uncertain whether primary or metastatic',NULL),(2427,NULL,NULL,2418,'Neoplasm, metastatic',NULL),(2428,NULL,NULL,2418,'Tumor cells, malignant',NULL),(2429,NULL,NULL,2418,'Neoplasm, malignant',NULL),(2430,NULL,NULL,NULL,'GLIOMAS','Clinical_Diagnosis_PID'),(2431,NULL,NULL,2430,'Subependymal glioma',NULL),(2432,NULL,NULL,2430,'Pleomorphic xanthoastrocytoma',NULL),(2433,NULL,NULL,2430,'Myxopapillary ependymoma',NULL),(2434,NULL,NULL,2430,'Medullomyoblastoma',NULL),(2435,NULL,NULL,2430,'Protoplasmic astrocytoma',NULL),(2436,NULL,NULL,2430,'Choroid plexus papilloma, NOS',NULL),(2437,NULL,NULL,2430,'Astroblastoma',NULL),(2438,NULL,NULL,2430,'Astrocytoma, anaplastic',NULL),(2439,NULL,NULL,2430,'Oligodendroglioma, NOS',NULL),(2440,NULL,NULL,2430,'Desmoplastic medulloblastoma',NULL),(2441,NULL,NULL,2430,'Papillary ependymoma',NULL),(2442,NULL,NULL,2430,'Spongioblastoma polare',NULL),(2443,NULL,NULL,2430,'Gemistocytic astrocytoma',NULL),(2444,NULL,NULL,2430,'Subependymal giant cell astrocytoma',NULL),(2445,NULL,NULL,2430,'Gliomatosis cerebri',NULL),(2446,NULL,NULL,2430,'Astrocytoma, NOS',NULL),(2447,NULL,NULL,2430,'Fibrillary astrocytoma',NULL),(2448,NULL,NULL,2430,'Primitive neuroectodermal tumor',NULL),(2449,NULL,NULL,2430,'Cerebellar sarcoma, NOS',NULL),(2450,NULL,NULL,2430,'Oligodendroglioma, anaplastic',NULL),(2451,NULL,NULL,2430,'Choroid plexus papilloma, malignant',NULL),(2452,NULL,NULL,2430,'Oligodendroblastoma',NULL),(2453,NULL,NULL,2430,'Medulloblastoma, NOS',NULL),(2454,NULL,NULL,2430,'Glioma, malignant',NULL),(2455,NULL,NULL,2430,'Gliosarcoma',NULL),(2456,NULL,NULL,2430,'Ependymoma, anaplastic',NULL),(2457,NULL,NULL,2430,'Mixed glioma',NULL),(2458,NULL,NULL,2430,'Pilocytic astrocytoma',NULL),(2459,NULL,NULL,2430,'Giant cell glioblastoma',NULL),(2460,NULL,NULL,2430,'Ependymoma, NOS',NULL),(2461,NULL,NULL,2430,'Glioblastoma, NOS',NULL),(2462,NULL,NULL,NULL,'MESONEPHROMAS','Clinical_Diagnosis_PID'),(2463,NULL,NULL,2462,'Mesonephroma, malignant',NULL),(2464,NULL,NULL,2462,'Mesonephroma, benign',NULL),(2465,NULL,NULL,2462,'Mesonephric tumor',NULL),(2466,NULL,NULL,NULL,'NEUROEPITHELIOMATOUS NEOPLASMS','Clinical_Diagnosis_PID'),(2467,NULL,NULL,2466,'Esthesioneuroepithelioma',NULL),(2468,NULL,NULL,2466,'Neurocytoma',NULL),(2469,NULL,NULL,2466,'Esthesioneuroblastoma',NULL),(2470,NULL,NULL,2466,'Esthesioneurocytoma',NULL),(2471,NULL,NULL,2466,'Olfactory neurogenic tumor',NULL),(2472,NULL,NULL,2466,'Neuroepithelioma, NOS',NULL),(2473,NULL,NULL,2466,'Ganglioneuroma',NULL),(2474,NULL,NULL,2466,'Retinoblastoma, NOS',NULL),(2475,NULL,NULL,2466,'Ganglioglioma',NULL),(2476,NULL,NULL,2466,'Retinoblastoma, undifferentiated',NULL),(2477,NULL,NULL,2466,'Pacinian tumor',NULL),(2478,NULL,NULL,2466,'Retinoblastoma, differentiated',NULL),(2479,NULL,NULL,2466,'Neuroblastoma, NOS',NULL),(2480,NULL,NULL,2466,'Ganglioneuroblastoma',NULL),(2481,NULL,NULL,2466,'Ganglioneuromatosis',NULL),(2482,NULL,NULL,2466,'Spongioneuroblastoma',NULL),(2483,NULL,NULL,2466,'Teratoid medulloepithelioma',NULL),(2484,NULL,NULL,2466,'Medulloepithelioma, NOS',NULL),(2485,NULL,NULL,NULL,'BASOPHILIC LEUKEMIA','Clinical_Diagnosis_PID'),(2486,NULL,NULL,2485,'Basophilic leukemia',NULL),(2487,NULL,NULL,NULL,'NERVE SHEATH TUMORS','Clinical_Diagnosis_PID'),(2488,NULL,NULL,2487,'Triton tumor, malignant',NULL),(2489,NULL,NULL,2487,'Neuroma, NOS',NULL),(2490,NULL,NULL,2487,'Neurinomatosis',NULL),(2491,NULL,NULL,2487,'Neurilemmoma, NOS',NULL),(2492,NULL,NULL,2487,'Neurothekeoma',NULL),(2493,NULL,NULL,2487,'Neurofibrosarcoma',NULL),(2494,NULL,NULL,2487,'Plexiform neurofibroma',NULL),(2495,NULL,NULL,2487,'Melanotic neurofibroma',NULL),(2496,NULL,NULL,2487,'Neurilemmoma, malignant',NULL),(2497,NULL,NULL,2487,'Neurofibromatosis, NOS',NULL),(2498,NULL,NULL,2487,'Neurofibroma, NOS',NULL),(2499,NULL,NULL,NULL,'OSSEOUS AND CHONDROMATOUS NEOPLASMS','Clinical_Diagnosis_PID'),(2500,NULL,NULL,2499,'Myxoid chondrosarcoma',NULL),(2501,NULL,NULL,2499,'Telangiectatic osteosarcoma',NULL),(2502,NULL,NULL,2499,'Juxtacortical osteosarcoma',NULL),(2503,NULL,NULL,2499,'Chondroma, NOS',NULL),(2504,NULL,NULL,2499,'Chondromyxoid fibroma',NULL),(2505,NULL,NULL,2499,'Chondroblastoma, NOS',NULL),(2506,NULL,NULL,2499,'Osteochondroma',NULL),(2507,NULL,NULL,2499,'Osteoma, NOS',NULL),(2508,NULL,NULL,2499,'Osteosarcoma, NOS',NULL),(2509,NULL,NULL,2499,'Small cell osteosarcoma',NULL),(2510,NULL,NULL,2499,'Mesenchymal chondrosarcoma',NULL),(2511,NULL,NULL,2499,'Osteochondromatosis, NOS',NULL),(2512,NULL,NULL,2499,'Osteoblastoma, NOS',NULL),(2513,NULL,NULL,2499,'Fibroblastic osteosarcoma',NULL),(2514,NULL,NULL,2499,'Chondroblastoma, malignant',NULL),(2515,NULL,NULL,2499,'Osteosarcoma in Paget\'s disease of bone',NULL),(2516,NULL,NULL,2499,'Chondromatosis, NOS',NULL),(2517,NULL,NULL,2499,'Juxtacortical chondroma',NULL),(2518,NULL,NULL,2499,'Juxtacortical chondrosarcoma',NULL),(2519,NULL,NULL,2499,'Aggressive osteoblastoma',NULL),(2520,NULL,NULL,2499,'Chondroblastic osteosarcoma',NULL),(2521,NULL,NULL,2499,'Chondrosarcoma, NOS',NULL),(2522,NULL,NULL,2499,'Osteoid osteoma, NOS',NULL),(2523,NULL,NULL,NULL,'PLASMA CELL LEUKEMIA','Clinical_Diagnosis_PID'),(2524,NULL,NULL,2523,'Plasma cell leukemia',NULL),(2525,NULL,NULL,NULL,'Chief cell adenoma','Clinical_Diagnosis_PID'),(2526,NULL,NULL,2525,'Follicular adenocarcinoma, well differentiated',NULL),(2527,NULL,NULL,2525,'Water-clear cell adenocarcinoma',NULL),(2528,NULL,NULL,2525,'Mixed cell adenoma',NULL),(2529,NULL,NULL,2525,'Lipoadenoma',NULL),(2530,NULL,NULL,2525,'Adrenal cortical adenoma, compact cell',NULL),(2531,NULL,NULL,2525,'Adrenal cortical adenoma, glomerulosa cell',NULL),(2532,NULL,NULL,2525,'Endometrioid adenoma, borderline malignancy',NULL),(2533,NULL,NULL,2525,'Adrenal cortical adenoma, clear cell',NULL),(2534,NULL,NULL,2525,'Water-clear cell adenoma',NULL),(2535,NULL,NULL,2525,'Adrenal cortical adenoma, mixed cell',NULL),(2536,NULL,NULL,2525,'Mixed cell adenocarcinoma',NULL),(2537,NULL,NULL,2525,'Nonencapsulated sclerosing carcinoma',NULL),(2538,NULL,NULL,2525,'Endometrioid adenofibroma, borderline malignancy',NULL),(2539,NULL,NULL,2525,'Follicular adenocarcinoma, NOS',NULL),(2540,NULL,NULL,2525,'Microfollicular adenoma',NULL),(2541,NULL,NULL,2525,'Adrenal cortical adenoma, NOS',NULL),(2542,NULL,NULL,2525,'Endometrioid adenofibroma, malignant',NULL),(2543,NULL,NULL,2525,'Adrenal cortical adenoma, heavily pigmented variant',NULL),(2544,NULL,NULL,2525,'Papillary carcinoma, follicular variant',NULL),(2545,NULL,NULL,2525,'Follicular adenoma',NULL),(2546,NULL,NULL,2525,'Multiple endocrine adenomas',NULL),(2547,NULL,NULL,2525,'Macrofollicular adenoma',NULL),(2548,NULL,NULL,2525,'Juxtaglomerular tumor',NULL),(2549,NULL,NULL,2525,'Adrenal cortical carcinoma',NULL),(2550,NULL,NULL,2525,'Endometrioid adenoma, NOS',NULL),(2551,NULL,NULL,2525,'Endometrioid carcinoma',NULL),(2552,NULL,NULL,2525,'Endometrioid adenofibroma, NOS',NULL),(2553,NULL,NULL,2525,'Follicular adenocarcinoma, trabecular',NULL),(2554,NULL,NULL,NULL,'MESOTHELIAL NEOPLASMS','Clinical_Diagnosis_PID'),(2555,NULL,NULL,2554,'Cystic mesothelioma',NULL),(2556,NULL,NULL,2554,'Mesothelioma, biphasic, malignant',NULL),(2557,NULL,NULL,2554,'Epithelioid mesothelioma, benign',NULL),(2558,NULL,NULL,2554,'Mesothelioma, benign',NULL),(2559,NULL,NULL,2554,'Fibrous mesothelioma, benign',NULL),(2560,NULL,NULL,2554,'Mesothelioma, malignant',NULL),(2561,NULL,NULL,2554,'Adenomatoid tumor, NOS',NULL),(2562,NULL,NULL,2554,'Epithelioid mesothelioma, malignant',NULL),(2563,NULL,NULL,2554,'Mesothelioma, biphasic, benign',NULL),(2564,NULL,NULL,2554,'Fibrous mesothelioma, malignant',NULL),(2566,NULL,NULL,NULL,'SPECIALIZED GONADAL NEOPLASMS','Clinical_Diagnosis_PID'),(2567,NULL,NULL,2566,'Granulosa cell-theca cell tumor',NULL),(2568,NULL,NULL,2566,'Juvenile granulosa cell tumor',NULL),(2569,NULL,NULL,2566,'Thecoma, NOS',NULL),(2570,NULL,NULL,2566,'Sex cord-stromal tumor',NULL),(2571,NULL,NULL,2566,'Thecoma, malignant',NULL),(2572,NULL,NULL,2566,'Leydig cell tumor, benign',NULL),(2573,NULL,NULL,2566,'Sclerosing stromal tumor',NULL),(2574,NULL,NULL,2566,'Sertoli cell carcinoma',NULL),(2575,NULL,NULL,2566,'Thecoma, luteinized',NULL),(2576,NULL,NULL,2566,'Leydig cell tumor, NOS',NULL),(2577,NULL,NULL,2566,'Androblastoma, malignant',NULL),(2578,NULL,NULL,2566,'Androblastoma, NOS',NULL),(2579,NULL,NULL,2566,'Granulosa cell tumor, malignant',NULL),(2580,NULL,NULL,2566,'Hilus cell tumor',NULL),(2581,NULL,NULL,2566,'Granulosa cell tumor, NOS',NULL),(2582,NULL,NULL,2566,'Leydig cell tumor, malignant',NULL),(2583,NULL,NULL,2566,'Sertoli cell tumor, NOS',NULL),(2584,NULL,NULL,2566,'Sertoli cell tumor with lipid storage',NULL),(2585,NULL,NULL,2566,'Sertoli-Leydig cell tumor',NULL),(2586,NULL,NULL,2566,'Lipid cell tumor of ovary',NULL),(2587,NULL,NULL,2566,'Luteoma, NOS',NULL),(2588,NULL,NULL,2566,'Adrenal rest tumor',NULL),(2589,NULL,NULL,2566,'Androblastoma, benign',NULL),(2590,NULL,NULL,2566,'Sex cord tumor with annular tubules',NULL),(2591,NULL,NULL,2566,'Gynandroblastoma',NULL),(2592,NULL,NULL,NULL,'ERYTHROLEUKEMIAS','Clinical_Diagnosis_PID'),(2593,NULL,NULL,2592,'Erythroleukemia',NULL),(2594,NULL,NULL,2592,'Chronic erythremia',NULL),(2595,NULL,NULL,NULL,'MISCELLANEOUS TUMORS','Clinical_Diagnosis_PID'),(2596,NULL,NULL,2595,'Peripheral neuroectodermal tumor',NULL),(2597,NULL,NULL,2595,'Pineoblastoma',NULL),(2598,NULL,NULL,2595,'Pineocytoma',NULL),(2599,NULL,NULL,2595,'Chordoma',NULL),(2600,NULL,NULL,2595,'Melanotic neuroectodermal tumor',NULL),(2601,NULL,NULL,2595,'Craniopharyngioma',NULL),(2602,NULL,NULL,2595,'Pinealoma',NULL),(2603,NULL,NULL,NULL,'MYXOMATOUS NEOPLASMS','Clinical_Diagnosis_PID'),(2604,NULL,NULL,2603,'Myxoma, NOS',NULL),(2605,NULL,NULL,2603,'Angiomyxoma',NULL),(2606,NULL,NULL,2603,'Myxosarcoma',NULL),(2607,NULL,NULL,NULL,'MAST CELL TUMORS','Clinical_Diagnosis_PID'),(2608,NULL,NULL,2607,'Mast cell sarcoma',NULL),(2609,NULL,NULL,2607,'Malignant mastocytosis',NULL),(2610,NULL,NULL,2607,'Mastocytoma, NOS',NULL),(2611,NULL,NULL,NULL,'MYELODYSPLASTIC SYNDROME','Clinical_Diagnosis_PID'),(2612,NULL,NULL,2611,'Myelodysplastic syndrome, NOS',NULL),(2613,NULL,NULL,2611,'Refractory anemia, NOS',NULL),(2614,NULL,NULL,2611,'Refractory anemia with sideroblasts',NULL),(2615,NULL,NULL,2611,'Refractory anemia with excess of blasts',NULL),(2616,NULL,NULL,2611,'Refractory anemia without sideroblasts',NULL),(2617,NULL,NULL,2611,'Refractory anemia with excess of blasts with transformation',NULL),(2618,NULL,NULL,NULL,'LYMPHOID LEUKEMIAS','Clinical_Diagnosis_PID'),(2619,NULL,NULL,2618,'Acute lymphoblastic leukemia, NOS',NULL),(2620,NULL,NULL,2618,'Burkitt\'s cell leukemia',NULL),(2621,NULL,NULL,2618,'Prolymphocytic leukemia',NULL),(2622,NULL,NULL,2618,'Adult T-cell leukemia/lymphoma',NULL),(2623,NULL,NULL,2618,'Chronic lymphocytic leukemia',NULL),(2624,NULL,NULL,2618,'Lymphoid leukemia, NOS',NULL),(2625,NULL,NULL,NULL,'GRANULAR CELL TUMORS AND ALVEOLAR SOFT PART SARCOMA','Clinical_Diagnosis_PID'),(2626,NULL,NULL,2625,'Granular cell tumor, NOS',NULL),(2627,NULL,NULL,2625,'Alveolar soft part sarcoma',NULL),(2628,NULL,NULL,2625,'Granular cell tumor, malignant',NULL),(2630,NULL,NULL,NULL,'MALIGNANT LYMPHOMA, FOLLICULAR OR NODULAR, with or without diffuse areas','Clinical_Diagnosis_PID'),(2631,NULL,NULL,2630,'Malignant lymphoma, mixed small cleaved and large cell, follicular',NULL),(2632,NULL,NULL,2630,'Malignant lymphoma, lymphocytic, well differentiated, nodular',NULL),(2633,NULL,NULL,2630,'Malignant lymphoma, small cleaved cell, follicular',NULL),(2634,NULL,NULL,2630,'Malignant lymphoma, follicular, NOS',NULL),(2635,NULL,NULL,NULL,'Unknown','Clinical_Diagnosis_PID'),(2636,NULL,NULL,NULL,'Unknown','2003989'),(2637,NULL,NULL,3,'Sputum',NULL),(2638,NULL,NULL,NULL,'Dead','2004001'),(2639,NULL,NULL,NULL,'Alive','2004001'),(2640,NULL,NULL,NULL,'Unknown','2004001'),(2641,NULL,NULL,NULL,'Unspecified','2004001'),(2642,NULL,NULL,NULL,'Not Specified','Tissue_Site_PID'),(2643,NULL,NULL,2154,'Eosinophilic leukemia',NULL),(2644,NULL,NULL,1825,'Lymphosarcoma cell leukemia',NULL),(2645,NULL,NULL,NULL,'No Disease','Clinical_Diagnosis_PID'),(2646,NULL,NULL,2,'Slide',NULL),(2647,NULL,NULL,NULL,'Not Specified','2003990'),(2648,NULL,NULL,NULL,'Not Specified','Clinical_Diagnosis_PID'),(2651,NULL,NULL,1,'Total Nucleic Acid',NULL),(2652,NULL,NULL,1,'Whole Genome Amplified DNA',NULL),(5000,NULL,NULL,NULL,'All','4284'),(5001,NULL,NULL,NULL,'New','4284'),(5002,NULL,NULL,NULL,'Pending','4284'),(5005,NULL,NULL,NULL,'New','4285'),(5006,NULL,NULL,NULL,'Pending - Protocol Review','4285'),(5007,NULL,NULL,NULL,'Pending - For Distribution','4285'),(5008,NULL,NULL,NULL,'Pending - Specimen Preparation','4285'),(5009,NULL,NULL,NULL,'Rejected - Inappropriate Request','4285'),(5010,NULL,NULL,NULL,'Rejected - Specimen Unavailable','4285'),(5011,NULL,NULL,NULL,'Rejected - Unable to Create','4285'),(5012,NULL,NULL,NULL,'Distributed','4285');

/*Table structure for table `catissue_procedure_event_param` */

DROP TABLE IF EXISTS `catissue_procedure_event_param`;

CREATE TABLE `catissue_procedure_event_param` (
  `IDENTIFIER` bigint(20) NOT NULL default '0',
  `URL` varchar(255) NOT NULL default '',
  `NAME` varchar(255) NOT NULL default '',
  PRIMARY KEY  (`IDENTIFIER`),
  KEY `FKEC6B4260BC7298A9` (`IDENTIFIER`),
  KEY `INDX_CATISSUE_PROCEVT_URL` (`URL`),
  KEY `INDX_CATISSUE_PROCEVT_NAME` (`NAME`),
  CONSTRAINT `FKEC6B4260BC7298A9` FOREIGN KEY (`IDENTIFIER`) REFERENCES `catissue_specimen_event_param` (`IDENTIFIER`)
) ENGINE=InnoDB DEFAULT CHARSET=latin1;

/*Data for the table `catissue_procedure_event_param` */

/*Table structure for table `catissue_quantity` */

DROP TABLE IF EXISTS `catissue_quantity`;

CREATE TABLE `catissue_quantity` (
  `IDENTIFIER` bigint(20) NOT NULL auto_increment,
  `QUANTITY` double default NULL,
  PRIMARY KEY  (`IDENTIFIER`)
) ENGINE=InnoDB DEFAULT CHARSET=latin1;

/*Data for the table `catissue_quantity` */

insert into `catissue_quantity` (`IDENTIFIER`,`QUANTITY`) values (1,30);

/*Table structure for table `catissue_quarantine_params` */

DROP TABLE IF EXISTS `catissue_quarantine_params`;

CREATE TABLE `catissue_quarantine_params` (
  `IDENTIFIER` bigint(20) NOT NULL auto_increment,
  `DEID_REPORT_ID` bigint(20) default NULL,
  `IS_QUARANTINED` tinyint(1) default NULL,
  `EVENT_TIMESTAMP` datetime default NULL,
  `USER_ID` bigint(20) default NULL,
  `COMMENTS` text,
  `STATUS` varchar(100) default NULL,
  PRIMARY KEY  (`IDENTIFIER`),
  KEY `FK3C12AE3B2206F20F` (`USER_ID`),
  KEY `FK3C12AE3B3EEC14E3` (`DEID_REPORT_ID`),
  CONSTRAINT `FK3C12AE3B3EEC14E3` FOREIGN KEY (`DEID_REPORT_ID`) REFERENCES `catissue_deidentified_report` (`IDENTIFIER`),
  CONSTRAINT `FK3C12AE3B2206F20F` FOREIGN KEY (`USER_ID`) REFERENCES `catissue_user` (`IDENTIFIER`)
) ENGINE=InnoDB DEFAULT CHARSET=latin1;

/*Data for the table `catissue_quarantine_params` */

/*Table structure for table `catissue_query_editlink_cols` */

DROP TABLE IF EXISTS `catissue_query_editlink_cols`;

CREATE TABLE `catissue_query_editlink_cols` (
  `TABLE_ID` bigint(20) NOT NULL default '0',
  `COL_ID` bigint(20) NOT NULL default '0'
) ENGINE=InnoDB DEFAULT CHARSET=latin1;

/*Data for the table `catissue_query_editlink_cols` */

insert into `catissue_query_editlink_cols` (`TABLE_ID`,`COL_ID`) values (8,25),(7,29),(10,225),(10,224),(27,59),(5,68),(38,75),(19,224),(19,225),(75,327),(6,101),(31,116),(31,117),(31,118),(3,185),(33,196),(33,323),(72,240),(72,243),(71,307),(35,320),(21,240),(1,307),(23,292),(23,293),(23,294);

/*Table structure for table `catissue_query_table_data` */

DROP TABLE IF EXISTS `catissue_query_table_data`;

CREATE TABLE `catissue_query_table_data` (
  `TABLE_ID` bigint(20) NOT NULL auto_increment,
  `TABLE_NAME` varchar(50) default NULL,
  `DISPLAY_NAME` varchar(50) default NULL,
  `ALIAS_NAME` varchar(50) default NULL,
  `PRIVILEGE_ID` int(1) default NULL,
  `FOR_SQI` tinyint(1) default NULL,
  PRIMARY KEY  (`TABLE_ID`)
) ENGINE=InnoDB DEFAULT CHARSET=latin1;

/*Data for the table `catissue_query_table_data` */

insert into `catissue_query_table_data` (`TABLE_ID`,`TABLE_NAME`,`DISPLAY_NAME`,`ALIAS_NAME`,`PRIVILEGE_ID`,`FOR_SQI`) values (1,'CATISSUE_STORAGE_TYPE','Storage Type','StorageType',1,1),(2,'CATISSUE_CAPACITY','Storage Container Capacity','StorageContainerCapacity',2,NULL),(3,'CATISSUE_SITE','Site','Site',2,1),(4,'CATISSUE_ADDRESS','Address','Address',2,NULL),(5,'CATISSUE_DEPARTMENT','Department','Department',1,1),(6,'CATISSUE_INSTITUTION','Institution','Institution',1,1),(7,'CATISSUE_CANCER_RESEARCH_GROUP','Cancer Research Group','CancerResearchGroup',1,1),(8,'CATISSUE_BIOHAZARD','Biohazard','Biohazard',1,1),(9,'CATISSUE_SPECIMEN_PROTOCOL','Specimen Protocol','SpecimenProtocol',2,NULL),(10,'CATISSUE_COLLECTION_PROTOCOL','Collection Protocol','CollectionProtocol',2,1),(11,'CATISSUE_COLL_PROT_EVENT','Collection Protocol Event','CollectionProtocolEvent',2,NULL),(12,'CATISSUE_SPECIMEN_REQUIREMENT','Specimen Requirement','SpecimenRequirement',2,NULL),(17,'CATISSUE_COLL_COORDINATORS','Collection Coordinators','CollectionCoordinators',2,NULL),(18,'CATISSUE_COLL_SPECIMEN_REQ','Collection Specimen Requirement','CollectionSpecReq',2,NULL),(19,'CATISSUE_DISTRIBUTION_PROTOCOL','Distribution Protocol','DistributionProtocol',2,1),(20,'CATISSUE_DISTRIBUTION_SPE_REQ','Distribution Specimen Requirement','DistributionSpecReq',1,NULL),(21,'CATISSUE_STORAGE_CONTAINER','Storage Container','StorageContainer',2,1),(23,'CATISSUE_USER','User','User',2,1),(27,'CATISSUE_COLL_PROT_REG','Collection Protocol Registration','CollectionProtReg',2,1),(28,'CATISSUE_EXTERNAL_IDENTIFIER','External Identifier','ExternalIdentifier',2,NULL),(31,'CATISSUE_PARTICIPANT','Participant','Participant',2,1),(32,'CATISSUE_PART_MEDICAL_ID','Participant Medical Identifier','ParticipantMedicalId',2,NULL),(33,'CATISSUE_SPECIMEN','Specimen','Specimen',2,1),(34,'CATISSUE_SPECIMEN_CHAR','Specimen Characteristics','SpecimenCharacteristics',2,NULL),(35,'CATISSUE_SPECIMEN_COLL_GROUP','Specimen Collection Group','SpecimenCollectionGroup',2,1),(37,'CATISSUE_DISTRIBUTED_ITEM','Distributed Item','DistributedItem',1,NULL),(38,'CATISSUE_DISTRIBUTION','Distribution','Distribution',2,1),(39,'CATISSUE_AUDIT_EVENT','Audit Event','AuditEvent',1,NULL),(40,'CATISSUE_AUDIT_EVENT_DETAILS','Audit Event Details','AuditEventDetails',1,NULL),(41,'CATISSUE_AUDIT_EVENT_LOG','Audit Event Log','AuditEventLog',1,NULL),(42,'CATISSUE_CDE','Cde','Cde',0,NULL),(43,'CATISSUE_CELL_SPE_REVIEW_PARAM','Cell Specimen Review Parameters','CellSpecimenParam',2,2),(44,'CATISSUE_IN_OUT_EVENT_PARAM','Checkin Checkout Event Parameter','CheckinoutEventParam',2,2),(45,'CATISSUE_COLL_DISTRIBUTION_REL','Collection Distribution Relation','CollectionDistributionRel',2,NULL),(46,'CATISSUE_COLL_EVENT_PARAM','Collection Event Parameters','CollectionEventParam',2,2),(47,'CATISSUE_DISPOSAL_EVENT_PARAM','Disposal Event Parameters','DisposalEventParam',2,2),(48,'CATISSUE_EMBEDDED_EVENT_PARAM','Embedded Event Parameters','EmbeddedEventParam',2,2),(49,'CATISSUE_FIXED_EVENT_PARAM','Fixed Event Parameters','FixedEventParameters',2,2),(50,'CATISSUE_FLUID_SPE_EVENT_PARAM','Fluid Specimen Review Event Parameters','FluidSpecEventParam',2,2),(51,'CATISSUE_FROZEN_EVENT_PARAM','Frozen Event Parameters','FrozenEventParameters',2,2),(52,'CATISSUE_MOL_SPE_REVIEW_PARAM','Molecular Specimen Review Parameters','MolecularSpecParam',2,2),(53,'CATISSUE_PERMISSIBLE_VALUE','Permissible Value','PermissibleValue',0,NULL),(54,'CATISSUE_PROCEDURE_EVENT_PARAM','Procedure Event Parameters','ProcedureEventParam',2,2),(55,'CATISSUE_INTERFACE_COLUMN_DATA','Query Interface Column Data','QueryInterfaceColumnData',0,NULL),(56,'CATISSUE_QUERY_TABLE_DATA','Query Interface Table Data','QueryInterfaceTableData',0,NULL),(57,'CATISSUE_RECEIVED_EVENT_PARAM','Received Event Parameters','ReceivedEventParam',2,2),(58,'CATISSUE_RELATED_TABLES_MAP','Related Tables Map','RelatedTablesMap',0,NULL),(59,'CATISSUE_REPORTED_PROBLEM','Reported Problem','ReportedProblem',1,1),(60,'CATISSUE_EVENT_PARAM','Review Event Parameters','ReviewEventParameters',2,NULL),(61,'CATISSUE_SIGNUP_USER','Signup User','SignupUser',2,NULL),(62,'CATISSUE_SPECIMEN_BIOHZ_REL','Biohazard','SpecimenBiohazardRel',2,NULL),(63,'CATISSUE_SPECIMEN_EVENT_PARAM','Specimen Event Parameters','SpecimenEventParameters',2,NULL),(64,'CATISSUE_SPUN_EVENT_PARAMETERS','Spun Event Parameters','SpunEventParameters',2,2),(65,'CATISSUE_TABLE_RELATION','Table Relation','TableRelation',0,NULL),(66,'CATISSUE_THAW_EVENT_PARAMETERS','Thaw Event Parameters','ThawEventParameters',2,2),(67,'CATISSUE_TIS_SPE_EVENT_PARAM','Tissue Specimen Review Event Parameters','TissueSpecEventParam',2,2),(68,'CATISSUE_TRANSFER_EVENT_PARAM','Transfer Event Parameter','TransferEventParameter',2,2),(69,'CATISSUE_CONTAINER_TYPE','Container Type','ContainerType',0,NULL),(70,'CATISSUE_CONTAINER','Container','Container',0,NULL),(71,'CATISSUE_SPECIMEN_ARRAY_TYPE','Specimen Array Type','SpecimenArrayType',2,1),(72,'CATISSUE_SPECIMEN_ARRAY','Specimen Array','SpecimenArray',2,1),(73,'CATISSUE_RACE','Race','Race',0,NULL),(74,'CATISSUE_QUANTITY','Quantity','Quantity',0,NULL),(75,'CATISSUE_DISTRIBUTION','Distribution_array','Distribution_array',2,1),(76,'CATISSUE_ORDER','Order','OrderDetails',2,NULL),(77,'CATISSUE_REPORT_QUEUE','Report Queue','ReportQueue',2,NULL),(78,'CATISSUE_PATHOLOGY_REPORT','Surgical Pathology Report','SurgicalPathologyReport',2,NULL),(79,'CATISSUE_IDENTIFIED_REPORT','Identified Surgical Pathology Report','IdentifiedSurgicalPathologyReport',2,NULL),(80,'CATISSUE_DEIDENTIFIED_REPORT','Deidentified Surgical Pathology Report','DeidentifiedSurgicalPathologyReport',2,NULL),(81,'CATISSUE_REPORT_CONTENT','Report Content','ReportContent',2,NULL),(82,'CATISSUE_REPORT_TEXTCONTENT','Text Content','TextContent',2,NULL),(83,'CATISSUE_REPORT_BICONTENT','Binary Content','BinaryContent',2,NULL),(84,'CATISSUE_REPORT_SECTION','Report Section','ReportSection',2,NULL),(85,'CATISSUE_CONCEPT','Concept','Concept',2,NULL),(87,'CATISSUE_CONCEPT_REFERENT','Concept Referent','ConceptReferent',2,NULL),(88,'CATISSUE_CONCEPT_CLASSIFICATN','Concept Referent Classification','ConceptReferentClassification',2,NULL),(89,'CATISSUE_SEMANTIC_TYPE','Semantic Type','SemanticType',2,NULL),(90,'CATISSUE_REVIEW_PARAMS','Pathology Report Review Parameter','PathologyReportReviewParameter',2,NULL),(91,'CATISSUE_QUARANTINE_PARAMS','Quarantine Event Parameter','QuarantineEventParameter',2,NULL),(92,'CATISSUE_ABS_SPECI_COLL_GROUP','Abstract Specimen Coll Group','AbstractScg',2,NULL);

/*Table structure for table `catissue_race` */

DROP TABLE IF EXISTS `catissue_race`;

CREATE TABLE `catissue_race` (
  `PARTICIPANT_ID` bigint(20) NOT NULL default '0',
  `RACE_NAME` varchar(50) default NULL,
  KEY `FKB0242ECD87E5ADC7` (`PARTICIPANT_ID`),
  KEY `INDX_RACE_NAME` (`RACE_NAME`),
  CONSTRAINT `FKB0242ECD87E5ADC7` FOREIGN KEY (`PARTICIPANT_ID`) REFERENCES `catissue_participant` (`IDENTIFIER`)
) ENGINE=InnoDB DEFAULT CHARSET=latin1;

/*Data for the table `catissue_race` */

insert into `catissue_race` (`PARTICIPANT_ID`,`RACE_NAME`) values (1,'Asian');

/*Table structure for table `catissue_received_event_param` */

DROP TABLE IF EXISTS `catissue_received_event_param`;

CREATE TABLE `catissue_received_event_param` (
  `IDENTIFIER` bigint(20) NOT NULL default '0',
  `RECEIVED_QUALITY` varchar(255) default NULL,
  PRIMARY KEY  (`IDENTIFIER`),
  KEY `FKA7139D06BC7298A9` (`IDENTIFIER`),
  KEY `INDX_CATISSUE_RECEVT_QTY` (`RECEIVED_QUALITY`),
  CONSTRAINT `FKA7139D06BC7298A9` FOREIGN KEY (`IDENTIFIER`) REFERENCES `catissue_specimen_event_param` (`IDENTIFIER`)
) ENGINE=InnoDB DEFAULT CHARSET=latin1;

/*Data for the table `catissue_received_event_param` */

insert into `catissue_received_event_param` (`IDENTIFIER`,`RECEIVED_QUALITY`) values (2,'Not Specified'),(3,'Not Specified');

/*Table structure for table `catissue_related_tables_map` */

DROP TABLE IF EXISTS `catissue_related_tables_map`;

CREATE TABLE `catissue_related_tables_map` (
  `FIRST_TABLE_ID` bigint(20) default NULL,
  `SECOND_TABLE_ID` bigint(20) default NULL,
  `FIRST_TABLE_JOIN_COLUMN` varchar(50) default NULL,
  `SECOND_TABLE_JOIN_COLUMN` varchar(50) default NULL
) ENGINE=InnoDB DEFAULT CHARSET=latin1;

/*Data for the table `catissue_related_tables_map` */

insert into `catissue_related_tables_map` (`FIRST_TABLE_ID`,`SECOND_TABLE_ID`,`FIRST_TABLE_JOIN_COLUMN`,`SECOND_TABLE_JOIN_COLUMN`) values (10,11,'IDENTIFIER','COLLECTION_PROTOCOL_ID'),(5,23,'IDENTIFIER','DEPARTMENT_ID'),(6,23,'IDENTIFIER','INSTITUTION_ID'),(7,23,'IDENTIFIER','CANCER_RESEARCH_GROUP_ID'),(4,23,'IDENTIFIER','ADDRESS_ID'),(4,3,'IDENTIFIER','ADDRESS_ID'),(9,10,'IDENTIFIER','IDENTIFIER'),(23,9,'IDENTIFIER','PRINCIPAL_INVESTIGATOR_ID'),(23,17,'IDENTIFIER','USER_ID'),(10,17,'IDENTIFIER','COLLECTION_PROTOCOL_ID'),(12,18,'IDENTIFIER','SPECIMEN_REQUIREMENT_ID'),(11,18,'IDENTIFIER','COLLECTION_PROTOCOL_EVENT_ID'),(9,19,'IDENTIFIER','IDENTIFIER'),(12,20,'IDENTIFIER','SPECIMEN_REQUIREMENT_ID'),(19,20,'IDENTIFIER','DISTRIBUTION_PROTOCOL_ID'),(12,74,'QUANTITY_ID','IDENTIFIER'),(23,24,'IDENTIFIER','USER_ID'),(31,32,'IDENTIFIER','PARTICIPANT_ID'),(31,73,'IDENTIFIER','PARTICIPANT_ID'),(10,27,'IDENTIFIER','COLLECTION_PROTOCOL_ID'),(31,27,'IDENTIFIER','PARTICIPANT_ID'),(3,92,'IDENTIFIER','SITE_ID'),(11,35,'IDENTIFIER','COLLECTION_PROTOCOL_EVENT_ID'),(27,35,'IDENTIFIER','COLLECTION_PROTOCOL_REG_ID'),(21,33,'IDENTIFIER','STORAGE_CONTAINER_IDENTIFIER'),(35,33,'IDENTIFIER','SPECIMEN_COLLECTION_GROUP_ID'),(34,33,'IDENTIFIER','SPECIMEN_CHARACTERISTICS_ID'),(33,33,'IDENTIFIER','PARENT_SPECIMEN_ID'),(33,37,'IDENTIFIER','SPECIMEN_ID'),(38,37,'IDENTIFIER','DISTRIBUTION_ID'),(33,62,'IDENTIFIER','SPECIMEN_ID'),(8,62,'IDENTIFIER','BIOHAZARD_ID'),(33,28,'IDENTIFIER','SPECIMEN_ID'),(33,63,'IDENTIFIER','SPECIMEN_ID'),(1,69,'IDENTIFIER','IDENTIFIER'),(3,21,'IDENTIFIER','SITE_ID'),(2,70,'IDENTIFIER','CAPACITY_ID'),(1,21,'IDENTIFIER','STORAGE_TYPE_ID'),(70,21,'IDENTIFIER','IDENTIFIER'),(71,69,'IDENTIFIER','IDENTIFIER'),(72,71,'SPECIMEN_ARRAY_TYPE_ID','IDENTIFIER'),(72,70,'IDENTIFIER','IDENTIFIER'),(75,37,'IDENTIFIER','DISTRIBUTION_ID'),(72,37,'IDENTIFIER','SPECIMEN_ARRAY_ID'),(63,43,'IDENTIFIER','IDENTIFIER'),(63,44,'IDENTIFIER','IDENTIFIER'),(63,46,'IDENTIFIER','IDENTIFIER'),(63,47,'IDENTIFIER','IDENTIFIER'),(63,48,'IDENTIFIER','IDENTIFIER'),(63,49,'IDENTIFIER','IDENTIFIER'),(63,50,'IDENTIFIER','IDENTIFIER'),(63,51,'IDENTIFIER','IDENTIFIER'),(63,52,'IDENTIFIER','IDENTIFIER'),(63,54,'IDENTIFIER','IDENTIFIER'),(63,57,'IDENTIFIER','IDENTIFIER'),(63,64,'IDENTIFIER','IDENTIFIER'),(63,66,'IDENTIFIER','IDENTIFIER'),(63,67,'IDENTIFIER','IDENTIFIER'),(63,68,'IDENTIFIER','IDENTIFIER'),(23,63,'IDENTIFIER','USER_ID'),(38,9,'DISTRIBUTION_PROTOCOL_ID','IDENTIFIER'),(75,3,'TO_SITE_ID','IDENTIFIER'),(75,9,'DISTRIBUTION_PROTOCOL_ID','IDENTIFIER'),(92,35,'IDENTIFIER','IDENTIFIER');

/*Table structure for table `catissue_report_bicontent` */

DROP TABLE IF EXISTS `catissue_report_bicontent`;

CREATE TABLE `catissue_report_bicontent` (
  `IDENTIFIER` bigint(20) NOT NULL default '0',
  `REPORT_ID` bigint(20) default NULL,
  PRIMARY KEY  (`IDENTIFIER`),
  KEY `FK8A9A4EE391092806` (`REPORT_ID`),
  KEY `FK8A9A4EE3BC7298A9` (`IDENTIFIER`),
  CONSTRAINT `FK8A9A4EE3BC7298A9` FOREIGN KEY (`IDENTIFIER`) REFERENCES `catissue_report_content` (`IDENTIFIER`),
  CONSTRAINT `FK8A9A4EE391092806` FOREIGN KEY (`REPORT_ID`) REFERENCES `catissue_pathology_report` (`IDENTIFIER`)
) ENGINE=InnoDB DEFAULT CHARSET=latin1;

/*Data for the table `catissue_report_bicontent` */

/*Table structure for table `catissue_report_content` */

DROP TABLE IF EXISTS `catissue_report_content`;

CREATE TABLE `catissue_report_content` (
  `IDENTIFIER` bigint(20) NOT NULL auto_increment,
  `REPORT_DATA` text,
  PRIMARY KEY  (`IDENTIFIER`)
) ENGINE=InnoDB DEFAULT CHARSET=latin1;

/*Data for the table `catissue_report_content` */

/*Table structure for table `catissue_report_particip_rel` */

DROP TABLE IF EXISTS `catissue_report_particip_rel`;

CREATE TABLE `catissue_report_particip_rel` (
  `PARTICIPANT_ID` bigint(20) default NULL,
  `REPORT_ID` bigint(20) default NULL
) ENGINE=InnoDB DEFAULT CHARSET=latin1;

/*Data for the table `catissue_report_particip_rel` */

/*Table structure for table `catissue_report_queue` */

DROP TABLE IF EXISTS `catissue_report_queue`;

CREATE TABLE `catissue_report_queue` (
  `IDENTIFIER` bigint(20) NOT NULL auto_increment,
  `STATUS` varchar(50) default NULL,
  `SURGICAL_PATHOLOGY_NUMBER` varchar(50) default NULL,
  `PARTICIPANT_NAME` varchar(255) default NULL,
  `SITE_NAME` varchar(255) default NULL,
  `REPORT_LOADED_DATE` date default NULL,
  `REPORT_TEXT` text,
  `SPECIMEN_COLL_GRP_ID` bigint(20) default NULL,
  `REPORT_COLLECTION_DATE` date default NULL,
  PRIMARY KEY  (`IDENTIFIER`),
  KEY `FK214246228CA560D1` (`SPECIMEN_COLL_GRP_ID`),
  CONSTRAINT `FK214246228CA560D1` FOREIGN KEY (`SPECIMEN_COLL_GRP_ID`) REFERENCES `catissue_specimen_coll_group` (`IDENTIFIER`)
) ENGINE=InnoDB DEFAULT CHARSET=latin1;

/*Data for the table `catissue_report_queue` */

/*Table structure for table `catissue_report_section` */

DROP TABLE IF EXISTS `catissue_report_section`;

CREATE TABLE `catissue_report_section` (
  `IDENTIFIER` bigint(20) NOT NULL auto_increment,
  `DOCUMENT_FRAGMENT` text,
  `END_OFFSET` int(11) default NULL,
  `NAME` varchar(100) default NULL,
  `START_OFFSET` int(11) default NULL,
  `TEXT_CONTENT_ID` bigint(20) default NULL,
  PRIMARY KEY  (`IDENTIFIER`)
) ENGINE=InnoDB DEFAULT CHARSET=latin1;

/*Data for the table `catissue_report_section` */

/*Table structure for table `catissue_report_textcontent` */

DROP TABLE IF EXISTS `catissue_report_textcontent`;

CREATE TABLE `catissue_report_textcontent` (
  `IDENTIFIER` bigint(20) NOT NULL default '0',
  `REPORT_ID` bigint(20) default NULL,
  PRIMARY KEY  (`IDENTIFIER`),
  KEY `FKD74882FD91092806` (`REPORT_ID`),
  KEY `FKD74882FDBC7298A9` (`IDENTIFIER`),
  CONSTRAINT `FKD74882FDBC7298A9` FOREIGN KEY (`IDENTIFIER`) REFERENCES `catissue_report_content` (`IDENTIFIER`),
  CONSTRAINT `FKD74882FD91092806` FOREIGN KEY (`REPORT_ID`) REFERENCES `catissue_pathology_report` (`IDENTIFIER`)
) ENGINE=InnoDB DEFAULT CHARSET=latin1;

/*Data for the table `catissue_report_textcontent` */

/*Table structure for table `catissue_report_xmlcontent` */

DROP TABLE IF EXISTS `catissue_report_xmlcontent`;

CREATE TABLE `catissue_report_xmlcontent` (
  `IDENTIFIER` bigint(20) NOT NULL default '0',
  `REPORT_ID` bigint(20) default NULL,
  PRIMARY KEY  (`IDENTIFIER`),
  KEY `FK4597C9F1BC7298A9` (`IDENTIFIER`),
  KEY `FK4597C9F191092806` (`REPORT_ID`),
  CONSTRAINT `FK4597C9F191092806` FOREIGN KEY (`REPORT_ID`) REFERENCES `catissue_pathology_report` (`IDENTIFIER`),
  CONSTRAINT `FK4597C9F1BC7298A9` FOREIGN KEY (`IDENTIFIER`) REFERENCES `catissue_report_content` (`IDENTIFIER`)
) ENGINE=InnoDB DEFAULT CHARSET=latin1;

/*Data for the table `catissue_report_xmlcontent` */

/*Table structure for table `catissue_reported_problem` */

DROP TABLE IF EXISTS `catissue_reported_problem`;

CREATE TABLE `catissue_reported_problem` (
  `IDENTIFIER` bigint(20) NOT NULL auto_increment,
  `AFFILIATION` varchar(255) NOT NULL default '',
  `NAME_OF_REPORTER` varchar(255) NOT NULL default '',
  `REPORTERS_EMAIL_ID` varchar(255) NOT NULL default '',
  `MESSAGE_BODY` text NOT NULL,
  `SUBJECT` varchar(255) default NULL,
  `REPORTED_DATE` date default NULL,
  `ACTIVITY_STATUS` varchar(100) default NULL,
  `COMMENTS` text,
  PRIMARY KEY  (`IDENTIFIER`)
) ENGINE=InnoDB DEFAULT CHARSET=latin1;

/*Data for the table `catissue_reported_problem` */

/*Table structure for table `catissue_review_params` */

DROP TABLE IF EXISTS `catissue_review_params`;

CREATE TABLE `catissue_review_params` (
  `IDENTIFIER` bigint(20) NOT NULL auto_increment,
  `REVIEWER_ROLE` varchar(100) default NULL,
  `REPORT_ID` bigint(20) default NULL,
  `EVENT_TIMESTAMP` datetime default NULL,
  `USER_ID` bigint(20) default NULL,
  `COMMENTS` text,
  `STATUS` varchar(100) default NULL,
  PRIMARY KEY  (`IDENTIFIER`),
  KEY `FK5311FFF62206F20F` (`USER_ID`),
  KEY `FK5311FFF691092806` (`REPORT_ID`),
  CONSTRAINT `FK5311FFF691092806` FOREIGN KEY (`REPORT_ID`) REFERENCES `catissue_pathology_report` (`IDENTIFIER`),
  CONSTRAINT `FK5311FFF62206F20F` FOREIGN KEY (`USER_ID`) REFERENCES `catissue_user` (`IDENTIFIER`)
) ENGINE=InnoDB DEFAULT CHARSET=latin1;

/*Data for the table `catissue_review_params` */

/*Table structure for table `catissue_search_display_data` */

DROP TABLE IF EXISTS `catissue_search_display_data`;

CREATE TABLE `catissue_search_display_data` (
  `RELATIONSHIP_ID` bigint(20) NOT NULL default '0',
  `COL_ID` bigint(20) NOT NULL default '0',
  `DISPLAY_NAME` varchar(50) default NULL,
  `DEFAULT_VIEW_ATTRIBUTE` tinyint(1) default '0',
  `ATTRIBUTE_ORDER` int(5) default NULL
) ENGINE=InnoDB DEFAULT CHARSET=latin1;

/*Data for the table `catissue_search_display_data` */

insert into `catissue_search_display_data` (`RELATIONSHIP_ID`,`COL_ID`,`DISPLAY_NAME`,`DEFAULT_VIEW_ATTRIBUTE`,`ATTRIBUTE_ORDER`) values (6,185,'Name',1,1),(6,184,'Identifier',1,2),(6,186,'Type',1,3),(6,187,'Email Address',1,4),(7,2,'Street',1,5),(7,3,'City',1,6),(7,4,'State',1,7),(7,5,'Country',1,8),(7,6,'Zip Code',1,9),(7,7,'Phone Number',1,10),(7,8,'Fax Number',1,11),(2,101,'Name',1,1),(2,100,'Identifier',1,2),(3,68,'Name',1,1),(3,67,'Identifier',1,2),(4,29,'Name',1,1),(4,28,'Identifier',1,2),(5,25,'Name',1,1),(5,24,'Identifier',1,2),(5,26,'Comments',1,3),(5,27,'Type',1,4),(108,307,'Name',1,1),(1,258,'Identifier',1,2),(1,260,'Default Temperature',1,3),(108,261,'One Dimension Label',1,4),(108,262,'Two Dimension Label',1,5),(108,308,'Comments',0,6),(110,240,'Container Name',1,1),(8,239,'Identifier',1,2),(8,241,'Temperature',1,3),(9,252,'One Dimension Capacity',0,4),(9,253,'Two Dimension Capacity',0,5),(10,307,'Container Type',0,6),(10,261,'One Dimension Label',0,7),(10,262,'Two Dimension Label',0,8),(11,185,'Site Name',1,9),(110,242,'Is Container Full',1,10),(110,243,'Barcode',1,11),(110,247,'Parent Container Identifier',1,12),(110,249,'Position Dimension One',1,13),(110,250,'Position Dimension Two',1,14),(110,310,'Comments',0,15),(112,307,'Name',1,1),(111,311,'Identifier',1,2),(111,312,'Specimen Class',1,3),(112,261,'One Dimension Label',1,4),(112,262,'Two Dimension Label',1,5),(112,308,'Comments',0,6),(114,240,'Array Label',1,1),(113,313,'Identifier',1,2),(114,242,'Is Container Full',1,3),(114,243,'Barcode',1,4),(114,247,'Parent Container Identifier',1,5),(114,249,'Position Dimension One',1,6),(114,250,'Position Dimension Two',1,7),(114,310,'Comments',0,8),(115,252,'One Dimension Capacity',1,9),(115,253,'Two Dimension Capacity',1,10),(116,307,'Array Type',0,11),(129,312,'SpecimenClass',1,12),(13,224,'Title',1,1),(12,54,'Identifier',1,2),(40,292,'Principal Investigator Last Name',1,3),(40,293,'Principal Investigator First Name',1,4),(42,292,'Protocol Coordinator Last Name',0,5),(42,293,'Protocol Coordinator First Name',0,6),(13,225,'Short Title',1,7),(13,226,'IRB Identifier',1,8),(13,227,'Start Date',1,9),(18,224,'Title',1,1),(17,79,'Identifier',1,2),(18,225,'Short Title',1,3),(18,226,'IRB Identifier',1,4),(18,227,'Start Date',1,5),(18,228,'End Date',1,6),(18,229,'Enrollment',1,7),(18,230,'Description URL',1,8),(20,233,'Specimen Type',0,9),(20,234,'Tissue Site',0,10),(20,235,'Pathological Status',0,11),(120,319,'Required Specimen Quantity',0,12),(43,292,'Principal Investigator Last Name',1,13),(43,293,'Principal Investigator First Name',1,14),(19,80,'Distribution Protocol Identifier',0,15),(21,293,'First Name',1,1),(21,292,'Last Name',1,2),(21,285,'Identifier',1,3),(21,294,'Login Name',1,4),(21,295,'Date',1,5),(23,2,'Street',1,6),(23,3,'City',1,7),(23,4,'State',1,8),(23,5,'Country',1,9),(23,6,'Zip Code',1,10),(23,7,'Phone Number',1,11),(23,8,'Fax Number',1,12),(25,101,'Institution Name',1,13),(24,68,'Department Name',1,14),(26,29,'Cancer Research Group Name',1,15),(27,118,'First Name',1,2),(27,117,'Last Name',1,1),(27,116,'Identifier',1,12),(27,119,'Middle Name',1,3),(27,120,'Birth Date',1,5),(27,303,'Death Date',1,11),(27,304,'Vital Status',1,10),(27,121,'Gender',1,6),(27,122,'Genotype',1,7),(27,124,'Ethnicity',1,8),(27,125,'Social Security Number',1,9),(28,128,'Medical Record Number',0,4),(29,59,'Identifier',1,8),(45,224,'Protocol Title',0,6),(29,60,'Participant Protocol Identifier',1,1),(29,61,'Registration Date',1,7),(46,117,'Participant Last Name',1,2),(46,118,'Participant First Name',1,3),(46,119,'Participant Middle Name',1,4),(46,120,'Participant Birth Date',1,5),(30,320,'Name',1,1),(30,209,'Identifier',1,12),(137,210,'Clinical Diagnosis',1,7),(137,211,'Clinical Status',1,8),(48,224,'Collection Protocol Title',0,11),(31,57,'Study Calendar Event Point',1,9),(31,329,'Collection Point Label',0,9),(32,185,'Site Name',1,10),(33,60,'Protocol Participant Identifier',1,2),(47,45,'Surgical Pathology Number',1,6),(47,46,'Medical Record Number',1,5),(54,117,'Participant Last Name',1,3),(54,118,'Participant First Name',1,4),(34,323,'Label',1,2),(34,191,'Identifier',1,20),(34,102,'Class',1,6),(34,201,'Specimen Collection Group Identifier',1,5),(34,199,'Parent Specimen Identifier',1,9),(34,192,'Type',1,7),(34,208,'Pathological Status',1,12),(34,193,'Is Available',1,16),(34,194,'Position Dimension One',1,17),(34,195,'Position Dimension Two',1,18),(34,196,'Barcode',1,1),(34,103,'Initial Quantity',1,13),(34,104,'Available Quantity',1,14),(34,105,'Concentration',1,15),(34,322,'Lineage',1,8),(34,328,'Created On',1,19),(35,206,'Tissue Site',1,11),(35,207,'Tissue Side',1,10),(50,85,'External Identifier Name',1,3),(50,86,'External Identifier Value',1,4),(36,75,'Identifier',1,1),(36,298,'Distribution Date',1,2),(36,302,'Distribution Time',1,3),(37,72,'Distributed Quantity',1,4),(52,191,'Distributed Specimen Identifier',1,5),(52,192,'Distributed Specimen Type',1,6),(55,206,'Distributed Specimen Tissue Site',1,7),(55,207,'Distributed Specimen Tissue Side',1,8),(52,208,'Distributed Specimen Pathological Status',1,9),(57,39,'Identifier',1,NULL),(58,218,'Specimen Identifier',0,NULL),(58,219,'Event Timestamp',0,NULL),(58,221,'Comments',0,NULL),(59,292,'User Last Name',0,NULL),(59,293,'User First Name',0,NULL),(57,40,'Neoplastic Cellularity Percentage',0,NULL),(57,41,'Viable Cell Percentage',0,NULL),(60,42,'Identifier',1,NULL),(61,218,'Specimen Identifier',0,NULL),(61,219,'Event Timestamp',0,NULL),(61,221,'Comments',0,NULL),(62,292,'User Last Name',0,NULL),(62,293,'User First Name',0,NULL),(60,43,'Storage Status',1,NULL),(63,51,'Identifier',1,NULL),(64,218,'Specimen Identifier',0,NULL),(64,219,'Event Timestamp',0,NULL),(64,221,'Comments',0,NULL),(65,292,'User Last Name',0,NULL),(65,293,'User First Name',0,NULL),(63,52,'Collection Procedure',1,NULL),(63,53,'Container',1,NULL),(66,69,'Identifier',1,NULL),(67,218,'Specimen Identifier',0,NULL),(67,219,'Event Timestamp',0,NULL),(67,221,'Comments',0,NULL),(68,292,'User Last Name',0,NULL),(68,293,'User First Name',0,NULL),(66,70,'Reason',1,NULL),(69,82,'Identifier',1,NULL),(70,218,'Specimen Identifier',0,NULL),(70,219,'Event Timestamp',0,NULL),(70,221,'Comments',0,NULL),(71,292,'User Last Name',0,NULL),(71,293,'User First Name',0,NULL),(69,83,'Embedding Medium',1,NULL),(72,88,'Identifier',1,NULL),(73,218,'Specimen Identifier',0,NULL),(73,219,'Event Timestamp',0,NULL),(73,221,'Comments',0,NULL),(74,292,'User Last Name',0,NULL),(74,293,'User First Name',0,NULL),(72,89,'Fixation Type',1,NULL),(72,90,'Duration In Minutes',1,NULL),(75,96,'Identifier',1,NULL),(76,218,'Specimen Identifier',0,NULL),(76,219,'Event Timestamp',0,NULL),(76,221,'Comments',0,NULL),(77,292,'User Last Name',0,NULL),(77,293,'User First Name',0,NULL),(75,97,'Cell Count',1,NULL),(78,98,'Identifier',1,NULL),(79,218,'Specimen Identifier',0,NULL),(79,219,'Event Timestamp',0,NULL),(79,221,'Comments',0,NULL),(80,292,'User Last Name',0,NULL),(80,293,'User First Name',0,NULL),(78,99,'Method',1,NULL),(81,108,'Identifier',1,NULL),(82,218,'Specimen Identifier',0,NULL),(82,219,'Event Timestamp',0,NULL),(82,221,'Comments',0,NULL),(83,292,'User Last Name',0,NULL),(83,293,'User First Name',0,NULL),(81,109,'Gel Image URL',1,NULL),(81,110,'Quality Index',1,NULL),(81,111,'Lane Number',1,NULL),(81,112,'Gel Number',1,NULL),(81,113,'Absorbance At 260',1,NULL),(81,114,'Absorbance At 280',1,NULL),(81,115,'Ratio 28S to 18S',1,NULL),(84,138,'Identifier',1,NULL),(85,218,'Specimen Identifier',0,NULL),(85,219,'Event Timestamp',0,NULL),(85,221,'Comments',0,NULL),(86,292,'User Last Name',0,NULL),(86,293,'User First Name',0,NULL),(84,139,'URL',1,NULL),(84,140,'Name',1,NULL),(87,150,'Identifier',1,NULL),(88,218,'Specimen Identifier',0,NULL),(88,219,'Event Timestamp',0,NULL),(88,221,'Comments',0,NULL),(89,292,'User Last Name',0,NULL),(89,293,'User First Name',0,NULL),(87,151,'Received Quality',1,NULL),(90,236,'Identifier',1,NULL),(91,218,'Specimen Identifier',0,NULL),(91,219,'Event Timestamp',0,NULL),(91,221,'Comments',0,NULL),(92,292,'User Last Name',0,NULL),(92,293,'User First Name',0,NULL),(91,237,'GForce',0,NULL),(91,238,'Duration In Minutes',0,NULL),(93,266,'Identifier',1,NULL),(94,218,'Specimen Identifier',0,NULL),(94,219,'Event Timestamp',0,NULL),(94,221,'Comments',0,NULL),(95,292,'User Last Name',0,NULL),(95,293,'User First Name',0,NULL),(96,272,'Identifier',1,NULL),(97,218,'Specimen Identifier',0,NULL),(97,219,'Event Timestamp',0,NULL),(97,221,'Comments',0,NULL),(98,292,'User Last Name',0,NULL),(98,293,'User First Name',0,NULL),(96,273,'Neo Plastic Cellularity Percentage',1,NULL),(96,274,'Necrosis Percentage',1,NULL),(96,275,'Lymphocytic Percentage',1,NULL),(96,276,'Total Cellularity Percentage',1,NULL),(96,277,'Histological Quality',1,NULL),(99,278,'Identifier',1,NULL),(100,218,'Specimen Identifier',0,NULL),(100,219,'Event Timestamp',0,NULL),(100,221,'Comments',0,NULL),(101,292,'User Last Name',0,NULL),(101,293,'User First Name',0,NULL),(99,284,'From Storage Container Identifier',1,NULL),(99,283,'To Storage Container Identifier',1,NULL),(99,279,'From Position Dimension One',1,NULL),(99,280,'From Position Dimension Two',1,NULL),(99,281,'To Position Dimension One',1,NULL),(99,282,'To Position Dimension Two',1,NULL),(102,156,'Identifier',1,1),(102,157,'Affiliation',1,2),(102,158,'Name of reporter',1,3),(102,159,'Reporters email id',1,4),(102,160,'Message Body',1,5),(102,161,'Subject',1,6),(102,162,'Reported Date',1,7),(102,163,'Activity Status',1,8),(105,24,'Identifier',0,1),(105,25,'Name',0,2),(105,26,'Comments',0,3),(105,27,'Type',0,4),(53,224,'Distribution Protocol Title',0,1),(122,327,'Distribution Id',1,1),(121,315,'Specimen Array Type Id',1,2),(122,325,'Distribution Date',1,3),(122,326,'Distribution Time',1,4),(123,185,'Site Name',1,5),(124,224,'Distribution Protocol Title',1,6),(127,240,'SpecimenArray Name',1,7),(125,307,'SpecimenArrayType Name',1,8),(130,260,'Default Temperature In Centigrade',0,9),(131,72,'Distributed Quantity',0,10);

/*Table structure for table `catissue_semantic_type` */

DROP TABLE IF EXISTS `catissue_semantic_type`;

CREATE TABLE `catissue_semantic_type` (
  `IDENTIFIER` bigint(20) NOT NULL auto_increment,
  `LABEL` text,
  PRIMARY KEY  (`IDENTIFIER`)
) ENGINE=InnoDB DEFAULT CHARSET=latin1;

/*Data for the table `catissue_semantic_type` */

/*Table structure for table `catissue_site` */

DROP TABLE IF EXISTS `catissue_site`;

CREATE TABLE `catissue_site` (
  `IDENTIFIER` bigint(20) NOT NULL auto_increment,
  `NAME` varchar(255) NOT NULL default '',
  `TYPE` varchar(50) default NULL,
  `EMAIL_ADDRESS` varchar(255) default NULL,
  `USER_ID` bigint(20) default NULL,
  `ACTIVITY_STATUS` varchar(50) default NULL,
  `ADDRESS_ID` bigint(20) default NULL,
  PRIMARY KEY  (`IDENTIFIER`),
  UNIQUE KEY `NAME` (`NAME`),
  KEY `FKB024C3436CD94566` (`ADDRESS_ID`),
  KEY `FKB024C3432206F20F` (`USER_ID`),
  CONSTRAINT `FKB024C3432206F20F` FOREIGN KEY (`USER_ID`) REFERENCES `catissue_user` (`IDENTIFIER`),
  CONSTRAINT `FKB024C3436CD94566` FOREIGN KEY (`ADDRESS_ID`) REFERENCES `catissue_address` (`IDENTIFIER`)
) ENGINE=InnoDB DEFAULT CHARSET=latin1;

/*Data for the table `catissue_site` */

insert into `catissue_site` (`IDENTIFIER`,`NAME`,`TYPE`,`EMAIL_ADDRESS`,`USER_ID`,`ACTIVITY_STATUS`,`ADDRESS_ID`) values (1,'site','Repository','admin@admin.com',1,'Active',2);

/*Table structure for table `catissue_sp_array_order_item` */

DROP TABLE IF EXISTS `catissue_sp_array_order_item`;

CREATE TABLE `catissue_sp_array_order_item` (
  `IDENTIFIER` bigint(20) NOT NULL default '0',
  `SPECIMEN_ARRAY_ID` bigint(20) default NULL,
  PRIMARY KEY  (`IDENTIFIER`),
  KEY `FKE3823170BC7298A9` (`IDENTIFIER`),
  KEY `FKE3823170C4A3C438` (`SPECIMEN_ARRAY_ID`),
  CONSTRAINT `FKE3823170C4A3C438` FOREIGN KEY (`SPECIMEN_ARRAY_ID`) REFERENCES `catissue_specimen_array` (`IDENTIFIER`),
  CONSTRAINT `FKE3823170BC7298A9` FOREIGN KEY (`IDENTIFIER`) REFERENCES `catissue_order_item` (`IDENTIFIER`)
) ENGINE=InnoDB DEFAULT CHARSET=latin1;

/*Data for the table `catissue_sp_array_order_item` */

/*Table structure for table `catissue_speci_array_content` */

DROP TABLE IF EXISTS `catissue_speci_array_content`;

CREATE TABLE `catissue_speci_array_content` (
  `IDENTIFIER` bigint(20) NOT NULL auto_increment,
  `CONC_IN_MICROGM_PER_MICROLTR` double default NULL,
  `INITIAL_QUANTITY_ID` bigint(20) default NULL,
  `POSITION_DIMENSION_ONE` int(11) default NULL,
  `POSITION_DIMENSION_TWO` int(11) default NULL,
  `SPECIMEN_ID` bigint(20) default NULL,
  `SPECIMEN_ARRAY_ID` bigint(20) default NULL,
  PRIMARY KEY  (`IDENTIFIER`),
  KEY `FKBEA9D458C4A3C438` (`SPECIMEN_ARRAY_ID`),
  KEY `FKBEA9D45860773DB2` (`SPECIMEN_ID`),
  KEY `FKBEA9D45892AB74B4` (`INITIAL_QUANTITY_ID`),
  CONSTRAINT `FKBEA9D45892AB74B4` FOREIGN KEY (`INITIAL_QUANTITY_ID`) REFERENCES `catissue_quantity` (`IDENTIFIER`),
  CONSTRAINT `FKBEA9D45860773DB2` FOREIGN KEY (`SPECIMEN_ID`) REFERENCES `catissue_specimen` (`IDENTIFIER`),
  CONSTRAINT `FKBEA9D458C4A3C438` FOREIGN KEY (`SPECIMEN_ARRAY_ID`) REFERENCES `catissue_specimen_array` (`IDENTIFIER`)
) ENGINE=InnoDB DEFAULT CHARSET=latin1;

/*Data for the table `catissue_speci_array_content` */

/*Table structure for table `catissue_speci_coll_req_group` */

DROP TABLE IF EXISTS `catissue_speci_coll_req_group`;

CREATE TABLE `catissue_speci_coll_req_group` (
  `IDENTIFIER` bigint(20) NOT NULL auto_increment,
  PRIMARY KEY  (`IDENTIFIER`),
  CONSTRAINT `FK_PARENT_SPEC_COLL_GROUP_REQ_GROUP` FOREIGN KEY (`IDENTIFIER`) REFERENCES `catissue_abs_speci_coll_group` (`IDENTIFIER`)
) ENGINE=InnoDB DEFAULT CHARSET=latin1;

/*Data for the table `catissue_speci_coll_req_group` */

insert into `catissue_speci_coll_req_group` (`IDENTIFIER`) values (1);

/*Table structure for table `catissue_specimen` */

DROP TABLE IF EXISTS `catissue_specimen`;

CREATE TABLE `catissue_specimen` (
  `IDENTIFIER` bigint(20) NOT NULL auto_increment,
  `SPECIMEN_CLASS` varchar(255) NOT NULL default '',
  `TYPE` varchar(50) default NULL,
  `LABEL` varchar(255) default NULL,
  `LINEAGE` varchar(50) default NULL,
  `PATHOLOGICAL_STATUS` varchar(50) default NULL,
  `AVAILABLE` tinyint(1) default NULL,
  `POSITION_DIMENSION_ONE` int(11) default NULL,
  `POSITION_DIMENSION_TWO` int(11) default NULL,
  `BARCODE` varchar(255) default NULL,
  `COMMENTS` text,
  `ACTIVITY_STATUS` varchar(50) default NULL,
  `PARENT_SPECIMEN_ID` bigint(20) default NULL,
  `STORAGE_CONTAINER_IDENTIFIER` bigint(20) default NULL,
  `SPECIMEN_COLLECTION_GROUP_ID` bigint(20) default NULL,
  `SPECIMEN_CHARACTERISTICS_ID` bigint(20) default NULL,
  `AVAILABLE_QUANTITY` double default NULL,
  `QUANTITY` double default NULL,
  `CONCENTRATION` double default NULL,
  `CREATED_ON_DATE` date default NULL,
  `IS_COLL_PROT_REQ` tinyint(1) default NULL,
  `COLLECTION_STATUS` varchar(50) default NULL,
  PRIMARY KEY  (`IDENTIFIER`),
  UNIQUE KEY `LABEL` (`LABEL`),
  UNIQUE KEY `BARCODE` (`BARCODE`),
  KEY `FK1674810456906F39` (`SPECIMEN_CHARACTERISTICS_ID`),
  KEY `FK1674810433BF33C5` (`SPECIMEN_COLLECTION_GROUP_ID`),
  KEY `FK16748104B189E99D` (`PARENT_SPECIMEN_ID`),
  KEY `FK1674810432B31EAB` (`STORAGE_CONTAINER_IDENTIFIER`),
  KEY `INDX_CATISSUE_SPECIMEN_CLASS` (`SPECIMEN_CLASS`),
  KEY `INDX_CATISSUE_SPECIMEN_TYPE` (`TYPE`),
  KEY `INDX_CATISSUE_SPECIMEN_PATH` (`PATHOLOGICAL_STATUS`),
  KEY `INDX_CATISSUE_SPECIMEN_CONC` (`CONCENTRATION`),
  KEY `INDX_CATISSUE_SPECIMEN_AVQTY` (`AVAILABLE_QUANTITY`),
  KEY `INDX_CATISSUE_SPECIMEN_QTY` (`QUANTITY`),
  CONSTRAINT `FK1674810432B31EAB` FOREIGN KEY (`STORAGE_CONTAINER_IDENTIFIER`) REFERENCES `catissue_storage_container` (`IDENTIFIER`),
  CONSTRAINT `FK1674810433BF33C5` FOREIGN KEY (`SPECIMEN_COLLECTION_GROUP_ID`) REFERENCES `catissue_abs_speci_coll_group` (`IDENTIFIER`),
  CONSTRAINT `FK1674810456906F39` FOREIGN KEY (`SPECIMEN_CHARACTERISTICS_ID`) REFERENCES `catissue_specimen_char` (`IDENTIFIER`),
  CONSTRAINT `FK16748104B189E99D` FOREIGN KEY (`PARENT_SPECIMEN_ID`) REFERENCES `catissue_specimen` (`IDENTIFIER`)
) ENGINE=InnoDB DEFAULT CHARSET=latin1;

/*Data for the table `catissue_specimen` */

insert into `catissue_specimen` (`IDENTIFIER`,`SPECIMEN_CLASS`,`TYPE`,`LABEL`,`LINEAGE`,`PATHOLOGICAL_STATUS`,`AVAILABLE`,`POSITION_DIMENSION_ONE`,`POSITION_DIMENSION_TWO`,`BARCODE`,`COMMENTS`,`ACTIVITY_STATUS`,`PARENT_SPECIMEN_ID`,`STORAGE_CONTAINER_IDENTIFIER`,`SPECIMEN_COLLECTION_GROUP_ID`,`SPECIMEN_CHARACTERISTICS_ID`,`AVAILABLE_QUANTITY`,`QUANTITY`,`CONCENTRATION`,`CREATED_ON_DATE`,`IS_COLL_PROT_REQ`,`COLLECTION_STATUS`) values (1,'Tissue','Fixed Tissue',NULL,'New','Not Specified',1,2,NULL,NULL,NULL,'Active',NULL,NULL,1,1,30,30,NULL,NULL,1,NULL),(2,'Tissue','Fixed Tissue','SpecLabl1','New','Not Specified',1,NULL,NULL,'SpecBar1','','Active',NULL,NULL,2,2,30,30,NULL,'2007-10-23',0,'Pending');

/*Table structure for table `catissue_specimen_array` */

DROP TABLE IF EXISTS `catissue_specimen_array`;

CREATE TABLE `catissue_specimen_array` (
  `IDENTIFIER` bigint(20) NOT NULL default '0',
  `CREATED_BY_ID` bigint(20) default NULL,
  `SPECIMEN_ARRAY_TYPE_ID` bigint(20) default NULL,
  `STORAGE_CONTAINER_ID` bigint(20) default NULL,
  `DISTRIBUTION_ID` bigint(20) default NULL,
  `AVAILABLE` tinyint(1) default NULL,
  PRIMARY KEY  (`IDENTIFIER`),
  KEY `FKECBF8B3E64B129CC` (`CREATED_BY_ID`),
  KEY `FKECBF8B3EF8278B6` (`DISTRIBUTION_ID`),
  KEY `FKECBF8B3EBC7298A9` (`IDENTIFIER`),
  KEY `FKECBF8B3EB3DFB11D` (`STORAGE_CONTAINER_ID`),
  KEY `FKECBF8B3EECE89343` (`SPECIMEN_ARRAY_TYPE_ID`),
  CONSTRAINT `FKECBF8B3EECE89343` FOREIGN KEY (`SPECIMEN_ARRAY_TYPE_ID`) REFERENCES `catissue_specimen_array_type` (`IDENTIFIER`),
  CONSTRAINT `FKECBF8B3E64B129CC` FOREIGN KEY (`CREATED_BY_ID`) REFERENCES `catissue_user` (`IDENTIFIER`),
  CONSTRAINT `FKECBF8B3EB3DFB11D` FOREIGN KEY (`STORAGE_CONTAINER_ID`) REFERENCES `catissue_storage_container` (`IDENTIFIER`),
  CONSTRAINT `FKECBF8B3EBC7298A9` FOREIGN KEY (`IDENTIFIER`) REFERENCES `catissue_container` (`IDENTIFIER`),
  CONSTRAINT `FKECBF8B3EF8278B6` FOREIGN KEY (`DISTRIBUTION_ID`) REFERENCES `catissue_distribution` (`IDENTIFIER`)
) ENGINE=InnoDB DEFAULT CHARSET=latin1;

/*Data for the table `catissue_specimen_array` */

/*Table structure for table `catissue_specimen_array_type` */

DROP TABLE IF EXISTS `catissue_specimen_array_type`;

CREATE TABLE `catissue_specimen_array_type` (
  `IDENTIFIER` bigint(20) NOT NULL default '0',
  `SPECIMEN_CLASS` varchar(50) default NULL,
  PRIMARY KEY  (`IDENTIFIER`),
  KEY `FKD36E0B9BBC7298A9` (`IDENTIFIER`),
  CONSTRAINT `FKD36E0B9BBC7298A9` FOREIGN KEY (`IDENTIFIER`) REFERENCES `catissue_container_type` (`IDENTIFIER`)
) ENGINE=InnoDB DEFAULT CHARSET=latin1;

/*Data for the table `catissue_specimen_array_type` */

insert into `catissue_specimen_array_type` (`IDENTIFIER`,`SPECIMEN_CLASS`) values (2,NULL),(4,'Tissue');

/*Table structure for table `catissue_specimen_biohz_rel` */

DROP TABLE IF EXISTS `catissue_specimen_biohz_rel`;

CREATE TABLE `catissue_specimen_biohz_rel` (
  `BIOHAZARD_ID` bigint(20) NOT NULL default '0',
  `SPECIMEN_ID` bigint(20) NOT NULL default '0',
  PRIMARY KEY  (`SPECIMEN_ID`,`BIOHAZARD_ID`),
  KEY `FK7A3F5539F398D480` (`BIOHAZARD_ID`),
  KEY `FK7A3F553960773DB2` (`SPECIMEN_ID`),
  CONSTRAINT `FK7A3F553960773DB2` FOREIGN KEY (`SPECIMEN_ID`) REFERENCES `catissue_specimen` (`IDENTIFIER`),
  CONSTRAINT `FK7A3F5539F398D480` FOREIGN KEY (`BIOHAZARD_ID`) REFERENCES `catissue_biohazard` (`IDENTIFIER`)
) ENGINE=InnoDB DEFAULT CHARSET=latin1;

/*Data for the table `catissue_specimen_biohz_rel` */

/*Table structure for table `catissue_specimen_char` */

DROP TABLE IF EXISTS `catissue_specimen_char`;

CREATE TABLE `catissue_specimen_char` (
  `IDENTIFIER` bigint(20) NOT NULL auto_increment,
  `TISSUE_SITE` varchar(150) default NULL,
  `TISSUE_SIDE` varchar(50) default NULL,
  PRIMARY KEY  (`IDENTIFIER`),
  KEY `INDX_CATISSUE_SP_CHAR_TSITE` (`TISSUE_SITE`),
  KEY `INDX_CATISSUE_SP_CHAR_TSIDE` (`TISSUE_SIDE`)
) ENGINE=InnoDB DEFAULT CHARSET=latin1;

/*Data for the table `catissue_specimen_char` */

insert into `catissue_specimen_char` (`IDENTIFIER`,`TISSUE_SITE`,`TISSUE_SIDE`) values (1,'Not Specified','Not Specified'),(2,'Not Specified','Not Specified');

/*Table structure for table `catissue_specimen_coll_group` */

DROP TABLE IF EXISTS `catissue_specimen_coll_group`;

CREATE TABLE `catissue_specimen_coll_group` (
  `IDENTIFIER` bigint(20) NOT NULL auto_increment,
  `NAME` varchar(255) default NULL,
  `COMMENTS` text,
  `COLLECTION_PROTOCOL_REG_ID` bigint(20) default NULL,
  `SURGICAL_PATHOLOGY_NUMBER` varchar(50) default NULL,
  `COLLECTION_PROTOCOL_EVENT_ID` bigint(20) default NULL,
  `COLLECTION_STATUS` varchar(50) default NULL,
  PRIMARY KEY  (`IDENTIFIER`),
  UNIQUE KEY `NAME` (`NAME`),
  KEY `FKDEBAF1677E07C4AC` (`COLLECTION_PROTOCOL_REG_ID`),
  KEY `FK_COLL_PROT_EVENT_SPEC_COLL_GROUP` (`COLLECTION_PROTOCOL_EVENT_ID`),
  KEY `FKDEBAF16753B01F66` (`COLLECTION_PROTOCOL_EVENT_ID`),
  CONSTRAINT `FKDEBAF16753B01F66` FOREIGN KEY (`COLLECTION_PROTOCOL_EVENT_ID`) REFERENCES `catissue_coll_prot_event` (`IDENTIFIER`),
  CONSTRAINT `FKDEBAF1677E07C4AC` FOREIGN KEY (`COLLECTION_PROTOCOL_REG_ID`) REFERENCES `catissue_coll_prot_reg` (`IDENTIFIER`),
  CONSTRAINT `FK_COLL_PROT_EVENT_SPEC_COLL_GROUP` FOREIGN KEY (`COLLECTION_PROTOCOL_EVENT_ID`) REFERENCES `catissue_coll_prot_event` (`IDENTIFIER`),
  CONSTRAINT `FK_PARENT_SPEC_COLL_GROUP` FOREIGN KEY (`IDENTIFIER`) REFERENCES `catissue_abs_speci_coll_group` (`IDENTIFIER`)
) ENGINE=InnoDB DEFAULT CHARSET=latin1;

/*Data for the table `catissue_specimen_coll_group` */

insert into `catissue_specimen_coll_group` (`IDENTIFIER`,`NAME`,`COMMENTS`,`COLLECTION_PROTOCOL_REG_ID`,`SURGICAL_PATHOLOGY_NUMBER`,`COLLECTION_PROTOCOL_EVENT_ID`,`COLLECTION_STATUS`) values (2,'CollProto_1_1',NULL,1,NULL,1,'Pending');

/*Table structure for table `catissue_specimen_event_param` */

DROP TABLE IF EXISTS `catissue_specimen_event_param`;

CREATE TABLE `catissue_specimen_event_param` (
  `IDENTIFIER` bigint(20) NOT NULL auto_increment,
  `SPECIMEN_ID` bigint(20) default NULL,
  `SPECIMEN_COLL_GRP_ID` bigint(20) default NULL,
  `EVENT_TIMESTAMP` datetime default NULL,
  `USER_ID` bigint(20) default NULL,
  `COMMENTS` text,
  PRIMARY KEY  (`IDENTIFIER`),
  KEY `FK753F33AD60773DB2` (`SPECIMEN_ID`),
  KEY `FK753F33AD2206F20F` (`USER_ID`),
  KEY `FK753F33AD8CA560D1` (`SPECIMEN_COLL_GRP_ID`),
  KEY `INDX_CATISSUE_SPEVT_TIMESTP` (`EVENT_TIMESTAMP`),
  KEY `INDX_CATISSUE_SPEVT_SPID` (`SPECIMEN_ID`),
  CONSTRAINT `FK753F33AD2206F20F` FOREIGN KEY (`USER_ID`) REFERENCES `catissue_user` (`IDENTIFIER`),
  CONSTRAINT `FK753F33AD60773DB2` FOREIGN KEY (`SPECIMEN_ID`) REFERENCES `catissue_specimen` (`IDENTIFIER`),
  CONSTRAINT `FK753F33AD8CA560D1` FOREIGN KEY (`SPECIMEN_COLL_GRP_ID`) REFERENCES `catissue_specimen_coll_group` (`IDENTIFIER`)
) ENGINE=InnoDB DEFAULT CHARSET=latin1;

/*Data for the table `catissue_specimen_event_param` */

insert into `catissue_specimen_event_param` (`IDENTIFIER`,`SPECIMEN_ID`,`SPECIMEN_COLL_GRP_ID`,`EVENT_TIMESTAMP`,`USER_ID`,`COMMENTS`) values (1,1,NULL,NULL,1,NULL),(2,1,NULL,NULL,1,NULL),(3,2,NULL,'2007-10-23 12:09:10',1,''),(4,2,NULL,'2007-10-23 12:09:10',1,'');

/*Table structure for table `catissue_specimen_label_count` */

DROP TABLE IF EXISTS `catissue_specimen_label_count`;

CREATE TABLE `catissue_specimen_label_count` (
  `LABEL_COUNT` bigint(20) NOT NULL default '0',
  PRIMARY KEY  (`LABEL_COUNT`)
) ENGINE=InnoDB DEFAULT CHARSET=latin1;

/*Data for the table `catissue_specimen_label_count` */

insert into `catissue_specimen_label_count` (`LABEL_COUNT`) values (0);

/*Table structure for table `catissue_specimen_order_item` */

DROP TABLE IF EXISTS `catissue_specimen_order_item`;

CREATE TABLE `catissue_specimen_order_item` (
  `IDENTIFIER` bigint(20) NOT NULL default '0',
  `ARRAY_ORDER_ITEM_ID` bigint(20) default NULL,
  PRIMARY KEY  (`IDENTIFIER`),
  KEY `FK48C3B39FBC7298A9` (`IDENTIFIER`),
  KEY `FK48C3B39F83505A30` (`ARRAY_ORDER_ITEM_ID`),
  CONSTRAINT `FK48C3B39F83505A30` FOREIGN KEY (`ARRAY_ORDER_ITEM_ID`) REFERENCES `catissue_new_sp_ar_order_item` (`IDENTIFIER`),
  CONSTRAINT `FK48C3B39FBC7298A9` FOREIGN KEY (`IDENTIFIER`) REFERENCES `catissue_order_item` (`IDENTIFIER`)
) ENGINE=InnoDB DEFAULT CHARSET=latin1;

/*Data for the table `catissue_specimen_order_item` */

/*Table structure for table `catissue_specimen_protocol` */

DROP TABLE IF EXISTS `catissue_specimen_protocol`;

CREATE TABLE `catissue_specimen_protocol` (
  `IDENTIFIER` bigint(20) NOT NULL auto_increment,
  `PRINCIPAL_INVESTIGATOR_ID` bigint(20) default NULL,
  `TITLE` varchar(255) NOT NULL default '',
  `SHORT_TITLE` varchar(255) default NULL,
  `IRB_IDENTIFIER` varchar(255) default NULL,
  `START_DATE` date default NULL,
  `END_DATE` date default NULL,
  `ENROLLMENT` int(11) default NULL,
  `DESCRIPTION_URL` varchar(255) default NULL,
  `ACTIVITY_STATUS` varchar(50) default NULL,
  PRIMARY KEY  (`IDENTIFIER`),
  UNIQUE KEY `TITLE` (`TITLE`),
  KEY `FKB8481373870EB740` (`PRINCIPAL_INVESTIGATOR_ID`),
  KEY `INDX_SP_PR_SHORT_TITLE` (`SHORT_TITLE`),
  KEY `INDX_SP_PR_IRB_ID` (`IRB_IDENTIFIER`),
  KEY `INDX_SP_PR_START_DATE` (`START_DATE`),
  KEY `INDX_SP_PR_END_DATE` (`END_DATE`),
  CONSTRAINT `FKB8481373870EB740` FOREIGN KEY (`PRINCIPAL_INVESTIGATOR_ID`) REFERENCES `catissue_user` (`IDENTIFIER`)
) ENGINE=InnoDB DEFAULT CHARSET=latin1;

/*Data for the table `catissue_specimen_protocol` */

insert into `catissue_specimen_protocol` (`IDENTIFIER`,`PRINCIPAL_INVESTIGATOR_ID`,`TITLE`,`SHORT_TITLE`,`IRB_IDENTIFIER`,`START_DATE`,`END_DATE`,`ENROLLMENT`,`DESCRIPTION_URL`,`ACTIVITY_STATUS`) values (1,1,'DisProt','pd','','2007-10-12',NULL,0,'eqeqw','Active'),(2,1,'CollProto','pc','abc','2007-10-23',NULL,0,'xyzz','Active');

/*Table structure for table `catissue_specimen_requirement` */

DROP TABLE IF EXISTS `catissue_specimen_requirement`;

CREATE TABLE `catissue_specimen_requirement` (
  `IDENTIFIER` bigint(20) NOT NULL auto_increment,
  `SPECIMEN_CLASS` varchar(255) NOT NULL default '',
  `SPECIMEN_TYPE` varchar(50) default NULL,
  `TISSUE_SITE` varchar(150) default NULL,
  `PATHOLOGY_STATUS` varchar(50) default NULL,
  `QUANTITY_ID` bigint(20) default NULL,
  PRIMARY KEY  (`IDENTIFIER`),
  KEY `FK39AFE96861A1C94F` (`QUANTITY_ID`),
  CONSTRAINT `FK39AFE96861A1C94F` FOREIGN KEY (`QUANTITY_ID`) REFERENCES `catissue_quantity` (`IDENTIFIER`)
) ENGINE=InnoDB DEFAULT CHARSET=latin1;

/*Data for the table `catissue_specimen_requirement` */

insert into `catissue_specimen_requirement` (`IDENTIFIER`,`SPECIMEN_CLASS`,`SPECIMEN_TYPE`,`TISSUE_SITE`,`PATHOLOGY_STATUS`,`QUANTITY_ID`) values (1,'Cell','Fixed Cell Block','Anterior floor of mouth','Metastatic',1);

/*Table structure for table `catissue_specimen_type` */

DROP TABLE IF EXISTS `catissue_specimen_type`;

CREATE TABLE `catissue_specimen_type` (
  `SPECIMEN_ARRAY_TYPE_ID` bigint(20) NOT NULL default '0',
  `SPECIMEN_TYPE` varchar(50) default NULL,
  KEY `FKFF69C195ECE89343` (`SPECIMEN_ARRAY_TYPE_ID`),
  CONSTRAINT `FKFF69C195ECE89343` FOREIGN KEY (`SPECIMEN_ARRAY_TYPE_ID`) REFERENCES `catissue_specimen_array_type` (`IDENTIFIER`)
) ENGINE=InnoDB DEFAULT CHARSET=latin1;

/*Data for the table `catissue_specimen_type` */

insert into `catissue_specimen_type` (`SPECIMEN_ARRAY_TYPE_ID`,`SPECIMEN_TYPE`) values (4,'Frozen Tissue'),(4,'Fixed Tissue Slide'),(4,'Frozen Tissue Slide'),(4,'Not Specified'),(4,'Frozen Tissue Block'),(4,'Fixed Tissue'),(4,'Microdissected'),(4,'Fixed Tissue Block'),(4,'Fresh Tissue');

/*Table structure for table `catissue_spun_event_parameters` */

DROP TABLE IF EXISTS `catissue_spun_event_parameters`;

CREATE TABLE `catissue_spun_event_parameters` (
  `IDENTIFIER` bigint(20) NOT NULL default '0',
  `GFORCE` double default NULL,
  `DURATION_IN_MINUTES` int(11) default NULL,
  PRIMARY KEY  (`IDENTIFIER`),
  KEY `FK312D77BCBC7298A9` (`IDENTIFIER`),
  CONSTRAINT `FK312D77BCBC7298A9` FOREIGN KEY (`IDENTIFIER`) REFERENCES `catissue_specimen_event_param` (`IDENTIFIER`)
) ENGINE=InnoDB DEFAULT CHARSET=latin1;

/*Data for the table `catissue_spun_event_parameters` */

/*Table structure for table `catissue_st_cont_coll_prot_rel` */

DROP TABLE IF EXISTS `catissue_st_cont_coll_prot_rel`;

CREATE TABLE `catissue_st_cont_coll_prot_rel` (
  `STORAGE_CONTAINER_ID` bigint(20) NOT NULL default '0',
  `COLLECTION_PROTOCOL_ID` bigint(20) NOT NULL default '0',
  PRIMARY KEY  (`STORAGE_CONTAINER_ID`,`COLLECTION_PROTOCOL_ID`),
  KEY `FK3AE9FCA7B3DFB11D` (`STORAGE_CONTAINER_ID`),
  KEY `FK3AE9FCA748304401` (`COLLECTION_PROTOCOL_ID`),
  CONSTRAINT `FK3AE9FCA748304401` FOREIGN KEY (`COLLECTION_PROTOCOL_ID`) REFERENCES `catissue_collection_protocol` (`IDENTIFIER`),
  CONSTRAINT `FK3AE9FCA7B3DFB11D` FOREIGN KEY (`STORAGE_CONTAINER_ID`) REFERENCES `catissue_storage_container` (`IDENTIFIER`)
) ENGINE=InnoDB DEFAULT CHARSET=latin1;

/*Data for the table `catissue_st_cont_coll_prot_rel` */

/*Table structure for table `catissue_st_cont_st_type_rel` */

DROP TABLE IF EXISTS `catissue_st_cont_st_type_rel`;

CREATE TABLE `catissue_st_cont_st_type_rel` (
  `STORAGE_CONTAINER_ID` bigint(20) NOT NULL default '0',
  `STORAGE_TYPE_ID` bigint(20) NOT NULL default '0',
  PRIMARY KEY  (`STORAGE_CONTAINER_ID`,`STORAGE_TYPE_ID`),
  KEY `FK703B902159A3CE5C` (`STORAGE_TYPE_ID`),
  KEY `FK703B9021B3DFB11D` (`STORAGE_CONTAINER_ID`),
  CONSTRAINT `FK703B9021B3DFB11D` FOREIGN KEY (`STORAGE_CONTAINER_ID`) REFERENCES `catissue_storage_container` (`IDENTIFIER`),
  CONSTRAINT `FK703B902159A3CE5C` FOREIGN KEY (`STORAGE_TYPE_ID`) REFERENCES `catissue_storage_type` (`IDENTIFIER`)
) ENGINE=InnoDB DEFAULT CHARSET=latin1;

/*Data for the table `catissue_st_cont_st_type_rel` */

/*Table structure for table `catissue_stor_cont_spec_class` */

DROP TABLE IF EXISTS `catissue_stor_cont_spec_class`;

CREATE TABLE `catissue_stor_cont_spec_class` (
  `STORAGE_CONTAINER_ID` bigint(20) NOT NULL default '0',
  `SPECIMEN_CLASS` varchar(50) default NULL,
  KEY `FKE7F5E8C2B3DFB11D` (`STORAGE_CONTAINER_ID`),
  CONSTRAINT `FKE7F5E8C2B3DFB11D` FOREIGN KEY (`STORAGE_CONTAINER_ID`) REFERENCES `catissue_storage_container` (`IDENTIFIER`)
) ENGINE=InnoDB DEFAULT CHARSET=latin1;

/*Data for the table `catissue_stor_cont_spec_class` */

insert into `catissue_stor_cont_spec_class` (`STORAGE_CONTAINER_ID`,`SPECIMEN_CLASS`) values (1,'Fluid'),(1,'Tissue'),(1,'Molecular'),(1,'Cell');

/*Table structure for table `catissue_stor_type_holds_type` */

DROP TABLE IF EXISTS `catissue_stor_type_holds_type`;

CREATE TABLE `catissue_stor_type_holds_type` (
  `STORAGE_TYPE_ID` bigint(20) NOT NULL default '0',
  `HOLDS_STORAGE_TYPE_ID` bigint(20) NOT NULL default '0',
  PRIMARY KEY  (`STORAGE_TYPE_ID`,`HOLDS_STORAGE_TYPE_ID`),
  KEY `STORAGE_TYPE_ID` (`STORAGE_TYPE_ID`),
  KEY `HOLDS_STORAGE_TYPE_ID` (`HOLDS_STORAGE_TYPE_ID`),
  CONSTRAINT `FK185C50B81236791` FOREIGN KEY (`HOLDS_STORAGE_TYPE_ID`) REFERENCES `catissue_storage_type` (`IDENTIFIER`),
  CONSTRAINT `FK185C50B59A3CE5C` FOREIGN KEY (`STORAGE_TYPE_ID`) REFERENCES `catissue_storage_type` (`IDENTIFIER`)
) ENGINE=InnoDB DEFAULT CHARSET=latin1;

/*Data for the table `catissue_stor_type_holds_type` */

/*Table structure for table `catissue_stor_type_spec_class` */

DROP TABLE IF EXISTS `catissue_stor_type_spec_class`;

CREATE TABLE `catissue_stor_type_spec_class` (
  `STORAGE_TYPE_ID` bigint(20) NOT NULL default '0',
  `SPECIMEN_CLASS` varchar(50) default NULL,
  KEY `FK1BCF33BA59A3CE5C` (`STORAGE_TYPE_ID`),
  CONSTRAINT `FK1BCF33BA59A3CE5C` FOREIGN KEY (`STORAGE_TYPE_ID`) REFERENCES `catissue_storage_type` (`IDENTIFIER`)
) ENGINE=InnoDB DEFAULT CHARSET=latin1;

/*Data for the table `catissue_stor_type_spec_class` */

insert into `catissue_stor_type_spec_class` (`STORAGE_TYPE_ID`,`SPECIMEN_CLASS`) values (3,'Tissue');

/*Table structure for table `catissue_storage_container` */

DROP TABLE IF EXISTS `catissue_storage_container`;

CREATE TABLE `catissue_storage_container` (
  `IDENTIFIER` bigint(20) NOT NULL default '0',
  `SITE_ID` bigint(20) default NULL,
  `TEMPERATURE` double default NULL,
  `STORAGE_TYPE_ID` bigint(20) default NULL,
  PRIMARY KEY  (`IDENTIFIER`),
  KEY `FK28429D01BC7298A9` (`IDENTIFIER`),
  KEY `FK28429D01A7F77D13` (`SITE_ID`),
  KEY `FK28429D0159A3CE5C` (`STORAGE_TYPE_ID`),
  CONSTRAINT `FK28429D0159A3CE5C` FOREIGN KEY (`STORAGE_TYPE_ID`) REFERENCES `catissue_storage_type` (`IDENTIFIER`),
  CONSTRAINT `FK28429D01A7F77D13` FOREIGN KEY (`SITE_ID`) REFERENCES `catissue_site` (`IDENTIFIER`),
  CONSTRAINT `FK28429D01BC7298A9` FOREIGN KEY (`IDENTIFIER`) REFERENCES `catissue_container` (`IDENTIFIER`)
) ENGINE=InnoDB DEFAULT CHARSET=latin1;

/*Data for the table `catissue_storage_container` */

insert into `catissue_storage_container` (`IDENTIFIER`,`SITE_ID`,`TEMPERATURE`,`STORAGE_TYPE_ID`) values (1,1,15,3);

/*Table structure for table `catissue_storage_type` */

DROP TABLE IF EXISTS `catissue_storage_type`;

CREATE TABLE `catissue_storage_type` (
  `IDENTIFIER` bigint(20) NOT NULL default '0',
  `DEFAULT_TEMPERATURE` double default NULL,
  PRIMARY KEY  (`IDENTIFIER`),
  KEY `FKE9A0629ABC7298A9` (`IDENTIFIER`),
  CONSTRAINT `FKE9A0629ABC7298A9` FOREIGN KEY (`IDENTIFIER`) REFERENCES `catissue_container_type` (`IDENTIFIER`)
) ENGINE=InnoDB DEFAULT CHARSET=latin1;

/*Data for the table `catissue_storage_type` */

insert into `catissue_storage_type` (`IDENTIFIER`,`DEFAULT_TEMPERATURE`) values (1,NULL),(3,15);

/*Table structure for table `catissue_storty_holds_sparrty` */

DROP TABLE IF EXISTS `catissue_storty_holds_sparrty`;

CREATE TABLE `catissue_storty_holds_sparrty` (
  `STORAGE_TYPE_ID` bigint(20) NOT NULL default '0',
  `SPECIMEN_ARRAY_TYPE_ID` bigint(20) NOT NULL default '0',
  PRIMARY KEY  (`STORAGE_TYPE_ID`,`SPECIMEN_ARRAY_TYPE_ID`),
  KEY `STORAGE_TYPE_ID` (`STORAGE_TYPE_ID`),
  KEY `SPECIMEN_ARRAY_TYPE_ID` (`SPECIMEN_ARRAY_TYPE_ID`),
  CONSTRAINT `FK70F57E44ECE89343` FOREIGN KEY (`SPECIMEN_ARRAY_TYPE_ID`) REFERENCES `catissue_specimen_array_type` (`IDENTIFIER`),
  CONSTRAINT `FK70F57E4459A3CE5C` FOREIGN KEY (`STORAGE_TYPE_ID`) REFERENCES `catissue_storage_type` (`IDENTIFIER`)
) ENGINE=InnoDB DEFAULT CHARSET=latin1;

/*Data for the table `catissue_storty_holds_sparrty` */

/*Table structure for table `catissue_table_relation` */

DROP TABLE IF EXISTS `catissue_table_relation`;

CREATE TABLE `catissue_table_relation` (
  `RELATIONSHIP_ID` bigint(20) NOT NULL auto_increment,
  `PARENT_TABLE_ID` bigint(20) default NULL,
  `CHILD_TABLE_ID` bigint(20) default NULL,
  `TABLES_IN_PATH` varchar(50) default NULL,
  PRIMARY KEY  (`RELATIONSHIP_ID`)
) ENGINE=InnoDB DEFAULT CHARSET=latin1;

/*Data for the table `catissue_table_relation` */

insert into `catissue_table_relation` (`RELATIONSHIP_ID`,`PARENT_TABLE_ID`,`CHILD_TABLE_ID`,`TABLES_IN_PATH`) values (1,1,1,NULL),(2,6,6,NULL),(3,5,5,NULL),(4,7,7,NULL),(5,8,8,NULL),(6,3,3,NULL),(7,3,4,NULL),(8,21,21,NULL),(9,21,2,'70'),(10,21,69,'1'),(11,21,3,NULL),(12,10,10,NULL),(13,10,9,NULL),(14,10,11,NULL),(15,10,12,'11:18'),(16,10,18,'11'),(17,19,19,NULL),(18,19,9,NULL),(19,19,20,NULL),(20,19,12,'20'),(21,23,23,NULL),(23,23,4,NULL),(24,23,5,NULL),(25,23,6,NULL),(26,23,7,NULL),(27,31,31,NULL),(28,31,32,NULL),(29,27,27,NULL),(30,35,35,NULL),(31,35,11,NULL),(32,35,3,NULL),(33,35,27,NULL),(34,33,33,NULL),(35,33,34,NULL),(36,38,38,NULL),(37,38,37,NULL),(40,10,23,'9'),(41,10,17,NULL),(43,19,23,'9'),(44,31,3,'32'),(45,27,9,'10'),(46,27,31,NULL),(47,35,26,NULL),(48,35,9,'27:10'),(50,33,28,NULL),(52,38,33,'37'),(53,38,9,NULL),(54,35,31,'27'),(55,38,34,'37:33'),(57,43,43,NULL),(58,43,63,NULL),(59,43,23,NULL),(60,44,44,NULL),(61,44,63,NULL),(62,44,23,NULL),(63,46,46,NULL),(64,46,63,NULL),(65,46,23,NULL),(66,47,47,NULL),(67,47,63,NULL),(68,47,23,NULL),(69,48,48,NULL),(70,48,63,NULL),(71,48,23,NULL),(72,49,49,NULL),(73,49,63,NULL),(74,49,23,NULL),(75,50,50,NULL),(76,50,63,NULL),(77,50,23,NULL),(78,51,51,NULL),(79,51,63,NULL),(80,51,23,NULL),(81,52,52,NULL),(82,52,63,NULL),(83,52,23,NULL),(84,54,54,NULL),(85,54,63,NULL),(86,54,23,NULL),(87,57,57,NULL),(88,57,63,NULL),(89,57,23,NULL),(90,64,64,NULL),(91,64,63,NULL),(92,64,23,NULL),(93,66,66,NULL),(94,66,63,NULL),(95,66,23,NULL),(96,67,67,NULL),(97,67,63,NULL),(98,67,23,NULL),(99,68,68,NULL),(100,68,63,NULL),(101,68,23,NULL),(102,59,59,NULL),(103,31,10,'27'),(104,10,35,'27'),(105,62,8,NULL),(106,33,8,'62'),(107,23,63,NULL),(108,1,69,NULL),(110,21,70,NULL),(111,71,71,NULL),(112,71,69,NULL),(113,72,72,NULL),(114,72,70,NULL),(115,72,2,'70'),(116,72,69,'71'),(119,10,74,'11:18:12'),(120,19,74,'12'),(121,75,72,'37'),(122,75,75,NULL),(123,75,3,NULL),(124,75,9,NULL),(125,75,69,'37:72:71'),(127,75,70,'37:72'),(129,72,71,NULL),(130,21,1,NULL),(131,75,37,NULL),(132,78,79,NULL),(133,78,80,NULL),(134,81,82,NULL),(135,81,83,NULL),(136,81,84,NULL),(137,35,92,NULL);

/*Table structure for table `catissue_thaw_event_parameters` */

DROP TABLE IF EXISTS `catissue_thaw_event_parameters`;

CREATE TABLE `catissue_thaw_event_parameters` (
  `IDENTIFIER` bigint(20) NOT NULL default '0',
  PRIMARY KEY  (`IDENTIFIER`),
  KEY `FKD8890A48BC7298A9` (`IDENTIFIER`),
  CONSTRAINT `FKD8890A48BC7298A9` FOREIGN KEY (`IDENTIFIER`) REFERENCES `catissue_specimen_event_param` (`IDENTIFIER`)
) ENGINE=InnoDB DEFAULT CHARSET=latin1;

/*Data for the table `catissue_thaw_event_parameters` */

/*Table structure for table `catissue_tis_spe_event_param` */

DROP TABLE IF EXISTS `catissue_tis_spe_event_param`;

CREATE TABLE `catissue_tis_spe_event_param` (
  `IDENTIFIER` bigint(20) NOT NULL default '0',
  `NEOPLASTIC_CELLULARITY_PER` double default NULL,
  `NECROSIS_PERCENTAGE` double default NULL,
  `LYMPHOCYTIC_PERCENTAGE` double default NULL,
  `TOTAL_CELLULARITY_PERCENTAGE` double default NULL,
  `HISTOLOGICAL_QUALITY` varchar(50) default NULL,
  PRIMARY KEY  (`IDENTIFIER`),
  KEY `FKBB9648F4BC7298A9` (`IDENTIFIER`),
  KEY `INDX_CATISSUE_TISEVT_NCEL` (`NEOPLASTIC_CELLULARITY_PER`),
  KEY `INDX_CATISSUE_TISEVT_NPER` (`NECROSIS_PERCENTAGE`),
  KEY `INDX_CATISSUE_TISEVT_LPER` (`LYMPHOCYTIC_PERCENTAGE`),
  KEY `INDX_CATISSUE_TISEVT_CPER` (`TOTAL_CELLULARITY_PERCENTAGE`),
  KEY `INDX_CATISSUE_TISEVT_HQTY` (`HISTOLOGICAL_QUALITY`),
  CONSTRAINT `FKBB9648F4BC7298A9` FOREIGN KEY (`IDENTIFIER`) REFERENCES `catissue_event_param` (`IDENTIFIER`)
) ENGINE=InnoDB DEFAULT CHARSET=latin1;

/*Data for the table `catissue_tis_spe_event_param` */

/*Table structure for table `catissue_transfer_event_param` */

DROP TABLE IF EXISTS `catissue_transfer_event_param`;

CREATE TABLE `catissue_transfer_event_param` (
  `IDENTIFIER` bigint(20) NOT NULL default '0',
  `FROM_POSITION_DIMENSION_ONE` int(11) default NULL,
  `FROM_POSITION_DIMENSION_TWO` int(11) default NULL,
  `TO_POSITION_DIMENSION_ONE` int(11) default NULL,
  `TO_POSITION_DIMENSION_TWO` int(11) default NULL,
  `TO_STORAGE_CONTAINER_ID` bigint(20) default NULL,
  `FROM_STORAGE_CONTAINER_ID` bigint(20) default NULL,
  PRIMARY KEY  (`IDENTIFIER`),
  KEY `FK71F9AC103C2DAC61` (`TO_STORAGE_CONTAINER_ID`),
  KEY `FK71F9AC1099DF0A92` (`FROM_STORAGE_CONTAINER_ID`),
  KEY `FK71F9AC10BC7298A9` (`IDENTIFIER`),
  KEY `INDX_CATISSUE_TRANEVT_FDIM1` (`FROM_POSITION_DIMENSION_ONE`),
  KEY `INDX_CATISSUE_TRANEVT_FDIM2` (`FROM_POSITION_DIMENSION_TWO`),
  KEY `INDX_CATISSUE_TRANEVT_TDIM1` (`TO_POSITION_DIMENSION_ONE`),
  KEY `INDX_CATISSUE_TRANEVT_TDIM2` (`TO_POSITION_DIMENSION_TWO`),
  KEY `INDX_CATISSUE_TRANEVT_TSTOR` (`TO_STORAGE_CONTAINER_ID`),
  KEY `INDX_CATISSUE_TRANEVT_FSTOR` (`FROM_STORAGE_CONTAINER_ID`),
  CONSTRAINT `FK71F9AC103C2DAC61` FOREIGN KEY (`TO_STORAGE_CONTAINER_ID`) REFERENCES `catissue_storage_container` (`IDENTIFIER`),
  CONSTRAINT `FK71F9AC1099DF0A92` FOREIGN KEY (`FROM_STORAGE_CONTAINER_ID`) REFERENCES `catissue_storage_container` (`IDENTIFIER`),
  CONSTRAINT `FK71F9AC10BC7298A9` FOREIGN KEY (`IDENTIFIER`) REFERENCES `catissue_specimen_event_param` (`IDENTIFIER`)
) ENGINE=InnoDB DEFAULT CHARSET=latin1;

/*Data for the table `catissue_transfer_event_param` */

/*Table structure for table `catissue_user` */

DROP TABLE IF EXISTS `catissue_user`;

CREATE TABLE `catissue_user` (
  `IDENTIFIER` bigint(20) NOT NULL auto_increment,
  `EMAIL_ADDRESS` varchar(255) default NULL,
  `FIRST_NAME` varchar(255) default NULL,
  `LAST_NAME` varchar(255) default NULL,
  `LOGIN_NAME` varchar(255) NOT NULL default '',
  `START_DATE` date default NULL,
  `ACTIVITY_STATUS` varchar(50) default NULL,
  `DEPARTMENT_ID` bigint(20) default NULL,
  `CANCER_RESEARCH_GROUP_ID` bigint(20) default NULL,
  `INSTITUTION_ID` bigint(20) default NULL,
  `ADDRESS_ID` bigint(20) default NULL,
  `CSM_USER_ID` bigint(20) default NULL,
  `STATUS_COMMENT` text,
  `FIRST_TIME_LOGIN` tinyint(1) default '1',
  PRIMARY KEY  (`IDENTIFIER`),
  UNIQUE KEY `LOGIN_NAME` (`LOGIN_NAME`),
  KEY `FKB025CFC71792AD22` (`INSTITUTION_ID`),
  KEY `FKB025CFC7FFA96920` (`CANCER_RESEARCH_GROUP_ID`),
  KEY `FKB025CFC76CD94566` (`ADDRESS_ID`),
  KEY `FKB025CFC7F30C2528` (`DEPARTMENT_ID`),
  KEY `INDX_USER_LNAME` (`LAST_NAME`),
  KEY `INDX_USER_FNAME` (`FIRST_NAME`),
  CONSTRAINT `FKB025CFC71792AD22` FOREIGN KEY (`INSTITUTION_ID`) REFERENCES `catissue_institution` (`IDENTIFIER`),
  CONSTRAINT `FKB025CFC76CD94566` FOREIGN KEY (`ADDRESS_ID`) REFERENCES `catissue_address` (`IDENTIFIER`),
  CONSTRAINT `FKB025CFC7F30C2528` FOREIGN KEY (`DEPARTMENT_ID`) REFERENCES `catissue_department` (`IDENTIFIER`),
  CONSTRAINT `FKB025CFC7FFA96920` FOREIGN KEY (`CANCER_RESEARCH_GROUP_ID`) REFERENCES `catissue_cancer_research_group` (`IDENTIFIER`)
) ENGINE=InnoDB DEFAULT CHARSET=latin1;

/*Data for the table `catissue_user` */

insert into `catissue_user` (`IDENTIFIER`,`EMAIL_ADDRESS`,`FIRST_NAME`,`LAST_NAME`,`LOGIN_NAME`,`START_DATE`,`ACTIVITY_STATUS`,`DEPARTMENT_ID`,`CANCER_RESEARCH_GROUP_ID`,`INSTITUTION_ID`,`ADDRESS_ID`,`CSM_USER_ID`,`STATUS_COMMENT`,`FIRST_TIME_LOGIN`) values (1,'admin@admin.com','Admin','Admin','admin@admin.com',NULL,'Active',1,1,1,1,1,NULL,0),(2,'user@admin.com','firstName','LastName','user@admin.com','2007-10-23','Active',2,2,2,3,2,'administrator added',1);

/*Table structure for table `csm_application` */

DROP TABLE IF EXISTS `csm_application`;

CREATE TABLE `csm_application` (
  `APPLICATION_ID` bigint(20) NOT NULL auto_increment,
  `APPLICATION_NAME` varchar(100) NOT NULL default '',
  `APPLICATION_DESCRIPTION` varchar(200) NOT NULL default '',
  `DECLARATIVE_FLAG` tinyint(1) default NULL,
  `ACTIVE_FLAG` tinyint(1) NOT NULL default '0',
  `UPDATE_DATE` date NOT NULL default '0000-00-00',
  PRIMARY KEY  (`APPLICATION_ID`),
  UNIQUE KEY `UQ_APPLICATION_NAME` (`APPLICATION_NAME`)
) ENGINE=InnoDB DEFAULT CHARSET=latin1;

/*Data for the table `csm_application` */

insert into `csm_application` (`APPLICATION_ID`,`APPLICATION_NAME`,`APPLICATION_DESCRIPTION`,`DECLARATIVE_FLAG`,`ACTIVE_FLAG`,`UPDATE_DATE`) values (1,'catissuecore','caTISSUE Core',0,0,'2005-08-22');

/*Table structure for table `csm_group` */

DROP TABLE IF EXISTS `csm_group`;

CREATE TABLE `csm_group` (
  `GROUP_ID` bigint(20) NOT NULL auto_increment,
  `GROUP_NAME` varchar(100) NOT NULL default '',
  `GROUP_DESC` varchar(200) default NULL,
  `UPDATE_DATE` date NOT NULL default '0000-00-00',
  `APPLICATION_ID` bigint(20) NOT NULL default '0',
  PRIMARY KEY  (`GROUP_ID`),
  UNIQUE KEY `UQ_GROUP_GROUP_NAME` (`APPLICATION_ID`,`GROUP_NAME`),
  KEY `idx_APPLICATION_ID` (`APPLICATION_ID`),
  CONSTRAINT `csm_group_ibfk_1` FOREIGN KEY (`APPLICATION_ID`) REFERENCES `csm_application` (`APPLICATION_ID`) ON DELETE CASCADE
) ENGINE=InnoDB DEFAULT CHARSET=latin1;

/*Data for the table `csm_group` */

insert into `csm_group` (`GROUP_ID`,`GROUP_NAME`,`GROUP_DESC`,`UPDATE_DATE`,`APPLICATION_ID`) values (1,'ADMINISTRATOR_GROUP','Group of Administrators','2005-01-01',1),(2,'SUPERVISOR_GROUP','Group of Supervisors','2005-01-01',1),(3,'TECHNICIAN_GROUP','Group of Technicians','2005-01-01',1),(4,'PUBLIC_GROUP','Group of Public Users','2005-01-01',1),(5,'USER_2',NULL,'2007-10-23',1),(6,'PI_DISTRIBUTION_PROTOCOL_1',NULL,'2007-10-23',1),(7,'USER_1',NULL,'2007-10-23',1),(8,'PI_COLLECTION_PROTOCOL_2',NULL,'2007-10-23',1),(9,'COORDINATORS_COLLECTION_PROTOCOL_2',NULL,'2007-10-23',1);

/*Table structure for table `csm_pg_pe` */

DROP TABLE IF EXISTS `csm_pg_pe`;

CREATE TABLE `csm_pg_pe` (
  `PG_PE_ID` bigint(20) NOT NULL auto_increment,
  `PROTECTION_GROUP_ID` bigint(20) NOT NULL default '0',
  `PROTECTION_ELEMENT_ID` bigint(20) NOT NULL default '0',
  `UPDATE_DATE` date NOT NULL default '0000-00-00',
  PRIMARY KEY  (`PG_PE_ID`),
  UNIQUE KEY `UQ_PROTECTION_GROUP_PROTECTION_ELEMENT_PROTECTION_GROUP_ID` (`PROTECTION_ELEMENT_ID`,`PROTECTION_GROUP_ID`),
  KEY `idx_PROTECTION_ELEMENT_ID` (`PROTECTION_ELEMENT_ID`),
  KEY `idx_PROTECTION_GROUP_ID` (`PROTECTION_GROUP_ID`),
  CONSTRAINT `csm_pg_pe_ibfk_1` FOREIGN KEY (`PROTECTION_ELEMENT_ID`) REFERENCES `csm_protection_element` (`PROTECTION_ELEMENT_ID`) ON DELETE CASCADE,
  CONSTRAINT `csm_pg_pe_ibfk_2` FOREIGN KEY (`PROTECTION_GROUP_ID`) REFERENCES `csm_protection_group` (`PROTECTION_GROUP_ID`) ON DELETE CASCADE
) ENGINE=InnoDB DEFAULT CHARSET=latin1;

/*Data for the table `csm_pg_pe` */

insert into `csm_pg_pe` (`PG_PE_ID`,`PROTECTION_GROUP_ID`,`PROTECTION_ELEMENT_ID`,`UPDATE_DATE`) values (16,21,9,'2005-01-01'),(17,2,10,'2005-01-01'),(19,2,11,'2005-01-01'),(20,2,12,'2005-01-01'),(21,2,13,'2005-01-01'),(22,2,14,'2005-01-01'),(23,3,15,'2005-01-01'),(24,3,16,'2005-01-01'),(25,3,17,'2005-01-01'),(26,3,18,'2005-01-01'),(27,3,19,'2005-01-01'),(28,1,20,'2005-01-01'),(29,3,21,'2005-01-01'),(30,3,22,'2005-01-01'),(31,3,23,'2005-01-01'),(32,3,24,'2005-01-01'),(33,3,25,'2005-01-01'),(34,3,26,'2005-01-01'),(35,3,27,'2005-01-01'),(36,3,28,'2005-01-01'),(37,3,29,'2005-01-01'),(38,3,30,'2005-01-01'),(39,3,31,'2005-01-01'),(40,3,32,'2005-01-01'),(41,3,33,'2005-01-01'),(42,3,34,'2005-01-01'),(43,3,35,'2005-01-01'),(44,3,36,'2005-01-01'),(45,3,37,'2005-01-01'),(46,3,38,'2005-01-01'),(47,3,39,'2005-01-01'),(48,3,40,'2005-01-01'),(49,1,41,'2005-01-01'),(50,1,42,'2005-01-01'),(51,1,43,'2005-01-01'),(52,1,44,'2005-01-01'),(53,1,45,'2005-01-01'),(54,1,46,'2005-01-01'),(55,1,47,'2005-01-01'),(56,1,48,'2005-01-01'),(58,1,50,'2005-01-01'),(59,1,51,'2005-01-01'),(60,3,52,'2005-01-01'),(61,3,53,'2005-01-01'),(62,6,54,'2005-01-01'),(63,6,55,'2005-01-01'),(64,5,56,'2005-01-01'),(65,5,57,'2005-01-01'),(66,6,57,'2005-01-01'),(67,5,58,'2005-01-01'),(68,6,58,'2005-01-01'),(69,5,59,'2005-01-01'),(70,6,59,'2005-01-01'),(71,5,60,'2005-01-01'),(72,6,60,'2005-01-01'),(73,5,61,'2005-01-01'),(74,6,61,'2005-01-01'),(75,5,62,'2005-01-01'),(76,6,62,'2005-01-01'),(77,13,63,'2005-01-01'),(78,13,64,'2005-01-01'),(79,13,65,'2005-01-01'),(80,13,66,'2005-01-01'),(81,13,67,'2005-01-01'),(82,14,68,'2005-01-01'),(83,14,69,'2005-01-01'),(84,14,70,'2005-01-01'),(85,14,71,'2005-01-01'),(86,13,72,'2005-01-01'),(87,14,73,'2005-01-01'),(88,13,74,'2005-01-01'),(89,13,75,'2005-01-01'),(90,13,76,'2005-01-01'),(91,13,77,'2005-01-01'),(92,14,78,'2005-01-01'),(93,14,79,'2005-01-01'),(94,14,80,'2005-01-01'),(95,14,81,'2005-01-01'),(96,16,82,'2005-01-01'),(97,16,83,'2005-01-01'),(98,13,84,'2005-01-01'),(99,13,85,'2005-01-01'),(100,13,86,'2005-01-01'),(102,16,87,'2005-01-01'),(103,16,89,'2005-01-01'),(105,16,90,'2005-01-01'),(106,16,91,'2005-01-01'),(107,16,92,'2005-01-01'),(108,16,93,'2005-01-01'),(109,16,94,'2005-01-01'),(110,16,95,'2005-01-01'),(111,16,96,'2005-01-01'),(112,16,97,'2005-01-01'),(113,16,98,'2005-01-01'),(114,16,99,'2005-01-01'),(115,16,100,'2005-01-01'),(116,16,101,'2005-01-01'),(117,16,102,'2005-01-01'),(118,16,103,'2005-01-01'),(119,16,104,'2005-01-01'),(120,16,105,'2005-01-01'),(121,16,106,'2005-01-01'),(122,16,107,'2005-01-01'),(123,16,108,'2005-01-01'),(124,16,109,'2005-01-01'),(125,16,110,'2005-01-01'),(126,16,111,'2005-01-01'),(127,16,112,'2005-01-01'),(128,16,113,'2005-01-01'),(129,16,114,'2005-01-01'),(130,16,115,'2005-01-01'),(131,16,116,'2005-01-01'),(132,16,117,'2005-01-01'),(133,16,118,'2005-01-01'),(134,16,119,'2005-01-01'),(135,16,120,'2005-01-01'),(136,16,121,'2005-01-01'),(137,16,122,'2005-01-01'),(138,16,123,'2005-01-01'),(139,16,124,'2005-01-01'),(140,16,125,'2005-01-01'),(141,16,126,'2005-01-01'),(142,16,127,'2005-01-01'),(143,16,128,'2005-01-01'),(144,16,129,'2005-01-01'),(145,16,130,'2005-01-01'),(146,16,131,'2005-01-01'),(147,16,132,'2005-01-01'),(148,16,133,'2005-01-01'),(149,16,134,'2005-01-01'),(150,16,135,'2005-01-01'),(151,16,136,'2005-01-01'),(152,16,137,'2005-01-01'),(153,16,138,'2005-01-01'),(154,16,139,'2005-01-01'),(155,16,140,'2005-01-01'),(156,16,141,'2005-01-01'),(157,16,142,'2005-01-01'),(158,16,143,'2005-01-01'),(159,16,144,'2005-01-01'),(160,16,145,'2005-01-01'),(161,16,146,'2005-01-01'),(162,16,147,'2005-01-01'),(163,16,148,'2005-01-01'),(164,16,149,'2005-01-01'),(165,16,150,'2005-01-01'),(166,12,151,'2005-01-01'),(167,12,152,'2005-01-01'),(168,12,153,'2005-01-01'),(169,12,154,'2005-01-01'),(170,12,155,'2005-01-01'),(171,12,156,'2005-01-01'),(172,12,157,'2005-01-01'),(173,12,158,'2005-01-01'),(174,12,159,'2005-01-01'),(175,12,160,'2005-01-01'),(176,12,161,'2005-01-01'),(177,12,162,'2005-01-01'),(178,12,163,'2005-01-01'),(179,12,164,'2005-01-01'),(180,12,165,'2005-01-01'),(181,12,166,'2005-01-01'),(182,12,167,'2005-01-01'),(183,12,168,'2005-01-01'),(184,12,169,'2005-01-01'),(185,12,170,'2005-01-01'),(186,12,171,'2005-01-01'),(187,12,172,'2005-01-01'),(188,12,173,'2005-01-01'),(189,12,174,'2005-01-01'),(190,12,175,'2005-01-01'),(191,12,176,'2005-01-01'),(192,12,177,'2005-01-01'),(193,12,178,'2005-01-01'),(194,12,179,'2005-01-01'),(195,12,180,'2005-01-01'),(196,12,181,'2005-01-01'),(197,12,182,'2005-01-01'),(198,12,183,'2005-01-01'),(199,12,184,'2005-01-01'),(200,12,185,'2005-01-01'),(201,12,186,'2005-01-01'),(202,12,187,'2005-01-01'),(203,12,188,'2005-01-01'),(204,12,189,'2005-01-01'),(205,12,190,'2005-01-01'),(206,12,191,'2005-01-01'),(207,12,192,'2005-01-01'),(208,12,193,'2005-01-01'),(209,12,194,'2005-01-01'),(210,12,195,'2005-01-01'),(211,12,196,'2005-01-01'),(212,12,197,'2005-01-01'),(213,7,198,'2005-01-01'),(214,8,199,'2005-01-01'),(215,7,200,'2005-01-01'),(216,8,201,'2005-01-01'),(217,10,201,'2005-01-01'),(218,8,202,'2005-01-01'),(219,10,202,'2005-01-01'),(220,8,203,'2005-01-01'),(221,10,203,'2005-01-01'),(222,8,204,'2005-01-01'),(223,10,204,'2005-01-01'),(224,8,205,'2005-01-01'),(225,10,205,'2005-01-01'),(226,8,206,'2005-01-01'),(227,10,206,'2005-01-01'),(228,8,207,'2005-01-01'),(229,10,207,'2005-01-01'),(230,8,208,'2005-01-01'),(231,10,208,'2005-01-01'),(232,8,209,'2005-01-01'),(233,10,209,'2005-01-01'),(234,8,210,'2005-01-01'),(235,10,210,'2005-01-01'),(236,8,211,'2005-01-01'),(237,10,211,'2005-01-01'),(238,8,212,'2005-01-01'),(239,10,212,'2005-01-01'),(240,8,213,'2005-01-01'),(241,10,213,'2005-01-01'),(242,8,214,'2005-01-01'),(243,10,214,'2005-01-01'),(244,8,215,'2005-01-01'),(245,10,215,'2005-01-01'),(246,8,216,'2005-01-01'),(247,10,216,'2005-01-01'),(248,8,217,'2005-01-01'),(249,10,217,'2005-01-01'),(250,8,218,'2005-01-01'),(251,10,218,'2005-01-01'),(253,17,223,'2005-01-01'),(254,17,224,'2005-01-01'),(255,17,225,'2005-01-01'),(256,17,226,'2005-01-01'),(257,17,227,'2005-01-01'),(258,17,228,'2005-01-01'),(259,17,229,'2005-01-01'),(260,17,230,'2005-01-01'),(261,17,231,'2005-01-01'),(264,17,234,'2005-01-01'),(265,17,235,'2005-01-01'),(266,17,236,'2005-01-01'),(267,18,237,'2005-01-01'),(268,18,238,'2005-01-01'),(269,18,239,'2005-01-01'),(270,19,240,'2005-01-01'),(271,19,241,'2005-01-01'),(272,19,242,'2005-01-01'),(273,19,243,'2005-01-01'),(274,19,244,'2005-01-01'),(275,19,245,'2005-01-01'),(276,19,246,'2005-01-01'),(277,19,247,'2005-01-01'),(278,19,248,'2005-01-01'),(279,19,249,'2005-01-01'),(280,19,250,'2005-01-01'),(281,19,251,'2005-01-01'),(282,24,252,'2005-01-01'),(283,17,253,'2005-01-01'),(284,17,254,'2005-01-01'),(285,17,255,'2005-01-01'),(286,17,256,'2005-01-01'),(287,17,257,'2005-01-01'),(288,17,258,'2005-01-01'),(289,17,259,'2005-01-01'),(290,17,260,'2005-01-01'),(291,17,261,'2005-01-01'),(292,17,262,'2005-01-01'),(293,18,263,'2005-01-01'),(294,18,264,'2005-01-01'),(295,18,265,'2005-01-01'),(296,19,266,'2005-01-01'),(297,19,267,'2005-01-01'),(298,17,268,'2005-01-01'),(299,1,269,'2005-01-01'),(300,17,270,'2005-01-01'),(301,19,271,'2005-01-01'),(302,1,272,'2005-01-01'),(303,19,273,'2005-01-01'),(304,17,274,'2005-01-01'),(305,17,275,'2005-01-01'),(306,1,276,'2005-01-01'),(307,17,277,'2005-01-01'),(308,19,278,'2005-01-01'),(310,3,279,'0001-01-01'),(311,19,280,'2005-01-01'),(312,3,281,'0001-01-01'),(313,19,282,'0001-01-01'),(314,19,283,'2005-01-01'),(315,19,284,'2005-01-01'),(316,19,285,'2005-01-01'),(317,19,286,'2005-01-01'),(318,19,287,'2005-01-01'),(319,19,288,'2005-01-01'),(320,19,289,'2005-01-01'),(321,19,290,'2005-01-01'),(322,19,291,'2005-01-01'),(323,18,292,'2005-01-01'),(324,19,293,'2005-01-01'),(325,17,295,'2005-01-01'),(326,17,296,'2005-01-01'),(327,1,54,'0000-00-00'),(328,1,55,'0000-00-00'),(329,1,56,'0000-00-00'),(330,1,60,'0000-00-00'),(331,2,296,'0000-00-00'),(332,44,301,'2007-01-04'),(333,44,302,'2007-01-04'),(334,44,303,'2007-01-04'),(335,44,304,'2007-01-04'),(336,44,305,'2007-01-04'),(337,44,306,'2007-01-04'),(338,44,307,'2007-01-04'),(339,44,308,'2007-01-04'),(340,44,309,'2007-01-04'),(341,44,310,'2007-01-04'),(342,1,311,'2007-01-04'),(343,2,311,'2007-01-04'),(344,3,311,'2007-01-04'),(345,1,301,'2006-11-27'),(346,2,301,'2006-11-27'),(347,3,301,'2006-11-27'),(348,1,302,'2006-11-27'),(349,2,302,'2006-11-27'),(350,3,302,'2006-11-27'),(351,1,303,'2006-11-27'),(352,2,303,'2006-11-27'),(353,3,303,'2006-11-27'),(354,1,304,'2006-11-27'),(355,2,304,'2006-11-27'),(356,3,304,'2006-11-27'),(357,1,305,'2006-11-27'),(358,2,305,'2006-11-27'),(359,3,305,'2006-11-27'),(360,1,306,'2006-11-27'),(361,2,306,'2006-11-27'),(362,3,306,'2006-11-27'),(363,1,307,'2006-11-27'),(364,2,307,'2006-11-27'),(365,3,307,'2006-11-27'),(366,1,308,'2006-11-27'),(367,2,308,'2006-11-27'),(368,3,308,'2006-11-27'),(369,1,309,'2006-11-27'),(370,2,309,'2006-11-27'),(371,3,309,'2006-11-27'),(372,1,310,'2006-11-27'),(373,2,310,'2006-11-27'),(374,3,310,'2006-11-27'),(375,1,297,'2006-11-27'),(376,2,297,'2006-11-27'),(377,3,297,'2006-11-27'),(378,1,298,'2006-11-27'),(379,2,298,'2006-11-27'),(380,3,298,'2006-11-27'),(381,1,299,'2006-11-27'),(382,2,299,'2006-11-27'),(383,3,299,'2006-11-27'),(384,3,300,'2007-01-18'),(385,1,312,'2006-11-27'),(386,1,313,'2006-11-27'),(387,1,314,'2006-11-27'),(388,1,315,'2006-11-27'),(389,1,316,'2006-11-27'),(390,24,317,'0000-00-00'),(391,24,318,'0000-00-00'),(392,24,319,'0000-00-00'),(393,24,320,'0000-00-00'),(394,20,321,'0000-00-00'),(395,20,322,'0000-00-00'),(396,20,323,'0000-00-00'),(397,45,323,'0000-00-00'),(398,20,324,'0000-00-00'),(399,20,325,'0000-00-00'),(400,46,325,'0000-00-00'),(401,47,9,'0000-00-00'),(402,20,327,'0000-00-00'),(403,20,328,'0000-00-00'),(404,20,329,'0000-00-00'),(405,48,329,'0000-00-00'),(406,20,330,'0000-00-00'),(407,20,331,'0000-00-00'),(408,48,331,'2007-10-23'),(409,48,330,'2007-10-23'),(410,20,332,'0000-00-00'),(411,48,332,'2007-10-23'),(412,20,333,'0000-00-00'),(413,20,334,'0000-00-00'),(414,48,334,'2007-10-23'),(415,48,333,'2007-10-23');

/*Table structure for table `csm_privilege` */

DROP TABLE IF EXISTS `csm_privilege`;

CREATE TABLE `csm_privilege` (
  `PRIVILEGE_ID` bigint(20) NOT NULL auto_increment,
  `PRIVILEGE_NAME` varchar(100) NOT NULL default '',
  `PRIVILEGE_DESCRIPTION` varchar(200) default NULL,
  `UPDATE_DATE` date NOT NULL default '0000-00-00',
  PRIMARY KEY  (`PRIVILEGE_ID`),
  UNIQUE KEY `UQ_PRIVILEGE_NAME` (`PRIVILEGE_NAME`)
) ENGINE=InnoDB DEFAULT CHARSET=latin1;

/*Data for the table `csm_privilege` */

insert into `csm_privilege` (`PRIVILEGE_ID`,`PRIVILEGE_NAME`,`PRIVILEGE_DESCRIPTION`,`UPDATE_DATE`) values (1,'CREATE','This privilege grants permission to a user to create an entity. This entity can be an object, a database entry, or a resource such as a network connection','2005-08-22'),(2,'ACCESS','This privilege allows a user to access a particular resource.  Examples of resources include a network or database connection, socket, module of the application, or even the application itself','2005-08-22'),(3,'READ','This privilege permits the user to read data from a file, URL, database, an object, etc. This can be used at an entity level signifying that the user is allowed to read data about a particular entry','2005-08-22'),(4,'WRITE','This privilege allows a user to write data to a file, URL, database, an object, etc. This can be used at an entity level signifying that the user is allowed to write data about a particular entity','2005-08-22'),(5,'UPDATE','This privilege grants permission at an entity level and signifies that the user is allowed to update data for a particular entity. Entities may include an object, object attribute, database row etc','2005-08-22'),(6,'DELETE','This privilege permits a user to delete a logical entity. This entity can be an object, a database entry, a resource such as a network connection, etc','2005-08-22'),(7,'EXECUTE','This privilege allows a user to execute a particular resource. The resource can be a method, function, behavior of the application, URL, button etc','2005-08-22'),(8,'USE','This privilege allows a user to use a particular resource','2005-08-22'),(9,'ASSIGN_READ','This privilege allows a user to assign a read privilege to others','2005-08-22'),(10,'ASSIGN_USE','This privilege allows a user to assign a use privilege to others','2005-08-22'),(11,'IDENTIFIED_DATA_ACCESS','This privilege allows a user to view identified data of an object','2005-08-22'),(12,'READ_DENIED','This privilege doesnt permit the user to read data','2005-08-22');

/*Table structure for table `csm_protection_element` */

DROP TABLE IF EXISTS `csm_protection_element`;

CREATE TABLE `csm_protection_element` (
  `PROTECTION_ELEMENT_ID` bigint(20) NOT NULL auto_increment,
  `PROTECTION_ELEMENT_NAME` varchar(100) NOT NULL default '',
  `PROTECTION_ELEMENT_DESCRIPTION` varchar(200) default NULL,
  `OBJECT_ID` varchar(100) NOT NULL default '',
  `ATTRIBUTE` varchar(100) default NULL,
  `PROTECTION_ELEMENT_TYPE_ID` decimal(10,0) default NULL,
  `APPLICATION_ID` bigint(20) NOT NULL default '0',
  `UPDATE_DATE` date NOT NULL default '0000-00-00',
  PRIMARY KEY  (`PROTECTION_ELEMENT_ID`),
  UNIQUE KEY `UQ_PE_PE_NAME_ATTRIBUTE_APP_ID` (`OBJECT_ID`,`ATTRIBUTE`,`APPLICATION_ID`),
  KEY `idx_APPLICATION_ID` (`APPLICATION_ID`),
  CONSTRAINT `csm_protection_element_ibfk_1` FOREIGN KEY (`APPLICATION_ID`) REFERENCES `csm_application` (`APPLICATION_ID`) ON DELETE CASCADE
) ENGINE=InnoDB DEFAULT CHARSET=latin1;

/*Data for the table `csm_protection_element` */

insert into `csm_protection_element` (`PROTECTION_ELEMENT_ID`,`PROTECTION_ELEMENT_NAME`,`PROTECTION_ELEMENT_DESCRIPTION`,`OBJECT_ID`,`ATTRIBUTE`,`PROTECTION_ELEMENT_TYPE_ID`,`APPLICATION_ID`,`UPDATE_DATE`) values (9,'edu.wustl.catissuecore.domain.User_1','User class','edu.wustl.catissuecore.domain.User_1',NULL,NULL,1,'2005-01-01'),(10,'Participant','Participant class','edu.wustl.catissuecore.domain.Participant',NULL,NULL,1,'2005-01-01'),(11,'ParticipantMedicalIdentifier','ParticipantMedicalIdentifier class','edu.wustl.catissuecore.domain.ParticipantMedicalIdentifier',NULL,NULL,1,'2005-01-01'),(12,'ClinicalReport','ClinicalReport class','edu.wustl.catissuecore.domain.ClinicalReport',NULL,NULL,1,'2005-01-01'),(13,'SpecimenCollectionGroup','SpecimenCollectionGroup class','edu.wustl.catissuecore.domain.SpecimenCollectionGroup',NULL,NULL,1,'2005-01-01'),(14,'CollectionProtocolRegistration','CollectionProtocolRegistration class','edu.wustl.catissuecore.domain.CollectionProtocolRegistration',NULL,NULL,1,'2005-01-01'),(15,'SpecimenCharacteristics','SpecimenCharacteristics class','edu.wustl.catissuecore.domain.SpecimenCharacteristics',NULL,NULL,1,'2005-01-01'),(16,'FluidSpecimen','FluidSpecimen class','edu.wustl.catissuecore.domain.FluidSpecimen',NULL,NULL,1,'2005-01-01'),(17,'TissueSpecimen','TissueSpecimen class','edu.wustl.catissuecore.domain.TissueSpecimen',NULL,NULL,1,'2005-01-01'),(18,'CellSpecimen','CellSpecimen class','edu.wustl.catissuecore.domain.CellSpecimen',NULL,NULL,1,'2005-01-01'),(19,'MolecularSpecimen','MolecularSpecimen class','edu.wustl.catissuecore.domain.MolecularSpecimen',NULL,NULL,1,'2005-01-01'),(20,'Biohazard','Biohazard class','edu.wustl.catissuecore.domain.Biohazard',NULL,NULL,1,'2005-01-01'),(21,'Specimen','Specimen class','edu.wustl.catissuecore.domain.Specimen',NULL,NULL,1,'2005-01-01'),(22,'ExternalIdentifier','ExternalIdentifier class','edu.wustl.catissuecore.domain.ExternalIdentifier',NULL,NULL,1,'2005-01-01'),(23,'EventParameters','EventParameters class','edu.wustl.catissuecore.domain.EventParameters',NULL,NULL,1,'2005-01-01'),(24,'FluidSpecimenReviewEventParameters','FluidSpecimenReviewEventParameters class','edu.wustl.catissuecore.domain.FluidSpecimenReviewEventParameters',NULL,NULL,1,'2005-01-01'),(25,'CellSpecimenReviewParameters','CellSpecimenReviewParameters class','edu.wustl.catissuecore.domain.CellSpecimenReviewParameters',NULL,NULL,1,'2005-01-01'),(26,'TissueSpecimenReviewEventParameters','TissueSpecimenReviewEventParameters class','edu.wustl.catissuecore.domain.TissueSpecimenReviewEventParameters',NULL,NULL,1,'2005-01-01'),(27,'MolecularSpecimenReviewParameters','MolecularSpecimenReviewParameters class','edu.wustl.catissuecore.domain.MolecularSpecimenReviewParameters',NULL,NULL,1,'2005-01-01'),(28,'CheckInCheckOutEventParameter','CheckInCheckOutEventParameter class','edu.wustl.catissuecore.domain.CheckInCheckOutEventParameter',NULL,NULL,1,'2005-01-01'),(29,'FrozenEventParameters','FrozenEventParameters class','edu.wustl.catissuecore.domain.FrozenEventParameters',NULL,NULL,1,'2005-01-01'),(30,'EmbeddedEventParameters','EmbeddedEventParameters class','edu.wustl.catissuecore.domain.EmbeddedEventParameters',NULL,NULL,1,'2005-01-01'),(31,'ReviewEventParameters','ReviewEventParameters class','edu.wustl.catissuecore.domain.ReviewEventParameters',NULL,NULL,1,'2005-01-01'),(32,'SpunEventParameters','SpunEventParameters class','edu.wustl.catissuecore.domain.SpunEventParameters',NULL,NULL,1,'2005-01-01'),(33,'ThawEventParameters','ThawEventParameters class','edu.wustl.catissuecore.domain.ThawEventParameters',NULL,NULL,1,'2005-01-01'),(34,'SpecimenEventParameters','SpecimenEventParameters class','edu.wustl.catissuecore.domain.SpecimenEventParameters',NULL,NULL,1,'2005-01-01'),(35,'ReceivedEventParameters','ReceivedEventParameters class','edu.wustl.catissuecore.domain.ReceivedEventParameters',NULL,NULL,1,'2005-01-01'),(36,'DisposalEventParameters','DisposalEventParameters class','edu.wustl.catissuecore.domain.DisposalEventParameters',NULL,NULL,1,'2005-01-01'),(37,'FixedEventParameters','FixedEventParameters class','edu.wustl.catissuecore.domain.FixedEventParameters',NULL,NULL,1,'2005-01-01'),(38,'ProcedureEventParameters','ProcedureEventParameters class','edu.wustl.catissuecore.domain.ProcedureEventParameters',NULL,NULL,1,'2005-01-01'),(39,'TransferEventParameters','TransferEventParameters class','edu.wustl.catissuecore.domain.TransferEventParameters',NULL,NULL,1,'2005-01-01'),(40,'CollectionEventParameters','CollectionEventParameters class','edu.wustl.catissuecore.domain.CollectionEventParameters',NULL,NULL,1,'2005-01-01'),(41,'Site','Site class','edu.wustl.catissuecore.domain.Site',NULL,NULL,1,'2005-01-01'),(42,'StorageContainer','StorageContainer class','edu.wustl.catissuecore.domain.StorageContainer',NULL,NULL,1,'2005-01-01'),(43,'StorageContainerDetails','StorageContainerDetails class','edu.wustl.catissuecore.domain.StorageContainerDetails',NULL,NULL,1,'2005-01-01'),(44,'Capacity','Capacity class','edu.wustl.catissuecore.domain.Capacity',NULL,NULL,1,'2005-01-01'),(45,'StorageType','StorageType class','edu.wustl.catissuecore.domain.StorageType',NULL,NULL,1,'2005-01-01'),(46,'User','User class','edu.wustl.catissuecore.domain.User',NULL,NULL,1,'2005-01-01'),(47,'Address','Address class','edu.wustl.catissuecore.domain.Address',NULL,NULL,1,'2005-01-01'),(48,'CancerResearchGroup','CancerResearchGroup class','edu.wustl.catissuecore.domain.CancerResearchGroup',NULL,NULL,1,'2005-01-01'),(50,'Department','Department class','edu.wustl.catissuecore.domain.Department',NULL,NULL,1,'2005-01-01'),(51,'Institution','Institution class','edu.wustl.catissuecore.domain.Institution',NULL,NULL,1,'2005-01-01'),(52,'Distribution','Distribution class','edu.wustl.catissuecore.domain.Distribution',NULL,NULL,1,'2005-01-01'),(53,'DistributedItem','DistributedItem class','edu.wustl.catissuecore.domain.DistributedItem',NULL,NULL,1,'2005-01-01'),(54,'CollectionProtocolEvent','CollectionProtocolEvent class','edu.wustl.catissuecore.domain.CollectionProtocolEvent',NULL,NULL,1,'2005-01-01'),(55,'CollectionProtocol','CollectionProtocol class','edu.wustl.catissuecore.domain.CollectionProtocol',NULL,NULL,1,'2005-01-01'),(56,'DistributionProtocol','DistributionProtocol class','edu.wustl.catissuecore.domain.DistributionProtocol',NULL,NULL,1,'2005-01-01'),(57,'SpecimenProtocol','SpecimenProtocol class','edu.wustl.catissuecore.domain.SpecimenProtocol',NULL,NULL,1,'2005-01-01'),(58,'MolecularSpecimenRequirement','MolecularSpecimenRequirement class','edu.wustl.catissuecore.domain.MolecularSpecimenRequirement',NULL,NULL,1,'2005-01-01'),(59,'FluidSpecimenRequirement','FluidSpecimenRequirement class','edu.wustl.catissuecore.domain.FluidSpecimenRequirement',NULL,NULL,1,'2005-01-01'),(60,'SpecimenRequirement','SpecimenRequirement class','edu.wustl.catissuecore.domain.SpecimenRequirement',NULL,NULL,1,'2005-01-01'),(61,'CellSpecimenRequirement','CellSpecimenRequirement class','edu.wustl.catissuecore.domain.CellSpecimenRequirement',NULL,NULL,1,'2005-01-01'),(62,'TissueSpecimenRequirement','TissueSpecimenRequirement class','edu.wustl.catissuecore.domain.TissueSpecimenRequirement',NULL,NULL,1,'2005-01-01'),(223,'edu.wustl.catissuecore.action.DepartmentAction','edu.wustl.catissuecore.action.DepartmentAction','edu.wustl.catissuecore.action.DepartmentAction',NULL,NULL,1,'2005-08-30'),(224,'edu.wustl.catissuecore.action.CancerResearchGroupAction','edu.wustl.catissuecore.action.CancerResearchGroupAction','edu.wustl.catissuecore.action.CancerResearchGroupAction',NULL,NULL,1,'2005-08-30'),(225,'edu.wustl.catissuecore.action.BiohazardAction','edu.wustl.catissuecore.action.BiohazardAction','edu.wustl.catissuecore.action.BiohazardAction',NULL,NULL,1,'2005-08-30'),(226,'edu.wustl.catissuecore.action.InstitutionAction','edu.wustl.catissuecore.action.InstitutionAction','edu.wustl.catissuecore.action.InstitutionAction',NULL,NULL,1,'2005-08-30'),(227,'edu.wustl.catissuecore.action.SiteAction','edu.wustl.catissuecore.action.SiteAction','edu.wustl.catissuecore.action.SiteAction',NULL,NULL,1,'2005-08-30'),(228,'edu.wustl.catissuecore.action.StorageTypeAction','edu.wustl.catissuecore.action.StorageTypeAction','edu.wustl.catissuecore.action.StorageTypeAction',NULL,NULL,1,'2005-08-30'),(229,'edu.wustl.catissuecore.action.StorageContainerAction','edu.wustl.catissuecore.action.StorageContainerAction','edu.wustl.catissuecore.action.StorageContainerAction',NULL,NULL,1,'2005-08-30'),(230,'edu.wustl.catissuecore.action.CollectionProtocolAction','edu.wustl.catissuecore.action.CollectionProtocolAction','edu.wustl.catissuecore.action.CollectionProtocolAction',NULL,NULL,1,'2005-08-30'),(231,'edu.wustl.catissuecore.action.DistributionAction','edu.wustl.catissuecore.action.DistributionAction','edu.wustl.catissuecore.action.DistributionAction',NULL,NULL,1,'2005-08-30'),(234,'edu.wustl.catissuecore.action.DistributionProtocolAction','edu.wustl.catissuecore.action.DistributionProtocolAction','edu.wustl.catissuecore.action.DistributionProtocolAction',NULL,NULL,1,'2005-08-31'),(235,'edu.wustl.catissuecore.action.UserAction','edu.wustl.catissuecore.action.UserAction','edu.wustl.catissuecore.action.UserAction',NULL,NULL,1,'2005-08-31'),(236,'edu.wustl.catissuecore.action.DomainObjectListAction','edu.wustl.catissuecore.action.DomainObjectListAction','edu.wustl.catissuecore.action.DomainObjectListAction',NULL,NULL,1,'2005-08-31'),(237,'edu.wustl.catissuecore.action.ParticipantAction','edu.wustl.catissuecore.action.ParticipantAction','edu.wustl.catissuecore.action.ParticipantAction',NULL,NULL,1,'2005-08-31'),(238,'edu.wustl.catissuecore.action.CollectionProtocolRegistrationAction','edu.wustl.catissuecore.action.CollectionProtocolRegistrationAction','edu.wustl.catissuecore.action.CollectionProtocolRegistrationAction',NULL,NULL,1,'2005-08-31'),(239,'edu.wustl.catissuecore.action.SpecimenCollectionGroupAction','edu.wustl.catissuecore.action.SpecimenCollectionGroupAction','edu.wustl.catissuecore.action.SpecimenCollectionGroupAction',NULL,NULL,1,'2005-08-31'),(240,'edu.wustl.catissuecore.action.NewSpecimenAction','edu.wustl.catissuecore.action.NewSpecimenAction','edu.wustl.catissuecore.action.NewSpecimenAction',NULL,NULL,1,'2005-08-31'),(241,'edu.wustl.catissuecore.action.CreateSpecimenAction','edu.wustl.catissuecore.action.CreateSpecimenAction','edu.wustl.catissuecore.action.CreateSpecimenAction',NULL,NULL,1,'2005-08-31'),(242,'edu.wustl.catissuecore.action.DistributionAction','edu.wustl.catissuecore.action.DistributionAction','edu.wustl.catissuecore.action.DistributionAction',NULL,NULL,1,'2005-08-31'),(243,'edu.wustl.catissuecore.action.FrozenEventParametersAction','edu.wustl.catissuecore.action.FrozenEventParametersAction','edu.wustl.catissuecore.action.FrozenEventParametersAction',NULL,NULL,1,'2005-08-31'),(244,'edu.wustl.catissuecore.action.CheckInCheckOutEventParametersAction','edu.wustl.catissuecore.action.CheckInCheckOutEventParametersAction','edu.wustl.catissuecore.action.CheckInCheckOutEventParametersAction',NULL,NULL,1,'2005-08-31'),(245,'edu.wustl.catissuecore.action.ReceivedEventParametersAction','edu.wustl.catissuecore.action.ReceivedEventParametersAction','edu.wustl.catissuecore.action.ReceivedEventParametersAction',NULL,NULL,1,'2005-08-31'),(246,'edu.wustl.catissuecore.action.SpecimenEventParametersAction','edu.wustl.catissuecore.action.SpecimenEventParametersAction','edu.wustl.catissuecore.action.SpecimenEventParametersAction',NULL,NULL,1,'2005-08-31'),(247,'edu.wustl.catissuecore.action.TissueSpecimenReviewEventParametersAction','edu.wustl.catissuecore.action.TissueSpecimenReviewEventParametersAction','edu.wustl.catissuecore.action.TissueSpecimenReviewEventParametersAction',NULL,NULL,1,'2005-08-31'),(248,'edu.wustl.catissuecore.action.TransferEventParametersAction','edu.wustl.catissuecore.action.TransferEventParametersAction','edu.wustl.catissuecore.action.TransferEventParametersAction',NULL,NULL,1,'2005-08-31'),(249,'edu.wustl.catissuecore.action.EmbeddedEventParametersAction','edu.wustl.catissuecore.action.EmbeddedEventParametersAction','edu.wustl.catissuecore.action.EmbeddedEventParametersAction',NULL,NULL,1,'2005-08-31'),(250,'edu.wustl.catissuecore.action.FixedEventParametersAction','edu.wustl.catissuecore.action.FixedEventParametersAction','edu.wustl.catissuecore.action.FixedEventParametersAction',NULL,NULL,1,'2005-08-31'),(251,'edu.wustl.catissuecore.action.CollectionEventParametersAction','edu.wustl.catissuecore.action.CollectionEventParametersAction','edu.wustl.catissuecore.action.CollectionEventParametersAction',NULL,NULL,1,'2005-08-31'),(252,'edu.wustl.common.action.SimpleQueryInterfaceAction','edu.wustl.common.action.SimpleQueryInterfaceAction','edu.wustl.common.action.SimpleQueryInterfaceAction',NULL,NULL,1,'2005-08-31'),(253,'edu.wustl.common.action.SimpleQueryInterfaceAction_User','edu.wustl.common.action.SimpleQueryInterfaceAction_User','edu.wustl.common.action.SimpleQueryInterfaceAction_User',NULL,NULL,1,'2005-08-31'),(254,'edu.wustl.common.action.SimpleQueryInterfaceAction_Institution','edu.wustl.common.action.SimpleQueryInterfaceAction_Institution','edu.wustl.common.action.SimpleQueryInterfaceAction_Institution',NULL,NULL,1,'2005-08-31'),(255,'edu.wustl.common.action.SimpleQueryInterfaceAction_Department','edu.wustl.common.action.SimpleQueryInterfaceAction_Department','edu.wustl.common.action.SimpleQueryInterfaceAction_Department',NULL,NULL,1,'2005-08-31'),(256,'edu.wustl.common.action.SimpleQueryInterfaceAction_CancerResearchGroup','edu.wustl.common.action.SimpleQueryInterfaceAction_CancerResearchGroup','edu.wustl.common.action.SimpleQueryInterfaceAction_CancerResearchGroup',NULL,NULL,1,'2005-08-31'),(257,'edu.wustl.common.action.SimpleQueryInterfaceAction_Site','edu.wustl.common.action.SimpleQueryInterfaceAction_Site','edu.wustl.common.action.SimpleQueryInterfaceAction_Site',NULL,NULL,1,'2005-08-31'),(258,'edu.wustl.common.action.SimpleQueryInterfaceAction_StorageType','edu.wustl.common.action.SimpleQueryInterfaceAction_StorageType','edu.wustl.common.action.SimpleQueryInterfaceAction_StorageType',NULL,NULL,1,'2005-08-31'),(259,'edu.wustl.common.action.SimpleQueryInterfaceAction_StorageContainer','edu.wustl.common.action.SimpleQueryInterfaceAction_StorageContainer','edu.wustl.common.action.SimpleQueryInterfaceAction_StorageContainer',NULL,NULL,1,'2005-08-31'),(260,'edu.wustl.common.action.SimpleQueryInterfaceAction_Biohazard','edu.wustl.common.action.SimpleQueryInterfaceAction_Biohazard','edu.wustl.common.action.SimpleQueryInterfaceAction_Biohazard',NULL,NULL,1,'2005-08-31'),(261,'edu.wustl.common.action.SimpleQueryInterfaceAction_CollectionProtocol','edu.wustl.common.action.SimpleQueryInterfaceAction_CollectionProtocol','edu.wustl.common.action.SimpleQueryInterfaceAction_CollectionProtocol',NULL,NULL,1,'2005-08-31'),(262,'edu.wustl.common.action.SimpleQueryInterfaceAction_DistributionProtocol','edu.wustl.common.action.SimpleQueryInterfaceAction_DistributionProtocol','edu.wustl.common.action.SimpleQueryInterfaceAction_DistributionProtocol',NULL,NULL,1,'2005-08-31'),(263,'edu.wustl.common.action.SimpleQueryInterfaceAction_Participant','edu.wustl.common.action.SimpleQueryInterfaceAction_Participant','edu.wustl.common.action.SimpleQueryInterfaceAction_Participant',NULL,NULL,1,'2005-08-31'),(264,'edu.wustl.common.action.SimpleQueryInterfaceAction_CollectionProtocolRegistration','edu.wustl.common.action.SimpleQueryInterfaceAction_CollectionProtocolRegistration','edu.wustl.common.action.SimpleQueryInterfaceAction_CollectionProtReg',NULL,NULL,1,'2005-08-31'),(265,'edu.wustl.common.action.SimpleQueryInterfaceAction_SpecimenCollectionGroup','edu.wustl.common.action.SimpleQueryInterfaceAction_SpecimenCollectionGroup','edu.wustl.common.action.SimpleQueryInterfaceAction_SpecimenCollectionGroup',NULL,NULL,1,'2005-08-31'),(266,'edu.wustl.common.action.SimpleQueryInterfaceAction_Specimen','edu.wustl.common.action.SimpleQueryInterfaceAction_Specimen','edu.wustl.common.action.SimpleQueryInterfaceAction_Specimen',NULL,NULL,1,'2005-08-31'),(267,'edu.wustl.common.action.SimpleQueryInterfaceAction_Distribution','edu.wustl.common.action.SimpleQueryInterfaceAction_Distribution','edu.wustl.common.action.SimpleQueryInterfaceAction_Distribution',NULL,NULL,1,'2005-08-31'),(268,'edu.wustl.catissuecore.action.DomainObjectDetailsAction','edu.wustl.catissuecore.action.DomainObjectDetailsAction','edu.wustl.catissuecore.action.DomainObjectDetailsAction',NULL,NULL,1,'2005-08-31'),(269,'edu.wustl.catissuecore.domain.ReportedProblem','edu.wustl.catissuecore.domain.ReportedProblem','edu.wustl.catissuecore.domain.ReportedProblem',NULL,NULL,1,'2005-08-31'),(270,'edu.wustl.catissuecore.action.ReportedProblemPendingCloseAction','edu.wustl.catissuecore.action.ReportedProblemPendingCloseAction','edu.wustl.catissuecore.action.ReportedProblemPendingCloseAction',NULL,NULL,1,'2005-08-31'),(271,'edu.wustl.catissuecore.action.ListSpecimenEventParametersAction','edu.wustl.catissuecore.action.ListSpecimenEventParametersAction','edu.wustl.catissuecore.action.ListSpecimenEventParametersAction',NULL,NULL,1,'2005-08-31'),(272,'edu.wustl.catissuecore.domain.SignUpUser','edu.wustl.catissuecore.domain.SignUpUser','edu.wustl.catissuecore.domain.SignUpUser',NULL,NULL,1,'2005-08-31'),(273,'edu.wustl.catissuecore.action.MolecularSpecimenReviewParametersAction','edu.wustl.catissuecore.action.MolecularSpecimenReviewParametersAction','edu.wustl.catissuecore.action.MolecularSpecimenReviewParametersAction',NULL,NULL,1,'2005-08-31'),(274,'edu.wustl.catissuecore.action.SimilarContainersAction','edu.wustl.catissuecore.action.SimilarContainersAction','edu.wustl.catissuecore.action.SimilarContainersAction',NULL,NULL,1,'2005-08-31'),(275,'edu.wustl.catissuecore.action.SpecimenArrayTypeAction','edu.wustl.catissuecore.action.SpecimenArrayTypeAction','edu.wustl.catissuecore.action.SpecimenArrayTypeAction',NULL,NULL,1,'2006-08-31'),(276,'SpecimenArrayType','SpecimenArrayType Class','edu.wustl.catissuecore.domain.SpecimenArrayType',NULL,NULL,1,'2006-08-31'),(277,'edu.wustl.common.action.SimpleQueryInterfaceAction_SpecimenArrayType','edu.wustl.common.action.SimpleQueryInterfaceAction_SpecimenArrayType','edu.wustl.common.action.SimpleQueryInterfaceAction_SpecimenArrayType',NULL,NULL,1,'2006-08-31'),(278,'edu.wustl.common.action.SimpleQueryInterfaceAction_Distribution_array','edu.wustl.common.action.SimpleQueryInterfaceAction_SpecimenArrayType','edu.wustl.common.action.SimpleQueryInterfaceAction_Distribution_array',NULL,NULL,1,'2006-08-31'),(279,'edu.wustl.catissuecore.action.DisposalEventParametersAction','edu.wustl.catissuecore.action.SimilarContainersAction','edu.wustl.catissuecore.action.DisposalEventParametersAction',NULL,NULL,1,'2006-09-20'),(280,'edu.wustl.catissuecore.action.SpecimenArrayAction','edu.wustl.catissuecore.action.SpecimenArrayAction','edu.wustl.catissuecore.action.SpecimenArrayAction',NULL,NULL,1,'2006-08-31'),(281,'SpecimenArray','SpecimenArray Class','edu.wustl.catissuecore.domain.SpecimenArray',NULL,NULL,1,'2006-08-31'),(282,'edu.wustl.common.action.SimpleQueryInterfaceAction_SpecimenArray','edu.wustl.common.action.SimpleQueryInterfaceAction_SpecimenArray','edu.wustl.common.action.SimpleQueryInterfaceAction_SpecimenArray',NULL,NULL,1,'2006-08-31'),(283,'edu.wustl.catissuecore.action.AliquotAction','edu.wustl.catissuecore.action.AliquotAction','edu.wustl.catissuecore.action.AliquotAction',NULL,NULL,1,'2006-10-11'),(284,'edu.wustl.catissuecore.action.MultipleSpecimenAppletAction','edu.wustl.catissuecore.action.MultipleSpecimenAppletAction','edu.wustl.catissuecore.action.MultipleSpecimenAppletAction',NULL,NULL,1,'2006-12-05'),(285,'edu.wustl.catissuecore.action.MultipleSpecimenCopyPasteAction','edu.wustl.catissuecore.action.MultipleSpecimenCopyPasteAction','edu.wustl.catissuecore.action.MultipleSpecimenCopyPasteAction',NULL,NULL,1,'2006-12-05'),(286,'edu.wustl.catissuecore.action.SpecimenArrayAppletAction','edu.wustl.catissuecore.action.SpecimenArrayAppletAction','edu.wustl.catissuecore.action.SpecimenArrayAppletAction',NULL,NULL,1,'2006-12-05'),(287,'edu.wustl.catissuecore.action.MultipleSpecimenAction','edu.wustl.catissuecore.action.MultipleSpecimenAction','edu.wustl.catissuecore.action.MultipleSpecimenAction',NULL,NULL,1,'2006-12-05'),(288,'edu.wustl.catissuecore.action.NewMultipleSpecimenAction','edu.wustl.catissuecore.action.NewMultipleSpecimenAction','edu.wustl.catissuecore.action.NewMultipleSpecimenAction',NULL,NULL,1,'2006-12-05'),(289,'edu.wustl.catissuecore.action.DerivedMultipleSpecimenAddAction','edu.wustl.catissuecore.action.DerivedMultipleSpecimenAddAction','edu.wustl.catissuecore.action.DerivedMultipleSpecimenAddAction',NULL,NULL,1,'2006-12-06'),(290,'edu.wustl.catissuecore.action.AddSpecimenAction','edu.wustl.catissuecore.action.AddSpecimenAction','edu.wustl.catissuecore.action.AddSpecimenAction',NULL,NULL,1,'2006-12-06'),(291,'edu.wustl.catissuecore.action.InitMultipleSpecimenAction','edu.wustl.catissuecore.action.InitMultipleSpecimenAction','edu.wustl.catissuecore.action.InitMultipleSpecimenAction',NULL,NULL,1,'2006-12-06'),(292,'edu.wustl.catissuecore.action.CPBasedSearchAction','edu.wustl.catissuecore.action.CPBasedSearchAction','edu.wustl.catissuecore.action.CPBasedSearchAction',NULL,NULL,1,'2007-01-15'),(293,'edu.wustl.catissuecore.action.SpecimenArrayAliquotAction','edu.wustl.catissuecore.action.SpecimenArrayAliquotAction','edu.wustl.catissuecore.action.SpecimenArrayAliquotAction',NULL,NULL,1,'2007-01-15'),(294,'Local Extensions','Local Extensions class','edu.common.dynamicextensions.domain.integration.EntityMap',NULL,NULL,1,'2007-01-17'),(295,'edu.wustl.catissuecore.action.annotations.LoadAnnotationDefinitionAction','edu.wustl.catissuecore.action.annotations.LoadAnnotationDefinitionAction','edu.wustl.catissuecore.action.annotations.LoadAnnotationDefinitionAction',NULL,NULL,1,'2007-01-17'),(296,'edu.wustl.catissuecore.domain.SpecimenCollectionRequirementGroup','edu.wustl.catissuecore.domain.SpecimenCollectionRequirementGroup','edu.wustl.catissuecore.domain.SpecimenCollectionRequirementGroup',NULL,NULL,1,'2007-01-17'),(297,'Consent Tier','ConsentTier Object','edu.wustl.catissuecore.domain.ConsentTier',NULL,NULL,1,'2006-11-27'),(298,'Consent Tier Response','Consent Tier Response Object','edu.wustl.catissuecore.domain.ConsentTierResponse',NULL,NULL,1,'2006-11-27'),(299,'Consent Tier Status','Consent Tier Status Object','edu.wustl.catissuecore.domain.ConsentTierStatus',NULL,NULL,1,'2006-11-27'),(300,'ReturnEventParameters','ReturnEventParameters Class','edu.wustl.catissuecore.domain.ReturnEventParameters',NULL,NULL,1,'2007-01-17'),(301,'Order','Order Object','edu.wustl.catissuecore.domain.OrderDetails',NULL,NULL,1,'2006-11-27'),(302,'OrderItem','OrderItem Object','edu.wustl.catissuecore.domain.OrderItem',NULL,NULL,1,'2006-11-27'),(303,'Derived Specimen Order Item','Derived Specimen Order Item Object','edu.wustl.catissuecore.domain.DerivedSpecimenOrderItem',NULL,NULL,1,'2006-11-27'),(304,'Existing Specimen Array Order Item','Existing Specimen Array Order Item Object','edu.wustl.catissuecore.domain.ExistingSpecimenArrayOrderItem',NULL,NULL,1,'2006-11-27'),(305,'Existing Specimen Order Item','Existing Specimen Order Item Object','edu.wustl.catissuecore.domain.ExistingSpecimenOrderItem',NULL,NULL,1,'2006-11-27'),(306,'New Specimen Array Order Item','New Specimen Array Order Item Object','edu.wustl.catissuecore.domain.NewSpecimenArrayOrderItem',NULL,NULL,1,'2006-11-27'),(307,'New Specimen Order Item','New Specimen Order Item Object','edu.wustl.catissuecore.domain.NewSpecimenOrderItem',NULL,NULL,1,'2006-11-27'),(308,'Pathological Case Order Item','Pathological Case Order Item Object','edu.wustl.catissuecore.domain.PathologicalCaseOrderItem',NULL,NULL,1,'2006-11-27'),(309,'Specimen Array Order Item','Specimen Array Order Item Object','edu.wustl.catissuecore.domain.SpecimenArrayOrderItem',NULL,NULL,1,'2006-11-27'),(310,'Specimen Order Item','Specimen Order Item Object','edu.wustl.catissuecore.domain.SpecimenOrderItem',NULL,NULL,1,'2006-11-27'),(311,'edu.wustl.catissuecore.action.RequestListAction','edu.wustl.catissuecore.action.RequestListAction','edu.wustl.catissuecore.action.RequestListAction',NULL,NULL,1,'2007-01-04'),(312,'IdentifiedSurgicalPathologyReport','IdentifiedSurgicalPathologyReport Object','edu.wustl.catissuecore.domain.pathology.IdentifiedSurgicalPathologyReport',NULL,NULL,1,'2006-11-27'),(313,'DeidentifiedSurgicalPathologyReport','DeidentifiedSurgicalPathologyReport Object','edu.wustl.catissuecore.domain.pathology.DeidentifiedSurgicalPathologyReport',NULL,NULL,1,'2006-11-27'),(314,'ReportLoaderQueue','ReportLoaderQueue Object','edu.wustl.catissuecore.domain.pathology.ReportLoaderQueue',NULL,NULL,1,'2006-11-27'),(315,'Review Comments','PathologyReportReviewParameter Object','edu.wustl.catissuecore.domain.pathology.PathologyReportReviewParameter',NULL,NULL,1,'2006-11-27'),(316,'Quarantine Comments','QuarantineEventParameter Object','edu.wustl.catissuecore.domain.pathology.QuarantineEventParameter',NULL,NULL,1,'2006-11-27'),(317,'edu.wustl.catissuecore.action.querysuite.AddToLimitSetAction','edu.wustl.catissuecore.action.querysuite.AddToLimitSetAction','edu.wustl.catissuecore.action.querysuite.AddToLimitSetAction',NULL,NULL,1,'0000-00-00'),(318,'edu.wustl.catissuecore.action.querysuite.ViewSearchResultsAction','edu.wustl.catissuecore.action.querysuite.ViewSearchResultsAction','edu.wustl.catissuecore.action.querysuite.ViewSearchResultsAction',NULL,NULL,1,'0000-00-00'),(319,'edu.wustl.catissuecore.action.querysuite.PathFinderAction','edu.wustl.catissuecore.action.querysuite.PathFinderAction','edu.wustl.catissuecore.action.querysuite.PathFinderAction',NULL,NULL,1,'0000-00-00'),(320,'edu.wustl.catissuecore.action.querysuite.GetDagViewDataAction','edu.wustl.catissuecore.action.querysuite.GetDagViewDataAction','edu.wustl.catissuecore.action.querysuite.GetDagViewDataAction',NULL,NULL,1,'0000-00-00'),(321,'edu.wustl.catissuecore.domain.Site_1','edu.wustl.catissuecore.domain.Site object','edu.wustl.catissuecore.domain.Site_1',NULL,NULL,1,'2007-10-23'),(322,'edu.wustl.catissuecore.domain.Address_2','edu.wustl.catissuecore.domain.Address object','edu.wustl.catissuecore.domain.Address_2',NULL,NULL,1,'2007-10-23'),(323,'edu.wustl.catissuecore.domain.User_2','edu.wustl.catissuecore.domain.User object','edu.wustl.catissuecore.domain.User_2',NULL,NULL,1,'2007-10-23'),(324,'edu.wustl.catissuecore.domain.StorageContainer_1','edu.wustl.catissuecore.domain.StorageContainer object','edu.wustl.catissuecore.domain.StorageContainer_1',NULL,NULL,1,'2007-10-23'),(325,'edu.wustl.catissuecore.domain.DistributionProtocol_1','edu.wustl.catissuecore.domain.DistributionProtocol object','edu.wustl.catissuecore.domain.DistributionProtocol_1',NULL,NULL,1,'2007-10-23'),(326,'edu.wustl.catissuecore.domain.SpecimenCollectionRequirementGroup_1','edu.wustl.catissuecore.domain.SpecimenCollectionRequirementGroup object','edu.wustl.catissuecore.domain.SpecimenCollectionRequirementGroup_1',NULL,NULL,1,'2007-10-23'),(327,'edu.wustl.catissuecore.domain.SpecimenCharacteristics_1','edu.wustl.catissuecore.domain.SpecimenCharacteristics object','edu.wustl.catissuecore.domain.SpecimenCharacteristics_1',NULL,NULL,1,'2007-10-23'),(328,'edu.wustl.catissuecore.domain.Specimen_1','edu.wustl.catissuecore.domain.TissueSpecimen object','edu.wustl.catissuecore.domain.Specimen_1',NULL,NULL,1,'2007-10-23'),(329,'edu.wustl.catissuecore.domain.CollectionProtocol_2','edu.wustl.catissuecore.domain.CollectionProtocol object','edu.wustl.catissuecore.domain.CollectionProtocol_2',NULL,NULL,1,'2007-10-23'),(330,'edu.wustl.catissuecore.domain.CollectionProtocolRegistration_1','edu.wustl.catissuecore.domain.CollectionProtocolRegistration object','edu.wustl.catissuecore.domain.CollectionProtocolRegistration_1',NULL,NULL,1,'2007-10-23'),(331,'edu.wustl.catissuecore.domain.Participant_1','edu.wustl.catissuecore.domain.Participant object','edu.wustl.catissuecore.domain.Participant_1',NULL,NULL,1,'2007-10-23'),(332,'edu.wustl.catissuecore.domain.SpecimenCollectionGroup_2','edu.wustl.catissuecore.domain.SpecimenCollectionGroup object','edu.wustl.catissuecore.domain.SpecimenCollectionGroup_2',NULL,NULL,1,'2007-10-23'),(333,'edu.wustl.catissuecore.domain.Specimen_2','edu.wustl.catissuecore.domain.TissueSpecimen object','edu.wustl.catissuecore.domain.Specimen_2',NULL,NULL,1,'2007-10-23'),(334,'edu.wustl.catissuecore.domain.SpecimenCharacteristics_2','edu.wustl.catissuecore.domain.SpecimenCharacteristics object','edu.wustl.catissuecore.domain.SpecimenCharacteristics_2',NULL,NULL,1,'2007-10-23');

/*Table structure for table `csm_protection_group` */

DROP TABLE IF EXISTS `csm_protection_group`;

CREATE TABLE `csm_protection_group` (
  `PROTECTION_GROUP_ID` bigint(20) NOT NULL auto_increment,
  `PROTECTION_GROUP_NAME` varchar(100) NOT NULL default '',
  `PROTECTION_GROUP_DESCRIPTION` varchar(200) default NULL,
  `APPLICATION_ID` bigint(20) NOT NULL default '0',
  `LARGE_ELEMENT_COUNT_FLAG` tinyint(1) NOT NULL default '0',
  `UPDATE_DATE` date NOT NULL default '0000-00-00',
  `PARENT_PROTECTION_GROUP_ID` bigint(20) default NULL,
  PRIMARY KEY  (`PROTECTION_GROUP_ID`),
  UNIQUE KEY `UQ_PROTECTION_GROUP_PROTECTION_GROUP_NAME` (`APPLICATION_ID`,`PROTECTION_GROUP_NAME`),
  KEY `idx_APPLICATION_ID` (`APPLICATION_ID`),
  KEY `idx_PARENT_PROTECTION_GROUP_ID` (`PARENT_PROTECTION_GROUP_ID`),
  CONSTRAINT `csm_protection_group_ibfk_1` FOREIGN KEY (`APPLICATION_ID`) REFERENCES `csm_application` (`APPLICATION_ID`) ON DELETE CASCADE,
  CONSTRAINT `csm_protection_group_ibfk_2` FOREIGN KEY (`PARENT_PROTECTION_GROUP_ID`) REFERENCES `csm_protection_group` (`PROTECTION_GROUP_ID`)
) ENGINE=InnoDB DEFAULT CHARSET=latin1;

/*Data for the table `csm_protection_group` */

insert into `csm_protection_group` (`PROTECTION_GROUP_ID`,`PROTECTION_GROUP_NAME`,`PROTECTION_GROUP_DESCRIPTION`,`APPLICATION_ID`,`LARGE_ELEMENT_COUNT_FLAG`,`UPDATE_DATE`,`PARENT_PROTECTION_GROUP_ID`) values (1,'ADMINISTRATOR_PROTECTION_GROUP','Protection elements for class names of objects that belong to Administrative data',1,0,'2005-01-01',NULL),(2,'SUPERVISOR_PROTECTION_GROUP','Protection elements for class names of objects that belong to Supervisor\'s data',1,0,'2005-01-01',NULL),(3,'TECHNICIAN_PROTECTION_GROUP','Protection elements for class names of objects that belong to Technician data',1,0,'2005-01-01',NULL),(17,'SECURED_ADMINISTRATIVE_ACTIONS',NULL,1,0,'2005-01-01',NULL),(18,'SECURED_SUPERVISORY_ACTIONS',NULL,1,0,'2005-01-01',NULL),(19,'SECURED_TECHNICIAN_ACTIONS',NULL,1,0,'2005-01-01',NULL),(20,'PUBLIC_DATA_GROUP',NULL,1,0,'2005-01-01',NULL),(21,'ADMINISTRATORS_DATA_GROUP',NULL,1,0,'2005-01-01',NULL),(22,'SUPERVISORS_DATA_GROUP',NULL,1,0,'2005-01-01',NULL),(23,'TECHNICIANS_DATA_GROUP',NULL,1,0,'2005-01-01',NULL),(24,'SECURED_PUBLIC_ACTIONS',NULL,1,0,'2005-01-01',NULL),(44,'SCIENTIST_PROTECTION_GROUP',NULL,1,0,'0000-00-00',NULL),(45,'USER_2',NULL,1,0,'2007-10-23',NULL),(46,'DISTRIBUTION_PROTOCOL_1',NULL,1,0,'2007-10-23',NULL),(47,'USER_1',NULL,1,0,'2007-10-23',NULL),(48,'COLLECTION_PROTOCOL_2',NULL,1,0,'2007-10-23',NULL);

/*Table structure for table `csm_role` */

DROP TABLE IF EXISTS `csm_role`;

CREATE TABLE `csm_role` (
  `ROLE_ID` bigint(20) NOT NULL auto_increment,
  `ROLE_NAME` varchar(100) NOT NULL default '',
  `ROLE_DESCRIPTION` varchar(200) default NULL,
  `APPLICATION_ID` bigint(20) NOT NULL default '0',
  `ACTIVE_FLAG` tinyint(1) NOT NULL default '0',
  `UPDATE_DATE` date NOT NULL default '0000-00-00',
  PRIMARY KEY  (`ROLE_ID`),
  UNIQUE KEY `UQ_ROLE_ROLE_NAME` (`APPLICATION_ID`,`ROLE_NAME`),
  KEY `idx_APPLICATION_ID` (`APPLICATION_ID`),
  CONSTRAINT `csm_role_ibfk_1` FOREIGN KEY (`APPLICATION_ID`) REFERENCES `csm_application` (`APPLICATION_ID`) ON DELETE CASCADE
) ENGINE=InnoDB DEFAULT CHARSET=latin1;

/*Data for the table `csm_role` */

insert into `csm_role` (`ROLE_ID`,`ROLE_NAME`,`ROLE_DESCRIPTION`,`APPLICATION_ID`,`ACTIVE_FLAG`,`UPDATE_DATE`) values (1,'Administrator','Role for Administrator',1,0,'2005-01-01'),(2,'Supervisor','Role for Supervisor',1,0,'2005-01-01'),(3,'Technician','Role for Technician',1,0,'2005-01-01'),(4,'PI','Role for Principal Investigator',1,0,'2005-01-01'),(5,'READ_ONLY','Read Only Role',1,0,'2005-01-01'),(6,'USE_ONLY','Use Only Role',1,0,'2005-01-01'),(7,'Scientist','Role for Public',1,0,'2005-01-01'),(8,'UPDATE_ONLY','Update Only Role',1,0,'2005-01-01'),(9,'EXECUTE_ONLY','Execute Only Role',1,0,'2005-01-01'),(10,'READ_DENIED','Read Denied Role',1,0,'2005-01-01'),(11,'Coordinator','Role for Coordinator',1,0,'2005-01-01'),(12,'CREATE_ONLY','Create only role',1,0,'0000-00-00');

/*Table structure for table `csm_role_privilege` */

DROP TABLE IF EXISTS `csm_role_privilege`;

CREATE TABLE `csm_role_privilege` (
  `ROLE_PRIVILEGE_ID` bigint(20) NOT NULL auto_increment,
  `ROLE_ID` bigint(20) NOT NULL default '0',
  `PRIVILEGE_ID` bigint(20) NOT NULL default '0',
  `UPDATE_DATE` date NOT NULL default '0000-00-00',
  PRIMARY KEY  (`ROLE_PRIVILEGE_ID`),
  UNIQUE KEY `UQ_ROLE_PRIVILEGE_ROLE_ID` (`PRIVILEGE_ID`,`ROLE_ID`),
  KEY `idx_PRIVILEGE_ID` (`PRIVILEGE_ID`),
  KEY `idx_ROLE_ID` (`ROLE_ID`),
  CONSTRAINT `csm_role_privilege_ibfk_1` FOREIGN KEY (`PRIVILEGE_ID`) REFERENCES `csm_privilege` (`PRIVILEGE_ID`) ON DELETE CASCADE,
  CONSTRAINT `csm_role_privilege_ibfk_2` FOREIGN KEY (`ROLE_ID`) REFERENCES `csm_role` (`ROLE_ID`) ON DELETE CASCADE
) ENGINE=InnoDB DEFAULT CHARSET=latin1;

/*Data for the table `csm_role_privilege` */

insert into `csm_role_privilege` (`ROLE_PRIVILEGE_ID`,`ROLE_ID`,`PRIVILEGE_ID`,`UPDATE_DATE`) values (1,1,1,'2005-01-01'),(2,1,3,'2005-01-01'),(3,1,5,'2005-01-01'),(4,1,7,'2005-01-01'),(5,1,8,'2005-01-01'),(6,1,9,'2005-01-01'),(7,1,10,'2005-01-01'),(8,2,3,'2005-01-01'),(9,2,7,'2005-01-01'),(11,3,1,'2005-01-01'),(12,3,3,'2005-01-01'),(13,3,5,'2005-01-01'),(14,3,7,'2005-01-01'),(16,4,3,'2005-01-01'),(17,4,9,'2005-01-01'),(18,5,3,'2005-01-01'),(19,6,8,'2005-01-01'),(20,8,5,'2005-01-01'),(21,9,7,'2005-01-01'),(22,6,3,'2005-01-01'),(23,8,3,'2005-01-01'),(24,1,11,'2005-01-01'),(25,2,11,'2005-01-01'),(26,4,11,'2005-01-01'),(27,10,12,'2005-01-01'),(28,11,3,'2005-01-01'),(29,11,11,'2005-01-01'),(30,12,1,'0000-00-00');

/*Table structure for table `csm_user` */

DROP TABLE IF EXISTS `csm_user`;

CREATE TABLE `csm_user` (
  `USER_ID` bigint(20) NOT NULL auto_increment,
  `LOGIN_NAME` varchar(100) NOT NULL default '',
  `FIRST_NAME` varchar(100) NOT NULL default '',
  `LAST_NAME` varchar(100) NOT NULL default '',
  `ORGANIZATION` varchar(100) default NULL,
  `DEPARTMENT` varchar(100) default NULL,
  `TITLE` varchar(100) default NULL,
  `PHONE_NUMBER` varchar(15) default NULL,
  `PASSWORD` varchar(100) default NULL,
  `EMAIL_ID` varchar(100) default NULL,
  `START_DATE` date default NULL,
  `END_DATE` date default NULL,
  `UPDATE_DATE` date NOT NULL default '0000-00-00',
  PRIMARY KEY  (`USER_ID`),
  UNIQUE KEY `UQ_LOGIN_NAME` (`LOGIN_NAME`)
) ENGINE=InnoDB DEFAULT CHARSET=latin1;

/*Data for the table `csm_user` */

insert into `csm_user` (`USER_ID`,`LOGIN_NAME`,`FIRST_NAME`,`LAST_NAME`,`ORGANIZATION`,`DEPARTMENT`,`TITLE`,`PHONE_NUMBER`,`PASSWORD`,`EMAIL_ID`,`START_DATE`,`END_DATE`,`UPDATE_DATE`) values (1,'admin@admin.com','Admin','Admin',NULL,'1',NULL,NULL,'544165577365746c3163326f336d','admin@admin.com','2005-08-30',NULL,'2007-10-23'),(2,'user@admin.com','firstName','LastName',NULL,NULL,NULL,NULL,'4b4164573165596c6e63376f','user@admin.com','2007-10-23',NULL,'2007-10-23');

/*Table structure for table `csm_user_group` */

DROP TABLE IF EXISTS `csm_user_group`;

CREATE TABLE `csm_user_group` (
  `USER_GROUP_ID` bigint(20) NOT NULL auto_increment,
  `USER_ID` bigint(20) NOT NULL default '0',
  `GROUP_ID` bigint(20) NOT NULL default '0',
  PRIMARY KEY  (`USER_GROUP_ID`),
  KEY `idx_USER_ID` (`USER_ID`),
  KEY `idx_GROUP_ID` (`GROUP_ID`),
  CONSTRAINT `csm_user_group_ibfk_1` FOREIGN KEY (`GROUP_ID`) REFERENCES `csm_group` (`GROUP_ID`) ON DELETE CASCADE,
  CONSTRAINT `csm_user_group_ibfk_2` FOREIGN KEY (`USER_ID`) REFERENCES `csm_user` (`USER_ID`) ON DELETE CASCADE
) ENGINE=InnoDB DEFAULT CHARSET=latin1;

/*Data for the table `csm_user_group` */

insert into `csm_user_group` (`USER_GROUP_ID`,`USER_ID`,`GROUP_ID`) values (3,2,1),(4,2,5),(19,1,1),(20,1,6),(21,1,8),(22,1,7);

/*Table structure for table `csm_user_group_role_pg` */

DROP TABLE IF EXISTS `csm_user_group_role_pg`;

CREATE TABLE `csm_user_group_role_pg` (
  `USER_GROUP_ROLE_PG_ID` bigint(20) NOT NULL auto_increment,
  `USER_ID` bigint(20) default NULL,
  `GROUP_ID` bigint(20) default NULL,
  `ROLE_ID` bigint(20) NOT NULL default '0',
  `PROTECTION_GROUP_ID` bigint(20) NOT NULL default '0',
  `UPDATE_DATE` date NOT NULL default '0000-00-00',
  PRIMARY KEY  (`USER_GROUP_ROLE_PG_ID`),
  KEY `idx_GROUP_ID` (`GROUP_ID`),
  KEY `idx_ROLE_ID` (`ROLE_ID`),
  KEY `idx_PROTECTION_GROUP_ID` (`PROTECTION_GROUP_ID`),
  KEY `idx_USER_ID` (`USER_ID`),
  CONSTRAINT `csm_user_group_role_pg_ibfk_1` FOREIGN KEY (`GROUP_ID`) REFERENCES `csm_group` (`GROUP_ID`) ON DELETE CASCADE,
  CONSTRAINT `csm_user_group_role_pg_ibfk_2` FOREIGN KEY (`PROTECTION_GROUP_ID`) REFERENCES `csm_protection_group` (`PROTECTION_GROUP_ID`) ON DELETE CASCADE,
  CONSTRAINT `csm_user_group_role_pg_ibfk_3` FOREIGN KEY (`ROLE_ID`) REFERENCES `csm_role` (`ROLE_ID`) ON DELETE CASCADE,
  CONSTRAINT `csm_user_group_role_pg_ibfk_4` FOREIGN KEY (`USER_ID`) REFERENCES `csm_user` (`USER_ID`) ON DELETE CASCADE
) ENGINE=InnoDB DEFAULT CHARSET=latin1;

/*Data for the table `csm_user_group_role_pg` */

insert into `csm_user_group_role_pg` (`USER_GROUP_ROLE_PG_ID`,`USER_ID`,`GROUP_ID`,`ROLE_ID`,`PROTECTION_GROUP_ID`,`UPDATE_DATE`) values (3,NULL,4,5,1,'2005-01-01'),(4,NULL,1,1,1,'2005-01-01'),(5,NULL,1,1,2,'2005-01-01'),(6,NULL,1,1,3,'2005-01-01'),(7,NULL,1,1,4,'2005-01-01'),(8,NULL,1,1,5,'2005-01-01'),(9,NULL,1,1,6,'2005-01-01'),(10,NULL,1,1,7,'2005-01-01'),(11,NULL,1,1,8,'2005-01-01'),(12,NULL,1,1,9,'2005-01-01'),(13,NULL,1,1,10,'2005-01-01'),(14,NULL,1,1,11,'2005-01-01'),(15,NULL,1,1,12,'2005-01-01'),(16,NULL,1,1,13,'2005-01-01'),(17,NULL,1,1,14,'2005-01-01'),(18,NULL,1,1,15,'2005-01-01'),(19,NULL,1,1,16,'2005-01-01'),(20,NULL,1,1,17,'2005-01-01'),(21,NULL,1,1,18,'2005-01-01'),(22,NULL,1,1,19,'2005-01-01'),(23,NULL,1,1,20,'2005-01-01'),(24,NULL,1,1,21,'2005-01-01'),(25,NULL,1,1,22,'2005-01-01'),(26,NULL,1,1,23,'2005-01-01'),(27,NULL,2,1,2,'2005-01-01'),(28,NULL,2,1,3,'2005-01-01'),(29,NULL,2,1,13,'2005-01-01'),(30,NULL,2,1,14,'2005-01-01'),(31,NULL,2,1,15,'2005-01-01'),(32,NULL,2,1,16,'2005-01-01'),(33,NULL,2,1,22,'2005-01-01'),(34,NULL,2,1,23,'2005-01-01'),(35,NULL,2,2,1,'2005-01-01'),(36,NULL,2,2,7,'2005-01-01'),(37,NULL,2,2,8,'2005-01-01'),(38,NULL,2,2,11,'2005-01-01'),(39,NULL,2,2,12,'2005-01-01'),(40,NULL,2,2,18,'2005-01-01'),(41,NULL,2,2,19,'2005-01-01'),(42,NULL,2,2,5,'2005-01-01'),(43,NULL,2,2,6,'2005-01-01'),(44,NULL,2,2,9,'2005-01-01'),(45,NULL,2,2,10,'2005-01-01'),(46,NULL,2,2,21,'2005-01-01'),(47,NULL,3,3,3,'2005-01-01'),(48,NULL,3,3,15,'2005-01-01'),(49,NULL,3,3,16,'2005-01-01'),(50,NULL,3,3,19,'2005-01-01'),(51,NULL,3,5,1,'2005-01-01'),(52,NULL,3,5,2,'2005-01-01'),(53,NULL,3,5,8,'2005-01-01'),(54,NULL,3,5,12,'2005-01-01'),(55,NULL,3,5,14,'2005-01-01'),(56,NULL,3,5,21,'2005-01-01'),(57,NULL,3,5,22,'2005-01-01'),(58,NULL,3,6,5,'2005-01-01'),(59,NULL,3,6,9,'2005-01-01'),(60,NULL,3,6,10,'2005-01-01'),(61,NULL,4,5,2,'2005-01-01'),(62,NULL,4,5,3,'2005-01-01'),(63,NULL,4,5,5,'2005-01-01'),(64,NULL,4,5,6,'2005-01-01'),(65,NULL,4,5,8,'2005-01-01'),(66,NULL,4,5,10,'2005-01-01'),(67,NULL,4,5,14,'2005-01-01'),(68,NULL,4,5,16,'2005-01-01'),(69,NULL,4,5,20,'2005-01-01'),(70,NULL,1,1,24,'2005-08-24'),(71,NULL,2,2,24,'2005-08-24'),(72,NULL,3,3,24,'2005-08-24'),(73,NULL,4,9,24,'2005-08-24'),(74,NULL,2,2,20,'2006-01-18'),(75,NULL,3,3,20,'2005-08-24'),(102,NULL,4,12,44,'0000-00-00'),(103,NULL,5,8,45,'2007-10-23'),(104,NULL,6,4,46,'2007-10-23'),(105,NULL,7,8,47,'2007-10-23'),(106,NULL,8,4,48,'2007-10-23'),(107,NULL,9,11,48,'2007-10-23');

/*Table structure for table `csm_user_pe` */

DROP TABLE IF EXISTS `csm_user_pe`;

CREATE TABLE `csm_user_pe` (
  `USER_PROTECTION_ELEMENT_ID` bigint(20) NOT NULL auto_increment,
  `PROTECTION_ELEMENT_ID` bigint(20) NOT NULL default '0',
  `USER_ID` bigint(20) NOT NULL default '0',
  `UPDATE_DATE` date NOT NULL default '0000-00-00',
  PRIMARY KEY  (`USER_PROTECTION_ELEMENT_ID`),
  UNIQUE KEY `UQ_USER_PROTECTION_ELEMENT_PROTECTION_ELEMENT_ID` (`USER_ID`,`PROTECTION_ELEMENT_ID`),
  KEY `idx_USER_ID` (`USER_ID`),
  KEY `idx_PROTECTION_ELEMENT_ID` (`PROTECTION_ELEMENT_ID`),
  CONSTRAINT `csm_user_pe_ibfk_1` FOREIGN KEY (`USER_ID`) REFERENCES `csm_user` (`USER_ID`) ON DELETE CASCADE,
  CONSTRAINT `csm_user_pe_ibfk_2` FOREIGN KEY (`PROTECTION_ELEMENT_ID`) REFERENCES `csm_protection_element` (`PROTECTION_ELEMENT_ID`) ON DELETE CASCADE
) ENGINE=InnoDB DEFAULT CHARSET=latin1;

/*Data for the table `csm_user_pe` */

/*Table structure for table `curated_path` */

DROP TABLE IF EXISTS `curated_path`;

CREATE TABLE `curated_path` (
  `curated_path_Id` bigint(20) NOT NULL default '0',
  `entity_ids` text,
  `selected` tinyint(1) default NULL,
  PRIMARY KEY  (`curated_path_Id`)
) ENGINE=InnoDB DEFAULT CHARSET=latin1;

/*Data for the table `curated_path` */

/*Table structure for table `curated_path_to_path` */

DROP TABLE IF EXISTS `curated_path_to_path`;

CREATE TABLE `curated_path_to_path` (
  `curated_path_Id` bigint(20) NOT NULL default '0',
  `path_id` bigint(20) NOT NULL default '0',
  PRIMARY KEY  (`curated_path_Id`,`path_id`)
) ENGINE=InnoDB DEFAULT CHARSET=latin1;

/*Data for the table `curated_path_to_path` */

/*Table structure for table `de_coll_attr_record_values` */

DROP TABLE IF EXISTS `de_coll_attr_record_values`;

CREATE TABLE `de_coll_attr_record_values` (
  `IDENTIFIER` bigint(20) NOT NULL auto_increment,
  `RECORD_VALUE` text,
  `COLLECTION_ATTR_RECORD_ID` bigint(20) default NULL,
  PRIMARY KEY  (`IDENTIFIER`),
  KEY `FK847DA577355836BC` (`COLLECTION_ATTR_RECORD_ID`),
  CONSTRAINT `FK847DA577355836BC` FOREIGN KEY (`COLLECTION_ATTR_RECORD_ID`) REFERENCES `dyextn_attribute_record` (`IDENTIFIER`)
) ENGINE=InnoDB DEFAULT CHARSET=latin1;

/*Data for the table `de_coll_attr_record_values` */

/*Table structure for table `de_file_attr_record_values` */

DROP TABLE IF EXISTS `de_file_attr_record_values`;

CREATE TABLE `de_file_attr_record_values` (
  `IDENTIFIER` bigint(20) NOT NULL auto_increment,
  `CONTENT_TYPE` varchar(255) default NULL,
  `FILE_CONTENT` blob,
  `FILE_NAME` varchar(255) default NULL,
  `RECORD_ID` bigint(20) default NULL,
  PRIMARY KEY  (`IDENTIFIER`),
  KEY `FKE68334E7E150DFC9` (`RECORD_ID`),
  CONSTRAINT `FKE68334E7E150DFC9` FOREIGN KEY (`RECORD_ID`) REFERENCES `dyextn_attribute_record` (`IDENTIFIER`)
) ENGINE=InnoDB DEFAULT CHARSET=latin1;

/*Data for the table `de_file_attr_record_values` */

/*Table structure for table `de_object_attr_record_values` */

DROP TABLE IF EXISTS `de_object_attr_record_values`;

CREATE TABLE `de_object_attr_record_values` (
  `IDENTIFIER` bigint(20) NOT NULL auto_increment,
  `CLASS_NAME` varchar(255) default NULL,
  `OBJECT_CONTENT` blob,
  `RECORD_ID` bigint(20) default NULL,
  PRIMARY KEY  (`IDENTIFIER`),
  KEY `FK504EADC4E150DFC9` (`RECORD_ID`),
  CONSTRAINT `FK504EADC4E150DFC9` FOREIGN KEY (`RECORD_ID`) REFERENCES `dyextn_attribute_record` (`IDENTIFIER`)
) ENGINE=InnoDB DEFAULT CHARSET=latin1;

/*Data for the table `de_object_attr_record_values` */

/*Table structure for table `dyextn_abstract_metadata` */

DROP TABLE IF EXISTS `dyextn_abstract_metadata`;

CREATE TABLE `dyextn_abstract_metadata` (
  `IDENTIFIER` bigint(20) NOT NULL auto_increment,
  `CREATED_DATE` date default NULL,
  `DESCRIPTION` text,
  `LAST_UPDATED` date default NULL,
  `NAME` text,
  `PUBLIC_ID` varchar(255) default NULL,
  PRIMARY KEY  (`IDENTIFIER`)
) ENGINE=InnoDB DEFAULT CHARSET=latin1;

/*Data for the table `dyextn_abstract_metadata` */

insert into `dyextn_abstract_metadata` (`IDENTIFIER`,`CREATED_DATE`,`DESCRIPTION`,`LAST_UPDATED`,`NAME`,`PUBLIC_ID`) values (1,'2007-09-22','Catissue Suite','2007-09-22','Catissue Suite',NULL),(2,'2007-09-22','Base class for defining all domain objects in the system.','2007-09-22','edu.wustl.catissuecore.domain.AbstractDomainObject',NULL),(3,NULL,'System generated unique identifier.',NULL,'id','954196821'),(4,'2007-09-22','A single unit of tissue, body fluid, or derivative biological macromolecule that is collected or created from a Participant','2007-09-22','edu.wustl.catissuecore.domain.Specimen',NULL),(5,NULL,NULL,NULL,'AssociationName_21',NULL),(6,NULL,NULL,NULL,'AssociationName_20',NULL),(7,NULL,NULL,NULL,'AssociationName_19',NULL),(8,NULL,NULL,NULL,'AssociationName_18',NULL),(9,NULL,NULL,NULL,'AssociationName_17',NULL),(10,NULL,NULL,NULL,'AssociationName_16',NULL),(11,NULL,NULL,NULL,'AssociationName_15',NULL),(12,NULL,NULL,NULL,'AssociationName_14',NULL),(13,NULL,NULL,NULL,'AssociationName_13',NULL),(14,NULL,NULL,NULL,'AssociationName_12',NULL),(15,NULL,'System generated unique identifier.',NULL,'id','954196821'),(16,NULL,'Reference to dimensional position two of the specimen in Storage Container.',NULL,'positionDimensionTwo','267670155'),(17,NULL,NULL,NULL,'collectionStatus','-292159954'),(18,NULL,'Histopathological character of the specimen e.g. Non-Malignant, Malignant, Non-Malignant Diseased, Pre-Malignant.',NULL,'pathologicalStatus','267670153'),(19,NULL,'Is this specimen still physically available in the tissue bank?',NULL,'available','267670148'),(20,NULL,NULL,NULL,'isCollectionProtocolRequirement','-292159955'),(21,NULL,'Barcode assigned to the specimen.',NULL,'barcode','267670149'),(22,NULL,NULL,NULL,'createdOn','-292159956'),(23,NULL,'Type of specimen. e.g. Serum, Plasma, Blood, Fresh Tissue etc.',NULL,'type','267670156'),(24,NULL,'Human readable unique label/name assigned to specimen.',NULL,'label','267670151'),(25,NULL,'Defines whether this Specimen record can be queried (Active) or not queried (Inactive) by any actor',NULL,'activityStatus','267670147'),(26,NULL,'Shows specimen\'s heredity status e.g. Original, Derivative, Aliquot',NULL,'lineage','267670152'),(27,NULL,'Comments on specimen.',NULL,'comment','267670150'),(28,NULL,'Reference to dimensional position one of the specimen in Storage Container.',NULL,'positionDimensionOne','267670154'),(29,NULL,NULL,NULL,'AssociationName_1',NULL),(30,NULL,NULL,NULL,'AssociationName_2',NULL),(31,NULL,NULL,NULL,'AssociationName_3',NULL),(32,NULL,NULL,NULL,'AssociationName_4',NULL),(33,NULL,NULL,NULL,'AssociationName_5',NULL),(34,NULL,NULL,NULL,'AssociationName_6',NULL),(35,NULL,NULL,NULL,'AssociationName_7',NULL),(36,NULL,NULL,NULL,'AssociationName_8',NULL),(37,NULL,NULL,NULL,'AssociationName_9',NULL),(38,NULL,NULL,NULL,'AssociationName_10',NULL),(39,NULL,NULL,NULL,'AssociationName_11',NULL),(40,'2007-09-22','An object that can be used to hold things.','2007-09-22','edu.wustl.catissuecore.domain.Container',NULL),(41,NULL,NULL,NULL,'AssociationName_4',NULL),(42,NULL,NULL,NULL,'AssociationName_3',NULL),(43,NULL,NULL,NULL,'AssociationName_2',NULL),(44,NULL,NULL,NULL,'AssociationName_1',NULL),(45,NULL,'A written explanation about container.',NULL,'comment','1594949321'),(46,NULL,'Is no space available in the container to store more specimens?',NULL,'full','1594949322'),(47,NULL,'A machine-readable unique name/information assigned to the container.',NULL,'barcode','1594949320'),(48,NULL,'Reference to dimensional position one of the container in its two dimensional parent container.',NULL,'positionDimensionOne','1594949324'),(49,NULL,'Reference to dimensional position two of the container in its two dimensional parent container.',NULL,'positionDimensionTwo','1594949325'),(50,NULL,'Activity status of the container.',NULL,'activityStatus','1594949319'),(51,NULL,'A human readable unique name assigned to the container.',NULL,'name','1594949323'),(52,NULL,'System generated unique identifier.',NULL,'id','954196821'),(53,'2007-09-22','A collection of specimens arranged in an ordered pattern.  ','2007-09-22','edu.wustl.catissuecore.domain.SpecimenArray',NULL),(54,NULL,NULL,NULL,'AssociationName_7',NULL),(55,NULL,NULL,NULL,'AssociationName_6',NULL),(56,NULL,NULL,NULL,'AssociationName_5',NULL),(57,NULL,'System generated unique identifier.',NULL,'id','954196821'),(58,NULL,'A human readable unique name assigned to the container.',NULL,'name','1594949323'),(59,NULL,'Activity status of the container.',NULL,'activityStatus','1594949319'),(60,NULL,'Whether this specimen array is available for distribution or any other purpose.',NULL,'available','1924296045'),(61,NULL,'Reference to dimensional position two of the container in its two dimensional parent container.',NULL,'positionDimensionTwo','1594949325'),(62,NULL,'Reference to dimensional position one of the container in its two dimensional parent container.',NULL,'positionDimensionOne','1594949324'),(63,NULL,'A machine-readable unique name/information assigned to the container.',NULL,'barcode','1594949320'),(64,NULL,'Is no space available in the container to store more specimens?',NULL,'full','1594949322'),(65,NULL,'A written explanation about container.',NULL,'comment','1594949321'),(66,NULL,NULL,NULL,'AssociationName_1',NULL),(67,NULL,NULL,NULL,'AssociationName_2',NULL),(68,NULL,NULL,NULL,'AssociationName_3',NULL),(69,NULL,NULL,NULL,'AssociationName_4',NULL),(70,'2007-09-22','A physically discreet container that is used to store a specimen  e.g. Box, Freezer etc','2007-09-22','edu.wustl.catissuecore.domain.StorageContainer',NULL),(71,NULL,NULL,NULL,'AssociationName_9',NULL),(72,NULL,NULL,NULL,'AssociationName_8',NULL),(73,NULL,NULL,NULL,'AssociationName_7',NULL),(74,NULL,NULL,NULL,'AssociationName_6',NULL),(75,NULL,NULL,NULL,'AssociationName_5',NULL),(76,NULL,'System generated unique identifier.',NULL,'id','954196821'),(77,NULL,'A human readable unique name assigned to the container.',NULL,'name','1594949323'),(78,NULL,'Activity status of the container.',NULL,'activityStatus','1594949319'),(79,NULL,'Reference to dimensional position two of the container in its two dimensional parent container.',NULL,'positionDimensionTwo','1594949325'),(80,NULL,'Reference to dimensional position one of the container in its two dimensional parent container.',NULL,'positionDimensionOne','1594949324'),(81,NULL,'A machine-readable unique name/information assigned to the container.',NULL,'barcode','1594949320'),(82,NULL,'Is no space available in the container to store more specimens?',NULL,'full','1594949322'),(83,NULL,'A written explanation about container.',NULL,'comment','1594949321'),(84,NULL,'Intended temperature of the storage container.',NULL,'tempratureInCentigrade','-345713105'),(85,NULL,NULL,NULL,'AssociationName_1',NULL),(86,NULL,NULL,NULL,'AssociationName_2',NULL),(87,NULL,NULL,NULL,'AssociationName_3',NULL),(88,NULL,NULL,NULL,'AssociationName_4',NULL),(89,'2007-09-22','A physical location associated with biospecimen collection, storage, processing, or utilization','2007-09-22','edu.wustl.catissuecore.domain.Site',NULL),(90,NULL,NULL,NULL,'AssociationName_2',NULL),(91,NULL,NULL,NULL,'AssociationName_1',NULL),(92,NULL,'Defines whether this Site record can be queried (Active) or not queried (Inactive) by any actor.',NULL,'activityStatus','1591666435'),(93,NULL,'Name of the physical location.',NULL,'name','1591666437'),(94,NULL,'System generated unique identifier.',NULL,'id','954196821'),(95,NULL,'Email address of the site.',NULL,'emailAddress','1591666436'),(96,NULL,'Function of the site (e.g. Collection site, repository, or laboratory)',NULL,'type','1591666438'),(97,'2007-09-22','A person who interacts with the system and/or involved in the process of biospecimen collection, processing, or utilization','2007-09-22','edu.wustl.catissuecore.domain.User',NULL),(98,NULL,NULL,NULL,'AssociationName_5',NULL),(99,NULL,'Last name of the User',NULL,'lastName','665011496'),(100,NULL,'Common Security Module linking attribute',NULL,'csmUserId','665011493'),(101,NULL,'System generated unique identifier.',NULL,'id','954196821'),(102,NULL,'Date, on which user was added to the system',NULL,'startDate','665011498'),(103,NULL,'Defines whether the user record can be queried (Active) or not queried (Inactive) by any actor',NULL,'activityStatus','665011491'),(104,NULL,'First Name of the User',NULL,'firstName','665011495'),(105,NULL,'Comments given by the approver.',NULL,'comments','665011492'),(106,NULL,'Login name for login into the system',NULL,'loginName','665011497'),(107,NULL,'Email address of the user',NULL,'emailAddress','665011494'),(108,NULL,NULL,NULL,'AssociationName_1',NULL),(109,NULL,NULL,NULL,'AssociationName_2',NULL),(110,NULL,NULL,NULL,'AssociationName_3',NULL),(111,NULL,NULL,NULL,'AssociationName_4',NULL),(112,'2007-09-22','This class maintains all the passwords corresponding to a user','2007-09-22','edu.wustl.catissuecore.domain.Password',NULL),(113,NULL,'Password for login into the system',NULL,'password','-2034531248'),(114,NULL,'Date on which this password was set',NULL,'updateDate','-2034531247'),(115,NULL,'System generated unique identifier.',NULL,'id','954196821'),(116,'2007-09-22','A set of attributes that defines the physical location of a User or Site','2007-09-22','edu.wustl.catissuecore.domain.Address',NULL),(117,NULL,'Fax number',NULL,'faxNumber','-253668781'),(118,NULL,'City',NULL,'city','-253668783'),(119,NULL,'State',NULL,'state','-253668779'),(120,NULL,'Zip code',NULL,'zipCode','-253668777'),(121,NULL,'Phone number',NULL,'phoneNumber','-253668780'),(122,NULL,'Country',NULL,'country','-253668782'),(123,NULL,'Multi-Line street address.',NULL,'street','-253668778'),(124,NULL,'System generated unique identifier.',NULL,'id','954196821'),(125,'2007-09-22','An institution to which a user belongs to.','2007-09-22','edu.wustl.catissuecore.domain.Institution',NULL),(126,NULL,'Name of the Institution.',NULL,'name','698955384'),(127,NULL,'System generated unique identifier.',NULL,'id','954196821'),(128,'2007-09-22','Acollection of scientist and/or clinician users with a common research objective related to biospecimen collection and utilization','2007-09-22','edu.wustl.catissuecore.domain.CancerResearchGroup',NULL),(129,NULL,'Name of the cancer research group.',NULL,'name','-898302170'),(130,NULL,'System generated unique identifier.',NULL,'id','954196821'),(131,'2007-09-22','A department to which a user belongs to','2007-09-22','edu.wustl.catissuecore.domain.Department',NULL),(132,NULL,'Name of the department',NULL,'name','938157387'),(133,NULL,'System generated unique identifier.',NULL,'id','954196821'),(134,'2007-09-22','A generic term which defines the template for different container types.','2007-09-22','edu.wustl.catissuecore.domain.ContainerType',NULL),(135,NULL,NULL,NULL,'AssociationName_1',NULL),(136,NULL,'Defines whether this continerType record can be queried (Active) or not queried (Inactive) by any actor',NULL,'activityStatus','-773971968'),(137,NULL,'Human understandable name assigned to dimension one.',NULL,'oneDimensionLabel','-773971965'),(138,NULL,'A written explanation about the container type.',NULL,'comment','-773971967'),(139,NULL,'Human understandable name assigned to dimension two.',NULL,'twoDimensionLabel','-773971964'),(140,NULL,'A human readable unique name assigned to container type.',NULL,'name','-773971966'),(141,NULL,'System generated unique identifier.',NULL,'id','954196821'),(142,'2007-09-22','Capacity defined for a storage container','2007-09-22','edu.wustl.catissuecore.domain.Capacity',NULL),(143,NULL,'Number of objects that can be stored in dimension one.',NULL,'oneDimensionCapacity','-1898352979'),(144,NULL,'Number of objects that can be stored in dimension two.',NULL,'twoDimensionCapacity','-1898352978'),(145,NULL,'System generated unique identifier.',NULL,'id','954196821'),(146,'2007-09-22','Defines a template for a storage container. The template can be used to define multiple storage containers.','2007-09-22','edu.wustl.catissuecore.domain.StorageType',NULL),(147,NULL,NULL,NULL,'AssociationName_3',NULL),(148,NULL,NULL,NULL,'AssociationName_2',NULL),(149,NULL,NULL,NULL,'AssociationName_1',NULL),(150,NULL,'Defines whether this continerType record can be queried (Active) or not queried (Inactive) by any actor',NULL,'activityStatus','-773971968'),(151,NULL,'Human understandable name assigned to dimension one.',NULL,'oneDimensionLabel','-773971965'),(152,NULL,'A written explanation about the container type.',NULL,'comment','-773971967'),(153,NULL,'Intended temperature of the storage container template.',NULL,'defaultTempratureInCentigrade','-1825881256'),(154,NULL,'Human understandable name assigned to dimension two.',NULL,'twoDimensionLabel','-773971964'),(155,NULL,'A human readable unique name assigned to container type.',NULL,'name','-773971966'),(156,NULL,'System generated unique identifier.',NULL,'id','954196821'),(157,'2007-09-22','Defines a template for a specimen array. The template can be used to define multiple SpecimenArray.','2007-09-22','edu.wustl.catissuecore.domain.SpecimenArrayType',NULL),(158,NULL,NULL,NULL,'AssociationName_1',NULL),(159,NULL,'Defines whether this continerType record can be queried (Active) or not queried (Inactive) by any actor',NULL,'activityStatus','-773971968'),(160,NULL,'Human understandable name assigned to dimension one.',NULL,'oneDimensionLabel','-773971965'),(161,NULL,'A written explanation about the container type.',NULL,'comment','-773971967'),(162,NULL,'Human understandable name assigned to dimension two.',NULL,'twoDimensionLabel','-773971964'),(163,NULL,'Defines the class of specimens that an array can hold. E.g. Molecular, Tissue, Fluid or Cell.',NULL,'specimenClass','-1260035607'),(164,NULL,'A human readable unique name assigned to container type.',NULL,'name','-773971966'),(165,NULL,'System generated unique identifier.',NULL,'id','954196821'),(166,'2007-09-22','A set of procedures that govern the collection and/or distribution of biospecimens','2007-09-22','edu.wustl.catissuecore.domain.SpecimenProtocol',NULL),(167,NULL,NULL,NULL,'AssociationName_1',NULL),(168,NULL,'Date on which the protocol is activated.',NULL,'startDate','81095906'),(169,NULL,'Full title assigned to the protocol',NULL,'title','81095907'),(170,NULL,'Defines whether this SpecimenProtocol record can be queried (Active) or not queried (Inactive) by any actor',NULL,'activityStatus','81095900'),(171,NULL,'IRB approval number.',NULL,'irbIdentifier','81095904'),(172,NULL,'Number of anticipated cases need for the protocol.',NULL,'enrollment','81095903'),(173,NULL,'Abbreviated title assigned to the protocol',NULL,'shortTitle','81095905'),(174,NULL,'URL to the document that describes detailed information for the biospecimen protocol.',NULL,'descriptionURL','81095901'),(175,NULL,'Date on which the protocol is marked as closed.',NULL,'endDate','81095902'),(176,NULL,'System generated unique identifier.',NULL,'id','954196821'),(177,'2007-09-22','A set of written procedures that describe how a biospecimen is prospectively collected from a participant.','2007-09-22','edu.wustl.catissuecore.domain.CollectionProtocol',NULL),(178,NULL,NULL,NULL,'AssociationName_4',NULL),(179,NULL,'System generated unique identifier.',NULL,'id','954196821'),(180,NULL,'Date on which the protocol is marked as closed.',NULL,'endDate','81095902'),(181,NULL,'URL to the document that describes detailed information for the biospecimen protocol.',NULL,'descriptionURL','81095901'),(182,NULL,'Abbreviated title assigned to the protocol',NULL,'shortTitle','81095905'),(183,NULL,'Number of anticipated cases need for the protocol.',NULL,'enrollment','81095903'),(184,NULL,'IRB approval number.',NULL,'irbIdentifier','81095904'),(185,NULL,'Check whether all aliquotes in specimens which belong to that CP in same container or not.',NULL,'aliquotInSameContainer','1316884367'),(186,NULL,'Defines whether this SpecimenProtocol record can be queried (Active) or not queried (Inactive) by any actor',NULL,'activityStatus','81095900'),(187,NULL,'Full title assigned to the protocol',NULL,'title','81095907'),(188,NULL,'Date on which the protocol is activated.',NULL,'startDate','81095906'),(189,NULL,NULL,NULL,'AssociationName_1',NULL),(190,NULL,NULL,NULL,'AssociationName_2',NULL),(191,NULL,NULL,NULL,'AssociationName_3',NULL),(192,'2007-09-22','An abbreviated set of written procedures that describe how a previously collected specimen will be utilized.  Note that specimen may be collected with one collection protocol and then later utilized by multiple different studies (Distribution protocol).','2007-09-22','edu.wustl.catissuecore.domain.DistributionProtocol',NULL),(193,NULL,NULL,NULL,'AssociationName_1',NULL),(194,NULL,'Date on which the protocol is activated.',NULL,'startDate','81095906'),(195,NULL,'Full title assigned to the protocol',NULL,'title','81095907'),(196,NULL,'Defines whether this SpecimenProtocol record can be queried (Active) or not queried (Inactive) by any actor',NULL,'activityStatus','81095900'),(197,NULL,'IRB approval number.',NULL,'irbIdentifier','81095904'),(198,NULL,'Number of anticipated cases need for the protocol.',NULL,'enrollment','81095903'),(199,NULL,'Abbreviated title assigned to the protocol',NULL,'shortTitle','81095905'),(200,NULL,'System generated unique identifier.',NULL,'id','954196821'),(201,NULL,'Date on which the protocol is marked as closed.',NULL,'endDate','81095902'),(202,NULL,'URL to the document that describes detailed information for the biospecimen protocol.',NULL,'descriptionURL','81095901'),(203,'2007-09-22',NULL,'2007-09-22','edu.wustl.catissuecore.domain.ConsentTier',NULL),(204,NULL,NULL,NULL,'statement','442140730'),(205,NULL,'System generated unique identifier.',NULL,'id','954196821'),(206,'2007-09-22','Quantity of any measurable data','2007-09-22','edu.wustl.catissuecore.domain.Quantity',NULL),(207,NULL,'System generated unique identifier.',NULL,'id','954196821'),(208,'2007-09-22','Quantity measures as microgram','2007-09-22','edu.wustl.catissuecore.domain.QuantityInMicrogram',NULL),(209,NULL,'value of quantity',NULL,'value','1046310426'),(210,NULL,'System generated unique identifier.',NULL,'id','954196821'),(211,'2007-09-22','Quantity measures in grams','2007-09-22','edu.wustl.catissuecore.domain.QuantityInGram',NULL),(212,NULL,'value of quantity',NULL,'value','-944339520'),(213,NULL,'System generated unique identifier.',NULL,'id','954196821'),(214,'2007-09-22','Quantity measures in milliliters','2007-09-22','edu.wustl.catissuecore.domain.QuantityInMilliliter',NULL),(215,NULL,'value of quantity',NULL,'value','-2121745705'),(216,NULL,'System generated unique identifier.',NULL,'id','954196821'),(217,'2007-09-22','Quantity measures as cell count','2007-09-22','edu.wustl.catissuecore.domain.QuantityInCount',NULL),(218,NULL,'value of quantity',NULL,'value','-747353304'),(219,NULL,'System generated unique identifier.',NULL,'id','954196821'),(220,'2007-09-22','The combined anatomic state of a specimen','2007-09-22','edu.wustl.catissuecore.domain.SpecimenCharacteristics',NULL),(221,NULL,'For bilateral sites, left or right',NULL,'tissueSide','2067377962'),(222,NULL,'The anatomical site from which a specimen is derived.',NULL,'tissueSite','2067377963'),(223,NULL,'System generated unique identifier.',NULL,'id','954196821'),(224,'2007-09-22','A molecular derivative (I.e. RNA / DNA / Protein Lysate) obtained from a specimen.','2007-09-22','edu.wustl.catissuecore.domain.MolecularSpecimen',NULL),(225,NULL,NULL,NULL,'AssociationName_21',NULL),(226,NULL,NULL,NULL,'AssociationName_20',NULL),(227,NULL,NULL,NULL,'AssociationName_19',NULL),(228,NULL,NULL,NULL,'AssociationName_18',NULL),(229,NULL,NULL,NULL,'AssociationName_17',NULL),(230,NULL,NULL,NULL,'AssociationName_16',NULL),(231,NULL,NULL,NULL,'AssociationName_15',NULL),(232,NULL,NULL,NULL,'AssociationName_14',NULL),(233,NULL,NULL,NULL,'AssociationName_13',NULL),(234,NULL,NULL,NULL,'AssociationName_12',NULL),(235,NULL,NULL,NULL,'AssociationName_11',NULL),(236,NULL,'System generated unique identifier.',NULL,'id','954196821'),(237,NULL,'Reference to dimensional position two of the specimen in Storage Container.',NULL,'positionDimensionTwo','267670155'),(238,NULL,NULL,NULL,'collectionStatus','-292159954'),(239,NULL,'Histopathological character of the specimen e.g. Non-Malignant, Malignant, Non-Malignant Diseased, Pre-Malignant.',NULL,'pathologicalStatus','267670153'),(240,NULL,'Is this specimen still physically available in the tissue bank?',NULL,'available','267670148'),(241,NULL,NULL,NULL,'isCollectionProtocolRequirement','-292159955'),(242,NULL,'Barcode assigned to the specimen.',NULL,'barcode','267670149'),(243,NULL,NULL,NULL,'createdOn','-292159956'),(244,NULL,'Type of specimen. e.g. Serum, Plasma, Blood, Fresh Tissue etc.',NULL,'type','267670156'),(245,NULL,'Human readable unique label/name assigned to specimen.',NULL,'label','267670151'),(246,NULL,'Defines whether this Specimen record can be queried (Active) or not queried (Inactive) by any actor',NULL,'activityStatus','267670147'),(247,NULL,'Shows specimen\'s heredity status e.g. Original, Derivative, Aliquot',NULL,'lineage','267670152'),(248,NULL,'Comments on specimen.',NULL,'comment','267670150'),(249,NULL,'Concentration of liquid molecular specimen measured in microgram per microlitter.',NULL,'concentrationInMicrogramPerMicroliter','-1373132179'),(250,NULL,'Reference to dimensional position one of the specimen in Storage Container.',NULL,'positionDimensionOne','267670154'),(251,NULL,NULL,NULL,'AssociationName_1',NULL),(252,NULL,NULL,NULL,'AssociationName_2',NULL),(253,NULL,NULL,NULL,'AssociationName_3',NULL),(254,NULL,NULL,NULL,'AssociationName_4',NULL),(255,NULL,NULL,NULL,'AssociationName_5',NULL),(256,NULL,NULL,NULL,'AssociationName_6',NULL),(257,NULL,NULL,NULL,'AssociationName_7',NULL),(258,NULL,NULL,NULL,'AssociationName_8',NULL),(259,NULL,NULL,NULL,'AssociationName_9',NULL),(260,NULL,NULL,NULL,'AssociationName_10',NULL),(261,'2007-09-22','A biospecimen composed ofpurified single cells not in the context of a tissue or other biospecimen fluid','2007-09-22','edu.wustl.catissuecore.domain.CellSpecimen',NULL),(262,NULL,NULL,NULL,'AssociationName_21',NULL),(263,NULL,NULL,NULL,'AssociationName_20',NULL),(264,NULL,NULL,NULL,'AssociationName_19',NULL),(265,NULL,NULL,NULL,'AssociationName_18',NULL),(266,NULL,NULL,NULL,'AssociationName_17',NULL),(267,NULL,NULL,NULL,'AssociationName_16',NULL),(268,NULL,NULL,NULL,'AssociationName_15',NULL),(269,NULL,NULL,NULL,'AssociationName_14',NULL),(270,NULL,NULL,NULL,'AssociationName_13',NULL),(271,NULL,NULL,NULL,'AssociationName_12',NULL),(272,NULL,'System generated unique identifier.',NULL,'id','954196821'),(273,NULL,'Reference to dimensional position two of the specimen in Storage Container.',NULL,'positionDimensionTwo','267670155'),(274,NULL,NULL,NULL,'collectionStatus','-292159954'),(275,NULL,'Histopathological character of the specimen e.g. Non-Malignant, Malignant, Non-Malignant Diseased, Pre-Malignant.',NULL,'pathologicalStatus','267670153'),(276,NULL,'Is this specimen still physically available in the tissue bank?',NULL,'available','267670148'),(277,NULL,NULL,NULL,'isCollectionProtocolRequirement','-292159955'),(278,NULL,'Barcode assigned to the specimen.',NULL,'barcode','267670149'),(279,NULL,NULL,NULL,'createdOn','-292159956'),(280,NULL,'Type of specimen. e.g. Serum, Plasma, Blood, Fresh Tissue etc.',NULL,'type','267670156'),(281,NULL,'Human readable unique label/name assigned to specimen.',NULL,'label','267670151'),(282,NULL,'Defines whether this Specimen record can be queried (Active) or not queried (Inactive) by any actor',NULL,'activityStatus','267670147'),(283,NULL,'Shows specimen\'s heredity status e.g. Original, Derivative, Aliquot',NULL,'lineage','267670152'),(284,NULL,'Comments on specimen.',NULL,'comment','267670150'),(285,NULL,'Reference to dimensional position one of the specimen in Storage Container.',NULL,'positionDimensionOne','267670154'),(286,NULL,NULL,NULL,'AssociationName_1',NULL),(287,NULL,NULL,NULL,'AssociationName_2',NULL),(288,NULL,NULL,NULL,'AssociationName_3',NULL),(289,NULL,NULL,NULL,'AssociationName_4',NULL),(290,NULL,NULL,NULL,'AssociationName_5',NULL),(291,NULL,NULL,NULL,'AssociationName_6',NULL),(292,NULL,NULL,NULL,'AssociationName_7',NULL),(293,NULL,NULL,NULL,'AssociationName_8',NULL),(294,NULL,NULL,NULL,'AssociationName_9',NULL),(295,NULL,NULL,NULL,'AssociationName_10',NULL),(296,NULL,NULL,NULL,'AssociationName_11',NULL),(297,'2007-09-22','A single unit of tissue specimen that is collected or created from a participant','2007-09-22','edu.wustl.catissuecore.domain.TissueSpecimen',NULL),(298,NULL,NULL,NULL,'AssociationName_21',NULL),(299,NULL,NULL,NULL,'AssociationName_20',NULL),(300,NULL,NULL,NULL,'AssociationName_19',NULL),(301,NULL,NULL,NULL,'AssociationName_18',NULL),(302,NULL,NULL,NULL,'AssociationName_17',NULL),(303,NULL,NULL,NULL,'AssociationName_16',NULL),(304,NULL,NULL,NULL,'AssociationName_15',NULL),(305,NULL,NULL,NULL,'AssociationName_14',NULL),(306,NULL,NULL,NULL,'AssociationName_13',NULL),(307,NULL,NULL,NULL,'AssociationName_12',NULL),(308,NULL,'System generated unique identifier.',NULL,'id','954196821'),(309,NULL,'Reference to dimensional position two of the specimen in Storage Container.',NULL,'positionDimensionTwo','267670155'),(310,NULL,NULL,NULL,'collectionStatus','-292159954'),(311,NULL,'Histopathological character of the specimen e.g. Non-Malignant, Malignant, Non-Malignant Diseased, Pre-Malignant.',NULL,'pathologicalStatus','267670153'),(312,NULL,'Is this specimen still physically available in the tissue bank?',NULL,'available','267670148'),(313,NULL,NULL,NULL,'isCollectionProtocolRequirement','-292159955'),(314,NULL,'Barcode assigned to the specimen.',NULL,'barcode','267670149'),(315,NULL,NULL,NULL,'createdOn','-292159956'),(316,NULL,'Type of specimen. e.g. Serum, Plasma, Blood, Fresh Tissue etc.',NULL,'type','267670156'),(317,NULL,'Human readable unique label/name assigned to specimen.',NULL,'label','267670151'),(318,NULL,'Defines whether this Specimen record can be queried (Active) or not queried (Inactive) by any actor',NULL,'activityStatus','267670147'),(319,NULL,'Shows specimen\'s heredity status e.g. Original, Derivative, Aliquot',NULL,'lineage','267670152'),(320,NULL,'Comments on specimen.',NULL,'comment','267670150'),(321,NULL,'Reference to dimensional position one of the specimen in Storage Container.',NULL,'positionDimensionOne','267670154'),(322,NULL,NULL,NULL,'AssociationName_1',NULL),(323,NULL,NULL,NULL,'AssociationName_2',NULL),(324,NULL,NULL,NULL,'AssociationName_3',NULL),(325,NULL,NULL,NULL,'AssociationName_4',NULL),(326,NULL,NULL,NULL,'AssociationName_5',NULL),(327,NULL,NULL,NULL,'AssociationName_6',NULL),(328,NULL,NULL,NULL,'AssociationName_7',NULL),(329,NULL,NULL,NULL,'AssociationName_8',NULL),(330,NULL,NULL,NULL,'AssociationName_9',NULL),(331,NULL,NULL,NULL,'AssociationName_10',NULL),(332,NULL,NULL,NULL,'AssociationName_11',NULL),(333,'2007-09-22','A single unit of bodily fluid specimen that is collected or created from a Participant.','2007-09-22','edu.wustl.catissuecore.domain.FluidSpecimen',NULL),(334,NULL,NULL,NULL,'AssociationName_21',NULL),(335,NULL,NULL,NULL,'AssociationName_20',NULL),(336,NULL,NULL,NULL,'AssociationName_19',NULL),(337,NULL,NULL,NULL,'AssociationName_18',NULL),(338,NULL,NULL,NULL,'AssociationName_17',NULL),(339,NULL,NULL,NULL,'AssociationName_16',NULL),(340,NULL,NULL,NULL,'AssociationName_15',NULL),(341,NULL,NULL,NULL,'AssociationName_14',NULL),(342,NULL,NULL,NULL,'AssociationName_13',NULL),(343,NULL,NULL,NULL,'AssociationName_12',NULL),(344,NULL,'System generated unique identifier.',NULL,'id','954196821'),(345,NULL,'Reference to dimensional position two of the specimen in Storage Container.',NULL,'positionDimensionTwo','267670155'),(346,NULL,NULL,NULL,'collectionStatus','-292159954'),(347,NULL,'Histopathological character of the specimen e.g. Non-Malignant, Malignant, Non-Malignant Diseased, Pre-Malignant.',NULL,'pathologicalStatus','267670153'),(348,NULL,'Is this specimen still physically available in the tissue bank?',NULL,'available','267670148'),(349,NULL,NULL,NULL,'isCollectionProtocolRequirement','-292159955'),(350,NULL,'Barcode assigned to the specimen.',NULL,'barcode','267670149'),(351,NULL,NULL,NULL,'createdOn','-292159956'),(352,NULL,'Type of specimen. e.g. Serum, Plasma, Blood, Fresh Tissue etc.',NULL,'type','267670156'),(353,NULL,'Human readable unique label/name assigned to specimen.',NULL,'label','267670151'),(354,NULL,'Defines whether this Specimen record can be queried (Active) or not queried (Inactive) by any actor',NULL,'activityStatus','267670147'),(355,NULL,'Shows specimen\'s heredity status e.g. Original, Derivative, Aliquot',NULL,'lineage','267670152'),(356,NULL,'Comments on specimen.',NULL,'comment','267670150'),(357,NULL,'Reference to dimensional position one of the specimen in Storage Container.',NULL,'positionDimensionOne','267670154'),(358,NULL,NULL,NULL,'AssociationName_1',NULL),(359,NULL,NULL,NULL,'AssociationName_2',NULL),(360,NULL,NULL,NULL,'AssociationName_3',NULL),(361,NULL,NULL,NULL,'AssociationName_4',NULL),(362,NULL,NULL,NULL,'AssociationName_5',NULL),(363,NULL,NULL,NULL,'AssociationName_6',NULL),(364,NULL,NULL,NULL,'AssociationName_7',NULL),(365,NULL,NULL,NULL,'AssociationName_8',NULL),(366,NULL,NULL,NULL,'AssociationName_9',NULL),(367,NULL,NULL,NULL,'AssociationName_10',NULL),(368,NULL,NULL,NULL,'AssociationName_11',NULL),(369,'2007-09-22',NULL,'2007-09-22','edu.wustl.catissuecore.domain.ConsentTierStatus',NULL),(370,NULL,NULL,NULL,'AssociationName_1',NULL),(371,NULL,NULL,NULL,'status','430779936'),(372,NULL,'System generated unique identifier.',NULL,'id','954196821'),(373,'2007-09-22','Represents a group of specimens collected from the same participant in the same accession event.','2007-09-22','edu.wustl.catissuecore.domain.AbstractSpecimenCollectionGroup',NULL),(374,NULL,NULL,NULL,'AssociationName_1',NULL),(375,NULL,'Participant\'s clinical diagnosis at this collection event (e.g. Prostate Adenocarcinoma).',NULL,'clinicalDiagnosis','764396574'),(376,NULL,'The clinical status of the participant at the time of specimen collection. (e.g. New DX, pre-RX, pre-OP, post-OP, remission, relapse)',NULL,'clinicalStatus','764396575'),(377,NULL,'Defines whether this record can be queried (Active) or not queried (Inactive) by any actor.',NULL,'activityStatus','764396573'),(378,NULL,'System generated unique identifier.',NULL,'id','954196821'),(379,'2007-09-22',NULL,'2007-09-22','edu.wustl.catissuecore.domain.SpecimenCollectionGroup',NULL),(380,NULL,NULL,NULL,'AssociationName_23',NULL),(381,NULL,NULL,NULL,'AssociationName_22',NULL),(382,NULL,NULL,NULL,'AssociationName_21',NULL),(383,NULL,NULL,NULL,'AssociationName_20',NULL),(384,NULL,NULL,NULL,'AssociationName_19',NULL),(385,NULL,NULL,NULL,'AssociationName_18',NULL),(386,NULL,NULL,NULL,'AssociationName_5',NULL),(387,NULL,NULL,NULL,'AssociationName_4',NULL),(388,NULL,NULL,NULL,'AssociationName_3',NULL),(389,NULL,NULL,NULL,'AssociationName_2',NULL),(390,NULL,NULL,NULL,'AssociationName_1',NULL),(391,NULL,'Participant\'s clinical diagnosis at this collection event (e.g. Prostate Adenocarcinoma).',NULL,'clinicalDiagnosis','764396574'),(392,NULL,NULL,NULL,'name','1689506864'),(393,NULL,'The clinical status of the participant at the time of specimen collection. (e.g. New DX, pre-RX, pre-OP, post-OP, remission, relapse)',NULL,'clinicalStatus','764396575'),(394,NULL,NULL,NULL,'surgicalPathologyNumber','1689506866'),(395,NULL,NULL,NULL,'collectionStatus','1689506867'),(396,NULL,NULL,NULL,'comment','1689506865'),(397,NULL,'Defines whether this record can be queried (Active) or not queried (Inactive) by any actor.',NULL,'activityStatus','764396573'),(398,NULL,'System generated unique identifier.',NULL,'id','954196821'),(399,NULL,NULL,NULL,'AssociationName_6',NULL),(400,NULL,NULL,NULL,'AssociationName_7',NULL),(401,NULL,NULL,NULL,'AssociationName_8',NULL),(402,NULL,NULL,NULL,'AssociationName_9',NULL),(403,NULL,NULL,NULL,'AssociationName_10',NULL),(404,NULL,NULL,NULL,'AssociationName_11',NULL),(405,NULL,NULL,NULL,'AssociationName_12',NULL),(406,NULL,NULL,NULL,'AssociationName_13',NULL),(407,NULL,NULL,NULL,'AssociationName_14',NULL),(408,NULL,NULL,NULL,'AssociationName_15',NULL),(409,NULL,NULL,NULL,'AssociationName_16',NULL),(410,NULL,NULL,NULL,'AssociationName_17',NULL),(411,'2007-09-22',NULL,'2007-09-22','edu.wustl.catissuecore.domain.EventParameters',NULL),(412,NULL,NULL,NULL,'timestamp','1342932196'),(413,NULL,NULL,NULL,'comment','1342932195'),(414,NULL,'System generated unique identifier.',NULL,'id','954196821'),(415,'2007-09-22','Attributes associated with a specific specimen event','2007-09-22','edu.wustl.catissuecore.domain.SpecimenEventParameters',NULL),(416,NULL,NULL,NULL,'AssociationName_6',NULL),(417,NULL,NULL,NULL,'AssociationName_5',NULL),(418,NULL,NULL,NULL,'AssociationName_4',NULL),(419,NULL,NULL,NULL,'AssociationName_3',NULL),(420,NULL,NULL,NULL,'AssociationName_2',NULL),(421,NULL,NULL,NULL,'AssociationName_1',NULL),(422,NULL,NULL,NULL,'timestamp','1342932196'),(423,NULL,NULL,NULL,'comment','1342932195'),(424,NULL,'System generated unique identifier.',NULL,'id','954196821'),(425,'2007-09-22','An abbreviated set of written procedures that describe how a previously collected specimen will be utilized.  Note that specimen may be collected with one collection protocol and then later utilized by multiple different studies (Distribution protocol)','2007-09-22','edu.wustl.catissuecore.domain.EmbeddedEventParameters',NULL),(426,NULL,NULL,NULL,'AssociationName_6',NULL),(427,NULL,NULL,NULL,'AssociationName_5',NULL),(428,NULL,NULL,NULL,'AssociationName_4',NULL),(429,NULL,NULL,NULL,'AssociationName_3',NULL),(430,NULL,NULL,NULL,'AssociationName_2',NULL),(431,NULL,NULL,NULL,'AssociationName_1',NULL),(432,NULL,NULL,NULL,'timestamp','1342932196'),(433,NULL,'Type of medium in which specimen is embedded.',NULL,'embeddingMedium','-1726269120'),(434,NULL,NULL,NULL,'comment','1342932195'),(435,NULL,'System generated unique identifier.',NULL,'id','954196821'),(436,'2007-09-22','Attributes associated with a thawing event of a specimen','2007-09-22','edu.wustl.catissuecore.domain.ThawEventParameters',NULL),(437,NULL,NULL,NULL,'AssociationName_6',NULL),(438,NULL,NULL,NULL,'AssociationName_5',NULL),(439,NULL,NULL,NULL,'AssociationName_4',NULL),(440,NULL,NULL,NULL,'AssociationName_3',NULL),(441,NULL,NULL,NULL,'AssociationName_2',NULL),(442,NULL,NULL,NULL,'AssociationName_1',NULL),(443,NULL,NULL,NULL,'timestamp','1342932196'),(444,NULL,NULL,NULL,'comment','1342932195'),(445,NULL,'System generated unique identifier.',NULL,'id','954196821'),(446,'2007-09-22','Attributes associated with a fixation event of a specimen.','2007-09-22','edu.wustl.catissuecore.domain.FixedEventParameters',NULL),(447,NULL,NULL,NULL,'AssociationName_6',NULL),(448,NULL,NULL,NULL,'AssociationName_5',NULL),(449,NULL,NULL,NULL,'AssociationName_4',NULL),(450,NULL,NULL,NULL,'AssociationName_3',NULL),(451,NULL,NULL,NULL,'AssociationName_2',NULL),(452,NULL,NULL,NULL,'AssociationName_1',NULL),(453,NULL,NULL,NULL,'timestamp','1342932196'),(454,NULL,'Type of the fixation.',NULL,'fixationType','-1038307716'),(455,NULL,'Duration, measured in minutes, for which fixation is performed on specimen.',NULL,'durationInMinutes','-1038307717'),(456,NULL,NULL,NULL,'comment','1342932195'),(457,NULL,'System generated unique identifier.',NULL,'id','954196821'),(458,'2007-09-22','Attributes associated with moving specimen from one storage location to another','2007-09-22','edu.wustl.catissuecore.domain.TransferEventParameters',NULL),(459,NULL,NULL,NULL,'AssociationName_8',NULL),(460,NULL,NULL,NULL,'AssociationName_7',NULL),(461,NULL,'System generated unique identifier.',NULL,'id','954196821'),(462,NULL,'Reference to dimensional position one of the specimen in new storage container after transfer.',NULL,'toPositionDimensionOne','1083378935'),(463,NULL,'Reference to dimensional position one of the specimen in previous storage container before transfer.',NULL,'fromPositionDimensionOne','1083378933'),(464,NULL,'Reference to dimensional position two of the specimen in new storage container after transfer.',NULL,'toPositionDimensionTwo','1083378936'),(465,NULL,NULL,NULL,'comment','1342932195'),(466,NULL,'Reference to dimensional position two of the specimen in previous storage container before transfer.',NULL,'fromPositionDimensionTwo','1083378934'),(467,NULL,NULL,NULL,'timestamp','1342932196'),(468,NULL,NULL,NULL,'AssociationName_1',NULL),(469,NULL,NULL,NULL,'AssociationName_2',NULL),(470,NULL,NULL,NULL,'AssociationName_3',NULL),(471,NULL,NULL,NULL,'AssociationName_4',NULL),(472,NULL,NULL,NULL,'AssociationName_5',NULL),(473,NULL,NULL,NULL,'AssociationName_6',NULL),(474,'2007-09-22','Attributes associated with the received event of a specimen','2007-09-22','edu.wustl.catissuecore.domain.ReceivedEventParameters',NULL),(475,NULL,NULL,NULL,'AssociationName_6',NULL),(476,NULL,NULL,NULL,'AssociationName_5',NULL),(477,NULL,NULL,NULL,'AssociationName_4',NULL),(478,NULL,NULL,NULL,'AssociationName_3',NULL),(479,NULL,NULL,NULL,'AssociationName_2',NULL),(480,NULL,NULL,NULL,'AssociationName_1',NULL),(481,NULL,NULL,NULL,'timestamp','1342932196'),(482,NULL,'Grossly evaluated quality of the received specimen.',NULL,'receivedQuality','-958585133'),(483,NULL,NULL,NULL,'comment','1342932195'),(484,NULL,'System generated unique identifier.',NULL,'id','954196821'),(485,'2007-09-22','A binary event to indicate whether a specimen has been removed from or returned to its recorded storage location','2007-09-22','edu.wustl.catissuecore.domain.CheckInCheckOutEventParameter',NULL),(486,NULL,NULL,NULL,'AssociationName_6',NULL),(487,NULL,NULL,NULL,'AssociationName_5',NULL),(488,NULL,NULL,NULL,'AssociationName_4',NULL),(489,NULL,NULL,NULL,'AssociationName_3',NULL),(490,NULL,NULL,NULL,'AssociationName_2',NULL),(491,NULL,NULL,NULL,'AssociationName_1',NULL),(492,NULL,NULL,NULL,'timestamp','1342932196'),(493,NULL,NULL,NULL,'comment','1342932195'),(494,NULL,'Type of the movement e.g. Check-in or Check-out.',NULL,'storageStatus','-1525879905'),(495,NULL,'System generated unique identifier.',NULL,'id','954196821'),(496,'2007-09-22','Attributes related to quality review event of a specimen','2007-09-22','edu.wustl.catissuecore.domain.ReviewEventParameters',NULL),(497,NULL,NULL,NULL,'AssociationName_6',NULL),(498,NULL,NULL,NULL,'AssociationName_5',NULL),(499,NULL,NULL,NULL,'AssociationName_4',NULL),(500,NULL,NULL,NULL,'AssociationName_3',NULL),(501,NULL,NULL,NULL,'AssociationName_2',NULL),(502,NULL,NULL,NULL,'AssociationName_1',NULL),(503,NULL,NULL,NULL,'timestamp','1342932196'),(504,NULL,NULL,NULL,'comment','1342932195'),(505,NULL,'System generated unique identifier.',NULL,'id','954196821'),(506,'2007-09-22','Attributes associated with a review event of a molecular specimen.','2007-09-22','edu.wustl.catissuecore.domain.MolecularSpecimenReviewParameters',NULL),(507,NULL,NULL,NULL,'AssociationName_6',NULL),(508,NULL,NULL,NULL,'AssociationName_5',NULL),(509,NULL,NULL,NULL,'AssociationName_4',NULL),(510,NULL,'System generated unique identifier.',NULL,'id','954196821'),(511,NULL,'A reference to the location of an electrophoretic gel image of the specimen.',NULL,'gelImageURL','1623057499'),(512,NULL,' A unit less ratio of the full-length 28S to 18S ribosomal RNA mass that is detected in a mammalian cellular RNA sample.',NULL,'ratio28STo18S','1623057503'),(513,NULL,NULL,NULL,'comment','1342932195'),(514,NULL,'The lane number within the electrophoretic gel image that corresponds to the specimen.',NULL,'laneNumber','1623057501'),(515,NULL,'A number corresponding to the gel on which the specimen was analyzed for QA purposes.',NULL,'gelNumber','1623057500'),(516,NULL,'A normalized quality score that indicates the integrity of the specimen.',NULL,'qualityIndex','1623057502'),(517,NULL,'Absorbance of the specimen at 280 nanometers.',NULL,'absorbanceAt280','1623057498'),(518,NULL,'Absorbance of the specimen at 260 nanometers.',NULL,'absorbanceAt260','1623057497'),(519,NULL,NULL,NULL,'timestamp','1342932196'),(520,NULL,NULL,NULL,'AssociationName_1',NULL),(521,NULL,NULL,NULL,'AssociationName_2',NULL),(522,NULL,NULL,NULL,'AssociationName_3',NULL),(523,'2007-09-22','Attributes associated with a review event of a tissue specimen','2007-09-22','edu.wustl.catissuecore.domain.TissueSpecimenReviewEventParameters',NULL),(524,NULL,NULL,NULL,'AssociationName_6',NULL),(525,NULL,'Histological Quality of the specimen.',NULL,'histologicalQuality','-1289839130'),(526,NULL,'System generated unique identifier.',NULL,'id','954196821'),(527,NULL,'Percentage of total cellularity of the specimen.  Note that TOTCELL-NEOCELL-LYMPHCELL= % cellularity of other stromal, etc. cell types.  Also Note that 100-TOTCELL-NECROSIS= % of tissue containing a cellular material',NULL,'totalCellularityPercentage','-1289839126'),(528,NULL,'Percentage of histologically evident neoplastic cells present in the tissue specimen.',NULL,'neoplasticCellularityPercentage','-1289839127'),(529,NULL,NULL,NULL,'comment','1342932195'),(530,NULL,'Percentage of specimen that is histologically necrotic.',NULL,'necrosisPercentage','-1289839128'),(531,NULL,'Percentage of histologically evident lymphocytes in the tissue specimen.',NULL,'lymphocyticPercentage','-1289839129'),(532,NULL,NULL,NULL,'timestamp','1342932196'),(533,NULL,NULL,NULL,'AssociationName_1',NULL),(534,NULL,NULL,NULL,'AssociationName_2',NULL),(535,NULL,NULL,NULL,'AssociationName_3',NULL),(536,NULL,NULL,NULL,'AssociationName_4',NULL),(537,NULL,NULL,NULL,'AssociationName_5',NULL),(538,'2007-09-22','Attributes associated with a review event of a cell specimen','2007-09-22','edu.wustl.catissuecore.domain.CellSpecimenReviewParameters',NULL),(539,NULL,NULL,NULL,'AssociationName_6',NULL),(540,NULL,NULL,NULL,'AssociationName_5',NULL),(541,NULL,NULL,NULL,'AssociationName_4',NULL),(542,NULL,NULL,NULL,'AssociationName_3',NULL),(543,NULL,NULL,NULL,'AssociationName_2',NULL),(544,NULL,NULL,NULL,'AssociationName_1',NULL),(545,NULL,NULL,NULL,'timestamp','1342932196'),(546,NULL,NULL,NULL,'comment','1342932195'),(547,NULL,'Percentage of histologically evident neoplastic cells present in the specimen.',NULL,'neoplasticCellularityPercentage','1641846667'),(548,NULL,'Percentage of viable cells in the specimen.',NULL,'viableCellPercentage','1641846668'),(549,NULL,'System generated unique identifier.',NULL,'id','954196821'),(550,'2007-09-22','Attributes associated with a review event of a fluid specimen.','2007-09-22','edu.wustl.catissuecore.domain.FluidSpecimenReviewEventParameters',NULL),(551,NULL,NULL,NULL,'AssociationName_6',NULL),(552,NULL,NULL,NULL,'AssociationName_5',NULL),(553,NULL,NULL,NULL,'AssociationName_4',NULL),(554,NULL,NULL,NULL,'AssociationName_3',NULL),(555,NULL,NULL,NULL,'AssociationName_2',NULL),(556,NULL,NULL,NULL,'AssociationName_1',NULL),(557,NULL,NULL,NULL,'timestamp','1342932196'),(558,NULL,NULL,NULL,'comment','1342932195'),(559,NULL,'Number of cell present in fluid specimen.',NULL,'cellCount','-337597097'),(560,NULL,'System generated unique identifier.',NULL,'id','954196821'),(561,'2007-09-22','Attributes associated with a freezing event of a specimen.','2007-09-22','edu.wustl.catissuecore.domain.FrozenEventParameters',NULL),(562,NULL,NULL,NULL,'AssociationName_6',NULL),(563,NULL,NULL,NULL,'AssociationName_5',NULL),(564,NULL,NULL,NULL,'AssociationName_4',NULL),(565,NULL,NULL,NULL,'AssociationName_3',NULL),(566,NULL,NULL,NULL,'AssociationName_2',NULL),(567,NULL,NULL,NULL,'AssociationName_1',NULL),(568,NULL,NULL,NULL,'timestamp','1342932196'),(569,NULL,'Method applied on specimen to freeze it.',NULL,'method','-2072430174'),(570,NULL,NULL,NULL,'comment','1342932195'),(571,NULL,'System generated unique identifier.',NULL,'id','954196821'),(572,'2007-09-22','Represent the point of time at which one or more specimens are collected from a participant with respect to the collection protocol.','2007-09-22','edu.wustl.catissuecore.domain.CollectionProtocolEvent',NULL),(573,NULL,NULL,NULL,'AssociationName_1',NULL),(574,NULL,NULL,NULL,'collectionPointLabel','1509710862'),(575,NULL,'Defines the relative time point in days, with respect to the registration date of participant on this protocol, when the specimen should be collected from participant.',NULL,'studyCalendarEventPoint','1509710861'),(576,NULL,'System generated unique identifier.',NULL,'id','954196821'),(577,'2007-09-22','Attributes related to disposal event of a specimen','2007-09-22','edu.wustl.catissuecore.domain.DisposalEventParameters',NULL),(578,NULL,NULL,NULL,'AssociationName_6',NULL),(579,NULL,NULL,NULL,'AssociationName_5',NULL),(580,NULL,NULL,NULL,'AssociationName_4',NULL),(581,NULL,NULL,NULL,'AssociationName_3',NULL),(582,NULL,NULL,NULL,'AssociationName_2',NULL),(583,NULL,NULL,NULL,'AssociationName_1',NULL),(584,NULL,NULL,NULL,'timestamp','1342932196'),(585,NULL,NULL,NULL,'comment','1342932195'),(586,NULL,'The reason for which the specimen is disposed.',NULL,'reason','171271555'),(587,NULL,'System generated unique identifier.',NULL,'id','954196821'),(588,'2007-09-22',NULL,'2007-09-22','edu.wustl.catissuecore.domain.pathology.ClinicalProcedureEventParameter',NULL),(589,NULL,NULL,NULL,'AssociationName_6',NULL),(590,NULL,NULL,NULL,'AssociationName_5',NULL),(591,NULL,NULL,NULL,'AssociationName_4',NULL),(592,NULL,NULL,NULL,'AssociationName_3',NULL),(593,NULL,NULL,NULL,'AssociationName_2',NULL),(594,NULL,NULL,NULL,'AssociationName_1',NULL),(595,NULL,NULL,NULL,'timestamp','1342932196'),(596,NULL,NULL,NULL,'comment','1342932195'),(597,NULL,NULL,NULL,'procedureName','-1608958318'),(598,NULL,'System generated unique identifier.',NULL,'id','954196821'),(599,'2007-09-22','Attributes associated with a customized procedure that is applied on a specimen to process it','2007-09-22','edu.wustl.catissuecore.domain.ProcedureEventParameters',NULL),(600,NULL,NULL,NULL,'AssociationName_6',NULL),(601,NULL,NULL,NULL,'AssociationName_5',NULL),(602,NULL,NULL,NULL,'AssociationName_4',NULL),(603,NULL,NULL,NULL,'AssociationName_3',NULL),(604,NULL,NULL,NULL,'AssociationName_2',NULL),(605,NULL,NULL,NULL,'AssociationName_1',NULL),(606,NULL,NULL,NULL,'timestamp','1342932196'),(607,NULL,'URL to the document that describes detail information of customized process.',NULL,'url','1848736750'),(608,NULL,'Name of the customized procedure.',NULL,'name','1848736749'),(609,NULL,NULL,NULL,'comment','1342932195'),(610,NULL,'System generated unique identifier.',NULL,'id','954196821'),(611,'2007-09-22','Parameters/information required to capture in any event performed on a specimen','2007-09-22','edu.wustl.catissuecore.domain.SpunEventParameters',NULL),(612,NULL,NULL,NULL,'AssociationName_6',NULL),(613,NULL,NULL,NULL,'AssociationName_5',NULL),(614,NULL,NULL,NULL,'AssociationName_4',NULL),(615,NULL,NULL,NULL,'AssociationName_3',NULL),(616,NULL,NULL,NULL,'AssociationName_2',NULL),(617,NULL,NULL,NULL,'AssociationName_1',NULL),(618,NULL,NULL,NULL,'timestamp','1342932196'),(619,NULL,'Duration for which specimen is spun.',NULL,'durationInMinutes','-1869761580'),(620,NULL,NULL,NULL,'comment','1342932195'),(621,NULL,'Rotational force applied to specimen.',NULL,'gravityForce','-1869761579'),(622,NULL,'System generated unique identifier.',NULL,'id','954196821'),(623,'2007-09-22',NULL,'2007-09-22','edu.wustl.catissuecore.domain.ReturnedEventParameter',NULL),(624,NULL,NULL,NULL,'AssociationName_6',NULL),(625,NULL,NULL,NULL,'AssociationName_5',NULL),(626,NULL,NULL,NULL,'AssociationName_4',NULL),(627,NULL,NULL,NULL,'AssociationName_3',NULL),(628,NULL,NULL,NULL,'AssociationName_2',NULL),(629,NULL,NULL,NULL,'AssociationName_1',NULL),(630,NULL,NULL,NULL,'timestamp','1342932196'),(631,NULL,NULL,NULL,'comment','1342932195'),(632,NULL,'System generated unique identifier.',NULL,'id','954196821'),(633,'2007-09-22','Attributes associated with the collection event of a specimen from participant','2007-09-22','edu.wustl.catissuecore.domain.CollectionEventParameters',NULL),(634,NULL,NULL,NULL,'AssociationName_6',NULL),(635,NULL,NULL,NULL,'AssociationName_5',NULL),(636,NULL,NULL,NULL,'AssociationName_4',NULL),(637,NULL,NULL,NULL,'AssociationName_3',NULL),(638,NULL,NULL,NULL,'AssociationName_2',NULL),(639,NULL,NULL,NULL,'AssociationName_1',NULL),(640,NULL,NULL,NULL,'timestamp','1342932196'),(641,NULL,NULL,NULL,'comment','1342932195'),(642,NULL,'Container type in which specimen is collected (e.g. clot tube, KEDTA, ACD, sterile specimen cup)',NULL,'container','-1851892381'),(643,NULL,'Method of specimen collection from participant (e.g. needle biopsy, central venous line, bone marrow aspiration)',NULL,'collectionProcedure','-1851892382'),(644,NULL,'System generated unique identifier.',NULL,'id','954196821'),(645,'2007-09-22',NULL,'2007-09-22','edu.wustl.catissuecore.domain.pathology.SurgicalPathologyReport',NULL),(646,NULL,NULL,NULL,'AssociationName_5',NULL),(647,NULL,NULL,NULL,'AssociationName_4',NULL),(648,NULL,NULL,NULL,'AssociationName_3',NULL),(649,NULL,NULL,NULL,'AssociationName_2',NULL),(650,NULL,NULL,NULL,'AssociationName_1',NULL),(651,NULL,NULL,NULL,'collectionDateTime','-1194750317'),(652,NULL,NULL,NULL,'isFlagForReview','-1194750318'),(653,NULL,NULL,NULL,'activityStatus','-1194750319'),(654,NULL,'System generated unique identifier.',NULL,'id','954196821'),(655,'2007-09-22',NULL,'2007-09-22','edu.wustl.catissuecore.domain.pathology.ReportContent',NULL),(656,NULL,NULL,NULL,'data','62027063'),(657,NULL,'System generated unique identifier.',NULL,'id','954196821'),(658,'2007-09-22',NULL,'2007-09-22','edu.wustl.catissuecore.domain.pathology.TextContent',NULL),(659,NULL,NULL,NULL,'AssociationName_1',NULL),(660,NULL,NULL,NULL,'data','62027063'),(661,NULL,'System generated unique identifier.',NULL,'id','954196821'),(662,'2007-09-22',NULL,'2007-09-22','edu.wustl.catissuecore.domain.pathology.ReportSection',NULL),(663,NULL,NULL,NULL,'documentFragment','-1730492489'),(664,NULL,NULL,NULL,'endOffSet','-1730492491'),(665,NULL,NULL,NULL,'name','-1730492490'),(666,NULL,NULL,NULL,'startOffSet','-1730492492'),(667,NULL,'System generated unique identifier.',NULL,'id','954196821'),(668,'2007-09-22',NULL,'2007-09-22','edu.wustl.catissuecore.domain.pathology.BinaryContent',NULL),(669,NULL,NULL,NULL,'data','62027063'),(670,NULL,'System generated unique identifier.',NULL,'id','954196821'),(671,'2007-09-22',NULL,'2007-09-22','edu.wustl.catissuecore.domain.pathology.PathologyReportReviewParameter',NULL),(672,NULL,NULL,NULL,'timestamp','1342932196'),(673,NULL,NULL,NULL,'comment','1342932195'),(674,NULL,NULL,NULL,'reviewerRole','-651113568'),(675,NULL,'System generated unique identifier.',NULL,'id','954196821'),(676,'2007-09-22',NULL,'2007-09-22','edu.wustl.catissuecore.domain.pathology.XMLContent',NULL),(677,NULL,NULL,NULL,'data','62027063'),(678,NULL,'System generated unique identifier.',NULL,'id','954196821'),(679,'2007-09-22',NULL,'2007-09-22','edu.wustl.catissuecore.domain.pathology.IdentifiedSurgicalPathologyReport',NULL),(680,NULL,NULL,NULL,'AssociationName_6',NULL),(681,NULL,NULL,NULL,'AssociationName_5',NULL),(682,NULL,NULL,NULL,'AssociationName_4',NULL),(683,NULL,NULL,NULL,'AssociationName_3',NULL),(684,NULL,NULL,NULL,'AssociationName_2',NULL),(685,NULL,NULL,NULL,'AssociationName_1',NULL),(686,NULL,NULL,NULL,'collectionDateTime','-1194750317'),(687,NULL,NULL,NULL,'isFlagForReview','-1194750318'),(688,NULL,NULL,NULL,'activityStatus','-1194750319'),(689,NULL,'System generated unique identifier.',NULL,'id','954196821'),(690,'2007-09-22',NULL,'2007-09-22','edu.wustl.catissuecore.domain.pathology.DeidentifiedSurgicalPathologyReport',NULL),(691,NULL,NULL,NULL,'AssociationName_7',NULL),(692,NULL,NULL,NULL,'AssociationName_6',NULL),(693,NULL,NULL,NULL,'AssociationName_5',NULL),(694,NULL,NULL,NULL,'AssociationName_4',NULL),(695,NULL,NULL,NULL,'AssociationName_3',NULL),(696,NULL,NULL,NULL,'AssociationName_2',NULL),(697,NULL,NULL,NULL,'AssociationName_1',NULL),(698,NULL,NULL,NULL,'collectionDateTime','-1194750317'),(699,NULL,NULL,NULL,'isFlagForReview','-1194750318'),(700,NULL,NULL,NULL,'isQuanrantined','208328075'),(701,NULL,NULL,NULL,'activityStatus','-1194750319'),(702,NULL,'System generated unique identifier.',NULL,'id','954196821'),(703,'2007-09-22',NULL,'2007-09-22','edu.wustl.catissuecore.domain.pathology.ConceptReferent',NULL),(704,NULL,NULL,NULL,'AssociationName_2',NULL),(705,NULL,NULL,NULL,'AssociationName_1',NULL),(706,NULL,NULL,NULL,'isNegated','-205967396'),(707,NULL,NULL,NULL,'isModifier','-205967397'),(708,NULL,NULL,NULL,'startOffset','-205967399'),(709,NULL,'System generated unique identifier.',NULL,'id','954196821'),(710,NULL,NULL,NULL,'endOffset','-205967398'),(711,'2007-09-22',NULL,'2007-09-22','edu.wustl.catissuecore.domain.pathology.ConceptReferentClassification',NULL),(712,NULL,NULL,NULL,'name','-390351776'),(713,NULL,'System generated unique identifier.',NULL,'id','954196821'),(714,'2007-09-22',NULL,'2007-09-22','edu.wustl.catissuecore.domain.pathology.Concept',NULL),(715,NULL,NULL,NULL,'AssociationName_1',NULL),(716,NULL,NULL,NULL,'name','1663297633'),(717,NULL,NULL,NULL,'conceptUniqueIdentifier','1663297632'),(718,NULL,'System generated unique identifier.',NULL,'id','954196821'),(719,'2007-09-22',NULL,'2007-09-22','edu.wustl.catissuecore.domain.pathology.SemanticType',NULL),(720,NULL,NULL,NULL,'label','-350595627'),(721,NULL,'System generated unique identifier.',NULL,'id','954196821'),(722,'2007-09-22',NULL,'2007-09-22','edu.wustl.catissuecore.domain.SpecimenCollectionRequirementGroup',NULL),(723,NULL,NULL,NULL,'AssociationName_2',NULL),(724,NULL,NULL,NULL,'AssociationName_1',NULL),(725,NULL,'Participant\'s clinical diagnosis at this collection event (e.g. Prostate Adenocarcinoma).',NULL,'clinicalDiagnosis','764396574'),(726,NULL,'The clinical status of the participant at the time of specimen collection. (e.g. New DX, pre-RX, pre-OP, post-OP, remission, relapse)',NULL,'clinicalStatus','764396575'),(727,NULL,'Defines whether this record can be queried (Active) or not queried (Inactive) by any actor.',NULL,'activityStatus','764396573'),(728,NULL,'System generated unique identifier.',NULL,'id','954196821'),(729,'2007-09-22',NULL,'2007-09-22','edu.wustl.catissuecore.domain.OrderItem',NULL),(730,NULL,NULL,NULL,'AssociationName_7',NULL),(731,NULL,NULL,NULL,'AssociationName_6',NULL),(732,NULL,NULL,NULL,'AssociationName_5',NULL),(733,NULL,NULL,NULL,'AssociationName_4',NULL),(734,NULL,NULL,NULL,'AssociationName_3',NULL),(735,NULL,NULL,NULL,'AssociationName_2',NULL),(736,NULL,NULL,NULL,'AssociationName_1',NULL),(737,NULL,NULL,NULL,'description','-993611043'),(738,NULL,NULL,NULL,'status','-993611044'),(739,NULL,'System generated unique identifier.',NULL,'id','954196821'),(740,'2007-09-22','Represents the item, specimen, that is distributed in a distribution event.','2007-09-22','edu.wustl.catissuecore.domain.DistributedItem',NULL),(741,NULL,'System generated unique identifier.',NULL,'id','954196821'),(742,NULL,NULL,NULL,'AssociationName_1',NULL),(743,NULL,NULL,NULL,'AssociationName_2',NULL),(744,NULL,NULL,NULL,'AssociationName_3',NULL),(745,NULL,NULL,NULL,'AssociationName_4',NULL),(746,NULL,NULL,NULL,'AssociationName_5',NULL),(747,NULL,NULL,NULL,'AssociationName_6',NULL),(748,NULL,NULL,NULL,'AssociationName_7',NULL),(749,NULL,NULL,NULL,'AssociationName_8',NULL),(750,NULL,NULL,NULL,'AssociationName_9',NULL),(751,NULL,NULL,NULL,'AssociationName_10',NULL),(752,NULL,NULL,NULL,'AssociationName_11',NULL),(753,NULL,NULL,NULL,'AssociationName_12',NULL),(754,'2007-09-22','An event that results in transfer of a specimen from a repository to a laboratory or another repository','2007-09-22','edu.wustl.catissuecore.domain.Distribution',NULL),(755,NULL,NULL,NULL,'AssociationName_3',NULL),(756,NULL,NULL,NULL,'AssociationName_2',NULL),(757,NULL,NULL,NULL,'AssociationName_1',NULL),(758,NULL,'Text comments on event',NULL,'comment','-2023216065'),(759,NULL,'Date and time of the distribution',NULL,'timestamp','-2023216064'),(760,NULL,'Defines whether this distribution can be queried (Active) or not queried (Inactive) by any actor',NULL,'activityStatus','-2023216066'),(761,NULL,'System generated unique identifier.',NULL,'id','954196821'),(762,'2007-09-22',NULL,'2007-09-22','edu.wustl.catissuecore.domain.OrderDetails',NULL),(763,NULL,NULL,NULL,'AssociationName_2',NULL),(764,NULL,NULL,NULL,'AssociationName_1',NULL),(765,NULL,NULL,NULL,'name','1287989791'),(766,NULL,NULL,NULL,'status','1287989793'),(767,NULL,NULL,NULL,'requestedDate','1287989792'),(768,NULL,NULL,NULL,'comment','1287989794'),(769,NULL,'System generated unique identifier.',NULL,'id','954196821'),(770,'2007-09-22',NULL,'2007-09-22','edu.wustl.catissuecore.domain.SpecimenOrderItem',NULL),(771,NULL,NULL,NULL,'AssociationName_7',NULL),(772,NULL,NULL,NULL,'AssociationName_6',NULL),(773,NULL,NULL,NULL,'AssociationName_5',NULL),(774,NULL,NULL,NULL,'AssociationName_4',NULL),(775,NULL,NULL,NULL,'AssociationName_3',NULL),(776,NULL,NULL,NULL,'AssociationName_2',NULL),(777,NULL,NULL,NULL,'AssociationName_1',NULL),(778,NULL,NULL,NULL,'description','-993611043'),(779,NULL,NULL,NULL,'status','-993611044'),(780,NULL,'System generated unique identifier.',NULL,'id','954196821'),(781,'2007-09-22',NULL,'2007-09-22','edu.wustl.catissuecore.domain.NewSpecimenOrderItem',NULL),(782,NULL,NULL,NULL,'AssociationName_7',NULL),(783,NULL,NULL,NULL,'AssociationName_6',NULL),(784,NULL,NULL,NULL,'AssociationName_5',NULL),(785,NULL,NULL,NULL,'AssociationName_4',NULL),(786,NULL,NULL,NULL,'AssociationName_3',NULL),(787,NULL,NULL,NULL,'AssociationName_2',NULL),(788,NULL,NULL,NULL,'AssociationName_1',NULL),(789,NULL,NULL,NULL,'description','-993611043'),(790,NULL,NULL,NULL,'specimenClass','-538097170'),(791,NULL,NULL,NULL,'specimenType','-538097171'),(792,NULL,NULL,NULL,'status','-993611044'),(793,NULL,'System generated unique identifier.',NULL,'id','954196821'),(794,'2007-09-22',NULL,'2007-09-22','edu.wustl.catissuecore.domain.PathologicalCaseOrderItem',NULL),(795,NULL,NULL,NULL,'AssociationName_10',NULL),(796,NULL,NULL,NULL,'AssociationName_9',NULL),(797,NULL,NULL,NULL,'AssociationName_8',NULL),(798,NULL,NULL,NULL,'AssociationName_7',NULL),(799,NULL,'System generated unique identifier.',NULL,'id','954196821'),(800,NULL,NULL,NULL,'status','-993611044'),(801,NULL,NULL,NULL,'pathologicalStatus','773892354'),(802,NULL,NULL,NULL,'specimenType','-538097171'),(803,NULL,NULL,NULL,'specimenClass','-538097170'),(804,NULL,NULL,NULL,'description','-993611043'),(805,NULL,NULL,NULL,'tissueSite','773892355'),(806,NULL,NULL,NULL,'AssociationName_1',NULL),(807,NULL,NULL,NULL,'AssociationName_2',NULL),(808,NULL,NULL,NULL,'AssociationName_3',NULL),(809,NULL,NULL,NULL,'AssociationName_4',NULL),(810,NULL,NULL,NULL,'AssociationName_5',NULL),(811,NULL,NULL,NULL,'AssociationName_6',NULL),(812,'2007-09-22',NULL,'2007-09-22','edu.wustl.catissuecore.domain.DerivedSpecimenOrderItem',NULL),(813,NULL,NULL,NULL,'AssociationName_12',NULL),(814,NULL,NULL,NULL,'AssociationName_11',NULL),(815,NULL,NULL,NULL,'AssociationName_10',NULL),(816,NULL,NULL,NULL,'AssociationName_9',NULL),(817,NULL,'System generated unique identifier.',NULL,'id','954196821'),(818,NULL,NULL,NULL,'status','-993611044'),(819,NULL,NULL,NULL,'specimenType','-538097171'),(820,NULL,NULL,NULL,'specimenClass','-538097170'),(821,NULL,NULL,NULL,'description','-993611043'),(822,NULL,NULL,NULL,'AssociationName_1',NULL),(823,NULL,NULL,NULL,'AssociationName_2',NULL),(824,NULL,NULL,NULL,'AssociationName_3',NULL),(825,NULL,NULL,NULL,'AssociationName_4',NULL),(826,NULL,NULL,NULL,'AssociationName_5',NULL),(827,NULL,NULL,NULL,'AssociationName_6',NULL),(828,NULL,NULL,NULL,'AssociationName_7',NULL),(829,NULL,NULL,NULL,'AssociationName_8',NULL),(830,'2007-09-22','A registration of a Participant to a Collection Protocol','2007-09-22','edu.wustl.catissuecore.domain.CollectionProtocolRegistration',NULL),(831,NULL,NULL,NULL,'AssociationName_5',NULL),(832,NULL,NULL,NULL,'AssociationName_4',NULL),(833,NULL,NULL,NULL,'AssociationName_3',NULL),(834,NULL,NULL,NULL,'AssociationName_2',NULL),(835,NULL,NULL,NULL,'AssociationName_1',NULL),(836,NULL,'Defines whether this  record can be queried (Active) or not queried (Inactive) by any actor.',NULL,'activityStatus','594242662'),(837,NULL,'A unique number given by a User to a Participant registered to a Collection Protocol.',NULL,'protocolParticipantIdentifier','594242663'),(838,NULL,'System generated unique identifier.',NULL,'id','954196821'),(839,NULL,'Date on which the Participant is registered to the Collection Protocol.',NULL,'registrationDate','594242664'),(840,'2007-09-22',NULL,'2007-09-22','edu.wustl.catissuecore.domain.ConsentTierResponse',NULL),(841,NULL,NULL,NULL,'AssociationName_1',NULL),(842,NULL,NULL,NULL,'response','-1307552339'),(843,NULL,'System generated unique identifier.',NULL,'id','954196821'),(844,'2007-09-22','The patient whose sample is collected and is under medical investigation.','2007-09-22','edu.wustl.catissuecore.domain.Participant',NULL),(845,NULL,'Participant\'s ethnicity status',NULL,'ethnicity','342735700'),(846,NULL,'Participants last name',NULL,'lastName','342735703'),(847,NULL,'The birth date of the participant',NULL,'birthDate','342735698'),(848,NULL,'System generated unique identifier.',NULL,'id','954196821'),(849,NULL,'Vital status (Alive, Dead, Unknown) of the participant.',NULL,'vitalStatus','2034872095'),(850,NULL,'Participants first name',NULL,'firstName','342735701'),(851,NULL,'Participant\'s middle name',NULL,'middleName','342735704'),(852,NULL,'The assemblage of properties that distinguish people on the basis of their societal roles. e.g. Male, Female',NULL,'gender','342735702'),(853,NULL,'Social Security Number of participant.',NULL,'socialSecurityNumber','2034872094'),(854,NULL,'The activity status of the participant',NULL,'activityStatus','342735697'),(855,NULL,'Death date of the participant',NULL,'deathDate','342735699'),(856,NULL,'The genetic constitution of the individual; the characterization of the genes. XX Genotype, XY Genotype etc.',NULL,'sexGenotype','342735706'),(857,'2007-09-22',NULL,'2007-09-22','edu.wustl.catissuecore.domain.SpecimenArrayOrderItem',NULL),(858,NULL,NULL,NULL,'AssociationName_7',NULL),(859,NULL,NULL,NULL,'AssociationName_6',NULL),(860,NULL,NULL,NULL,'AssociationName_5',NULL),(861,NULL,NULL,NULL,'AssociationName_4',NULL),(862,NULL,NULL,NULL,'AssociationName_3',NULL),(863,NULL,NULL,NULL,'AssociationName_2',NULL),(864,NULL,NULL,NULL,'AssociationName_1',NULL),(865,NULL,NULL,NULL,'description','-993611043'),(866,NULL,NULL,NULL,'status','-993611044'),(867,NULL,'System generated unique identifier.',NULL,'id','954196821'),(868,'2007-09-22',NULL,'2007-09-22','edu.wustl.catissuecore.domain.NewSpecimenArrayOrderItem',NULL),(869,NULL,NULL,NULL,'AssociationName_13',NULL),(870,NULL,NULL,NULL,'AssociationName_12',NULL),(871,NULL,NULL,NULL,'AssociationName_11',NULL),(872,NULL,NULL,NULL,'AssociationName_10',NULL),(873,NULL,NULL,NULL,'status','-993611044'),(874,NULL,'System generated unique identifier.',NULL,'id','954196821'),(875,NULL,NULL,NULL,'description','-993611043'),(876,NULL,NULL,NULL,'name','995916914'),(877,NULL,NULL,NULL,'AssociationName_1',NULL),(878,NULL,NULL,NULL,'AssociationName_2',NULL),(879,NULL,NULL,NULL,'AssociationName_3',NULL),(880,NULL,NULL,NULL,'AssociationName_4',NULL),(881,NULL,NULL,NULL,'AssociationName_5',NULL),(882,NULL,NULL,NULL,'AssociationName_6',NULL),(883,NULL,NULL,NULL,'AssociationName_7',NULL),(884,NULL,NULL,NULL,'AssociationName_8',NULL),(885,NULL,NULL,NULL,'AssociationName_9',NULL),(886,'2007-09-22',NULL,'2007-09-22','edu.wustl.catissuecore.domain.ExistingSpecimenOrderItem',NULL),(887,NULL,NULL,NULL,'AssociationName_12',NULL),(888,NULL,NULL,NULL,'AssociationName_11',NULL),(889,NULL,'System generated unique identifier.',NULL,'id','954196821'),(890,NULL,NULL,NULL,'status','-993611044'),(891,NULL,NULL,NULL,'description','-993611043'),(892,NULL,NULL,NULL,'AssociationName_1',NULL),(893,NULL,NULL,NULL,'AssociationName_2',NULL),(894,NULL,NULL,NULL,'AssociationName_3',NULL),(895,NULL,NULL,NULL,'AssociationName_4',NULL),(896,NULL,NULL,NULL,'AssociationName_5',NULL),(897,NULL,NULL,NULL,'AssociationName_6',NULL),(898,NULL,NULL,NULL,'AssociationName_7',NULL),(899,NULL,NULL,NULL,'AssociationName_8',NULL),(900,NULL,NULL,NULL,'AssociationName_9',NULL),(901,NULL,NULL,NULL,'AssociationName_10',NULL),(902,'2007-09-22','A pre-existing, externally defined identifier associated with a specimen.','2007-09-22','edu.wustl.catissuecore.domain.ExternalIdentifier',NULL),(903,NULL,NULL,NULL,'AssociationName_5',NULL),(904,NULL,NULL,NULL,'AssociationName_4',NULL),(905,NULL,NULL,NULL,'AssociationName_3',NULL),(906,NULL,NULL,NULL,'AssociationName_2',NULL),(907,NULL,NULL,NULL,'AssociationName_1',NULL),(908,NULL,'Name of the legacy identifier.',NULL,'name','-431369380'),(909,NULL,'Value of the legacy identifier.',NULL,'value','-431369379'),(910,NULL,'System generated unique identifier.',NULL,'id','954196821'),(911,'2007-09-22','A detailed log of query entered by user.Queries which are used to fetch the data will be stored here only.','2007-09-22','edu.wustl.catissuecore.domain.AuditEventQueryLog',NULL),(912,NULL,NULL,NULL,'AssociationName_1',NULL),(913,NULL,'System Generated Unique Identifier',NULL,'id','29383513'),(914,NULL,'Query details enetered by user stored as log details',NULL,'queryDetails','29383514'),(915,'2007-09-22','A detailed log of an auditEventLog, AuditEventDetails captures the changes with one attribute of software object/entity.','2007-09-22','edu.wustl.catissuecore.domain.AuditEvent',NULL),(916,NULL,NULL,NULL,'AssociationName_1',NULL),(917,NULL,'Date and time of the event.',NULL,'timestamp','673208993'),(918,NULL,'User id who performed the changes in the system.',NULL,'userId','673208994'),(919,NULL,'IP address or domain name of the computer system from which the event is performed.',NULL,'ipAddress','673208992'),(920,NULL,'System generated unique identifier.',NULL,'id','954196821'),(921,'2007-09-22','A detailed log of an audit event, as in one audit event multiple software objects/entities can be modified. AuditEventLog captures the changes with one software object/entity.','2007-09-22','edu.wustl.catissuecore.domain.AuditEventLog',NULL),(922,NULL,'Type of the event e.g. Add, edit, delete.',NULL,'eventType','1567171779'),(923,NULL,'Identifier of the software object/entity, available in the system, for which changes are tracked in the AuditEventLog.',NULL,'objectIdentifier','1567171780'),(924,NULL,'System generated unique identifier.',NULL,'id','954196821'),(925,NULL,'Name of the software object/entity in the system for which changes are tracked in the AuditEventLog.',NULL,'objectName','1567171781'),(926,'2007-09-22',NULL,'2007-09-22','edu.wustl.catissuecore.domain.pathology.QuarantineEventParameter',NULL),(927,NULL,NULL,NULL,'AssociationName_1',NULL),(928,NULL,NULL,NULL,'timestamp','1342932196'),(929,NULL,NULL,NULL,'comment','1342932195'),(930,NULL,NULL,NULL,'quarantineStatus','914480659'),(931,NULL,'System generated unique identifier.',NULL,'id','954196821'),(932,'2007-09-22','Represents the required properties of a specimen while collecting and distributing it. SpecimenRequirement are defined in collection and distribution protocol.','2007-09-22','edu.wustl.catissuecore.domain.SpecimenRequirement',NULL),(933,NULL,NULL,NULL,'AssociationName_6',NULL),(934,NULL,NULL,NULL,'AssociationName_5',NULL),(935,NULL,NULL,NULL,'AssociationName_4',NULL),(936,NULL,NULL,NULL,'AssociationName_3',NULL),(937,NULL,NULL,NULL,'AssociationName_2',NULL),(938,NULL,NULL,NULL,'AssociationName_1',NULL),(939,NULL,'Anatomic site from which the specimen should be derived.',NULL,'tissueSite','766103332'),(940,NULL,'Type of the specimen required. e.g. Serum, Plasma, Blood, Fresh Tissue etc.',NULL,'specimenType','766103331'),(941,NULL,'Required type of the specimen e.g. Tissue, Molecular, Fluid or Cell.',NULL,'specimenClass','766103330'),(942,NULL,'System generated unique identifier.',NULL,'id','954196821'),(943,NULL,'Histopathological character of the specimen required at the time of collection/distribution. e.g. Non-Malignant, Malignant, Non-Malignant Diseased, Pre-Malignant.',NULL,'pathologyStatus','766103329'),(944,'2007-09-22','A medical record identification number that refers to a Participant','2007-09-22','edu.wustl.catissuecore.domain.ParticipantMedicalIdentifier',NULL),(945,NULL,NULL,NULL,'AssociationName_2',NULL),(946,NULL,NULL,NULL,'AssociationName_1',NULL),(947,NULL,'Participant\'s medical record number used in their medical treatment.',NULL,'medicalRecordNumber','-1016853852'),(948,NULL,'System generated unique identifier.',NULL,'id','954196821'),(949,'2007-09-22','An entity that defines the contents of a specimen array. It represents what all and how different specimens are arranged in a specimen array.','2007-09-22','edu.wustl.catissuecore.domain.SpecimenArrayContent',NULL),(950,NULL,NULL,NULL,'AssociationName_11',NULL),(951,NULL,NULL,NULL,'AssociationName_10',NULL),(952,NULL,'System generated unique identifier.',NULL,'id','954196821'),(953,NULL,'Reference to dimensional position two, of the specimen in a two dimensional specimen array.',NULL,'positionDimensionTwo','1875387783'),(954,NULL,'Reference to dimensional position one, of the specimen in a two dimensional specimen array.',NULL,'positionDimensionOne','1875387782'),(955,NULL,'Concentration of liquid molecular specimen in the array measured in microgram per microlitter.',NULL,'concentrationInMicrogramPerMicroliter','1875387781'),(956,NULL,NULL,NULL,'AssociationName_1',NULL),(957,NULL,NULL,NULL,'AssociationName_2',NULL),(958,NULL,NULL,NULL,'AssociationName_3',NULL),(959,NULL,NULL,NULL,'AssociationName_4',NULL),(960,NULL,NULL,NULL,'AssociationName_5',NULL),(961,NULL,NULL,NULL,'AssociationName_6',NULL),(962,NULL,NULL,NULL,'AssociationName_7',NULL),(963,NULL,NULL,NULL,'AssociationName_8',NULL),(964,NULL,NULL,NULL,'AssociationName_9',NULL),(965,'2007-09-22','An attribute of a specimen that renders it potentially harmful to a user','2007-09-22','edu.wustl.catissuecore.domain.Biohazard',NULL),(966,NULL,NULL,NULL,'AssociationName_5',NULL),(967,NULL,NULL,NULL,'AssociationName_4',NULL),(968,NULL,NULL,NULL,'AssociationName_3',NULL),(969,NULL,NULL,NULL,'AssociationName_2',NULL),(970,NULL,NULL,NULL,'AssociationName_1',NULL),(971,NULL,'Comments about the biohazard.',NULL,'comment','-1980709029'),(972,NULL,'Name of the biohazardous agent.',NULL,'name','-1980709028'),(973,NULL,'System generated unique identifier.',NULL,'id','954196821'),(974,NULL,'Type of biohazard (Infectious, Radioactive, Toxic, Carcinogen, Mutagen).',NULL,'type','-1980709027'),(975,'2007-09-22','Attributes associated with an AuditEvent','2007-09-22','edu.wustl.catissuecore.domain.AuditEventDetails',NULL),(976,NULL,NULL,NULL,'AssociationName_1',NULL),(977,NULL,'Value of the attribute before change.',NULL,'previousValue','1902279357'),(978,NULL,'Attribute name on which event is performed.',NULL,'elementName','1902279356'),(979,NULL,'System generated unique identifier.',NULL,'id','954196821'),(980,NULL,'Value of the attribute after change.',NULL,'currentValue','1902279355'),(981,'2007-09-22',NULL,'2007-09-22','edu.wustl.catissuecore.domain.ExistingSpecimenArrayOrderItem',NULL),(982,NULL,NULL,NULL,'AssociationName_8',NULL),(983,NULL,NULL,NULL,'AssociationName_7',NULL),(984,NULL,NULL,NULL,'AssociationName_6',NULL),(985,NULL,NULL,NULL,'AssociationName_5',NULL),(986,NULL,NULL,NULL,'AssociationName_4',NULL),(987,NULL,NULL,NULL,'AssociationName_3',NULL),(988,NULL,NULL,NULL,'AssociationName_2',NULL),(989,NULL,NULL,NULL,'AssociationName_1',NULL),(990,NULL,NULL,NULL,'description','-993611043'),(991,NULL,NULL,NULL,'status','-993611044'),(992,NULL,'System generated unique identifier.',NULL,'id','954196821'),(993,NULL,NULL,NULL,'AssociationName_1965',NULL),(994,NULL,NULL,NULL,'AssociationName_1902',NULL),(995,NULL,NULL,NULL,'AssociationName_2633',NULL),(996,NULL,NULL,NULL,'AssociationName_2623',NULL),(997,NULL,NULL,NULL,'AssociationName_2611',NULL),(998,NULL,NULL,NULL,'AssociationName_2599',NULL),(999,NULL,NULL,NULL,'AssociationName_2588',NULL),(1000,NULL,NULL,NULL,'AssociationName_2577',NULL),(1001,NULL,NULL,NULL,'AssociationName_2561',NULL),(1002,NULL,NULL,NULL,'AssociationName_2550',NULL),(1003,NULL,NULL,NULL,'AssociationName_2538',NULL),(1004,NULL,NULL,NULL,'AssociationName_2523',NULL),(1005,NULL,NULL,NULL,'AssociationName_134',NULL),(1006,NULL,NULL,NULL,'AssociationName_13224',NULL),(1007,NULL,NULL,NULL,'AssociationName_13261',NULL),(1008,NULL,NULL,NULL,'AssociationName_13297',NULL),(1009,NULL,NULL,NULL,'AssociationName_13333',NULL),(1010,NULL,NULL,NULL,'AssociationName_2415',NULL),(1011,NULL,NULL,NULL,'AssociationName_2425',NULL),(1012,NULL,NULL,NULL,'AssociationName_2436',NULL),(1013,NULL,NULL,NULL,'AssociationName_2446',NULL),(1014,NULL,NULL,NULL,'AssociationName_4458',NULL),(1015,NULL,NULL,NULL,'AssociationName_2474',NULL),(1016,NULL,NULL,NULL,'AssociationName_2485',NULL),(1017,NULL,NULL,NULL,'AssociationName_2496',NULL),(1018,NULL,NULL,NULL,'AssociationName_2506',NULL),(1019,NULL,NULL,NULL,'AssociationName_253',NULL),(1020,NULL,NULL,NULL,'AssociationName_370',NULL),(1021,NULL,NULL,NULL,'AssociationName_140',NULL),(1022,NULL,NULL,NULL,'AssociationName_11949',NULL),(1023,NULL,NULL,NULL,'AssociationName_240',NULL),(1024,NULL,NULL,NULL,'AssociationName_353',NULL),(1025,NULL,NULL,NULL,'AssociationName_470',NULL),(1026,NULL,NULL,NULL,'AssociationName_340',NULL),(1027,NULL,NULL,NULL,'AssociationName_453',NULL),(1028,NULL,NULL,NULL,'AssociationName_570',NULL),(1029,NULL,NULL,NULL,'AssociationName_2177',NULL),(1030,NULL,NULL,NULL,'AssociationName_1572',NULL),(1031,NULL,NULL,NULL,'AssociationName_6932',NULL),(1032,NULL,NULL,NULL,'AssociationName_3177',NULL),(1033,NULL,NULL,NULL,'AssociationName_2965',NULL),(1034,NULL,NULL,NULL,'AssociationName_2902',NULL),(1035,NULL,NULL,NULL,'AssociationName_144',NULL),(1036,NULL,NULL,NULL,'AssociationName_3633',NULL),(1037,NULL,NULL,NULL,'AssociationName_3623',NULL),(1038,NULL,NULL,NULL,'AssociationName_3611',NULL),(1039,NULL,NULL,NULL,'AssociationName_3599',NULL),(1040,NULL,NULL,NULL,'AssociationName_3588',NULL),(1041,NULL,NULL,NULL,'AssociationName_3577',NULL),(1042,NULL,NULL,NULL,'AssociationName_3561',NULL),(1043,NULL,NULL,NULL,'AssociationName_3550',NULL),(1044,NULL,NULL,NULL,'AssociationName_3538',NULL),(1045,NULL,NULL,NULL,'AssociationName_3523',NULL),(1046,NULL,NULL,NULL,'AssociationName_14224',NULL),(1047,NULL,NULL,NULL,'AssociationName_14261',NULL),(1048,NULL,NULL,NULL,'AssociationName_14297',NULL),(1049,NULL,NULL,NULL,'AssociationName_14333',NULL),(1050,NULL,NULL,NULL,'AssociationName_3415',NULL),(1051,NULL,NULL,NULL,'AssociationName_3425',NULL),(1052,NULL,NULL,NULL,'AssociationName_3436',NULL),(1053,NULL,NULL,NULL,'AssociationName_3446',NULL),(1054,NULL,NULL,NULL,'AssociationName_5458',NULL),(1055,NULL,NULL,NULL,'AssociationName_3474',NULL),(1056,NULL,NULL,NULL,'AssociationName_3485',NULL),(1057,NULL,NULL,NULL,'AssociationName_3496',NULL),(1058,NULL,NULL,NULL,'AssociationName_3506',NULL),(1059,NULL,NULL,NULL,'AssociationName_3965',NULL),(1060,NULL,NULL,NULL,'AssociationName_3902',NULL),(1061,NULL,NULL,NULL,'AssociationName_154',NULL),(1062,NULL,NULL,NULL,'AssociationName_15224',NULL),(1063,NULL,NULL,NULL,'AssociationName_4633',NULL),(1064,NULL,NULL,NULL,'AssociationName_4623',NULL),(1065,NULL,NULL,NULL,'AssociationName_4611',NULL),(1066,NULL,NULL,NULL,'AssociationName_4599',NULL),(1067,NULL,NULL,NULL,'AssociationName_4588',NULL),(1068,NULL,NULL,NULL,'AssociationName_4577',NULL),(1069,NULL,NULL,NULL,'AssociationName_4561',NULL),(1070,NULL,NULL,NULL,'AssociationName_4550',NULL),(1071,NULL,NULL,NULL,'AssociationName_15261',NULL),(1072,NULL,NULL,NULL,'AssociationName_15297',NULL),(1073,NULL,NULL,NULL,'AssociationName_15333',NULL),(1074,NULL,NULL,NULL,'AssociationName_4415',NULL),(1075,NULL,NULL,NULL,'AssociationName_4425',NULL),(1076,NULL,NULL,NULL,'AssociationName_4436',NULL),(1077,NULL,NULL,NULL,'AssociationName_4446',NULL),(1078,NULL,NULL,NULL,'AssociationName_6458',NULL),(1079,NULL,NULL,NULL,'AssociationName_4474',NULL),(1080,NULL,NULL,NULL,'AssociationName_4485',NULL),(1081,NULL,NULL,NULL,'AssociationName_4496',NULL),(1082,NULL,NULL,NULL,'AssociationName_4506',NULL),(1083,NULL,NULL,NULL,'AssociationName_4523',NULL),(1084,NULL,NULL,NULL,'AssociationName_4538',NULL),(1085,NULL,NULL,NULL,'AssociationName_4965',NULL),(1086,NULL,NULL,NULL,'AssociationName_4902',NULL),(1087,NULL,NULL,NULL,'AssociationName_164',NULL),(1088,NULL,NULL,NULL,'AssociationName_16224',NULL),(1089,NULL,NULL,NULL,'AssociationName_16261',NULL),(1090,NULL,NULL,NULL,'AssociationName_5633',NULL),(1091,NULL,NULL,NULL,'AssociationName_5623',NULL),(1092,NULL,NULL,NULL,'AssociationName_5611',NULL),(1093,NULL,NULL,NULL,'AssociationName_5599',NULL),(1094,NULL,NULL,NULL,'AssociationName_5588',NULL),(1095,NULL,NULL,NULL,'AssociationName_5577',NULL),(1096,NULL,NULL,NULL,'AssociationName_5561',NULL),(1097,NULL,NULL,NULL,'AssociationName_16297',NULL),(1098,NULL,NULL,NULL,'AssociationName_16333',NULL),(1099,NULL,NULL,NULL,'AssociationName_5415',NULL),(1100,NULL,NULL,NULL,'AssociationName_5425',NULL),(1101,NULL,NULL,NULL,'AssociationName_5436',NULL),(1102,NULL,NULL,NULL,'AssociationName_5446',NULL),(1103,NULL,NULL,NULL,'AssociationName_7458',NULL),(1104,NULL,NULL,NULL,'AssociationName_5474',NULL),(1105,NULL,NULL,NULL,'AssociationName_5485',NULL),(1106,NULL,NULL,NULL,'AssociationName_5496',NULL),(1107,NULL,NULL,NULL,'AssociationName_5506',NULL),(1108,NULL,NULL,NULL,'AssociationName_5523',NULL),(1109,NULL,NULL,NULL,'AssociationName_5538',NULL),(1110,NULL,NULL,NULL,'AssociationName_5550',NULL),(1111,NULL,NULL,NULL,'AssociationName_5965',NULL),(1112,NULL,NULL,NULL,'AssociationName_5902',NULL),(1113,NULL,NULL,NULL,'AssociationName_174',NULL),(1114,NULL,NULL,NULL,'AssociationName_17224',NULL),(1115,NULL,NULL,NULL,'AssociationName_17261',NULL),(1116,NULL,NULL,NULL,'AssociationName_17297',NULL),(1117,NULL,NULL,NULL,'AssociationName_6633',NULL),(1118,NULL,NULL,NULL,'AssociationName_6623',NULL),(1119,NULL,NULL,NULL,'AssociationName_6611',NULL),(1120,NULL,NULL,NULL,'AssociationName_6599',NULL),(1121,NULL,NULL,NULL,'AssociationName_6588',NULL),(1122,NULL,NULL,NULL,'AssociationName_6577',NULL),(1123,NULL,NULL,NULL,'AssociationName_17333',NULL),(1124,NULL,NULL,NULL,'AssociationName_6415',NULL),(1125,NULL,NULL,NULL,'AssociationName_6425',NULL),(1126,NULL,NULL,NULL,'AssociationName_6436',NULL),(1127,NULL,NULL,NULL,'AssociationName_6446',NULL),(1128,NULL,NULL,NULL,'AssociationName_8458',NULL),(1129,NULL,NULL,NULL,'AssociationName_6474',NULL),(1130,NULL,NULL,NULL,'AssociationName_6485',NULL),(1131,NULL,NULL,NULL,'AssociationName_6496',NULL),(1132,NULL,NULL,NULL,'AssociationName_6506',NULL),(1133,NULL,NULL,NULL,'AssociationName_6523',NULL),(1134,NULL,NULL,NULL,'AssociationName_6538',NULL),(1135,NULL,NULL,NULL,'AssociationName_6550',NULL),(1136,NULL,NULL,NULL,'AssociationName_6561',NULL),(1137,NULL,NULL,NULL,'AssociationName_194',NULL),(1138,NULL,NULL,NULL,'AssociationName_19224',NULL),(1139,NULL,NULL,NULL,'AssociationName_19261',NULL),(1140,NULL,NULL,NULL,'AssociationName_19297',NULL),(1141,NULL,NULL,NULL,'AssociationName_19333',NULL),(1142,NULL,NULL,NULL,'AssociationName_204',NULL),(1143,NULL,NULL,NULL,'AssociationName_20224',NULL),(1144,NULL,NULL,NULL,'AssociationName_20261',NULL),(1145,NULL,NULL,NULL,'AssociationName_20297',NULL),(1146,NULL,NULL,NULL,'AssociationName_20333',NULL),(1147,NULL,NULL,NULL,'AssociationName_3690',NULL),(1148,NULL,NULL,NULL,'AssociationName_2379',NULL),(1149,NULL,NULL,NULL,'AssociationName_17379',NULL),(1150,NULL,NULL,NULL,'AssociationName_16379',NULL),(1151,NULL,NULL,NULL,'AssociationName_15379',NULL),(1152,NULL,NULL,NULL,'AssociationName_14379',NULL),(1153,NULL,NULL,NULL,'AssociationName_13379',NULL),(1154,NULL,NULL,NULL,'AssociationName_12379',NULL),(1155,NULL,NULL,NULL,'AssociationName_7379',NULL),(1156,NULL,NULL,NULL,'AssociationName_11379',NULL),(1157,NULL,NULL,NULL,'AssociationName_10379',NULL),(1158,NULL,NULL,NULL,'AssociationName_9379',NULL),(1159,NULL,NULL,NULL,'AssociationName_8379',NULL),(1160,NULL,NULL,NULL,'AssociationName_6379',NULL),(1161,NULL,NULL,NULL,'AssociationName_3379',NULL),(1162,NULL,NULL,NULL,'AssociationName_4379',NULL),(1163,NULL,NULL,NULL,'AssociationName_5379',NULL),(1164,NULL,NULL,NULL,'AssociationName_18379',NULL),(1165,NULL,NULL,NULL,'AssociationName_19379',NULL),(1166,NULL,NULL,NULL,'AssociationName_20379',NULL),(1167,NULL,NULL,NULL,'AssociationName_3679',NULL),(1168,NULL,NULL,NULL,'AssociationName_2690',NULL),(1169,NULL,NULL,NULL,'AssociationName_2645',NULL),(1170,NULL,NULL,NULL,'AssociationName_1658',NULL),(1171,NULL,NULL,NULL,'AssociationName_5679',NULL),(1172,NULL,NULL,NULL,'AssociationName_5690',NULL),(1173,NULL,NULL,NULL,'AssociationName_4645',NULL),(1174,NULL,NULL,NULL,'AssociationName_22379',NULL),(1175,NULL,NULL,NULL,'AssociationName_1926',NULL),(1176,NULL,NULL,NULL,'AssociationName_7690',NULL),(1177,NULL,NULL,NULL,'AssociationName_1703',NULL),(1178,NULL,NULL,NULL,'AssociationName_2703',NULL),(1179,NULL,NULL,NULL,'AssociationName_214',NULL),(1180,NULL,NULL,NULL,'AssociationName_21224',NULL),(1181,NULL,NULL,NULL,'AssociationName_21261',NULL),(1182,NULL,NULL,NULL,'AssociationName_21297',NULL),(1183,NULL,NULL,NULL,'AssociationName_21333',NULL),(1184,NULL,NULL,NULL,'AssociationName_12740',NULL),(1185,NULL,NULL,NULL,'AssociationName_2981',NULL),(1186,NULL,NULL,NULL,'AssociationName_7886',NULL),(1187,NULL,NULL,NULL,'AssociationName_7868',NULL),(1188,NULL,NULL,NULL,'AssociationName_2729',NULL),(1189,NULL,NULL,NULL,'AssociationName_2770',NULL),(1190,NULL,NULL,NULL,'AssociationName_2781',NULL),(1191,NULL,NULL,NULL,'AssociationName_2794',NULL),(1192,NULL,NULL,NULL,'AssociationName_2812',NULL),(1193,NULL,NULL,NULL,'AssociationName_2857',NULL),(1194,NULL,NULL,NULL,'AssociationName_2868',NULL),(1195,NULL,NULL,NULL,'AssociationName_4868',NULL),(1196,NULL,NULL,NULL,'AssociationName_6868',NULL),(1197,NULL,NULL,NULL,'AssociationName_5868',NULL),(1198,NULL,NULL,NULL,'AssociationName_1944',NULL),(1199,NULL,NULL,NULL,'AssociationName_4830',NULL),(1200,NULL,NULL,NULL,'AssociationName_3868',NULL),(1201,NULL,NULL,NULL,'AssociationName_1911',NULL),(1202,NULL,NULL,NULL,'AssociationName_1975',NULL),(1203,NULL,NULL,NULL,'AssociationName_1915',NULL),(1204,NULL,NULL,NULL,'availableQuantity',NULL),(1205,NULL,NULL,NULL,'initialQuantity',NULL),(1206,NULL,NULL,NULL,'availableQuantity',NULL),(1207,NULL,NULL,NULL,'initialQuantity',NULL),(1208,NULL,NULL,NULL,'availableQuantity',NULL),(1209,NULL,NULL,NULL,'initialQuantity',NULL),(1210,NULL,NULL,NULL,'availableQuantity',NULL),(1211,NULL,NULL,NULL,'initialQuantity',NULL),(1212,NULL,NULL,NULL,'availableQuantity',NULL),(1213,NULL,NULL,NULL,'initialQuantity',NULL);

/*Table structure for table `dyextn_asso_display_attr` */

DROP TABLE IF EXISTS `dyextn_asso_display_attr`;

CREATE TABLE `dyextn_asso_display_attr` (
  `IDENTIFIER` bigint(20) NOT NULL auto_increment,
  `SEQUENCE_NUMBER` int(11) default NULL,
  `DISPLAY_ATTRIBUTE_ID` bigint(20) default NULL,
  `SELECT_CONTROL_ID` bigint(20) default NULL,
  PRIMARY KEY  (`IDENTIFIER`),
  KEY `FKD12FD3823B3AAE3B` (`DISPLAY_ATTRIBUTE_ID`),
  KEY `FKD12FD382F7AA8E80` (`SELECT_CONTROL_ID`),
  CONSTRAINT `FKD12FD382F7AA8E80` FOREIGN KEY (`SELECT_CONTROL_ID`) REFERENCES `dyextn_select_control` (`IDENTIFIER`),
  CONSTRAINT `FKD12FD3823B3AAE3B` FOREIGN KEY (`DISPLAY_ATTRIBUTE_ID`) REFERENCES `dyextn_primitive_attribute` (`IDENTIFIER`)
) ENGINE=InnoDB DEFAULT CHARSET=latin1;

/*Data for the table `dyextn_asso_display_attr` */

/*Table structure for table `dyextn_association` */

DROP TABLE IF EXISTS `dyextn_association`;

CREATE TABLE `dyextn_association` (
  `IDENTIFIER` bigint(20) NOT NULL default '0',
  `DIRECTION` varchar(255) default NULL,
  `TARGET_ENTITY_ID` bigint(20) default NULL,
  `SOURCE_ROLE_ID` bigint(20) default NULL,
  `TARGET_ROLE_ID` bigint(20) default NULL,
  `IS_SYSTEM_GENERATED` tinyint(1) default NULL,
  PRIMARY KEY  (`IDENTIFIER`),
  KEY `FK104684243AC5160` (`SOURCE_ROLE_ID`),
  KEY `FK10468424F60C84D6` (`TARGET_ROLE_ID`),
  KEY `FK104684246315C5C9` (`TARGET_ENTITY_ID`),
  KEY `FK10468424BC7298A9` (`IDENTIFIER`),
  CONSTRAINT `FK10468424BC7298A9` FOREIGN KEY (`IDENTIFIER`) REFERENCES `dyextn_attribute` (`IDENTIFIER`),
  CONSTRAINT `FK104684243AC5160` FOREIGN KEY (`SOURCE_ROLE_ID`) REFERENCES `dyextn_role` (`IDENTIFIER`),
  CONSTRAINT `FK104684246315C5C9` FOREIGN KEY (`TARGET_ENTITY_ID`) REFERENCES `dyextn_entity` (`IDENTIFIER`),
  CONSTRAINT `FK10468424F60C84D6` FOREIGN KEY (`TARGET_ROLE_ID`) REFERENCES `dyextn_role` (`IDENTIFIER`)
) ENGINE=InnoDB DEFAULT CHARSET=latin1;

/*Data for the table `dyextn_association` */

insert into `dyextn_association` (`IDENTIFIER`,`DIRECTION`,`TARGET_ENTITY_ID`,`SOURCE_ROLE_ID`,`TARGET_ROLE_ID`,`IS_SYSTEM_GENERATED`) values (5,'BI_DIRECTIONAL',722,1,2,0),(6,'BI_DIRECTIONAL',379,3,4,0),(7,'BI_DIRECTIONAL',373,5,6,0),(8,'SRC_DESTINATION',369,7,8,0),(9,'BI_DIRECTIONAL',333,9,10,0),(10,'BI_DIRECTIONAL',297,11,12,0),(11,'BI_DIRECTIONAL',261,13,14,0),(12,'BI_DIRECTIONAL',224,15,16,0),(13,'BI_DIRECTIONAL',4,17,18,0),(14,'SRC_DESTINATION',220,19,20,0),(29,'SRC_DESTINATION',206,21,22,0),(30,'SRC_DESTINATION',217,23,24,0),(31,'SRC_DESTINATION',214,25,26,0),(32,'SRC_DESTINATION',211,27,28,0),(33,'SRC_DESTINATION',208,29,30,0),(34,'SRC_DESTINATION',206,31,32,0),(35,'SRC_DESTINATION',217,33,34,0),(36,'SRC_DESTINATION',214,35,36,0),(37,'SRC_DESTINATION',211,37,38,0),(38,'SRC_DESTINATION',208,39,40,0),(39,'SRC_DESTINATION',70,41,42,0),(41,'SRC_DESTINATION',142,43,44,0),(42,'BI_DIRECTIONAL',70,45,46,0),(43,'BI_DIRECTIONAL',53,47,48,0),(44,'BI_DIRECTIONAL',40,49,50,0),(54,'SRC_DESTINATION',142,51,52,0),(55,'SRC_DESTINATION',70,53,54,0),(56,'SRC_DESTINATION',97,55,56,0),(66,'SRC_DESTINATION',157,57,58,0),(67,'BI_DIRECTIONAL',40,59,60,0),(68,'BI_DIRECTIONAL',53,61,62,0),(69,'BI_DIRECTIONAL',70,63,64,0),(71,'SRC_DESTINATION',142,65,66,0),(72,'SRC_DESTINATION',157,67,68,0),(73,'SRC_DESTINATION',146,69,70,0),(74,'SRC_DESTINATION',177,71,72,0),(75,'BI_DIRECTIONAL',70,73,74,0),(85,'SRC_DESTINATION',146,75,76,0),(86,'SRC_DESTINATION',89,77,78,0),(87,'BI_DIRECTIONAL',40,79,80,0),(88,'BI_DIRECTIONAL',53,81,82,0),(90,'SRC_DESTINATION',116,83,84,0),(91,'SRC_DESTINATION',97,85,86,0),(98,'SRC_DESTINATION',131,87,88,0),(108,'SRC_DESTINATION',128,89,90,0),(109,'SRC_DESTINATION',125,91,92,0),(110,'SRC_DESTINATION',116,93,94,0),(111,'SRC_DESTINATION',112,95,96,0),(135,'SRC_DESTINATION',142,97,98,0),(147,'SRC_DESTINATION',157,99,100,0),(148,'SRC_DESTINATION',142,101,102,0),(149,'SRC_DESTINATION',146,103,104,0),(158,'SRC_DESTINATION',142,105,106,0),(167,'SRC_DESTINATION',97,107,108,0),(178,'SRC_DESTINATION',203,109,110,0),(189,'SRC_DESTINATION',97,111,112,0),(190,'BI_DIRECTIONAL',97,113,114,0),(191,'BI_DIRECTIONAL',192,115,116,0),(193,'SRC_DESTINATION',97,117,118,0),(225,'BI_DIRECTIONAL',722,119,120,0),(226,'BI_DIRECTIONAL',379,121,122,0),(227,'BI_DIRECTIONAL',373,123,124,0),(228,'SRC_DESTINATION',369,125,126,0),(229,'BI_DIRECTIONAL',333,127,128,0),(230,'BI_DIRECTIONAL',297,129,130,0),(231,'BI_DIRECTIONAL',261,131,132,0),(232,'BI_DIRECTIONAL',224,133,134,0),(233,'BI_DIRECTIONAL',4,135,136,0),(234,'SRC_DESTINATION',220,137,138,0),(235,'SRC_DESTINATION',70,139,140,0),(251,'SRC_DESTINATION',206,141,142,0),(252,'SRC_DESTINATION',217,143,144,0),(253,'SRC_DESTINATION',214,145,146,0),(254,'SRC_DESTINATION',211,147,148,0),(255,'SRC_DESTINATION',208,149,150,0),(256,'SRC_DESTINATION',206,151,152,0),(257,'SRC_DESTINATION',217,153,154,0),(258,'SRC_DESTINATION',214,155,156,0),(259,'SRC_DESTINATION',211,157,158,0),(260,'SRC_DESTINATION',208,159,160,0),(262,'BI_DIRECTIONAL',722,161,162,0),(263,'BI_DIRECTIONAL',379,163,164,0),(264,'BI_DIRECTIONAL',373,165,166,0),(265,'SRC_DESTINATION',369,167,168,0),(266,'BI_DIRECTIONAL',333,169,170,0),(267,'BI_DIRECTIONAL',297,171,172,0),(268,'BI_DIRECTIONAL',261,173,174,0),(269,'BI_DIRECTIONAL',224,175,176,0),(270,'BI_DIRECTIONAL',4,177,178,0),(271,'SRC_DESTINATION',220,179,180,0),(286,'SRC_DESTINATION',206,181,182,0),(287,'SRC_DESTINATION',217,183,184,0),(288,'SRC_DESTINATION',214,185,186,0),(289,'SRC_DESTINATION',211,187,188,0),(290,'SRC_DESTINATION',208,189,190,0),(291,'SRC_DESTINATION',206,191,192,0),(292,'SRC_DESTINATION',217,193,194,0),(293,'SRC_DESTINATION',214,195,196,0),(294,'SRC_DESTINATION',211,197,198,0),(295,'SRC_DESTINATION',208,199,200,0),(296,'SRC_DESTINATION',70,201,202,0),(298,'BI_DIRECTIONAL',722,203,204,0),(299,'BI_DIRECTIONAL',379,205,206,0),(300,'BI_DIRECTIONAL',373,207,208,0),(301,'SRC_DESTINATION',369,209,210,0),(302,'BI_DIRECTIONAL',333,211,212,0),(303,'BI_DIRECTIONAL',297,213,214,0),(304,'BI_DIRECTIONAL',261,215,216,0),(305,'BI_DIRECTIONAL',224,217,218,0),(306,'BI_DIRECTIONAL',4,219,220,0),(307,'SRC_DESTINATION',220,221,222,0),(322,'SRC_DESTINATION',206,223,224,0),(323,'SRC_DESTINATION',217,225,226,0),(324,'SRC_DESTINATION',214,227,228,0),(325,'SRC_DESTINATION',211,229,230,0),(326,'SRC_DESTINATION',208,231,232,0),(327,'SRC_DESTINATION',206,233,234,0),(328,'SRC_DESTINATION',217,235,236,0),(329,'SRC_DESTINATION',214,237,238,0),(330,'SRC_DESTINATION',211,239,240,0),(331,'SRC_DESTINATION',208,241,242,0),(332,'SRC_DESTINATION',70,243,244,0),(334,'BI_DIRECTIONAL',722,245,246,0),(335,'BI_DIRECTIONAL',379,247,248,0),(336,'BI_DIRECTIONAL',373,249,250,0),(337,'SRC_DESTINATION',369,251,252,0),(338,'BI_DIRECTIONAL',333,253,254,0),(339,'BI_DIRECTIONAL',297,255,256,0),(340,'BI_DIRECTIONAL',261,257,258,0),(341,'BI_DIRECTIONAL',224,259,260,0),(342,'BI_DIRECTIONAL',4,261,262,0),(343,'SRC_DESTINATION',220,263,264,0),(358,'SRC_DESTINATION',206,265,266,0),(359,'SRC_DESTINATION',217,267,268,0),(360,'SRC_DESTINATION',214,269,270,0),(361,'SRC_DESTINATION',211,271,272,0),(362,'SRC_DESTINATION',208,273,274,0),(363,'SRC_DESTINATION',206,275,276,0),(364,'SRC_DESTINATION',217,277,278,0),(365,'SRC_DESTINATION',214,279,280,0),(366,'SRC_DESTINATION',211,281,282,0),(367,'SRC_DESTINATION',208,283,284,0),(368,'SRC_DESTINATION',70,285,286,0),(370,'SRC_DESTINATION',203,287,288,0),(374,'SRC_DESTINATION',89,289,290,0),(380,'SRC_DESTINATION',89,291,292,0),(381,'BI_DIRECTIONAL',679,293,294,0),(382,'SRC_DESTINATION',369,295,296,0),(383,'BI_DIRECTIONAL',633,297,298,0),(384,'BI_DIRECTIONAL',623,299,300,0),(385,'BI_DIRECTIONAL',611,301,302,0),(386,'BI_DIRECTIONAL',599,303,304,0),(387,'BI_DIRECTIONAL',588,305,306,0),(388,'BI_DIRECTIONAL',577,307,308,0),(389,'BI_DIRECTIONAL',415,309,310,0),(390,'SRC_DESTINATION',572,311,312,0),(399,'BI_DIRECTIONAL',561,313,314,0),(400,'BI_DIRECTIONAL',496,315,316,0),(401,'BI_DIRECTIONAL',550,317,318,0),(402,'BI_DIRECTIONAL',538,319,320,0),(403,'BI_DIRECTIONAL',523,321,322,0),(404,'BI_DIRECTIONAL',506,323,324,0),(405,'BI_DIRECTIONAL',485,325,326,0),(406,'BI_DIRECTIONAL',474,327,328,0),(407,'BI_DIRECTIONAL',458,329,330,0),(408,'BI_DIRECTIONAL',446,331,332,0),(409,'BI_DIRECTIONAL',436,333,334,0),(410,'BI_DIRECTIONAL',425,335,336,0),(416,'BI_DIRECTIONAL',333,337,338,0),(417,'BI_DIRECTIONAL',297,339,340,0),(418,'BI_DIRECTIONAL',261,341,342,0),(419,'BI_DIRECTIONAL',224,343,344,0),(420,'BI_DIRECTIONAL',4,345,346,0),(421,'SRC_DESTINATION',97,347,348,0),(426,'BI_DIRECTIONAL',333,349,350,0),(427,'BI_DIRECTIONAL',297,351,352,0),(428,'BI_DIRECTIONAL',261,353,354,0),(429,'BI_DIRECTIONAL',224,355,356,0),(430,'BI_DIRECTIONAL',4,357,358,0),(431,'SRC_DESTINATION',97,359,360,0),(437,'BI_DIRECTIONAL',333,361,362,0),(438,'BI_DIRECTIONAL',297,363,364,0),(439,'BI_DIRECTIONAL',261,365,366,0),(440,'BI_DIRECTIONAL',224,367,368,0),(441,'BI_DIRECTIONAL',4,369,370,0),(442,'SRC_DESTINATION',97,371,372,0),(447,'BI_DIRECTIONAL',333,373,374,0),(448,'BI_DIRECTIONAL',297,375,376,0),(449,'BI_DIRECTIONAL',261,377,378,0),(450,'BI_DIRECTIONAL',224,379,380,0),(451,'BI_DIRECTIONAL',4,381,382,0),(452,'SRC_DESTINATION',97,383,384,0),(459,'BI_DIRECTIONAL',333,385,386,0),(460,'BI_DIRECTIONAL',297,387,388,0),(468,'SRC_DESTINATION',70,389,390,0),(469,'SRC_DESTINATION',70,391,392,0),(470,'SRC_DESTINATION',97,393,394,0),(471,'BI_DIRECTIONAL',4,395,396,0),(472,'BI_DIRECTIONAL',224,397,398,0),(473,'BI_DIRECTIONAL',261,399,400,0),(475,'BI_DIRECTIONAL',333,401,402,0),(476,'BI_DIRECTIONAL',297,403,404,0),(477,'BI_DIRECTIONAL',261,405,406,0),(478,'BI_DIRECTIONAL',224,407,408,0),(479,'BI_DIRECTIONAL',4,409,410,0),(480,'SRC_DESTINATION',97,411,412,0),(486,'BI_DIRECTIONAL',333,413,414,0),(487,'BI_DIRECTIONAL',297,415,416,0),(488,'BI_DIRECTIONAL',261,417,418,0),(489,'BI_DIRECTIONAL',224,419,420,0),(490,'BI_DIRECTIONAL',4,421,422,0),(491,'SRC_DESTINATION',97,423,424,0),(497,'BI_DIRECTIONAL',333,425,426,0),(498,'BI_DIRECTIONAL',297,427,428,0),(499,'BI_DIRECTIONAL',261,429,430,0),(500,'BI_DIRECTIONAL',224,431,432,0),(501,'BI_DIRECTIONAL',4,433,434,0),(502,'SRC_DESTINATION',97,435,436,0),(507,'BI_DIRECTIONAL',333,437,438,0),(508,'BI_DIRECTIONAL',297,439,440,0),(509,'BI_DIRECTIONAL',261,441,442,0),(520,'SRC_DESTINATION',97,443,444,0),(521,'BI_DIRECTIONAL',4,445,446,0),(522,'BI_DIRECTIONAL',224,447,448,0),(524,'BI_DIRECTIONAL',333,449,450,0),(533,'SRC_DESTINATION',97,451,452,0),(534,'BI_DIRECTIONAL',4,453,454,0),(535,'BI_DIRECTIONAL',224,455,456,0),(536,'BI_DIRECTIONAL',261,457,458,0),(537,'BI_DIRECTIONAL',297,459,460,0),(539,'BI_DIRECTIONAL',333,461,462,0),(540,'BI_DIRECTIONAL',297,463,464,0),(541,'BI_DIRECTIONAL',261,465,466,0),(542,'BI_DIRECTIONAL',224,467,468,0),(543,'BI_DIRECTIONAL',4,469,470,0),(544,'SRC_DESTINATION',97,471,472,0),(551,'BI_DIRECTIONAL',333,473,474,0),(552,'BI_DIRECTIONAL',297,475,476,0),(553,'BI_DIRECTIONAL',261,477,478,0),(554,'BI_DIRECTIONAL',224,479,480,0),(555,'BI_DIRECTIONAL',4,481,482,0),(556,'SRC_DESTINATION',97,483,484,0),(562,'BI_DIRECTIONAL',333,485,486,0),(563,'BI_DIRECTIONAL',297,487,488,0),(564,'BI_DIRECTIONAL',261,489,490,0),(565,'BI_DIRECTIONAL',224,491,492,0),(566,'BI_DIRECTIONAL',4,493,494,0),(567,'SRC_DESTINATION',97,495,496,0),(573,'BI_DIRECTIONAL',177,497,498,0),(578,'BI_DIRECTIONAL',333,499,500,0),(579,'BI_DIRECTIONAL',297,501,502,0),(580,'BI_DIRECTIONAL',261,503,504,0),(581,'BI_DIRECTIONAL',224,505,506,0),(582,'BI_DIRECTIONAL',4,507,508,0),(583,'SRC_DESTINATION',97,509,510,0),(589,'BI_DIRECTIONAL',333,511,512,0),(590,'BI_DIRECTIONAL',297,513,514,0),(591,'BI_DIRECTIONAL',261,515,516,0),(592,'BI_DIRECTIONAL',224,517,518,0),(593,'BI_DIRECTIONAL',4,519,520,0),(594,'SRC_DESTINATION',97,521,522,0),(600,'BI_DIRECTIONAL',333,523,524,0),(601,'BI_DIRECTIONAL',297,525,526,0),(602,'BI_DIRECTIONAL',261,527,528,0),(603,'BI_DIRECTIONAL',224,529,530,0),(604,'BI_DIRECTIONAL',4,531,532,0),(605,'SRC_DESTINATION',97,533,534,0),(612,'BI_DIRECTIONAL',333,535,536,0),(613,'BI_DIRECTIONAL',297,537,538,0),(614,'BI_DIRECTIONAL',261,539,540,0),(615,'BI_DIRECTIONAL',224,541,542,0),(616,'BI_DIRECTIONAL',4,543,544,0),(617,'SRC_DESTINATION',97,545,546,0),(624,'BI_DIRECTIONAL',333,547,548,0),(625,'BI_DIRECTIONAL',297,549,550,0),(626,'BI_DIRECTIONAL',261,551,552,0),(627,'BI_DIRECTIONAL',224,553,554,0),(628,'BI_DIRECTIONAL',4,555,556,0),(629,'SRC_DESTINATION',97,557,558,0),(634,'BI_DIRECTIONAL',333,559,560,0),(635,'BI_DIRECTIONAL',297,561,562,0),(636,'BI_DIRECTIONAL',261,563,564,0),(637,'BI_DIRECTIONAL',224,565,566,0),(638,'BI_DIRECTIONAL',4,567,568,0),(639,'SRC_DESTINATION',97,569,570,0),(646,'SRC_DESTINATION',676,571,572,0),(647,'BI_DIRECTIONAL',671,573,574,0),(648,'SRC_DESTINATION',668,575,576,0),(649,'BI_DIRECTIONAL',658,577,578,0),(650,'SRC_DESTINATION',89,579,580,0),(659,'BI_DIRECTIONAL',662,581,582,0),(680,'SRC_DESTINATION',676,583,584,0),(681,'BI_DIRECTIONAL',671,585,586,0),(682,'SRC_DESTINATION',668,587,588,0),(683,'BI_DIRECTIONAL',658,589,590,0),(684,'SRC_DESTINATION',690,591,592,0),(685,'SRC_DESTINATION',89,593,594,0),(691,'BI_DIRECTIONAL',703,595,596,0),(692,'SRC_DESTINATION',676,597,598,0),(693,'BI_DIRECTIONAL',671,599,600,0),(694,'SRC_DESTINATION',668,601,602,0),(695,'BI_DIRECTIONAL',379,603,604,0),(696,'BI_DIRECTIONAL',658,605,606,0),(697,'SRC_DESTINATION',89,607,608,0),(704,'BI_DIRECTIONAL',714,609,610,0),(705,'BI_DIRECTIONAL',711,611,612,0),(715,'SRC_DESTINATION',719,613,614,0),(723,'SRC_DESTINATION',89,615,616,0),(724,'SRC_DESTINATION',572,617,618,0),(730,'SRC_DESTINATION',208,619,620,0),(731,'SRC_DESTINATION',211,621,622,0),(732,'SRC_DESTINATION',214,623,624,0),(733,'SRC_DESTINATION',217,625,626,0),(734,'SRC_DESTINATION',206,627,628,0),(735,'BI_DIRECTIONAL',762,629,630,0),(736,'SRC_DESTINATION',740,631,632,0),(742,'SRC_DESTINATION',53,633,634,0),(743,'SRC_DESTINATION',206,635,636,0),(744,'SRC_DESTINATION',217,637,638,0),(745,'SRC_DESTINATION',214,639,640,0),(746,'SRC_DESTINATION',211,641,642,0),(747,'SRC_DESTINATION',208,643,644,0),(748,'SRC_DESTINATION',4,645,646,0),(749,'SRC_DESTINATION',224,647,648,0),(750,'SRC_DESTINATION',261,649,650,0),(751,'SRC_DESTINATION',297,651,652,0),(752,'SRC_DESTINATION',333,653,654,0),(753,'BI_DIRECTIONAL',754,655,656,0),(755,'SRC_DESTINATION',192,657,658,0),(756,'SRC_DESTINATION',97,659,660,0),(757,'SRC_DESTINATION',89,661,662,0),(763,'SRC_DESTINATION',754,663,664,0),(764,'SRC_DESTINATION',192,665,666,0),(771,'SRC_DESTINATION',208,667,668,0),(772,'SRC_DESTINATION',211,669,670,0),(773,'SRC_DESTINATION',214,671,672,0),(774,'SRC_DESTINATION',217,673,674,0),(775,'SRC_DESTINATION',206,675,676,0),(776,'BI_DIRECTIONAL',762,677,678,0),(777,'SRC_DESTINATION',740,679,680,0),(782,'SRC_DESTINATION',208,681,682,0),(783,'SRC_DESTINATION',211,683,684,0),(784,'SRC_DESTINATION',214,685,686,0),(785,'SRC_DESTINATION',217,687,688,0),(786,'SRC_DESTINATION',206,689,690,0),(787,'BI_DIRECTIONAL',762,691,692,0),(788,'SRC_DESTINATION',740,693,694,0),(795,'SRC_DESTINATION',208,695,696,0),(796,'SRC_DESTINATION',211,697,698,0),(797,'SRC_DESTINATION',214,699,700,0),(798,'SRC_DESTINATION',217,701,702,0),(806,'SRC_DESTINATION',740,703,704,0),(807,'BI_DIRECTIONAL',762,705,706,0),(808,'SRC_DESTINATION',373,707,708,0),(809,'SRC_DESTINATION',379,709,710,0),(810,'SRC_DESTINATION',722,711,712,0),(811,'SRC_DESTINATION',206,713,714,0),(813,'SRC_DESTINATION',208,715,716,0),(814,'SRC_DESTINATION',211,717,718,0),(815,'SRC_DESTINATION',214,719,720,0),(816,'SRC_DESTINATION',217,721,722,0),(822,'SRC_DESTINATION',740,723,724,0),(823,'BI_DIRECTIONAL',762,725,726,0),(824,'SRC_DESTINATION',4,727,728,0),(825,'SRC_DESTINATION',224,729,730,0),(826,'SRC_DESTINATION',261,731,732,0),(827,'SRC_DESTINATION',297,733,734,0),(828,'SRC_DESTINATION',333,735,736,0),(829,'SRC_DESTINATION',206,737,738,0),(831,'SRC_DESTINATION',177,739,740,0),(832,'BI_DIRECTIONAL',844,741,742,0),(833,'SRC_DESTINATION',379,743,744,0),(834,'SRC_DESTINATION',840,745,746,0),(835,'SRC_DESTINATION',97,747,748,0),(841,'SRC_DESTINATION',203,749,750,0),(858,'SRC_DESTINATION',208,751,752,0),(859,'SRC_DESTINATION',211,753,754,0),(860,'SRC_DESTINATION',214,755,756,0),(861,'SRC_DESTINATION',217,757,758,0),(862,'SRC_DESTINATION',206,759,760,0),(863,'BI_DIRECTIONAL',762,761,762,0),(864,'SRC_DESTINATION',740,763,764,0),(869,'SRC_DESTINATION',208,765,766,0),(870,'SRC_DESTINATION',211,767,768,0),(871,'SRC_DESTINATION',214,769,770,0),(872,'SRC_DESTINATION',217,771,772,0),(877,'SRC_DESTINATION',740,773,774,0),(878,'BI_DIRECTIONAL',770,775,776,0),(879,'BI_DIRECTIONAL',886,777,778,0),(880,'BI_DIRECTIONAL',781,779,780,0),(881,'BI_DIRECTIONAL',812,781,782,0),(882,'BI_DIRECTIONAL',794,783,784,0),(883,'BI_DIRECTIONAL',762,785,786,0),(884,'SRC_DESTINATION',157,787,788,0),(885,'SRC_DESTINATION',206,789,790,0),(887,'SRC_DESTINATION',208,791,792,0),(888,'SRC_DESTINATION',211,793,794,0),(892,'SRC_DESTINATION',4,795,796,0),(893,'SRC_DESTINATION',224,797,798,0),(894,'SRC_DESTINATION',261,799,800,0),(895,'SRC_DESTINATION',297,801,802,0),(896,'SRC_DESTINATION',333,803,804,0),(897,'SRC_DESTINATION',740,805,806,0),(898,'BI_DIRECTIONAL',762,807,808,0),(899,'SRC_DESTINATION',206,809,810,0),(900,'SRC_DESTINATION',217,811,812,0),(901,'SRC_DESTINATION',214,813,814,0),(903,'BI_DIRECTIONAL',333,815,816,0),(904,'BI_DIRECTIONAL',297,817,818,0),(905,'BI_DIRECTIONAL',261,819,820,0),(906,'BI_DIRECTIONAL',224,821,822,0),(907,'BI_DIRECTIONAL',4,823,824,0),(912,'BI_DIRECTIONAL',915,825,826,0),(916,'BI_DIRECTIONAL',921,827,828,0),(927,'BI_DIRECTIONAL',690,829,830,0),(933,'BI_DIRECTIONAL',192,831,832,0),(934,'SRC_DESTINATION',208,833,834,0),(935,'SRC_DESTINATION',211,835,836,0),(936,'SRC_DESTINATION',214,837,838,0),(937,'SRC_DESTINATION',217,839,840,0),(938,'SRC_DESTINATION',206,841,842,0),(945,'SRC_DESTINATION',89,843,844,0),(946,'BI_DIRECTIONAL',844,845,846,0),(950,'BI_DIRECTIONAL',53,847,848,0),(951,'SRC_DESTINATION',333,849,850,0),(956,'SRC_DESTINATION',206,851,852,0),(957,'SRC_DESTINATION',217,853,854,0),(958,'SRC_DESTINATION',214,855,856,0),(959,'SRC_DESTINATION',211,857,858,0),(960,'SRC_DESTINATION',208,859,860,0),(961,'SRC_DESTINATION',4,861,862,0),(962,'SRC_DESTINATION',224,863,864,0),(963,'SRC_DESTINATION',261,865,866,0),(964,'SRC_DESTINATION',297,867,868,0),(966,'BI_DIRECTIONAL',333,869,870,0),(967,'BI_DIRECTIONAL',297,871,872,0),(968,'BI_DIRECTIONAL',261,873,874,0),(969,'BI_DIRECTIONAL',224,875,876,0),(970,'BI_DIRECTIONAL',4,877,878,0),(976,'BI_DIRECTIONAL',921,879,880,0),(982,'SRC_DESTINATION',208,881,882,0),(983,'SRC_DESTINATION',211,883,884,0),(984,'SRC_DESTINATION',214,885,886,0),(985,'SRC_DESTINATION',217,887,888,0),(986,'SRC_DESTINATION',206,889,890,0),(987,'SRC_DESTINATION',53,891,892,0),(988,'BI_DIRECTIONAL',762,893,894,0),(989,'SRC_DESTINATION',740,895,896,0),(993,'BI_DIRECTIONAL',965,878,877,1),(994,'BI_DIRECTIONAL',902,824,823,1),(995,'BI_DIRECTIONAL',633,568,567,1),(996,'BI_DIRECTIONAL',623,556,555,1),(997,'BI_DIRECTIONAL',611,544,543,1),(998,'BI_DIRECTIONAL',599,532,531,1),(999,'BI_DIRECTIONAL',588,520,519,1),(1000,'BI_DIRECTIONAL',577,508,507,1),(1001,'BI_DIRECTIONAL',561,494,493,1),(1002,'BI_DIRECTIONAL',550,482,481,1),(1003,'BI_DIRECTIONAL',538,470,469,1),(1004,'BI_DIRECTIONAL',523,454,453,1),(1005,'BI_DIRECTIONAL',4,18,17,1),(1006,'BI_DIRECTIONAL',224,136,135,1),(1007,'BI_DIRECTIONAL',261,178,177,1),(1008,'BI_DIRECTIONAL',297,220,219,1),(1009,'BI_DIRECTIONAL',333,262,261,1),(1010,'BI_DIRECTIONAL',415,346,345,1),(1011,'BI_DIRECTIONAL',425,358,357,1),(1012,'BI_DIRECTIONAL',436,370,369,1),(1013,'BI_DIRECTIONAL',446,382,381,1),(1014,'BI_DIRECTIONAL',458,396,395,1),(1015,'BI_DIRECTIONAL',474,410,409,1),(1016,'BI_DIRECTIONAL',485,422,421,1),(1017,'BI_DIRECTIONAL',496,434,433,1),(1018,'BI_DIRECTIONAL',506,446,445,1),(1019,'BI_DIRECTIONAL',53,60,59,1),(1020,'BI_DIRECTIONAL',70,80,79,1),(1021,'BI_DIRECTIONAL',40,50,49,1),(1022,'BI_DIRECTIONAL',949,848,847,1),(1023,'BI_DIRECTIONAL',40,48,47,1),(1024,'BI_DIRECTIONAL',53,62,61,1),(1025,'BI_DIRECTIONAL',70,82,81,1),(1026,'BI_DIRECTIONAL',40,46,45,1),(1027,'BI_DIRECTIONAL',53,64,63,1),(1028,'BI_DIRECTIONAL',70,74,73,1),(1029,'BI_DIRECTIONAL',177,114,113,1),(1030,'BI_DIRECTIONAL',572,498,497,1),(1031,'BI_DIRECTIONAL',932,832,831,1),(1032,'BI_DIRECTIONAL',177,116,115,1),(1033,'BI_DIRECTIONAL',965,876,875,1),(1034,'BI_DIRECTIONAL',902,822,821,1),(1035,'BI_DIRECTIONAL',4,16,15,1),(1036,'BI_DIRECTIONAL',633,566,565,1),(1037,'BI_DIRECTIONAL',623,554,553,1),(1038,'BI_DIRECTIONAL',611,542,541,1),(1039,'BI_DIRECTIONAL',599,530,529,1),(1040,'BI_DIRECTIONAL',588,518,517,1),(1041,'BI_DIRECTIONAL',577,506,505,1),(1042,'BI_DIRECTIONAL',561,492,491,1),(1043,'BI_DIRECTIONAL',550,480,479,1),(1044,'BI_DIRECTIONAL',538,468,467,1),(1045,'BI_DIRECTIONAL',523,456,455,1),(1046,'BI_DIRECTIONAL',224,134,133,1),(1047,'BI_DIRECTIONAL',261,176,175,1),(1048,'BI_DIRECTIONAL',297,218,217,1),(1049,'BI_DIRECTIONAL',333,260,259,1),(1050,'BI_DIRECTIONAL',415,344,343,1),(1051,'BI_DIRECTIONAL',425,356,355,1),(1052,'BI_DIRECTIONAL',436,368,367,1),(1053,'BI_DIRECTIONAL',446,380,379,1),(1054,'BI_DIRECTIONAL',458,398,397,1),(1055,'BI_DIRECTIONAL',474,408,407,1),(1056,'BI_DIRECTIONAL',485,420,419,1),(1057,'BI_DIRECTIONAL',496,432,431,1),(1058,'BI_DIRECTIONAL',506,448,447,1),(1059,'BI_DIRECTIONAL',965,874,873,1),(1060,'BI_DIRECTIONAL',902,820,819,1),(1061,'BI_DIRECTIONAL',4,14,13,1),(1062,'BI_DIRECTIONAL',224,132,131,1),(1063,'BI_DIRECTIONAL',633,564,563,1),(1064,'BI_DIRECTIONAL',623,552,551,1),(1065,'BI_DIRECTIONAL',611,540,539,1),(1066,'BI_DIRECTIONAL',599,528,527,1),(1067,'BI_DIRECTIONAL',588,516,515,1),(1068,'BI_DIRECTIONAL',577,504,503,1),(1069,'BI_DIRECTIONAL',561,490,489,1),(1070,'BI_DIRECTIONAL',550,478,477,1),(1071,'BI_DIRECTIONAL',261,174,173,1),(1072,'BI_DIRECTIONAL',297,216,215,1),(1073,'BI_DIRECTIONAL',333,258,257,1),(1074,'BI_DIRECTIONAL',415,342,341,1),(1075,'BI_DIRECTIONAL',425,354,353,1),(1076,'BI_DIRECTIONAL',436,366,365,1),(1077,'BI_DIRECTIONAL',446,378,377,1),(1078,'BI_DIRECTIONAL',458,400,399,1),(1079,'BI_DIRECTIONAL',474,406,405,1),(1080,'BI_DIRECTIONAL',485,418,417,1),(1081,'BI_DIRECTIONAL',496,430,429,1),(1082,'BI_DIRECTIONAL',506,442,441,1),(1083,'BI_DIRECTIONAL',523,458,457,1),(1084,'BI_DIRECTIONAL',538,466,465,1),(1085,'BI_DIRECTIONAL',965,872,871,1),(1086,'BI_DIRECTIONAL',902,818,817,1),(1087,'BI_DIRECTIONAL',4,12,11,1),(1088,'BI_DIRECTIONAL',224,130,129,1),(1089,'BI_DIRECTIONAL',261,172,171,1),(1090,'BI_DIRECTIONAL',633,562,561,1),(1091,'BI_DIRECTIONAL',623,550,549,1),(1092,'BI_DIRECTIONAL',611,538,537,1),(1093,'BI_DIRECTIONAL',599,526,525,1),(1094,'BI_DIRECTIONAL',588,514,513,1),(1095,'BI_DIRECTIONAL',577,502,501,1),(1096,'BI_DIRECTIONAL',561,488,487,1),(1097,'BI_DIRECTIONAL',297,214,213,1),(1098,'BI_DIRECTIONAL',333,256,255,1),(1099,'BI_DIRECTIONAL',415,340,339,1),(1100,'BI_DIRECTIONAL',425,352,351,1),(1101,'BI_DIRECTIONAL',436,364,363,1),(1102,'BI_DIRECTIONAL',446,376,375,1),(1103,'BI_DIRECTIONAL',458,388,387,1),(1104,'BI_DIRECTIONAL',474,404,403,1),(1105,'BI_DIRECTIONAL',485,416,415,1),(1106,'BI_DIRECTIONAL',496,428,427,1),(1107,'BI_DIRECTIONAL',506,440,439,1),(1108,'BI_DIRECTIONAL',523,460,459,1),(1109,'BI_DIRECTIONAL',538,464,463,1),(1110,'BI_DIRECTIONAL',550,476,475,1),(1111,'BI_DIRECTIONAL',965,870,869,1),(1112,'BI_DIRECTIONAL',902,816,815,1),(1113,'BI_DIRECTIONAL',4,10,9,1),(1114,'BI_DIRECTIONAL',224,128,127,1),(1115,'BI_DIRECTIONAL',261,170,169,1),(1116,'BI_DIRECTIONAL',297,212,211,1),(1117,'BI_DIRECTIONAL',633,560,559,1),(1118,'BI_DIRECTIONAL',623,548,547,1),(1119,'BI_DIRECTIONAL',611,536,535,1),(1120,'BI_DIRECTIONAL',599,524,523,1),(1121,'BI_DIRECTIONAL',588,512,511,1),(1122,'BI_DIRECTIONAL',577,500,499,1),(1123,'BI_DIRECTIONAL',333,254,253,1),(1124,'BI_DIRECTIONAL',415,338,337,1),(1125,'BI_DIRECTIONAL',425,350,349,1),(1126,'BI_DIRECTIONAL',436,362,361,1),(1127,'BI_DIRECTIONAL',446,374,373,1),(1128,'BI_DIRECTIONAL',458,386,385,1),(1129,'BI_DIRECTIONAL',474,402,401,1),(1130,'BI_DIRECTIONAL',485,414,413,1),(1131,'BI_DIRECTIONAL',496,426,425,1),(1132,'BI_DIRECTIONAL',506,438,437,1),(1133,'BI_DIRECTIONAL',523,450,449,1),(1134,'BI_DIRECTIONAL',538,462,461,1),(1135,'BI_DIRECTIONAL',550,474,473,1),(1136,'BI_DIRECTIONAL',561,486,485,1),(1137,'BI_DIRECTIONAL',4,6,5,1),(1138,'BI_DIRECTIONAL',224,124,123,1),(1139,'BI_DIRECTIONAL',261,166,165,1),(1140,'BI_DIRECTIONAL',297,208,207,1),(1141,'BI_DIRECTIONAL',333,250,249,1),(1142,'BI_DIRECTIONAL',4,4,3,1),(1143,'BI_DIRECTIONAL',224,122,121,1),(1144,'BI_DIRECTIONAL',261,164,163,1),(1145,'BI_DIRECTIONAL',297,206,205,1),(1146,'BI_DIRECTIONAL',333,248,247,1),(1147,'BI_DIRECTIONAL',690,604,603,1),(1148,'BI_DIRECTIONAL',379,310,309,1),(1149,'BI_DIRECTIONAL',379,336,335,1),(1150,'BI_DIRECTIONAL',379,334,333,1),(1151,'BI_DIRECTIONAL',379,332,331,1),(1152,'BI_DIRECTIONAL',379,330,329,1),(1153,'BI_DIRECTIONAL',379,328,327,1),(1154,'BI_DIRECTIONAL',379,326,325,1),(1155,'BI_DIRECTIONAL',379,316,315,1),(1156,'BI_DIRECTIONAL',379,324,323,1),(1157,'BI_DIRECTIONAL',379,322,321,1),(1158,'BI_DIRECTIONAL',379,320,319,1),(1159,'BI_DIRECTIONAL',379,318,317,1),(1160,'BI_DIRECTIONAL',379,314,313,1),(1161,'BI_DIRECTIONAL',379,308,307,1),(1162,'BI_DIRECTIONAL',379,306,305,1),(1163,'BI_DIRECTIONAL',379,304,303,1),(1164,'BI_DIRECTIONAL',379,302,301,1),(1165,'BI_DIRECTIONAL',379,300,299,1),(1166,'BI_DIRECTIONAL',379,298,297,1),(1167,'BI_DIRECTIONAL',679,590,589,1),(1168,'BI_DIRECTIONAL',690,606,605,1),(1169,'BI_DIRECTIONAL',645,578,577,1),(1170,'BI_DIRECTIONAL',658,582,581,1),(1171,'BI_DIRECTIONAL',679,586,585,1),(1172,'BI_DIRECTIONAL',690,600,599,1),(1173,'BI_DIRECTIONAL',645,574,573,1),(1174,'BI_DIRECTIONAL',379,294,293,1),(1175,'BI_DIRECTIONAL',926,830,829,1),(1176,'BI_DIRECTIONAL',690,596,595,1),(1177,'BI_DIRECTIONAL',703,612,611,1),(1178,'BI_DIRECTIONAL',703,610,609,1),(1179,'BI_DIRECTIONAL',4,2,1,1),(1180,'BI_DIRECTIONAL',224,120,119,1),(1181,'BI_DIRECTIONAL',261,162,161,1),(1182,'BI_DIRECTIONAL',297,204,203,1),(1183,'BI_DIRECTIONAL',333,246,245,1),(1184,'BI_DIRECTIONAL',740,656,655,1),(1185,'BI_DIRECTIONAL',981,894,893,1),(1186,'BI_DIRECTIONAL',886,808,807,1),(1187,'BI_DIRECTIONAL',868,786,785,1),(1188,'BI_DIRECTIONAL',729,630,629,1),(1189,'BI_DIRECTIONAL',770,678,677,1),(1190,'BI_DIRECTIONAL',781,692,691,1),(1191,'BI_DIRECTIONAL',794,706,705,1),(1192,'BI_DIRECTIONAL',812,726,725,1),(1193,'BI_DIRECTIONAL',857,762,761,1),(1194,'BI_DIRECTIONAL',868,776,775,1),(1195,'BI_DIRECTIONAL',868,780,779,1),(1196,'BI_DIRECTIONAL',868,784,783,1),(1197,'BI_DIRECTIONAL',868,782,781,1),(1198,'BI_DIRECTIONAL',944,846,845,1),(1199,'BI_DIRECTIONAL',830,742,741,1),(1200,'BI_DIRECTIONAL',868,778,777,1),(1201,'BI_DIRECTIONAL',911,826,825,1),(1202,'BI_DIRECTIONAL',975,880,879,1),(1203,'BI_DIRECTIONAL',915,828,827,1);

/*Table structure for table `dyextn_attribute` */

DROP TABLE IF EXISTS `dyextn_attribute`;

CREATE TABLE `dyextn_attribute` (
  `IDENTIFIER` bigint(20) NOT NULL default '0',
  `ENTIY_ID` bigint(20) default NULL,
  PRIMARY KEY  (`IDENTIFIER`),
  KEY `FK37F1E2FFB15CD09F` (`ENTIY_ID`),
  KEY `FK37F1E2FFBC7298A9` (`IDENTIFIER`),
  CONSTRAINT `FK37F1E2FFBC7298A9` FOREIGN KEY (`IDENTIFIER`) REFERENCES `dyextn_abstract_metadata` (`IDENTIFIER`),
  CONSTRAINT `FK37F1E2FFB15CD09F` FOREIGN KEY (`ENTIY_ID`) REFERENCES `dyextn_entity` (`IDENTIFIER`)
) ENGINE=InnoDB DEFAULT CHARSET=latin1;

/*Data for the table `dyextn_attribute` */

insert into `dyextn_attribute` (`IDENTIFIER`,`ENTIY_ID`) values (3,2),(5,4),(6,4),(7,4),(8,4),(9,4),(10,4),(11,4),(12,4),(13,4),(14,4),(15,4),(16,4),(17,4),(18,4),(19,4),(20,4),(21,4),(22,4),(23,4),(24,4),(25,4),(26,4),(27,4),(28,4),(29,4),(30,4),(31,4),(32,4),(33,4),(34,4),(35,4),(36,4),(37,4),(38,4),(39,4),(41,40),(42,40),(43,40),(44,40),(45,40),(46,40),(47,40),(48,40),(49,40),(50,40),(51,40),(52,40),(54,53),(55,53),(56,53),(57,53),(58,53),(59,53),(60,53),(61,53),(62,53),(63,53),(64,53),(65,53),(66,53),(67,53),(68,53),(69,53),(71,70),(72,70),(73,70),(74,70),(75,70),(76,70),(77,70),(78,70),(79,70),(80,70),(81,70),(82,70),(83,70),(84,70),(85,70),(86,70),(87,70),(88,70),(90,89),(91,89),(92,89),(93,89),(94,89),(95,89),(96,89),(98,97),(99,97),(100,97),(101,97),(102,97),(103,97),(104,97),(105,97),(106,97),(107,97),(108,97),(109,97),(110,97),(111,97),(113,112),(114,112),(115,112),(117,116),(118,116),(119,116),(120,116),(121,116),(122,116),(123,116),(124,116),(126,125),(127,125),(129,128),(130,128),(132,131),(133,131),(135,134),(136,134),(137,134),(138,134),(139,134),(140,134),(141,134),(143,142),(144,142),(145,142),(147,146),(148,146),(149,146),(150,146),(151,146),(152,146),(153,146),(154,146),(155,146),(156,146),(158,157),(159,157),(160,157),(161,157),(162,157),(163,157),(164,157),(165,157),(167,166),(168,166),(169,166),(170,166),(171,166),(172,166),(173,166),(174,166),(175,166),(176,166),(178,177),(179,177),(180,177),(181,177),(182,177),(183,177),(184,177),(185,177),(186,177),(187,177),(188,177),(189,177),(190,177),(191,177),(193,192),(194,192),(195,192),(196,192),(197,192),(198,192),(199,192),(200,192),(201,192),(202,192),(204,203),(205,203),(207,206),(209,208),(210,208),(212,211),(213,211),(215,214),(216,214),(218,217),(219,217),(221,220),(222,220),(223,220),(225,224),(226,224),(227,224),(228,224),(229,224),(230,224),(231,224),(232,224),(233,224),(234,224),(235,224),(236,224),(237,224),(238,224),(239,224),(240,224),(241,224),(242,224),(243,224),(244,224),(245,224),(246,224),(247,224),(248,224),(249,224),(250,224),(251,224),(252,224),(253,224),(254,224),(255,224),(256,224),(257,224),(258,224),(259,224),(260,224),(262,261),(263,261),(264,261),(265,261),(266,261),(267,261),(268,261),(269,261),(270,261),(271,261),(272,261),(273,261),(274,261),(275,261),(276,261),(277,261),(278,261),(279,261),(280,261),(281,261),(282,261),(283,261),(284,261),(285,261),(286,261),(287,261),(288,261),(289,261),(290,261),(291,261),(292,261),(293,261),(294,261),(295,261),(296,261),(298,297),(299,297),(300,297),(301,297),(302,297),(303,297),(304,297),(305,297),(306,297),(307,297),(308,297),(309,297),(310,297),(311,297),(312,297),(313,297),(314,297),(315,297),(316,297),(317,297),(318,297),(319,297),(320,297),(321,297),(322,297),(323,297),(324,297),(325,297),(326,297),(327,297),(328,297),(329,297),(330,297),(331,297),(332,297),(334,333),(335,333),(336,333),(337,333),(338,333),(339,333),(340,333),(341,333),(342,333),(343,333),(344,333),(345,333),(346,333),(347,333),(348,333),(349,333),(350,333),(351,333),(352,333),(353,333),(354,333),(355,333),(356,333),(357,333),(358,333),(359,333),(360,333),(361,333),(362,333),(363,333),(364,333),(365,333),(366,333),(367,333),(368,333),(370,369),(371,369),(372,369),(374,373),(375,373),(376,373),(377,373),(378,373),(380,379),(381,379),(382,379),(383,379),(384,379),(385,379),(386,379),(387,379),(388,379),(389,379),(390,379),(391,379),(392,379),(393,379),(394,379),(395,379),(396,379),(397,379),(398,379),(399,379),(400,379),(401,379),(402,379),(403,379),(404,379),(405,379),(406,379),(407,379),(408,379),(409,379),(410,379),(412,411),(413,411),(414,411),(416,415),(417,415),(418,415),(419,415),(420,415),(421,415),(422,415),(423,415),(424,415),(426,425),(427,425),(428,425),(429,425),(430,425),(431,425),(432,425),(433,425),(434,425),(435,425),(437,436),(438,436),(439,436),(440,436),(441,436),(442,436),(443,436),(444,436),(445,436),(447,446),(448,446),(449,446),(450,446),(451,446),(452,446),(453,446),(454,446),(455,446),(456,446),(457,446),(459,458),(460,458),(461,458),(462,458),(463,458),(464,458),(465,458),(466,458),(467,458),(468,458),(469,458),(470,458),(471,458),(472,458),(473,458),(475,474),(476,474),(477,474),(478,474),(479,474),(480,474),(481,474),(482,474),(483,474),(484,474),(486,485),(487,485),(488,485),(489,485),(490,485),(491,485),(492,485),(493,485),(494,485),(495,485),(497,496),(498,496),(499,496),(500,496),(501,496),(502,496),(503,496),(504,496),(505,496),(507,506),(508,506),(509,506),(510,506),(511,506),(512,506),(513,506),(514,506),(515,506),(516,506),(517,506),(518,506),(519,506),(520,506),(521,506),(522,506),(524,523),(525,523),(526,523),(527,523),(528,523),(529,523),(530,523),(531,523),(532,523),(533,523),(534,523),(535,523),(536,523),(537,523),(539,538),(540,538),(541,538),(542,538),(543,538),(544,538),(545,538),(546,538),(547,538),(548,538),(549,538),(551,550),(552,550),(553,550),(554,550),(555,550),(556,550),(557,550),(558,550),(559,550),(560,550),(562,561),(563,561),(564,561),(565,561),(566,561),(567,561),(568,561),(569,561),(570,561),(571,561),(573,572),(574,572),(575,572),(576,572),(578,577),(579,577),(580,577),(581,577),(582,577),(583,577),(584,577),(585,577),(586,577),(587,577),(589,588),(590,588),(591,588),(592,588),(593,588),(594,588),(595,588),(596,588),(597,588),(598,588),(600,599),(601,599),(602,599),(603,599),(604,599),(605,599),(606,599),(607,599),(608,599),(609,599),(610,599),(612,611),(613,611),(614,611),(615,611),(616,611),(617,611),(618,611),(619,611),(620,611),(621,611),(622,611),(624,623),(625,623),(626,623),(627,623),(628,623),(629,623),(630,623),(631,623),(632,623),(634,633),(635,633),(636,633),(637,633),(638,633),(639,633),(640,633),(641,633),(642,633),(643,633),(644,633),(646,645),(647,645),(648,645),(649,645),(650,645),(651,645),(652,645),(653,645),(654,645),(656,655),(657,655),(659,658),(660,658),(661,658),(663,662),(664,662),(665,662),(666,662),(667,662),(669,668),(670,668),(672,671),(673,671),(674,671),(675,671),(677,676),(678,676),(680,679),(681,679),(682,679),(683,679),(684,679),(685,679),(686,679),(687,679),(688,679),(689,679),(691,690),(692,690),(693,690),(694,690),(695,690),(696,690),(697,690),(698,690),(699,690),(700,690),(701,690),(702,690),(704,703),(705,703),(706,703),(707,703),(708,703),(709,703),(710,703),(712,711),(713,711),(715,714),(716,714),(717,714),(718,714),(720,719),(721,719),(723,722),(724,722),(725,722),(726,722),(727,722),(728,722),(730,729),(731,729),(732,729),(733,729),(734,729),(735,729),(736,729),(737,729),(738,729),(739,729),(741,740),(742,740),(743,740),(744,740),(745,740),(746,740),(747,740),(748,740),(749,740),(750,740),(751,740),(752,740),(753,740),(755,754),(756,754),(757,754),(758,754),(759,754),(760,754),(761,754),(763,762),(764,762),(765,762),(766,762),(767,762),(768,762),(769,762),(771,770),(772,770),(773,770),(774,770),(775,770),(776,770),(777,770),(778,770),(779,770),(780,770),(782,781),(783,781),(784,781),(785,781),(786,781),(787,781),(788,781),(789,781),(790,781),(791,781),(792,781),(793,781),(795,794),(796,794),(797,794),(798,794),(799,794),(800,794),(801,794),(802,794),(803,794),(804,794),(805,794),(806,794),(807,794),(808,794),(809,794),(810,794),(811,794),(813,812),(814,812),(815,812),(816,812),(817,812),(818,812),(819,812),(820,812),(821,812),(822,812),(823,812),(824,812),(825,812),(826,812),(827,812),(828,812),(829,812),(831,830),(832,830),(833,830),(834,830),(835,830),(836,830),(837,830),(838,830),(839,830),(841,840),(842,840),(843,840),(845,844),(846,844),(847,844),(848,844),(849,844),(850,844),(851,844),(852,844),(853,844),(854,844),(855,844),(856,844),(858,857),(859,857),(860,857),(861,857),(862,857),(863,857),(864,857),(865,857),(866,857),(867,857),(869,868),(870,868),(871,868),(872,868),(873,868),(874,868),(875,868),(876,868),(877,868),(878,868),(879,868),(880,868),(881,868),(882,868),(883,868),(884,868),(885,868),(887,886),(888,886),(889,886),(890,886),(891,886),(892,886),(893,886),(894,886),(895,886),(896,886),(897,886),(898,886),(899,886),(900,886),(901,886),(903,902),(904,902),(905,902),(906,902),(907,902),(908,902),(909,902),(910,902),(912,911),(913,911),(914,911),(916,915),(917,915),(918,915),(919,915),(920,915),(922,921),(923,921),(924,921),(925,921),(927,926),(928,926),(929,926),(930,926),(931,926),(933,932),(934,932),(935,932),(936,932),(937,932),(938,932),(939,932),(940,932),(941,932),(942,932),(943,932),(945,944),(946,944),(947,944),(948,944),(950,949),(951,949),(952,949),(953,949),(954,949),(955,949),(956,949),(957,949),(958,949),(959,949),(960,949),(961,949),(962,949),(963,949),(964,949),(966,965),(967,965),(968,965),(969,965),(970,965),(971,965),(972,965),(973,965),(974,965),(976,975),(977,975),(978,975),(979,975),(980,975),(982,981),(983,981),(984,981),(985,981),(986,981),(987,981),(988,981),(989,981),(990,981),(991,981),(992,981),(993,4),(994,4),(995,4),(996,4),(997,4),(998,4),(999,4),(1000,4),(1001,4),(1002,4),(1003,4),(1004,4),(1005,4),(1006,4),(1007,4),(1008,4),(1009,4),(1010,4),(1011,4),(1012,4),(1013,4),(1014,4),(1015,4),(1016,4),(1017,4),(1018,4),(1019,40),(1020,40),(1021,40),(1022,53),(1023,53),(1024,53),(1025,53),(1026,70),(1027,70),(1028,70),(1029,97),(1030,177),(1031,192),(1032,192),(1033,224),(1034,224),(1035,224),(1036,224),(1037,224),(1038,224),(1039,224),(1040,224),(1041,224),(1042,224),(1043,224),(1044,224),(1045,224),(1046,224),(1047,224),(1048,224),(1049,224),(1050,224),(1051,224),(1052,224),(1053,224),(1054,224),(1055,224),(1056,224),(1057,224),(1058,224),(1059,261),(1060,261),(1061,261),(1062,261),(1063,261),(1064,261),(1065,261),(1066,261),(1067,261),(1068,261),(1069,261),(1070,261),(1071,261),(1072,261),(1073,261),(1074,261),(1075,261),(1076,261),(1077,261),(1078,261),(1079,261),(1080,261),(1081,261),(1082,261),(1083,261),(1084,261),(1085,297),(1086,297),(1087,297),(1088,297),(1089,297),(1090,297),(1091,297),(1092,297),(1093,297),(1094,297),(1095,297),(1096,297),(1097,297),(1098,297),(1099,297),(1100,297),(1101,297),(1102,297),(1103,297),(1104,297),(1105,297),(1106,297),(1107,297),(1108,297),(1109,297),(1110,297),(1111,333),(1112,333),(1113,333),(1114,333),(1115,333),(1116,333),(1117,333),(1118,333),(1119,333),(1120,333),(1121,333),(1122,333),(1123,333),(1124,333),(1125,333),(1126,333),(1127,333),(1128,333),(1129,333),(1130,333),(1131,333),(1132,333),(1133,333),(1134,333),(1135,333),(1136,333),(1137,373),(1138,373),(1139,373),(1140,373),(1141,373),(1142,379),(1143,379),(1144,379),(1145,379),(1146,379),(1147,379),(1148,415),(1149,425),(1150,436),(1151,446),(1152,458),(1153,474),(1154,485),(1155,496),(1156,506),(1157,523),(1158,538),(1159,550),(1160,561),(1161,577),(1162,588),(1163,599),(1164,611),(1165,623),(1166,633),(1167,658),(1168,658),(1169,658),(1170,662),(1171,671),(1172,671),(1173,671),(1174,679),(1175,690),(1176,703),(1177,711),(1178,714),(1179,722),(1180,722),(1181,722),(1182,722),(1183,722),(1184,754),(1185,762),(1186,762),(1187,762),(1188,762),(1189,762),(1190,762),(1191,762),(1192,762),(1193,762),(1194,770),(1195,781),(1196,794),(1197,812),(1198,844),(1199,844),(1200,886),(1201,915),(1202,921),(1203,921),(1204,4),(1205,4),(1206,224),(1207,224),(1208,261),(1209,261),(1210,297),(1211,297),(1212,333),(1213,333);

/*Table structure for table `dyextn_attribute_record` */

DROP TABLE IF EXISTS `dyextn_attribute_record`;

CREATE TABLE `dyextn_attribute_record` (
  `IDENTIFIER` bigint(20) NOT NULL auto_increment,
  `ENTITY_ID` bigint(20) default NULL,
  `ATTRIBUTE_ID` bigint(20) default NULL,
  `RECORD_ID` bigint(20) default NULL,
  PRIMARY KEY  (`IDENTIFIER`),
  KEY `FK9B20ED9179F466F7` (`ENTITY_ID`),
  KEY `FK9B20ED914D87D1BE` (`ATTRIBUTE_ID`),
  CONSTRAINT `FK9B20ED914D87D1BE` FOREIGN KEY (`ATTRIBUTE_ID`) REFERENCES `dyextn_primitive_attribute` (`IDENTIFIER`),
  CONSTRAINT `FK9B20ED9179F466F7` FOREIGN KEY (`ENTITY_ID`) REFERENCES `dyextn_entity` (`IDENTIFIER`)
) ENGINE=InnoDB DEFAULT CHARSET=latin1;

/*Data for the table `dyextn_attribute_record` */

/*Table structure for table `dyextn_attribute_type_info` */

DROP TABLE IF EXISTS `dyextn_attribute_type_info`;

CREATE TABLE `dyextn_attribute_type_info` (
  `IDENTIFIER` bigint(20) NOT NULL auto_increment,
  `PRIMITIVE_ATTRIBUTE_ID` bigint(20) default NULL,
  PRIMARY KEY  (`IDENTIFIER`),
  KEY `FK62596D53B4C15A36` (`PRIMITIVE_ATTRIBUTE_ID`),
  CONSTRAINT `FK62596D53B4C15A36` FOREIGN KEY (`PRIMITIVE_ATTRIBUTE_ID`) REFERENCES `dyextn_primitive_attribute` (`IDENTIFIER`)
) ENGINE=InnoDB DEFAULT CHARSET=latin1;

/*Data for the table `dyextn_attribute_type_info` */

insert into `dyextn_attribute_type_info` (`IDENTIFIER`,`PRIMITIVE_ATTRIBUTE_ID`) values (1,3),(2,15),(3,16),(4,17),(5,18),(6,19),(7,20),(8,21),(9,22),(10,23),(11,24),(12,25),(13,26),(14,27),(15,28),(16,45),(17,46),(18,47),(19,48),(20,49),(21,50),(22,51),(23,52),(24,57),(25,58),(26,59),(27,60),(28,61),(29,62),(30,63),(31,64),(32,65),(33,76),(34,77),(35,78),(36,79),(37,80),(38,81),(39,82),(40,83),(41,84),(42,92),(43,93),(44,94),(45,95),(46,96),(47,99),(48,100),(49,101),(50,102),(51,103),(52,104),(53,105),(54,106),(55,107),(56,113),(57,114),(58,115),(59,117),(60,118),(61,119),(62,120),(63,121),(64,122),(65,123),(66,124),(67,126),(68,127),(69,129),(70,130),(71,132),(72,133),(73,136),(74,137),(75,138),(76,139),(77,140),(78,141),(79,143),(80,144),(81,145),(82,150),(83,151),(84,152),(85,153),(86,154),(87,155),(88,156),(89,159),(90,160),(91,161),(92,162),(93,163),(94,164),(95,165),(96,168),(97,169),(98,170),(99,171),(100,172),(101,173),(102,174),(103,175),(104,176),(105,179),(106,180),(107,181),(108,182),(109,183),(110,184),(111,185),(112,186),(113,187),(114,188),(115,194),(116,195),(117,196),(118,197),(119,198),(120,199),(121,200),(122,201),(123,202),(124,204),(125,205),(126,207),(127,209),(128,210),(129,212),(130,213),(131,215),(132,216),(133,218),(134,219),(135,221),(136,222),(137,223),(138,236),(139,237),(140,238),(141,239),(142,240),(143,241),(144,242),(145,243),(146,244),(147,245),(148,246),(149,247),(150,248),(151,249),(152,250),(153,272),(154,273),(155,274),(156,275),(157,276),(158,277),(159,278),(160,279),(161,280),(162,281),(163,282),(164,283),(165,284),(166,285),(167,308),(168,309),(169,310),(170,311),(171,312),(172,313),(173,314),(174,315),(175,316),(176,317),(177,318),(178,319),(179,320),(180,321),(181,344),(182,345),(183,346),(184,347),(185,348),(186,349),(187,350),(188,351),(189,352),(190,353),(191,354),(192,355),(193,356),(194,357),(195,371),(196,372),(197,375),(198,376),(199,377),(200,378),(201,391),(202,392),(203,393),(204,394),(205,395),(206,396),(207,397),(208,398),(209,412),(210,413),(211,414),(212,422),(213,423),(214,424),(215,432),(216,433),(217,434),(218,435),(219,443),(220,444),(221,445),(222,453),(223,454),(224,455),(225,456),(226,457),(227,461),(228,462),(229,463),(230,464),(231,465),(232,466),(233,467),(234,481),(235,482),(236,483),(237,484),(238,492),(239,493),(240,494),(241,495),(242,503),(243,504),(244,505),(245,510),(246,511),(247,512),(248,513),(249,514),(250,515),(251,516),(252,517),(253,518),(254,519),(255,525),(256,526),(257,527),(258,528),(259,529),(260,530),(261,531),(262,532),(263,545),(264,546),(265,547),(266,548),(267,549),(268,557),(269,558),(270,559),(271,560),(272,568),(273,569),(274,570),(275,571),(276,574),(277,575),(278,576),(279,584),(280,585),(281,586),(282,587),(283,595),(284,596),(285,597),(286,598),(287,606),(288,607),(289,608),(290,609),(291,610),(292,618),(293,619),(294,620),(295,621),(296,622),(297,630),(298,631),(299,632),(300,640),(301,641),(302,642),(303,643),(304,644),(305,651),(306,652),(307,653),(308,654),(309,656),(310,657),(311,660),(312,661),(313,663),(314,664),(315,665),(316,666),(317,667),(318,669),(319,670),(320,672),(321,673),(322,674),(323,675),(324,677),(325,678),(326,686),(327,687),(328,688),(329,689),(330,698),(331,699),(332,700),(333,701),(334,702),(335,706),(336,707),(337,708),(338,709),(339,710),(340,712),(341,713),(342,716),(343,717),(344,718),(345,720),(346,721),(347,725),(348,726),(349,727),(350,728),(351,737),(352,738),(353,739),(354,741),(355,758),(356,759),(357,760),(358,761),(359,765),(360,766),(361,767),(362,768),(363,769),(364,778),(365,779),(366,780),(367,789),(368,790),(369,791),(370,792),(371,793),(372,799),(373,800),(374,801),(375,802),(376,803),(377,804),(378,805),(379,817),(380,818),(381,819),(382,820),(383,821),(384,836),(385,837),(386,838),(387,839),(388,842),(389,843),(390,845),(391,846),(392,847),(393,848),(394,849),(395,850),(396,851),(397,852),(398,853),(399,854),(400,855),(401,856),(402,865),(403,866),(404,867),(405,873),(406,874),(407,875),(408,876),(409,889),(410,890),(411,891),(412,908),(413,909),(414,910),(415,913),(416,914),(417,917),(418,918),(419,919),(420,920),(421,922),(422,923),(423,924),(424,925),(425,928),(426,929),(427,930),(428,931),(429,939),(430,940),(431,941),(432,942),(433,943),(434,947),(435,948),(436,952),(437,953),(438,954),(439,955),(440,971),(441,972),(442,973),(443,974),(444,977),(445,978),(446,979),(447,980),(448,990),(449,991),(450,992),(451,1204),(452,1205),(453,1206),(454,1207),(455,1208),(456,1209),(457,1210),(458,1211),(459,1212),(460,1213);

/*Table structure for table `dyextn_barr_concept_value` */

DROP TABLE IF EXISTS `dyextn_barr_concept_value`;

CREATE TABLE `dyextn_barr_concept_value` (
  `IDENTIFIER` bigint(20) NOT NULL default '0',
  PRIMARY KEY  (`IDENTIFIER`),
  KEY `FK89D27DF7BC7298A9` (`IDENTIFIER`),
  CONSTRAINT `FK89D27DF7BC7298A9` FOREIGN KEY (`IDENTIFIER`) REFERENCES `dyextn_permissible_value` (`IDENTIFIER`)
) ENGINE=InnoDB DEFAULT CHARSET=latin1;

/*Data for the table `dyextn_barr_concept_value` */

/*Table structure for table `dyextn_boolean_concept_value` */

DROP TABLE IF EXISTS `dyextn_boolean_concept_value`;

CREATE TABLE `dyextn_boolean_concept_value` (
  `IDENTIFIER` bigint(20) NOT NULL default '0',
  `VALUE` tinyint(1) default NULL,
  PRIMARY KEY  (`IDENTIFIER`),
  KEY `FK57B6C4A6BC7298A9` (`IDENTIFIER`),
  CONSTRAINT `FK57B6C4A6BC7298A9` FOREIGN KEY (`IDENTIFIER`) REFERENCES `dyextn_permissible_value` (`IDENTIFIER`)
) ENGINE=InnoDB DEFAULT CHARSET=latin1;

/*Data for the table `dyextn_boolean_concept_value` */

/*Table structure for table `dyextn_boolean_type_info` */

DROP TABLE IF EXISTS `dyextn_boolean_type_info`;

CREATE TABLE `dyextn_boolean_type_info` (
  `IDENTIFIER` bigint(20) NOT NULL default '0',
  PRIMARY KEY  (`IDENTIFIER`),
  KEY `FK28F1809FBC7298A9` (`IDENTIFIER`),
  CONSTRAINT `FK28F1809FBC7298A9` FOREIGN KEY (`IDENTIFIER`) REFERENCES `dyextn_attribute_type_info` (`IDENTIFIER`)
) ENGINE=InnoDB DEFAULT CHARSET=latin1;

/*Data for the table `dyextn_boolean_type_info` */

insert into `dyextn_boolean_type_info` (`IDENTIFIER`) values (6),(7),(17),(27),(31),(39),(111),(142),(143),(157),(158),(171),(172),(185),(186),(306),(327),(331),(332),(335),(336),(427);

/*Table structure for table `dyextn_byte_array_type_info` */

DROP TABLE IF EXISTS `dyextn_byte_array_type_info`;

CREATE TABLE `dyextn_byte_array_type_info` (
  `IDENTIFIER` bigint(20) NOT NULL default '0',
  `CONTENT_TYPE` varchar(255) default NULL,
  PRIMARY KEY  (`IDENTIFIER`),
  KEY `FK18BDA73BC7298A9` (`IDENTIFIER`),
  CONSTRAINT `FK18BDA73BC7298A9` FOREIGN KEY (`IDENTIFIER`) REFERENCES `dyextn_attribute_type_info` (`IDENTIFIER`)
) ENGINE=InnoDB DEFAULT CHARSET=latin1;

/*Data for the table `dyextn_byte_array_type_info` */

/*Table structure for table `dyextn_cadsr_value_domain_info` */

DROP TABLE IF EXISTS `dyextn_cadsr_value_domain_info`;

CREATE TABLE `dyextn_cadsr_value_domain_info` (
  `IDENTIFIER` bigint(20) NOT NULL auto_increment,
  `DATATYPE` varchar(255) default NULL,
  `NAME` varchar(255) default NULL,
  `TYPE` varchar(255) default NULL,
  `PRIMITIVE_ATTRIBUTE_ID` bigint(20) default NULL,
  PRIMARY KEY  (`IDENTIFIER`),
  KEY `FK1C9AA364B4C15A36` (`PRIMITIVE_ATTRIBUTE_ID`),
  CONSTRAINT `FK1C9AA364B4C15A36` FOREIGN KEY (`PRIMITIVE_ATTRIBUTE_ID`) REFERENCES `dyextn_primitive_attribute` (`IDENTIFIER`)
) ENGINE=InnoDB DEFAULT CHARSET=latin1;

/*Data for the table `dyextn_cadsr_value_domain_info` */

insert into `dyextn_cadsr_value_domain_info` (`IDENTIFIER`,`DATATYPE`,`NAME`,`TYPE`,`PRIMITIVE_ATTRIBUTE_ID`) values (1,'java.lang.Long','java.lang.Long','NON_ENUMERATED',3),(2,'java.lang.Long','java.lang.Long','NON_ENUMERATED',15),(3,'java.lang.Integer','java.lang.Integer','NON_ENUMERATED',16),(4,'java.lang.String','java.lang.String','NON_ENUMERATED',17),(5,'java.lang.String','java.lang.String','NON_ENUMERATED',18),(6,'java.lang.Boolean','java.lang.Boolean','NON_ENUMERATED',19),(7,'java.lang.Boolean','java.lang.Boolean','NON_ENUMERATED',20),(8,'java.lang.String','java.lang.String','NON_ENUMERATED',21),(9,'java.util.Date','java.util.Date','NON_ENUMERATED',22),(10,'java.lang.String','java.lang.String','ENUMERATED',23),(11,'java.lang.String','java.lang.String','NON_ENUMERATED',24),(12,'java.lang.String','java.lang.String','NON_ENUMERATED',25),(13,'java.lang.String','java.lang.String','NON_ENUMERATED',26),(14,'java.lang.String','java.lang.String','NON_ENUMERATED',27),(15,'java.lang.Integer','java.lang.Integer','NON_ENUMERATED',28),(16,'java.lang.String','java.lang.String','NON_ENUMERATED',45),(17,'java.lang.Boolean','java.lang.Boolean','NON_ENUMERATED',46),(18,'java.lang.String','java.lang.String','NON_ENUMERATED',47),(19,'java.lang.Integer','java.lang.Integer','NON_ENUMERATED',48),(20,'java.lang.Integer','java.lang.Integer','NON_ENUMERATED',49),(21,'java.lang.String','java.lang.String','NON_ENUMERATED',50),(22,'java.lang.String','java.lang.String','NON_ENUMERATED',51),(23,'java.lang.Long','java.lang.Long','NON_ENUMERATED',52),(24,'java.lang.Long','java.lang.Long','NON_ENUMERATED',57),(25,'java.lang.String','java.lang.String','NON_ENUMERATED',58),(26,'java.lang.String','java.lang.String','NON_ENUMERATED',59),(27,'java.lang.Boolean','java.lang.Boolean','NON_ENUMERATED',60),(28,'java.lang.Integer','java.lang.Integer','NON_ENUMERATED',61),(29,'java.lang.Integer','java.lang.Integer','NON_ENUMERATED',62),(30,'java.lang.String','java.lang.String','NON_ENUMERATED',63),(31,'java.lang.Boolean','java.lang.Boolean','NON_ENUMERATED',64),(32,'java.lang.String','java.lang.String','NON_ENUMERATED',65),(33,'java.lang.Long','java.lang.Long','NON_ENUMERATED',76),(34,'java.lang.String','java.lang.String','NON_ENUMERATED',77),(35,'java.lang.String','java.lang.String','NON_ENUMERATED',78),(36,'java.lang.Integer','java.lang.Integer','NON_ENUMERATED',79),(37,'java.lang.Integer','java.lang.Integer','NON_ENUMERATED',80),(38,'java.lang.String','java.lang.String','NON_ENUMERATED',81),(39,'java.lang.Boolean','java.lang.Boolean','NON_ENUMERATED',82),(40,'java.lang.String','java.lang.String','NON_ENUMERATED',83),(41,'java.lang.Double','java.lang.Double','NON_ENUMERATED',84),(42,'java.lang.String','java.lang.String','NON_ENUMERATED',92),(43,'java.lang.String','java.lang.String','NON_ENUMERATED',93),(44,'java.lang.Long','java.lang.Long','NON_ENUMERATED',94),(45,'java.lang.String','java.lang.String','NON_ENUMERATED',95),(46,'java.lang.String','java.lang.String','ENUMERATED',96),(47,'java.lang.String','java.lang.String','NON_ENUMERATED',99),(48,'java.lang.Long','java.lang.Long','NON_ENUMERATED',100),(49,'java.lang.Long','java.lang.Long','NON_ENUMERATED',101),(50,'java.util.Date','java.util.Date','NON_ENUMERATED',102),(51,'java.lang.String','java.lang.String','NON_ENUMERATED',103),(52,'java.lang.String','java.lang.String','NON_ENUMERATED',104),(53,'java.lang.String','java.lang.String','NON_ENUMERATED',105),(54,'java.lang.String','java.lang.String','NON_ENUMERATED',106),(55,'java.lang.String','java.lang.String','NON_ENUMERATED',107),(56,'java.lang.String','java.lang.String','NON_ENUMERATED',113),(57,'java.util.Date','java.util.Date','NON_ENUMERATED',114),(58,'java.lang.Long','java.lang.Long','NON_ENUMERATED',115),(59,'java.lang.String','java.lang.String','NON_ENUMERATED',117),(60,'java.lang.String','java.lang.String','NON_ENUMERATED',118),(61,'java.lang.String','java.lang.String','ENUMERATED',119),(62,'java.lang.String','java.lang.String','NON_ENUMERATED',120),(63,'java.lang.String','java.lang.String','NON_ENUMERATED',121),(64,'java.lang.String','java.lang.String','ENUMERATED',122),(65,'java.lang.String','java.lang.String','NON_ENUMERATED',123),(66,'java.lang.Long','java.lang.Long','NON_ENUMERATED',124),(67,'java.lang.String','java.lang.String','NON_ENUMERATED',126),(68,'java.lang.Long','java.lang.Long','NON_ENUMERATED',127),(69,'java.lang.String','java.lang.String','NON_ENUMERATED',129),(70,'java.lang.Long','java.lang.Long','NON_ENUMERATED',130),(71,'java.lang.String','java.lang.String','NON_ENUMERATED',132),(72,'java.lang.Long','java.lang.Long','NON_ENUMERATED',133),(73,'java.lang.String','java.lang.String','NON_ENUMERATED',136),(74,'java.lang.String','java.lang.String','NON_ENUMERATED',137),(75,'java.lang.String','java.lang.String','NON_ENUMERATED',138),(76,'java.lang.String','java.lang.String','NON_ENUMERATED',139),(77,'java.lang.String','java.lang.String','NON_ENUMERATED',140),(78,'java.lang.Long','java.lang.Long','NON_ENUMERATED',141),(79,'java.lang.Integer','java.lang.Integer','NON_ENUMERATED',143),(80,'java.lang.Integer','java.lang.Integer','NON_ENUMERATED',144),(81,'java.lang.Long','java.lang.Long','NON_ENUMERATED',145),(82,'java.lang.String','java.lang.String','NON_ENUMERATED',150),(83,'java.lang.String','java.lang.String','NON_ENUMERATED',151),(84,'java.lang.String','java.lang.String','NON_ENUMERATED',152),(85,'java.lang.Double','java.lang.Double','NON_ENUMERATED',153),(86,'java.lang.String','java.lang.String','NON_ENUMERATED',154),(87,'java.lang.String','java.lang.String','NON_ENUMERATED',155),(88,'java.lang.Long','java.lang.Long','NON_ENUMERATED',156),(89,'java.lang.String','java.lang.String','NON_ENUMERATED',159),(90,'java.lang.String','java.lang.String','NON_ENUMERATED',160),(91,'java.lang.String','java.lang.String','NON_ENUMERATED',161),(92,'java.lang.String','java.lang.String','NON_ENUMERATED',162),(93,'java.lang.String','java.lang.String','NON_ENUMERATED',163),(94,'java.lang.String','java.lang.String','NON_ENUMERATED',164),(95,'java.lang.Long','java.lang.Long','NON_ENUMERATED',165),(96,'java.util.Date','java.util.Date','NON_ENUMERATED',168),(97,'java.lang.String','java.lang.String','NON_ENUMERATED',169),(98,'java.lang.String','java.lang.String','NON_ENUMERATED',170),(99,'java.lang.String','java.lang.String','NON_ENUMERATED',171),(100,'java.lang.Integer','java.lang.Integer','NON_ENUMERATED',172),(101,'java.lang.String','java.lang.String','NON_ENUMERATED',173),(102,'java.lang.String','java.lang.String','NON_ENUMERATED',174),(103,'java.util.Date','java.util.Date','NON_ENUMERATED',175),(104,'java.lang.Long','java.lang.Long','NON_ENUMERATED',176),(105,'java.lang.Long','java.lang.Long','NON_ENUMERATED',179),(106,'java.util.Date','java.util.Date','NON_ENUMERATED',180),(107,'java.lang.String','java.lang.String','NON_ENUMERATED',181),(108,'java.lang.String','java.lang.String','NON_ENUMERATED',182),(109,'java.lang.Integer','java.lang.Integer','NON_ENUMERATED',183),(110,'java.lang.String','java.lang.String','NON_ENUMERATED',184),(111,'java.lang.Boolean','java.lang.Boolean','NON_ENUMERATED',185),(112,'java.lang.String','java.lang.String','NON_ENUMERATED',186),(113,'java.lang.String','java.lang.String','NON_ENUMERATED',187),(114,'java.util.Date','java.util.Date','NON_ENUMERATED',188),(115,'java.util.Date','java.util.Date','NON_ENUMERATED',194),(116,'java.lang.String','java.lang.String','NON_ENUMERATED',195),(117,'java.lang.String','java.lang.String','NON_ENUMERATED',196),(118,'java.lang.String','java.lang.String','NON_ENUMERATED',197),(119,'java.lang.Integer','java.lang.Integer','NON_ENUMERATED',198),(120,'java.lang.String','java.lang.String','NON_ENUMERATED',199),(121,'java.lang.Long','java.lang.Long','NON_ENUMERATED',200),(122,'java.util.Date','java.util.Date','NON_ENUMERATED',201),(123,'java.lang.String','java.lang.String','NON_ENUMERATED',202),(124,'java.lang.String','java.lang.String','NON_ENUMERATED',204),(125,'java.lang.Long','java.lang.Long','NON_ENUMERATED',205),(126,'java.lang.Long','java.lang.Long','NON_ENUMERATED',207),(127,'java.lang.Double','java.lang.Double','NON_ENUMERATED',209),(128,'java.lang.Long','java.lang.Long','NON_ENUMERATED',210),(129,'java.lang.Double','java.lang.Double','NON_ENUMERATED',212),(130,'java.lang.Long','java.lang.Long','NON_ENUMERATED',213),(131,'java.lang.Double','java.lang.Double','NON_ENUMERATED',215),(132,'java.lang.Long','java.lang.Long','NON_ENUMERATED',216),(133,'java.lang.Integer','java.lang.Integer','NON_ENUMERATED',218),(134,'java.lang.Long','java.lang.Long','NON_ENUMERATED',219),(135,'java.lang.String','java.lang.String','ENUMERATED',221),(136,'java.lang.String','java.lang.String','ENUMERATED',222),(137,'java.lang.Long','java.lang.Long','NON_ENUMERATED',223),(138,'java.lang.Long','java.lang.Long','NON_ENUMERATED',236),(139,'java.lang.Integer','java.lang.Integer','NON_ENUMERATED',237),(140,'java.lang.String','java.lang.String','NON_ENUMERATED',238),(141,'java.lang.String','java.lang.String','NON_ENUMERATED',239),(142,'java.lang.Boolean','java.lang.Boolean','NON_ENUMERATED',240),(143,'java.lang.Boolean','java.lang.Boolean','NON_ENUMERATED',241),(144,'java.lang.String','java.lang.String','NON_ENUMERATED',242),(145,'java.util.Date','java.util.Date','NON_ENUMERATED',243),(146,'java.lang.String','java.lang.String','ENUMERATED',244),(147,'java.lang.String','java.lang.String','NON_ENUMERATED',245),(148,'java.lang.String','java.lang.String','NON_ENUMERATED',246),(149,'java.lang.String','java.lang.String','NON_ENUMERATED',247),(150,'java.lang.String','java.lang.String','NON_ENUMERATED',248),(151,'java.lang.Double','java.lang.Double','NON_ENUMERATED',249),(152,'java.lang.Integer','java.lang.Integer','NON_ENUMERATED',250),(153,'java.lang.Long','java.lang.Long','NON_ENUMERATED',272),(154,'java.lang.Integer','java.lang.Integer','NON_ENUMERATED',273),(155,'java.lang.String','java.lang.String','NON_ENUMERATED',274),(156,'java.lang.String','java.lang.String','NON_ENUMERATED',275),(157,'java.lang.Boolean','java.lang.Boolean','NON_ENUMERATED',276),(158,'java.lang.Boolean','java.lang.Boolean','NON_ENUMERATED',277),(159,'java.lang.String','java.lang.String','NON_ENUMERATED',278),(160,'java.util.Date','java.util.Date','NON_ENUMERATED',279),(161,'java.lang.String','java.lang.String','ENUMERATED',280),(162,'java.lang.String','java.lang.String','NON_ENUMERATED',281),(163,'java.lang.String','java.lang.String','NON_ENUMERATED',282),(164,'java.lang.String','java.lang.String','NON_ENUMERATED',283),(165,'java.lang.String','java.lang.String','NON_ENUMERATED',284),(166,'java.lang.Integer','java.lang.Integer','NON_ENUMERATED',285),(167,'java.lang.Long','java.lang.Long','NON_ENUMERATED',308),(168,'java.lang.Integer','java.lang.Integer','NON_ENUMERATED',309),(169,'java.lang.String','java.lang.String','NON_ENUMERATED',310),(170,'java.lang.String','java.lang.String','NON_ENUMERATED',311),(171,'java.lang.Boolean','java.lang.Boolean','NON_ENUMERATED',312),(172,'java.lang.Boolean','java.lang.Boolean','NON_ENUMERATED',313),(173,'java.lang.String','java.lang.String','NON_ENUMERATED',314),(174,'java.util.Date','java.util.Date','NON_ENUMERATED',315),(175,'java.lang.String','java.lang.String','ENUMERATED',316),(176,'java.lang.String','java.lang.String','NON_ENUMERATED',317),(177,'java.lang.String','java.lang.String','NON_ENUMERATED',318),(178,'java.lang.String','java.lang.String','NON_ENUMERATED',319),(179,'java.lang.String','java.lang.String','NON_ENUMERATED',320),(180,'java.lang.Integer','java.lang.Integer','NON_ENUMERATED',321),(181,'java.lang.Long','java.lang.Long','NON_ENUMERATED',344),(182,'java.lang.Integer','java.lang.Integer','NON_ENUMERATED',345),(183,'java.lang.String','java.lang.String','NON_ENUMERATED',346),(184,'java.lang.String','java.lang.String','NON_ENUMERATED',347),(185,'java.lang.Boolean','java.lang.Boolean','NON_ENUMERATED',348),(186,'java.lang.Boolean','java.lang.Boolean','NON_ENUMERATED',349),(187,'java.lang.String','java.lang.String','NON_ENUMERATED',350),(188,'java.util.Date','java.util.Date','NON_ENUMERATED',351),(189,'java.lang.String','java.lang.String','ENUMERATED',352),(190,'java.lang.String','java.lang.String','NON_ENUMERATED',353),(191,'java.lang.String','java.lang.String','NON_ENUMERATED',354),(192,'java.lang.String','java.lang.String','NON_ENUMERATED',355),(193,'java.lang.String','java.lang.String','NON_ENUMERATED',356),(194,'java.lang.Integer','java.lang.Integer','NON_ENUMERATED',357),(195,'java.lang.String','java.lang.String','NON_ENUMERATED',371),(196,'java.lang.Long','java.lang.Long','NON_ENUMERATED',372),(197,'java.lang.String','java.lang.String','NON_ENUMERATED',375),(198,'java.lang.String','java.lang.String','NON_ENUMERATED',376),(199,'java.lang.String','java.lang.String','NON_ENUMERATED',377),(200,'java.lang.Long','java.lang.Long','NON_ENUMERATED',378),(201,'java.lang.String','java.lang.String','ENUMERATED',391),(202,'java.lang.String','java.lang.String','NON_ENUMERATED',392),(203,'java.lang.String','java.lang.String','ENUMERATED',393),(204,'java.lang.String','java.lang.String','NON_ENUMERATED',394),(205,'java.lang.String','java.lang.String','NON_ENUMERATED',395),(206,'java.lang.String','java.lang.String','NON_ENUMERATED',396),(207,'java.lang.String','java.lang.String','NON_ENUMERATED',397),(208,'java.lang.Long','java.lang.Long','NON_ENUMERATED',398),(209,'java.util.Date','java.util.Date','NON_ENUMERATED',412),(210,'java.lang.String','java.lang.String','NON_ENUMERATED',413),(211,'java.lang.Long','java.lang.Long','NON_ENUMERATED',414),(212,'java.util.Date','java.util.Date','NON_ENUMERATED',422),(213,'java.lang.String','java.lang.String','NON_ENUMERATED',423),(214,'java.lang.Long','java.lang.Long','NON_ENUMERATED',424),(215,'java.util.Date','java.util.Date','NON_ENUMERATED',432),(216,'java.lang.String','java.lang.String','ENUMERATED',433),(217,'java.lang.String','java.lang.String','NON_ENUMERATED',434),(218,'java.lang.Long','java.lang.Long','NON_ENUMERATED',435),(219,'java.util.Date','java.util.Date','NON_ENUMERATED',443),(220,'java.lang.String','java.lang.String','NON_ENUMERATED',444),(221,'java.lang.Long','java.lang.Long','NON_ENUMERATED',445),(222,'java.util.Date','java.util.Date','NON_ENUMERATED',453),(223,'java.lang.String','java.lang.String','ENUMERATED',454),(224,'java.lang.Integer','java.lang.Integer','NON_ENUMERATED',455),(225,'java.lang.String','java.lang.String','NON_ENUMERATED',456),(226,'java.lang.Long','java.lang.Long','NON_ENUMERATED',457),(227,'java.lang.Long','java.lang.Long','NON_ENUMERATED',461),(228,'java.lang.Integer','java.lang.Integer','NON_ENUMERATED',462),(229,'java.lang.Integer','java.lang.Integer','NON_ENUMERATED',463),(230,'java.lang.Integer','java.lang.Integer','NON_ENUMERATED',464),(231,'java.lang.String','java.lang.String','NON_ENUMERATED',465),(232,'java.lang.Integer','java.lang.Integer','NON_ENUMERATED',466),(233,'java.util.Date','java.util.Date','NON_ENUMERATED',467),(234,'java.util.Date','java.util.Date','NON_ENUMERATED',481),(235,'java.lang.String','java.lang.String','ENUMERATED',482),(236,'java.lang.String','java.lang.String','NON_ENUMERATED',483),(237,'java.lang.Long','java.lang.Long','NON_ENUMERATED',484),(238,'java.util.Date','java.util.Date','NON_ENUMERATED',492),(239,'java.lang.String','java.lang.String','NON_ENUMERATED',493),(240,'java.lang.String','java.lang.String','NON_ENUMERATED',494),(241,'java.lang.Long','java.lang.Long','NON_ENUMERATED',495),(242,'java.util.Date','java.util.Date','NON_ENUMERATED',503),(243,'java.lang.String','java.lang.String','NON_ENUMERATED',504),(244,'java.lang.Long','java.lang.Long','NON_ENUMERATED',505),(245,'java.lang.Long','java.lang.Long','NON_ENUMERATED',510),(246,'java.lang.String','java.lang.String','NON_ENUMERATED',511),(247,'java.lang.Double','java.lang.Double','NON_ENUMERATED',512),(248,'java.lang.String','java.lang.String','NON_ENUMERATED',513),(249,'java.lang.String','java.lang.String','NON_ENUMERATED',514),(250,'java.lang.Integer','java.lang.Integer','NON_ENUMERATED',515),(251,'java.lang.String','java.lang.String','NON_ENUMERATED',516),(252,'java.lang.Double','java.lang.Double','NON_ENUMERATED',517),(253,'java.lang.Double','java.lang.Double','NON_ENUMERATED',518),(254,'java.util.Date','java.util.Date','NON_ENUMERATED',519),(255,'java.lang.String','java.lang.String','ENUMERATED',525),(256,'java.lang.Long','java.lang.Long','NON_ENUMERATED',526),(257,'java.lang.Double','java.lang.Double','NON_ENUMERATED',527),(258,'java.lang.Double','java.lang.Double','NON_ENUMERATED',528),(259,'java.lang.String','java.lang.String','NON_ENUMERATED',529),(260,'java.lang.Double','java.lang.Double','NON_ENUMERATED',530),(261,'java.lang.Double','java.lang.Double','NON_ENUMERATED',531),(262,'java.util.Date','java.util.Date','NON_ENUMERATED',532),(263,'java.util.Date','java.util.Date','NON_ENUMERATED',545),(264,'java.lang.String','java.lang.String','NON_ENUMERATED',546),(265,'java.lang.Double','java.lang.Double','NON_ENUMERATED',547),(266,'java.lang.Double','java.lang.Double','NON_ENUMERATED',548),(267,'java.lang.Long','java.lang.Long','NON_ENUMERATED',549),(268,'java.util.Date','java.util.Date','NON_ENUMERATED',557),(269,'java.lang.String','java.lang.String','NON_ENUMERATED',558),(270,'java.lang.Double','java.lang.Double','NON_ENUMERATED',559),(271,'java.lang.Long','java.lang.Long','NON_ENUMERATED',560),(272,'java.util.Date','java.util.Date','NON_ENUMERATED',568),(273,'java.lang.String','java.lang.String','ENUMERATED',569),(274,'java.lang.String','java.lang.String','NON_ENUMERATED',570),(275,'java.lang.Long','java.lang.Long','NON_ENUMERATED',571),(276,'java.lang.String','java.lang.String','NON_ENUMERATED',574),(277,'java.lang.Double','java.lang.Double','NON_ENUMERATED',575),(278,'java.lang.Long','java.lang.Long','NON_ENUMERATED',576),(279,'java.util.Date','java.util.Date','NON_ENUMERATED',584),(280,'java.lang.String','java.lang.String','NON_ENUMERATED',585),(281,'java.lang.String','java.lang.String','NON_ENUMERATED',586),(282,'java.lang.Long','java.lang.Long','NON_ENUMERATED',587),(283,'java.util.Date','java.util.Date','NON_ENUMERATED',595),(284,'java.lang.String','java.lang.String','NON_ENUMERATED',596),(285,'java.lang.String','java.lang.String','NON_ENUMERATED',597),(286,'java.lang.Long','java.lang.Long','NON_ENUMERATED',598),(287,'java.util.Date','java.util.Date','NON_ENUMERATED',606),(288,'java.lang.String','java.lang.String','NON_ENUMERATED',607),(289,'java.lang.String','java.lang.String','NON_ENUMERATED',608),(290,'java.lang.String','java.lang.String','NON_ENUMERATED',609),(291,'java.lang.Long','java.lang.Long','NON_ENUMERATED',610),(292,'java.util.Date','java.util.Date','NON_ENUMERATED',618),(293,'java.lang.Integer','java.lang.Integer','NON_ENUMERATED',619),(294,'java.lang.String','java.lang.String','NON_ENUMERATED',620),(295,'java.lang.Double','java.lang.Double','NON_ENUMERATED',621),(296,'java.lang.Long','java.lang.Long','NON_ENUMERATED',622),(297,'java.util.Date','java.util.Date','NON_ENUMERATED',630),(298,'java.lang.String','java.lang.String','NON_ENUMERATED',631),(299,'java.lang.Long','java.lang.Long','NON_ENUMERATED',632),(300,'java.util.Date','java.util.Date','NON_ENUMERATED',640),(301,'java.lang.String','java.lang.String','NON_ENUMERATED',641),(302,'java.lang.String','java.lang.String','ENUMERATED',642),(303,'java.lang.String','java.lang.String','NON_ENUMERATED',643),(304,'java.lang.Long','java.lang.Long','NON_ENUMERATED',644),(305,'java.util.Date','java.util.Date','NON_ENUMERATED',651),(306,'java.lang.Boolean','java.lang.Boolean','NON_ENUMERATED',652),(307,'java.lang.String','java.lang.String','NON_ENUMERATED',653),(308,'java.lang.Long','java.lang.Long','NON_ENUMERATED',654),(309,'java.lang.String','java.lang.String','NON_ENUMERATED',656),(310,'java.lang.Long','java.lang.Long','NON_ENUMERATED',657),(311,'java.lang.String','java.lang.String','NON_ENUMERATED',660),(312,'java.lang.Long','java.lang.Long','NON_ENUMERATED',661),(313,'java.lang.String','java.lang.String','NON_ENUMERATED',663),(314,'java.lang.Integer','java.lang.Integer','NON_ENUMERATED',664),(315,'java.lang.String','java.lang.String','NON_ENUMERATED',665),(316,'java.lang.Integer','java.lang.Integer','NON_ENUMERATED',666),(317,'java.lang.Long','java.lang.Long','NON_ENUMERATED',667),(318,'java.lang.String','java.lang.String','NON_ENUMERATED',669),(319,'java.lang.Long','java.lang.Long','NON_ENUMERATED',670),(320,'java.util.Date','java.util.Date','NON_ENUMERATED',672),(321,'java.lang.String','java.lang.String','NON_ENUMERATED',673),(322,'java.lang.String','java.lang.String','NON_ENUMERATED',674),(323,'java.lang.Long','java.lang.Long','NON_ENUMERATED',675),(324,'java.lang.String','java.lang.String','NON_ENUMERATED',677),(325,'java.lang.Long','java.lang.Long','NON_ENUMERATED',678),(326,'java.util.Date','java.util.Date','NON_ENUMERATED',686),(327,'java.lang.Boolean','java.lang.Boolean','NON_ENUMERATED',687),(328,'java.lang.String','java.lang.String','NON_ENUMERATED',688),(329,'java.lang.Long','java.lang.Long','NON_ENUMERATED',689),(330,'java.util.Date','java.util.Date','NON_ENUMERATED',698),(331,'java.lang.Boolean','java.lang.Boolean','NON_ENUMERATED',699),(332,'java.lang.Boolean','java.lang.Boolean','NON_ENUMERATED',700),(333,'java.lang.String','java.lang.String','NON_ENUMERATED',701),(334,'java.lang.Long','java.lang.Long','NON_ENUMERATED',702),(335,'java.lang.Boolean','java.lang.Boolean','NON_ENUMERATED',706),(336,'java.lang.Boolean','java.lang.Boolean','NON_ENUMERATED',707),(337,'java.lang.Long','java.lang.Long','NON_ENUMERATED',708),(338,'java.lang.Long','java.lang.Long','NON_ENUMERATED',709),(339,'java.lang.Long','java.lang.Long','NON_ENUMERATED',710),(340,'java.lang.String','java.lang.String','NON_ENUMERATED',712),(341,'java.lang.Long','java.lang.Long','NON_ENUMERATED',713),(342,'java.lang.String','java.lang.String','NON_ENUMERATED',716),(343,'java.lang.String','java.lang.String','NON_ENUMERATED',717),(344,'java.lang.Long','java.lang.Long','NON_ENUMERATED',718),(345,'java.lang.String','java.lang.String','NON_ENUMERATED',720),(346,'java.lang.Long','java.lang.Long','NON_ENUMERATED',721),(347,'java.lang.String','java.lang.String','NON_ENUMERATED',725),(348,'java.lang.String','java.lang.String','NON_ENUMERATED',726),(349,'java.lang.String','java.lang.String','NON_ENUMERATED',727),(350,'java.lang.Long','java.lang.Long','NON_ENUMERATED',728),(351,'java.lang.String','java.lang.String','NON_ENUMERATED',737),(352,'java.lang.String','java.lang.String','NON_ENUMERATED',738),(353,'java.lang.Long','java.lang.Long','NON_ENUMERATED',739),(354,'java.lang.Long','java.lang.Long','NON_ENUMERATED',741),(355,'java.lang.String','java.lang.String','NON_ENUMERATED',758),(356,'java.util.Date','java.util.Date','NON_ENUMERATED',759),(357,'java.lang.String','java.lang.String','NON_ENUMERATED',760),(358,'java.lang.Long','java.lang.Long','NON_ENUMERATED',761),(359,'java.lang.String','java.lang.String','NON_ENUMERATED',765),(360,'java.lang.String','java.lang.String','NON_ENUMERATED',766),(361,'java.util.Date','java.util.Date','NON_ENUMERATED',767),(362,'java.lang.String','java.lang.String','NON_ENUMERATED',768),(363,'java.lang.Long','java.lang.Long','NON_ENUMERATED',769),(364,'java.lang.String','java.lang.String','NON_ENUMERATED',778),(365,'java.lang.String','java.lang.String','NON_ENUMERATED',779),(366,'java.lang.Long','java.lang.Long','NON_ENUMERATED',780),(367,'java.lang.String','java.lang.String','NON_ENUMERATED',789),(368,'java.lang.String','java.lang.String','NON_ENUMERATED',790),(369,'java.lang.String','java.lang.String','NON_ENUMERATED',791),(370,'java.lang.String','java.lang.String','NON_ENUMERATED',792),(371,'java.lang.Long','java.lang.Long','NON_ENUMERATED',793),(372,'java.lang.Long','java.lang.Long','NON_ENUMERATED',799),(373,'java.lang.String','java.lang.String','NON_ENUMERATED',800),(374,'java.lang.String','java.lang.String','NON_ENUMERATED',801),(375,'java.lang.String','java.lang.String','NON_ENUMERATED',802),(376,'java.lang.String','java.lang.String','NON_ENUMERATED',803),(377,'java.lang.String','java.lang.String','NON_ENUMERATED',804),(378,'java.lang.String','java.lang.String','NON_ENUMERATED',805),(379,'java.lang.Long','java.lang.Long','NON_ENUMERATED',817),(380,'java.lang.String','java.lang.String','NON_ENUMERATED',818),(381,'java.lang.String','java.lang.String','NON_ENUMERATED',819),(382,'java.lang.String','java.lang.String','NON_ENUMERATED',820),(383,'java.lang.String','java.lang.String','NON_ENUMERATED',821),(384,'java.lang.String','java.lang.String','NON_ENUMERATED',836),(385,'java.lang.String','java.lang.String','NON_ENUMERATED',837),(386,'java.lang.Long','java.lang.Long','NON_ENUMERATED',838),(387,'java.util.Date','java.util.Date','NON_ENUMERATED',839),(388,'java.lang.String','java.lang.String','NON_ENUMERATED',842),(389,'java.lang.Long','java.lang.Long','NON_ENUMERATED',843),(390,'java.lang.String','java.lang.String','ENUMERATED',845),(391,'java.lang.String','java.lang.String','NON_ENUMERATED',846),(392,'java.util.Date','java.util.Date','NON_ENUMERATED',847),(393,'java.lang.Long','java.lang.Long','NON_ENUMERATED',848),(394,'java.lang.String','java.lang.String','ENUMERATED',849),(395,'java.lang.String','java.lang.String','NON_ENUMERATED',850),(396,'java.lang.String','java.lang.String','NON_ENUMERATED',851),(397,'java.lang.String','java.lang.String','ENUMERATED',852),(398,'java.lang.String','java.lang.String','NON_ENUMERATED',853),(399,'java.lang.String','java.lang.String','NON_ENUMERATED',854),(400,'java.util.Date','java.util.Date','NON_ENUMERATED',855),(401,'java.lang.String','java.lang.String','ENUMERATED',856),(402,'java.lang.String','java.lang.String','NON_ENUMERATED',865),(403,'java.lang.String','java.lang.String','NON_ENUMERATED',866),(404,'java.lang.Long','java.lang.Long','NON_ENUMERATED',867),(405,'java.lang.String','java.lang.String','NON_ENUMERATED',873),(406,'java.lang.Long','java.lang.Long','NON_ENUMERATED',874),(407,'java.lang.String','java.lang.String','NON_ENUMERATED',875),(408,'java.lang.String','java.lang.String','NON_ENUMERATED',876),(409,'java.lang.Long','java.lang.Long','NON_ENUMERATED',889),(410,'java.lang.String','java.lang.String','NON_ENUMERATED',890),(411,'java.lang.String','java.lang.String','NON_ENUMERATED',891),(412,'java.lang.String','java.lang.String','NON_ENUMERATED',908),(413,'java.lang.String','java.lang.String','NON_ENUMERATED',909),(414,'java.lang.Long','java.lang.Long','NON_ENUMERATED',910),(415,'java.lang.Long','java.lang.Long','NON_ENUMERATED',913),(416,'java.lang.String','java.lang.String','NON_ENUMERATED',914),(417,'java.util.Date','java.util.Date','NON_ENUMERATED',917),(418,'java.lang.Long','java.lang.Long','NON_ENUMERATED',918),(419,'java.lang.String','java.lang.String','NON_ENUMERATED',919),(420,'java.lang.Long','java.lang.Long','NON_ENUMERATED',920),(421,'java.lang.String','java.lang.String','NON_ENUMERATED',922),(422,'java.lang.Long','java.lang.Long','NON_ENUMERATED',923),(423,'java.lang.Long','java.lang.Long','NON_ENUMERATED',924),(424,'java.lang.String','java.lang.String','NON_ENUMERATED',925),(425,'java.util.Date','java.util.Date','NON_ENUMERATED',928),(426,'java.lang.String','java.lang.String','NON_ENUMERATED',929),(427,'java.lang.Boolean','java.lang.Boolean','NON_ENUMERATED',930),(428,'java.lang.Long','java.lang.Long','NON_ENUMERATED',931),(429,'java.lang.String','java.lang.String','ENUMERATED',939),(430,'java.lang.String','java.lang.String','NON_ENUMERATED',940),(431,'java.lang.String','java.lang.String','NON_ENUMERATED',941),(432,'java.lang.Long','java.lang.Long','NON_ENUMERATED',942),(433,'java.lang.String','java.lang.String','NON_ENUMERATED',943),(434,'java.lang.String','java.lang.String','NON_ENUMERATED',947),(435,'java.lang.Long','java.lang.Long','NON_ENUMERATED',948),(436,'java.lang.Long','java.lang.Long','NON_ENUMERATED',952),(437,'java.lang.Integer','java.lang.Integer','NON_ENUMERATED',953),(438,'java.lang.Integer','java.lang.Integer','NON_ENUMERATED',954),(439,'java.lang.Double','java.lang.Double','NON_ENUMERATED',955),(440,'java.lang.String','java.lang.String','NON_ENUMERATED',971),(441,'java.lang.String','java.lang.String','NON_ENUMERATED',972),(442,'java.lang.Long','java.lang.Long','NON_ENUMERATED',973),(443,'java.lang.String','java.lang.String','ENUMERATED',974),(444,'java.lang.String','java.lang.String','NON_ENUMERATED',977),(445,'java.lang.String','java.lang.String','NON_ENUMERATED',978),(446,'java.lang.Long','java.lang.Long','NON_ENUMERATED',979),(447,'java.lang.String','java.lang.String','NON_ENUMERATED',980),(448,'java.lang.String','java.lang.String','NON_ENUMERATED',990),(449,'java.lang.String','java.lang.String','NON_ENUMERATED',991),(450,'java.lang.Long','java.lang.Long','NON_ENUMERATED',992);

/*Table structure for table `dyextn_cadsrde` */

DROP TABLE IF EXISTS `dyextn_cadsrde`;

CREATE TABLE `dyextn_cadsrde` (
  `IDENTIFIER` bigint(20) NOT NULL default '0',
  `PUBLIC_ID` varchar(255) default NULL,
  PRIMARY KEY  (`IDENTIFIER`),
  KEY `FK588A2509BC7298A9` (`IDENTIFIER`),
  CONSTRAINT `FK588A2509BC7298A9` FOREIGN KEY (`IDENTIFIER`) REFERENCES `dyextn_data_element` (`IDENTIFIER`)
) ENGINE=InnoDB DEFAULT CHARSET=latin1;

/*Data for the table `dyextn_cadsrde` */

/*Table structure for table `dyextn_check_box` */

DROP TABLE IF EXISTS `dyextn_check_box`;

CREATE TABLE `dyextn_check_box` (
  `IDENTIFIER` bigint(20) NOT NULL default '0',
  PRIMARY KEY  (`IDENTIFIER`),
  KEY `FK4EFF9257BC7298A9` (`IDENTIFIER`),
  CONSTRAINT `FK4EFF9257BC7298A9` FOREIGN KEY (`IDENTIFIER`) REFERENCES `dyextn_control` (`IDENTIFIER`)
) ENGINE=InnoDB DEFAULT CHARSET=latin1;

/*Data for the table `dyextn_check_box` */

/*Table structure for table `dyextn_column_properties` */

DROP TABLE IF EXISTS `dyextn_column_properties`;

CREATE TABLE `dyextn_column_properties` (
  `IDENTIFIER` bigint(20) NOT NULL default '0',
  `PRIMITIVE_ATTRIBUTE_ID` bigint(20) default NULL,
  PRIMARY KEY  (`IDENTIFIER`),
  KEY `FK8FCE2B3FBC7298A9` (`IDENTIFIER`),
  KEY `FK8FCE2B3FB4C15A36` (`PRIMITIVE_ATTRIBUTE_ID`),
  CONSTRAINT `FK8FCE2B3FB4C15A36` FOREIGN KEY (`PRIMITIVE_ATTRIBUTE_ID`) REFERENCES `dyextn_primitive_attribute` (`IDENTIFIER`),
  CONSTRAINT `FK8FCE2B3FBC7298A9` FOREIGN KEY (`IDENTIFIER`) REFERENCES `dyextn_database_properties` (`IDENTIFIER`)
) ENGINE=InnoDB DEFAULT CHARSET=latin1;

/*Data for the table `dyextn_column_properties` */

insert into `dyextn_column_properties` (`IDENTIFIER`,`PRIMITIVE_ATTRIBUTE_ID`) values (2,3),(40,15),(41,16),(42,17),(43,18),(44,19),(45,20),(46,21),(47,22),(48,23),(49,24),(50,25),(51,26),(52,27),(53,28),(73,45),(74,46),(75,47),(76,48),(77,49),(78,50),(79,51),(80,52),(89,57),(90,58),(91,59),(92,60),(93,61),(94,62),(95,63),(96,64),(97,65),(111,76),(112,77),(113,78),(114,79),(115,80),(116,81),(117,82),(118,83),(119,84),(127,92),(128,93),(129,94),(130,95),(131,96),(135,99),(136,100),(137,101),(138,102),(139,103),(140,104),(141,105),(142,106),(143,107),(149,113),(150,114),(151,115),(153,117),(154,118),(155,119),(156,120),(157,121),(158,122),(159,123),(160,124),(162,126),(163,127),(165,129),(166,130),(168,132),(169,133),(172,136),(173,137),(174,138),(175,139),(176,140),(177,141),(179,143),(180,144),(181,145),(186,150),(187,151),(188,152),(189,153),(190,154),(191,155),(192,156),(195,159),(196,160),(197,161),(198,162),(199,163),(200,164),(201,165),(204,168),(205,169),(206,170),(207,171),(208,172),(209,173),(210,174),(211,175),(212,176),(216,179),(217,180),(218,181),(219,182),(220,183),(221,184),(222,185),(223,186),(224,187),(225,188),(233,194),(234,195),(235,196),(236,197),(237,198),(238,199),(239,200),(240,201),(241,202),(243,204),(244,205),(246,207),(248,209),(249,210),(251,212),(252,213),(254,215),(255,216),(257,218),(258,219),(260,221),(261,222),(262,223),(301,236),(302,237),(303,238),(304,239),(305,240),(306,241),(307,242),(308,243),(309,244),(310,245),(311,246),(312,247),(313,248),(314,249),(315,250),(363,272),(364,273),(365,274),(366,275),(367,276),(368,277),(369,278),(370,279),(371,280),(372,281),(373,282),(374,283),(375,284),(376,285),(425,308),(426,309),(427,310),(428,311),(429,312),(430,313),(431,314),(432,315),(433,316),(434,317),(435,318),(436,319),(437,320),(438,321),(487,344),(488,345),(489,346),(490,347),(491,348),(492,349),(493,350),(494,351),(495,352),(496,353),(497,354),(498,355),(499,356),(500,357),(514,371),(515,372),(523,375),(524,376),(525,377),(526,378),(545,391),(546,392),(547,393),(548,394),(549,395),(550,396),(551,397),(552,398),(566,412),(567,413),(568,414),(577,422),(578,423),(579,424),(588,432),(589,433),(590,434),(591,435),(600,443),(601,444),(602,445),(611,453),(612,454),(613,455),(614,456),(615,457),(620,461),(621,462),(622,463),(623,464),(624,465),(625,466),(626,467),(641,481),(642,482),(643,483),(644,484),(653,492),(654,493),(655,494),(656,495),(665,503),(666,504),(667,505),(673,510),(674,511),(675,512),(676,513),(677,514),(678,515),(679,516),(680,517),(681,518),(682,519),(689,525),(690,526),(691,527),(692,528),(693,529),(694,530),(695,531),(696,532),(710,545),(711,546),(712,547),(713,548),(714,549),(723,557),(724,558),(725,559),(726,560),(735,568),(736,569),(737,570),(738,571),(741,574),(742,575),(743,576),(752,584),(753,585),(754,586),(755,587),(764,595),(765,596),(766,597),(767,598),(776,606),(777,607),(778,608),(779,609),(780,610),(789,618),(790,619),(791,620),(792,621),(793,622),(802,630),(803,631),(804,632),(813,640),(814,641),(815,642),(816,643),(817,644),(824,651),(825,652),(826,653),(827,654),(829,656),(830,657),(836,660),(837,661),(840,663),(841,664),(842,665),(843,666),(844,667),(846,669),(847,670),(852,672),(853,673),(854,674),(855,675),(857,677),(858,678),(867,686),(868,687),(869,688),(870,689),(880,698),(881,699),(882,700),(883,701),(884,702),(889,706),(890,707),(891,708),(892,709),(893,710),(896,712),(897,713),(901,716),(902,717),(903,718),(905,720),(906,721),(915,725),(916,726),(917,727),(918,728),(927,737),(928,738),(929,739),(931,741),(949,758),(950,759),(951,760),(952,761),(965,765),(966,766),(967,767),(968,768),(969,769),(979,778),(980,779),(981,780),(991,789),(992,790),(993,791),(994,792),(995,793),(1002,799),(1003,800),(1004,801),(1005,802),(1006,803),(1007,804),(1008,805),(1021,817),(1022,818),(1023,819),(1024,820),(1025,821),(1040,836),(1041,837),(1042,838),(1043,839),(1046,842),(1047,843),(1051,845),(1052,846),(1053,847),(1054,848),(1055,849),(1056,850),(1057,851),(1058,852),(1059,853),(1060,854),(1061,855),(1062,856),(1071,865),(1072,866),(1073,867),(1079,873),(1080,874),(1081,875),(1082,876),(1096,889),(1097,890),(1098,891),(1115,908),(1116,909),(1117,910),(1120,913),(1121,914),(1125,917),(1126,918),(1127,919),(1128,920),(1132,922),(1133,923),(1134,924),(1135,925),(1138,928),(1139,929),(1140,930),(1141,931),(1149,939),(1150,940),(1151,941),(1152,942),(1153,943),(1157,947),(1158,948),(1162,952),(1163,953),(1164,954),(1165,955),(1181,971),(1182,972),(1183,973),(1184,974),(1187,977),(1188,978),(1189,979),(1190,980),(1200,990),(1201,991),(1202,992),(1203,1204),(1204,1205),(1205,1206),(1206,1207),(1207,1208),(1208,1209),(1209,1210),(1210,1211),(1211,1212),(1212,1213);

/*Table structure for table `dyextn_combobox` */

DROP TABLE IF EXISTS `dyextn_combobox`;

CREATE TABLE `dyextn_combobox` (
  `IDENTIFIER` bigint(20) NOT NULL default '0',
  PRIMARY KEY  (`IDENTIFIER`),
  KEY `FKABBC649ABC7298A9` (`IDENTIFIER`),
  CONSTRAINT `FKABBC649ABC7298A9` FOREIGN KEY (`IDENTIFIER`) REFERENCES `dyextn_select_control` (`IDENTIFIER`)
) ENGINE=InnoDB DEFAULT CHARSET=latin1;

/*Data for the table `dyextn_combobox` */

/*Table structure for table `dyextn_constraint_properties` */

DROP TABLE IF EXISTS `dyextn_constraint_properties`;

CREATE TABLE `dyextn_constraint_properties` (
  `IDENTIFIER` bigint(20) NOT NULL default '0',
  `SOURCE_ENTITY_KEY` varchar(255) default NULL,
  `TARGET_ENTITY_KEY` varchar(255) default NULL,
  `ASSOCIATION_ID` bigint(20) default NULL,
  PRIMARY KEY  (`IDENTIFIER`),
  KEY `FK82886CD8BC7298A9` (`IDENTIFIER`),
  KEY `FK82886CD8927B15B9` (`ASSOCIATION_ID`),
  CONSTRAINT `FK82886CD8927B15B9` FOREIGN KEY (`ASSOCIATION_ID`) REFERENCES `dyextn_association` (`IDENTIFIER`),
  CONSTRAINT `FK82886CD8BC7298A9` FOREIGN KEY (`IDENTIFIER`) REFERENCES `dyextn_database_properties` (`IDENTIFIER`)
) ENGINE=InnoDB DEFAULT CHARSET=latin1;

/*Data for the table `dyextn_constraint_properties` */

insert into `dyextn_constraint_properties` (`IDENTIFIER`,`SOURCE_ENTITY_KEY`,`TARGET_ENTITY_KEY`,`ASSOCIATION_ID`) values (4,'SPECIMEN_ID','BIOHAZARD_ID',993),(5,NULL,'SPECIMEN_ID',994),(6,NULL,'SPECIMEN_ID',995),(7,NULL,'SPECIMEN_ID',996),(8,NULL,'SPECIMEN_ID',997),(9,NULL,'SPECIMEN_ID',998),(10,NULL,'SPECIMEN_ID',999),(11,NULL,'SPECIMEN_ID',1000),(12,NULL,'SPECIMEN_ID',1001),(13,NULL,'SPECIMEN_ID',1002),(14,NULL,'SPECIMEN_ID',1003),(15,NULL,'SPECIMEN_ID',1004),(16,'PARENT_SPECIMEN_ID',NULL,1005),(17,'PARENT_SPECIMEN_ID',NULL,1006),(18,'PARENT_SPECIMEN_ID',NULL,1007),(19,'PARENT_SPECIMEN_ID',NULL,1008),(20,'PARENT_SPECIMEN_ID',NULL,1009),(21,NULL,'SPECIMEN_ID',1010),(22,NULL,'SPECIMEN_ID',1011),(23,NULL,'SPECIMEN_ID',1012),(24,NULL,'SPECIMEN_ID',1013),(25,NULL,'SPECIMEN_ID',1014),(26,NULL,'SPECIMEN_ID',1015),(27,NULL,'SPECIMEN_ID',1016),(28,NULL,'SPECIMEN_ID',1017),(29,NULL,'SPECIMEN_ID',1018),(30,'SPECIMEN_COLLECTION_GROUP_ID',NULL,5),(31,'SPECIMEN_COLLECTION_GROUP_ID',NULL,6),(32,'SPECIMEN_COLLECTION_GROUP_ID',NULL,7),(33,NULL,'SPECIMEN_ID',8),(34,NULL,'PARENT_SPECIMEN_ID',9),(35,NULL,'PARENT_SPECIMEN_ID',10),(36,NULL,'PARENT_SPECIMEN_ID',11),(37,NULL,'PARENT_SPECIMEN_ID',12),(38,NULL,'PARENT_SPECIMEN_ID',13),(39,'SPECIMEN_CHARACTERISTICS_ID',NULL,14),(54,NULL,'AVAILABLE_QUANTITY',29),(55,NULL,'AVAILABLE_QUANTITY',30),(56,NULL,'AVAILABLE_QUANTITY',31),(57,NULL,'AVAILABLE_QUANTITY',32),(58,NULL,'AVAILABLE_QUANTITY',33),(59,NULL,'QUANTITY',34),(60,NULL,'QUANTITY',35),(61,NULL,'QUANTITY',36),(62,NULL,'QUANTITY',37),(63,NULL,'QUANTITY',38),(64,'STORAGE_CONTAINER_IDENTIFIER',NULL,39),(66,NULL,'PARENT_CONTAINER_ID',1019),(67,NULL,'PARENT_CONTAINER_ID',1020),(68,NULL,'PARENT_CONTAINER_ID',1021),(69,NULL,'CAPACITY_ID',41),(70,'PARENT_CONTAINER_ID',NULL,42),(71,'PARENT_CONTAINER_ID',NULL,43),(72,'PARENT_CONTAINER_ID',NULL,44),(82,NULL,'SPECIMEN_ARRAY_ID',1022),(83,NULL,'DE_E_53_43_IDENTIFIER',1023),(84,NULL,'DE_E_53_68_IDENTIFIER',1024),(85,NULL,'DE_E_53_88_IDENTIFIER',1025),(86,NULL,'CAPACITY_ID',54),(87,NULL,'STORAGE_CONTAINER_ID',55),(88,'CREATED_BY_ID',NULL,56),(98,NULL,'SPECIMEN_ARRAY_TYPE_ID',66),(99,'PARENT_CONTAINER_ID',NULL,67),(100,'PARENT_CONTAINER_ID',NULL,68),(101,'PARENT_CONTAINER_ID',NULL,69),(103,NULL,'DE_E_70_null_IDENTIFIER',1026),(104,NULL,'DE_E_70_null_IDENTIFIER',1027),(105,NULL,'DE_E_70_null_IDENTIFIER',1028),(106,NULL,'CAPACITY_ID',71),(107,'STORAGE_CONTAINER_ID','SPECIMEN_ARRAY_TYPE_ID',72),(108,'STORAGE_CONTAINER_ID','STORAGE_TYPE_ID',73),(109,'STORAGE_CONTAINER_ID','COLLECTION_PROTOCOL_ID',74),(110,'PARENT_CONTAINER_ID',NULL,75),(120,NULL,'STORAGE_TYPE_ID',85),(121,'SITE_ID',NULL,86),(122,'PARENT_CONTAINER_ID',NULL,87),(123,'PARENT_CONTAINER_ID',NULL,88),(125,NULL,'ADDRESS_ID',90),(126,'USER_ID',NULL,91),(133,'USER_ID','COLLECTION_PROTOCOL_ID',1029),(134,'DEPARTMENT_ID',NULL,98),(144,'CANCER_RESEARCH_GROUP_ID',NULL,108),(145,'INSTITUTION_ID',NULL,109),(146,NULL,'ADDRESS_ID',110),(147,NULL,'USER_ID',111),(171,NULL,'CAPACITY_ID',135),(183,'STORAGE_TYPE_ID','SPECIMEN_ARRAY_TYPE_ID',147),(184,NULL,'CAPACITY_ID',148),(185,'HOLDS_STORAGE_TYPE_ID','STORAGE_TYPE_ID',149),(194,NULL,'CAPACITY_ID',158),(203,'PRINCIPAL_INVESTIGATOR_ID',NULL,167),(214,NULL,'COLLECTION_PROTOCOL_ID',1030),(215,NULL,'COLL_PROTOCOL_ID',178),(226,'PRINCIPAL_INVESTIGATOR_ID',NULL,189),(227,'COLLECTION_PROTOCOL_ID','USER_ID',190),(228,'COLLECTION_PROTOCOL_ID','DISTRIBUTION_PROTOCOL_ID',191),(230,'DISTRIBUTION_PROTOCOL_ID','SPECIMEN_REQUIREMENT_ID',1031),(231,'DISTRIBUTION_PROTOCOL_ID','COLLECTION_PROTOCOL_ID',1032),(232,'PRINCIPAL_INVESTIGATOR_ID',NULL,193),(264,'DE_E_T_224_969_IDENTIFIER','DE_E_S_965_969_IDENTIFIER',1033),(265,NULL,'DE_E_224_906_IDENTIFIER',1034),(266,'PARENT_SPECIMEN_ID',NULL,1035),(267,NULL,'DE_E_224_null_IDENTIFIER',1036),(268,NULL,'DE_E_224_null_IDENTIFIER',1037),(269,NULL,'DE_E_224_null_IDENTIFIER',1038),(270,NULL,'DE_E_224_null_IDENTIFIER',1039),(271,NULL,'DE_E_224_null_IDENTIFIER',1040),(272,NULL,'DE_E_224_null_IDENTIFIER',1041),(273,NULL,'DE_E_224_null_IDENTIFIER',1042),(274,NULL,'DE_E_224_null_IDENTIFIER',1043),(275,NULL,'DE_E_224_null_IDENTIFIER',1044),(276,NULL,'DE_E_224_null_IDENTIFIER',1045),(277,'PARENT_SPECIMEN_ID',NULL,1046),(278,'PARENT_SPECIMEN_ID',NULL,1047),(279,'PARENT_SPECIMEN_ID',NULL,1048),(280,'PARENT_SPECIMEN_ID',NULL,1049),(281,NULL,'DE_E_224_null_IDENTIFIER',1050),(282,NULL,'DE_E_224_null_IDENTIFIER',1051),(283,NULL,'DE_E_224_null_IDENTIFIER',1052),(284,NULL,'DE_E_224_null_IDENTIFIER',1053),(285,NULL,'DE_E_224_null_IDENTIFIER',1054),(286,NULL,'DE_E_224_null_IDENTIFIER',1055),(287,NULL,'DE_E_224_null_IDENTIFIER',1056),(288,NULL,'DE_E_224_null_IDENTIFIER',1057),(289,NULL,'DE_E_224_null_IDENTIFIER',1058),(290,'SPECIMEN_COLLECTION_GROUP_ID',NULL,225),(291,'SPECIMEN_COLLECTION_GROUP_ID',NULL,226),(292,'SPECIMEN_COLLECTION_GROUP_ID',NULL,227),(293,NULL,'DE_E_224_228_IDENTIFIER',228),(294,NULL,'DE_E_224_229_IDENTIFIER',229),(295,NULL,'DE_E_224_230_IDENTIFIER',230),(296,NULL,'DE_E_224_231_IDENTIFIER',231),(297,NULL,'DE_E_224_232_IDENTIFIER',232),(298,NULL,'DE_E_224_233_IDENTIFIER',233),(299,'SPECIMEN_CHARACTERISTICS_ID',NULL,234),(300,'STORAGE_CONTAINER_IDENTIFIER',NULL,235),(316,NULL,'AVAILABLE_QUANTITY',251),(317,NULL,'AVAILABLE_QUANTITY',252),(318,NULL,'AVAILABLE_QUANTITY',253),(319,NULL,'AVAILABLE_QUANTITY',254),(320,NULL,'AVAILABLE_QUANTITY',255),(321,NULL,'QUANTITY',256),(322,NULL,'QUANTITY',257),(323,NULL,'QUANTITY',258),(324,NULL,'QUANTITY',259),(325,NULL,'QUANTITY',260),(327,'DE_E_T_261_968_IDENTIFIER','DE_E_S_965_968_IDENTIFIER',1059),(328,NULL,'DE_E_261_905_IDENTIFIER',1060),(329,'PARENT_SPECIMEN_ID',NULL,1061),(330,'PARENT_SPECIMEN_ID',NULL,1062),(331,NULL,'DE_E_261_636_IDENTIFIER',1063),(332,NULL,'DE_E_261_626_IDENTIFIER',1064),(333,NULL,'DE_E_261_614_IDENTIFIER',1065),(334,NULL,'DE_E_261_602_IDENTIFIER',1066),(335,NULL,'DE_E_261_591_IDENTIFIER',1067),(336,NULL,'DE_E_261_580_IDENTIFIER',1068),(337,NULL,'DE_E_261_564_IDENTIFIER',1069),(338,NULL,'DE_E_261_553_IDENTIFIER',1070),(339,'PARENT_SPECIMEN_ID',NULL,1071),(340,'PARENT_SPECIMEN_ID',NULL,1072),(341,'PARENT_SPECIMEN_ID',NULL,1073),(342,NULL,'DE_E_261_418_IDENTIFIER',1074),(343,NULL,'DE_E_261_428_IDENTIFIER',1075),(344,NULL,'DE_E_261_439_IDENTIFIER',1076),(345,NULL,'DE_E_261_449_IDENTIFIER',1077),(346,NULL,'DE_E_261_473_IDENTIFIER',1078),(347,NULL,'DE_E_261_477_IDENTIFIER',1079),(348,NULL,'DE_E_261_488_IDENTIFIER',1080),(349,NULL,'DE_E_261_499_IDENTIFIER',1081),(350,NULL,'DE_E_261_509_IDENTIFIER',1082),(351,NULL,'DE_E_261_536_IDENTIFIER',1083),(352,NULL,'DE_E_261_541_IDENTIFIER',1084),(353,'SPECIMEN_COLLECTION_GROUP_ID',NULL,262),(354,'SPECIMEN_COLLECTION_GROUP_ID',NULL,263),(355,'SPECIMEN_COLLECTION_GROUP_ID',NULL,264),(356,NULL,'DE_E_261_265_IDENTIFIER',265),(357,NULL,'DE_E_261_266_IDENTIFIER',266),(358,NULL,'DE_E_261_267_IDENTIFIER',267),(359,NULL,'DE_E_261_268_IDENTIFIER',268),(360,NULL,'DE_E_261_269_IDENTIFIER',269),(361,NULL,'DE_E_261_270_IDENTIFIER',270),(362,'SPECIMEN_CHARACTERISTICS_ID',NULL,271),(377,NULL,'AVAILABLE_QUANTITY',286),(378,NULL,'AVAILABLE_QUANTITY',287),(379,NULL,'AVAILABLE_QUANTITY',288),(380,NULL,'AVAILABLE_QUANTITY',289),(381,NULL,'AVAILABLE_QUANTITY',290),(382,NULL,'QUANTITY',291),(383,NULL,'QUANTITY',292),(384,NULL,'QUANTITY',293),(385,NULL,'QUANTITY',294),(386,NULL,'QUANTITY',295),(387,'STORAGE_CONTAINER_IDENTIFIER',NULL,296),(389,'DE_E_T_297_967_IDENTIFIER','DE_E_S_965_967_IDENTIFIER',1085),(390,NULL,'DE_E_297_904_IDENTIFIER',1086),(391,'PARENT_SPECIMEN_ID',NULL,1087),(392,'PARENT_SPECIMEN_ID',NULL,1088),(393,'PARENT_SPECIMEN_ID',NULL,1089),(394,NULL,'DE_E_297_635_IDENTIFIER',1090),(395,NULL,'DE_E_297_625_IDENTIFIER',1091),(396,NULL,'DE_E_297_613_IDENTIFIER',1092),(397,NULL,'DE_E_297_601_IDENTIFIER',1093),(398,NULL,'DE_E_297_590_IDENTIFIER',1094),(399,NULL,'DE_E_297_579_IDENTIFIER',1095),(400,NULL,'DE_E_297_563_IDENTIFIER',1096),(401,'PARENT_SPECIMEN_ID',NULL,1097),(402,'PARENT_SPECIMEN_ID',NULL,1098),(403,NULL,'DE_E_297_417_IDENTIFIER',1099),(404,NULL,'DE_E_297_427_IDENTIFIER',1100),(405,NULL,'DE_E_297_438_IDENTIFIER',1101),(406,NULL,'DE_E_297_448_IDENTIFIER',1102),(407,NULL,'DE_E_297_460_IDENTIFIER',1103),(408,NULL,'DE_E_297_476_IDENTIFIER',1104),(409,NULL,'DE_E_297_487_IDENTIFIER',1105),(410,NULL,'DE_E_297_498_IDENTIFIER',1106),(411,NULL,'DE_E_297_508_IDENTIFIER',1107),(412,NULL,'DE_E_297_537_IDENTIFIER',1108),(413,NULL,'DE_E_297_540_IDENTIFIER',1109),(414,NULL,'DE_E_297_552_IDENTIFIER',1110),(415,'SPECIMEN_COLLECTION_GROUP_ID',NULL,298),(416,'SPECIMEN_COLLECTION_GROUP_ID',NULL,299),(417,'SPECIMEN_COLLECTION_GROUP_ID',NULL,300),(418,NULL,'DE_E_297_301_IDENTIFIER',301),(419,NULL,'DE_E_297_302_IDENTIFIER',302),(420,NULL,'DE_E_297_303_IDENTIFIER',303),(421,NULL,'DE_E_297_304_IDENTIFIER',304),(422,NULL,'DE_E_297_305_IDENTIFIER',305),(423,NULL,'DE_E_297_306_IDENTIFIER',306),(424,'SPECIMEN_CHARACTERISTICS_ID',NULL,307),(439,NULL,'AVAILABLE_QUANTITY',322),(440,NULL,'AVAILABLE_QUANTITY',323),(441,NULL,'AVAILABLE_QUANTITY',324),(442,NULL,'AVAILABLE_QUANTITY',325),(443,NULL,'AVAILABLE_QUANTITY',326),(444,NULL,'QUANTITY',327),(445,NULL,'QUANTITY',328),(446,NULL,'QUANTITY',329),(447,NULL,'QUANTITY',330),(448,NULL,'QUANTITY',331),(449,'STORAGE_CONTAINER_IDENTIFIER',NULL,332),(451,'DE_E_T_333_966_IDENTIFIER','DE_E_S_965_966_IDENTIFIER',1111),(452,NULL,'DE_E_333_903_IDENTIFIER',1112),(453,'PARENT_SPECIMEN_ID',NULL,1113),(454,'PARENT_SPECIMEN_ID',NULL,1114),(455,'PARENT_SPECIMEN_ID',NULL,1115),(456,'PARENT_SPECIMEN_ID',NULL,1116),(457,NULL,'DE_E_333_634_IDENTIFIER',1117),(458,NULL,'DE_E_333_624_IDENTIFIER',1118),(459,NULL,'DE_E_333_612_IDENTIFIER',1119),(460,NULL,'DE_E_333_600_IDENTIFIER',1120),(461,NULL,'DE_E_333_589_IDENTIFIER',1121),(462,NULL,'DE_E_333_578_IDENTIFIER',1122),(463,'PARENT_SPECIMEN_ID',NULL,1123),(464,NULL,'DE_E_333_416_IDENTIFIER',1124),(465,NULL,'DE_E_333_426_IDENTIFIER',1125),(466,NULL,'DE_E_333_437_IDENTIFIER',1126),(467,NULL,'DE_E_333_447_IDENTIFIER',1127),(468,NULL,'DE_E_333_459_IDENTIFIER',1128),(469,NULL,'DE_E_333_475_IDENTIFIER',1129),(470,NULL,'DE_E_333_486_IDENTIFIER',1130),(471,NULL,'DE_E_333_497_IDENTIFIER',1131),(472,NULL,'DE_E_333_507_IDENTIFIER',1132),(473,NULL,'DE_E_333_524_IDENTIFIER',1133),(474,NULL,'DE_E_333_539_IDENTIFIER',1134),(475,NULL,'DE_E_333_551_IDENTIFIER',1135),(476,NULL,'DE_E_333_562_IDENTIFIER',1136),(477,'SPECIMEN_COLLECTION_GROUP_ID',NULL,334),(478,'SPECIMEN_COLLECTION_GROUP_ID',NULL,335),(479,'SPECIMEN_COLLECTION_GROUP_ID',NULL,336),(480,NULL,'DE_E_333_337_IDENTIFIER',337),(481,NULL,'DE_E_333_338_IDENTIFIER',338),(482,NULL,'DE_E_333_339_IDENTIFIER',339),(483,NULL,'DE_E_333_340_IDENTIFIER',340),(484,NULL,'DE_E_333_341_IDENTIFIER',341),(485,NULL,'DE_E_333_342_IDENTIFIER',342),(486,'SPECIMEN_CHARACTERISTICS_ID',NULL,343),(501,NULL,'AVAILABLE_QUANTITY',358),(502,NULL,'AVAILABLE_QUANTITY',359),(503,NULL,'AVAILABLE_QUANTITY',360),(504,NULL,'AVAILABLE_QUANTITY',361),(505,NULL,'AVAILABLE_QUANTITY',362),(506,NULL,'QUANTITY',363),(507,NULL,'QUANTITY',364),(508,NULL,'QUANTITY',365),(509,NULL,'QUANTITY',366),(510,NULL,'QUANTITY',367),(511,'STORAGE_CONTAINER_IDENTIFIER',NULL,368),(513,'CONSENT_TIER_ID',NULL,370),(517,NULL,'SPECIMEN_COLLECTION_GROUP_ID',1137),(518,NULL,'SPECIMEN_COLLECTION_GROUP_ID',1138),(519,NULL,'SPECIMEN_COLLECTION_GROUP_ID',1139),(520,NULL,'SPECIMEN_COLLECTION_GROUP_ID',1140),(521,NULL,'SPECIMEN_COLLECTION_GROUP_ID',1141),(522,'SITE_ID',NULL,374),(528,NULL,'DE_E_379_6_IDENTIFIER',1142),(529,NULL,'DE_E_379_226_IDENTIFIER',1143),(530,NULL,'DE_E_379_263_IDENTIFIER',1144),(531,NULL,'DE_E_379_299_IDENTIFIER',1145),(532,NULL,'DE_E_379_335_IDENTIFIER',1146),(533,NULL,'SCG_ID',1147),(534,'SITE_ID',NULL,380),(535,NULL,'SCG_ID',381),(536,NULL,'SPECIMEN_COLL_GROUP_ID',382),(537,'SPECIMEN_COLL_GRP_ID','IDENTIFIER',383),(538,'SPECIMEN_COLL_GRP_ID','IDENTIFIER',384),(539,'SPECIMEN_COLL_GRP_ID','IDENTIFIER',385),(540,'SPECIMEN_COLL_GRP_ID','IDENTIFIER',386),(541,'SPECIMEN_COLL_GRP_ID','IDENTIFIER',387),(542,'SPECIMEN_COLL_GRP_ID','IDENTIFIER',388),(543,'SPECIMEN_COLL_GRP_ID','IDENTIFIER',389),(544,'COLLECTION_PROTOCOL_EVENT_ID',NULL,390),(553,'SPECIMEN_COLL_GRP_ID','IDENTIFIER',399),(554,'SPECIMEN_COLL_GRP_ID','IDENTIFIER',400),(555,'SPECIMEN_COLL_GRP_ID','IDENTIFIER',401),(556,'SPECIMEN_COLL_GRP_ID','IDENTIFIER',402),(557,'SPECIMEN_COLL_GRP_ID','IDENTIFIER',403),(558,'SPECIMEN_COLL_GRP_ID','IDENTIFIER',404),(559,'SPECIMEN_COLL_GRP_ID','IDENTIFIER',405),(560,'SPECIMEN_COLL_GRP_ID','IDENTIFIER',406),(561,'SPECIMEN_COLL_GRP_ID','IDENTIFIER',407),(562,'SPECIMEN_COLL_GRP_ID','IDENTIFIER',408),(563,'SPECIMEN_COLL_GRP_ID','IDENTIFIER',409),(564,'SPECIMEN_COLL_GRP_ID','IDENTIFIER',410),(570,'DE_E_T_415_389_IDENTIFIER','DE_E_S_379_389_IDENTIFIER',1148),(571,'SPECIMEN_ID',NULL,416),(572,'SPECIMEN_ID',NULL,417),(573,'SPECIMEN_ID',NULL,418),(574,'SPECIMEN_ID',NULL,419),(575,'SPECIMEN_ID',NULL,420),(576,'USER_ID',NULL,421),(581,'DE_E_T_425_410_IDENTIFIER','DE_E_S_379_410_IDENTIFIER',1149),(582,'SPECIMEN_ID',NULL,426),(583,'SPECIMEN_ID',NULL,427),(584,'SPECIMEN_ID',NULL,428),(585,'SPECIMEN_ID',NULL,429),(586,'SPECIMEN_ID',NULL,430),(587,'USER_ID',NULL,431),(593,'DE_E_T_436_409_IDENTIFIER','DE_E_S_379_409_IDENTIFIER',1150),(594,'SPECIMEN_ID',NULL,437),(595,'SPECIMEN_ID',NULL,438),(596,'SPECIMEN_ID',NULL,439),(597,'SPECIMEN_ID',NULL,440),(598,'SPECIMEN_ID',NULL,441),(599,'USER_ID',NULL,442),(604,'DE_E_T_446_408_IDENTIFIER','DE_E_S_379_408_IDENTIFIER',1151),(605,'SPECIMEN_ID',NULL,447),(606,'SPECIMEN_ID',NULL,448),(607,'SPECIMEN_ID',NULL,449),(608,'SPECIMEN_ID',NULL,450),(609,'SPECIMEN_ID',NULL,451),(610,'USER_ID',NULL,452),(617,'DE_E_T_458_407_IDENTIFIER','DE_E_S_379_407_IDENTIFIER',1152),(618,'SPECIMEN_ID',NULL,459),(619,'SPECIMEN_ID',NULL,460),(627,'FROM_STORAGE_CONTAINER_ID',NULL,468),(628,'TO_STORAGE_CONTAINER_ID',NULL,469),(629,'USER_ID',NULL,470),(630,'SPECIMEN_ID',NULL,471),(631,'SPECIMEN_ID',NULL,472),(632,'SPECIMEN_ID',NULL,473),(634,'DE_E_T_474_406_IDENTIFIER','DE_E_S_379_406_IDENTIFIER',1153),(635,'SPECIMEN_ID',NULL,475),(636,'SPECIMEN_ID',NULL,476),(637,'SPECIMEN_ID',NULL,477),(638,'SPECIMEN_ID',NULL,478),(639,'SPECIMEN_ID',NULL,479),(640,'USER_ID',NULL,480),(646,'DE_E_T_485_405_IDENTIFIER','DE_E_S_379_405_IDENTIFIER',1154),(647,'SPECIMEN_ID',NULL,486),(648,'SPECIMEN_ID',NULL,487),(649,'SPECIMEN_ID',NULL,488),(650,'SPECIMEN_ID',NULL,489),(651,'SPECIMEN_ID',NULL,490),(652,'USER_ID',NULL,491),(658,'DE_E_T_496_400_IDENTIFIER','DE_E_S_379_400_IDENTIFIER',1155),(659,'SPECIMEN_ID',NULL,497),(660,'SPECIMEN_ID',NULL,498),(661,'SPECIMEN_ID',NULL,499),(662,'SPECIMEN_ID',NULL,500),(663,'SPECIMEN_ID',NULL,501),(664,'USER_ID',NULL,502),(669,'DE_E_T_506_404_IDENTIFIER','DE_E_S_379_404_IDENTIFIER',1156),(670,'SPECIMEN_ID',NULL,507),(671,'SPECIMEN_ID',NULL,508),(672,'SPECIMEN_ID',NULL,509),(683,'USER_ID',NULL,520),(684,'SPECIMEN_ID',NULL,521),(685,'SPECIMEN_ID',NULL,522),(687,'DE_E_T_523_403_IDENTIFIER','DE_E_S_379_403_IDENTIFIER',1157),(688,'SPECIMEN_ID',NULL,524),(697,'USER_ID',NULL,533),(698,'SPECIMEN_ID',NULL,534),(699,'SPECIMEN_ID',NULL,535),(700,'SPECIMEN_ID',NULL,536),(701,'SPECIMEN_ID',NULL,537),(703,'DE_E_T_538_402_IDENTIFIER','DE_E_S_379_402_IDENTIFIER',1158),(704,'SPECIMEN_ID',NULL,539),(705,'SPECIMEN_ID',NULL,540),(706,'SPECIMEN_ID',NULL,541),(707,'SPECIMEN_ID',NULL,542),(708,'SPECIMEN_ID',NULL,543),(709,'USER_ID',NULL,544),(716,'DE_E_T_550_401_IDENTIFIER','DE_E_S_379_401_IDENTIFIER',1159),(717,'SPECIMEN_ID',NULL,551),(718,'SPECIMEN_ID',NULL,552),(719,'SPECIMEN_ID',NULL,553),(720,'SPECIMEN_ID',NULL,554),(721,'SPECIMEN_ID',NULL,555),(722,'USER_ID',NULL,556),(728,'DE_E_T_561_399_IDENTIFIER','DE_E_S_379_399_IDENTIFIER',1160),(729,'SPECIMEN_ID',NULL,562),(730,'SPECIMEN_ID',NULL,563),(731,'SPECIMEN_ID',NULL,564),(732,'SPECIMEN_ID',NULL,565),(733,'SPECIMEN_ID',NULL,566),(734,'USER_ID',NULL,567),(740,'COLLECTION_PROTOCOL_ID',NULL,573),(745,'DE_E_T_577_388_IDENTIFIER','DE_E_S_379_388_IDENTIFIER',1161),(746,'SPECIMEN_ID',NULL,578),(747,'SPECIMEN_ID',NULL,579),(748,'SPECIMEN_ID',NULL,580),(749,'SPECIMEN_ID',NULL,581),(750,'SPECIMEN_ID',NULL,582),(751,'USER_ID',NULL,583),(757,'DE_E_T_588_387_IDENTIFIER','DE_E_S_379_387_IDENTIFIER',1162),(758,'DE_E_333_589_IDENTIFIER',NULL,589),(759,'DE_E_297_590_IDENTIFIER',NULL,590),(760,'DE_E_261_591_IDENTIFIER',NULL,591),(761,'DE_E_224_592_IDENTIFIER',NULL,592),(762,'DE_E_4_593_IDENTIFIER',NULL,593),(763,'DE_E_97_594_IDENTIFIER',NULL,594),(769,'DE_E_T_599_386_IDENTIFIER','DE_E_S_379_386_IDENTIFIER',1163),(770,'SPECIMEN_ID',NULL,600),(771,'SPECIMEN_ID',NULL,601),(772,'SPECIMEN_ID',NULL,602),(773,'SPECIMEN_ID',NULL,603),(774,'SPECIMEN_ID',NULL,604),(775,'USER_ID',NULL,605),(782,'DE_E_T_611_385_IDENTIFIER','DE_E_S_379_385_IDENTIFIER',1164),(783,'SPECIMEN_ID',NULL,612),(784,'SPECIMEN_ID',NULL,613),(785,'SPECIMEN_ID',NULL,614),(786,'SPECIMEN_ID',NULL,615),(787,'SPECIMEN_ID',NULL,616),(788,'USER_ID',NULL,617),(795,'DE_E_T_623_384_IDENTIFIER','DE_E_S_379_384_IDENTIFIER',1165),(796,'DE_E_333_624_IDENTIFIER',NULL,624),(797,'DE_E_297_625_IDENTIFIER',NULL,625),(798,'DE_E_261_626_IDENTIFIER',NULL,626),(799,'DE_E_224_627_IDENTIFIER',NULL,627),(800,'DE_E_4_628_IDENTIFIER',NULL,628),(801,'DE_E_97_629_IDENTIFIER',NULL,629),(806,'DE_E_T_633_383_IDENTIFIER','DE_E_S_379_383_IDENTIFIER',1166),(807,'SPECIMEN_ID',NULL,634),(808,'SPECIMEN_ID',NULL,635),(809,'SPECIMEN_ID',NULL,636),(810,'SPECIMEN_ID',NULL,637),(811,'SPECIMEN_ID',NULL,638),(812,'USER_ID',NULL,639),(819,'DE_E_676_646_IDENTIFIER',NULL,646),(820,NULL,'REPORT_ID',647),(821,'DE_E_668_648_IDENTIFIER',NULL,648),(822,NULL,'DE_E_645_649_IDENTIFIER',649),(823,'SOURCE_ID',NULL,650),(832,'DE_E_679_683_IDENTIFIER','REPORT_ID',1167),(833,'DE_E_690_696_IDENTIFIER','REPORT_ID',1168),(834,'DE_E_645_649_IDENTIFIER','REPORT_ID',1169),(835,NULL,'TEXT_CONTENT_ID',659),(839,'TEXT_CONTENT_ID',NULL,1170),(849,'REPORT_ID',NULL,1171),(850,'REPORT_ID',NULL,1172),(851,'REPORT_ID',NULL,1173),(860,'SCG_ID',NULL,1174),(861,'DE_E_676_680_IDENTIFIER',NULL,680),(862,NULL,'DE_E_679_681_IDENTIFIER',681),(863,'DE_E_668_682_IDENTIFIER',NULL,682),(864,NULL,'DE_E_679_683_IDENTIFIER',683),(865,NULL,'DEID_REPORT',684),(866,'SOURCE_ID',NULL,685),(872,NULL,'DEID_REPORT_ID',1175),(873,NULL,'DEIDENTIFIED_REPORT_ID',691),(874,'DE_E_676_692_IDENTIFIER',NULL,692),(875,NULL,'DE_E_690_693_IDENTIFIER',693),(876,'DE_E_668_694_IDENTIFIER',NULL,694),(877,'SCG_ID',NULL,695),(878,NULL,'DE_E_690_696_IDENTIFIER',696),(879,'SOURCE_ID',NULL,697),(886,'DEIDENTIFIED_REPORT_ID',NULL,1176),(887,'CONCEPT_ID',NULL,704),(888,'CONCEPT_CLASSIFICATION_ID',NULL,705),(895,NULL,'CONCEPT_CLASSIFICATION_ID',1177),(899,NULL,'CONCEPT_ID',1178),(900,'SEMANTIC_TYPE_ID',NULL,715),(908,NULL,'DE_E_722_5_IDENTIFIER',1179),(909,NULL,'DE_E_722_225_IDENTIFIER',1180),(910,NULL,'DE_E_722_262_IDENTIFIER',1181),(911,NULL,'DE_E_722_298_IDENTIFIER',1182),(912,NULL,'DE_E_722_334_IDENTIFIER',1183),(913,'SITE_ID',NULL,723),(914,NULL,'DE_E_722_724_IDENTIFIER',724),(920,NULL,'REQUESTED_QUANTITY',730),(921,NULL,'REQUESTED_QUANTITY',731),(922,NULL,'REQUESTED_QUANTITY',732),(923,NULL,'REQUESTED_QUANTITY',733),(924,NULL,'REQUESTED_QUANTITY',734),(925,'ORDER_ID',NULL,735),(926,'DISTRIBUTED_ITEM_ID',NULL,736),(932,NULL,'SPECIMEN_ARRAY_ID',742),(933,NULL,'QUANTITY',743),(934,NULL,'QUANTITY',744),(935,NULL,'QUANTITY',745),(936,NULL,'QUANTITY',746),(937,NULL,'QUANTITY',747),(938,'SPECIMEN_ID',NULL,748),(939,'SPECIMEN_ID',NULL,749),(940,'SPECIMEN_ID',NULL,750),(941,'SPECIMEN_ID',NULL,751),(942,'SPECIMEN_ID',NULL,752),(943,'DISTRIBUTION_ID',NULL,753),(945,NULL,'DISTRIBUTION_ID',1184),(946,'DISTRIBUTION_PROTOCOL_ID',NULL,755),(947,'USER_ID',NULL,756),(948,'TO_SITE_ID',NULL,757),(954,NULL,'ORDER_ID',1185),(955,NULL,'ORDER_ID',1186),(956,NULL,'ORDER_ID',1187),(957,NULL,'ORDER_ID',1188),(958,NULL,'ORDER_ID',1189),(959,NULL,'ORDER_ID',1190),(960,NULL,'ORDER_ID',1191),(961,NULL,'ORDER_ID',1192),(962,NULL,'ORDER_ID',1193),(963,'ORDER_ID','IDENTIFIER',763),(964,'DISTRIBUTION_PROTOCOL_ID',NULL,764),(971,'ARRAY_ORDER_ITEM_ID',NULL,1194),(972,NULL,'REQUESTED_QUANTITY',771),(973,NULL,'REQUESTED_QUANTITY',772),(974,NULL,'REQUESTED_QUANTITY',773),(975,NULL,'REQUESTED_QUANTITY',774),(976,NULL,'REQUESTED_QUANTITY',775),(977,'ORDER_ID',NULL,776),(978,'DISTRIBUTED_ITEM_ID',NULL,777),(983,'DE_E_868_880_IDENTIFIER',NULL,1195),(984,NULL,'DE_E_781_782_IDENTIFIER',782),(985,NULL,'DE_E_781_783_IDENTIFIER',783),(986,NULL,'DE_E_781_784_IDENTIFIER',784),(987,NULL,'DE_E_781_785_IDENTIFIER',785),(988,NULL,'DE_E_781_786_IDENTIFIER',786),(989,'DE_E_762_787_IDENTIFIER',NULL,787),(990,'DE_E_740_788_IDENTIFIER',NULL,788),(997,'ARRAY_ORDER_ITEM_ID',NULL,1196),(998,NULL,'REQUESTED_QUANTITY',795),(999,NULL,'REQUESTED_QUANTITY',796),(1000,NULL,'REQUESTED_QUANTITY',797),(1001,NULL,'REQUESTED_QUANTITY',798),(1009,'DISTRIBUTED_ITEM_ID',NULL,806),(1010,'ORDER_ID',NULL,807),(1011,'SPECIMEN_COLL_GROUP_ID',NULL,808),(1012,'SPECIMEN_COLL_GROUP_ID',NULL,809),(1013,'SPECIMEN_COLL_GROUP_ID',NULL,810),(1014,NULL,'REQUESTED_QUANTITY',811),(1016,'ARRAY_ORDER_ITEM_ID',NULL,1197),(1017,NULL,'REQUESTED_QUANTITY',813),(1018,NULL,'REQUESTED_QUANTITY',814),(1019,NULL,'REQUESTED_QUANTITY',815),(1020,NULL,'REQUESTED_QUANTITY',816),(1026,'DISTRIBUTED_ITEM_ID',NULL,822),(1027,'ORDER_ID',NULL,823),(1028,'SPECIMEN_ID',NULL,824),(1029,'SPECIMEN_ID',NULL,825),(1030,'SPECIMEN_ID',NULL,826),(1031,'SPECIMEN_ID',NULL,827),(1032,'SPECIMEN_ID',NULL,828),(1033,NULL,'REQUESTED_QUANTITY',829),(1035,'COLLECTION_PROTOCOL_ID',NULL,831),(1036,'PARTICIPANT_ID',NULL,832),(1037,NULL,'COLLECTION_PROTOCOL_REG_ID',833),(1038,NULL,'COLL_PROT_REG_ID',834),(1039,'CONSENT_WITNESS',NULL,835),(1045,'CONSENT_TIER_ID',NULL,841),(1049,NULL,'PARTICIPANT_ID',1198),(1050,NULL,'PARTICIPANT_ID',1199),(1064,NULL,'DE_E_857_858_IDENTIFIER',858),(1065,NULL,'DE_E_857_859_IDENTIFIER',859),(1066,NULL,'DE_E_857_860_IDENTIFIER',860),(1067,NULL,'DE_E_857_861_IDENTIFIER',861),(1068,NULL,'DE_E_857_862_IDENTIFIER',862),(1069,'DE_E_762_863_IDENTIFIER',NULL,863),(1070,'DE_E_740_864_IDENTIFIER',NULL,864),(1075,NULL,'REQUESTED_QUANTITY',869),(1076,NULL,'REQUESTED_QUANTITY',870),(1077,NULL,'REQUESTED_QUANTITY',871),(1078,NULL,'REQUESTED_QUANTITY',872),(1083,'DISTRIBUTED_ITEM_ID',NULL,877),(1084,NULL,'ARRAY_ORDER_ITEM_ID',878),(1085,NULL,'ARRAY_ORDER_ITEM_ID',879),(1086,NULL,'ARRAY_ORDER_ITEM_ID',880),(1087,NULL,'ARRAY_ORDER_ITEM_ID',881),(1088,NULL,'ARRAY_ORDER_ITEM_ID',882),(1089,'ORDER_ID',NULL,883),(1090,'ARRAY_TYPE_ID',NULL,884),(1091,NULL,'REQUESTED_QUANTITY',885),(1093,'ARRAY_ORDER_ITEM_ID',NULL,1200),(1094,NULL,'REQUESTED_QUANTITY',887),(1095,NULL,'REQUESTED_QUANTITY',888),(1099,'SPECIMEN_ID',NULL,892),(1100,'SPECIMEN_ID',NULL,893),(1101,'SPECIMEN_ID',NULL,894),(1102,'SPECIMEN_ID',NULL,895),(1103,'SPECIMEN_ID',NULL,896),(1104,'DISTRIBUTED_ITEM_ID',NULL,897),(1105,'ORDER_ID',NULL,898),(1106,NULL,'REQUESTED_QUANTITY',899),(1107,NULL,'REQUESTED_QUANTITY',900),(1108,NULL,'REQUESTED_QUANTITY',901),(1110,'SPECIMEN_ID',NULL,903),(1111,'SPECIMEN_ID',NULL,904),(1112,'SPECIMEN_ID',NULL,905),(1113,'SPECIMEN_ID',NULL,906),(1114,'SPECIMEN_ID',NULL,907),(1119,'DE_E_915_912_IDENTIFIER',NULL,912),(1123,NULL,'DE_E_915_912_IDENTIFIER',1201),(1124,NULL,'DE_E_915_916_IDENTIFIER',916),(1130,NULL,'DE_E_921_976_IDENTIFIER',1202),(1131,'DE_E_915_916_IDENTIFIER',NULL,1203),(1137,'DEID_REPORT_ID',NULL,927),(1143,'SPECIMEN_REQUIREMENT_ID','DISTRIBUTION_PROTOCOL_ID',933),(1144,NULL,'QUANTITY_ID',934),(1145,NULL,'QUANTITY_ID',935),(1146,NULL,'QUANTITY_ID',936),(1147,NULL,'QUANTITY_ID',937),(1148,NULL,'QUANTITY_ID',938),(1155,'SITE_ID',NULL,945),(1156,'PARTICIPANT_ID',NULL,946),(1160,'SPECIMEN_ARRAY_ID',NULL,950),(1161,'SPECIMEN_ID',NULL,951),(1166,NULL,'INITIAL_QUANTITY_ID',956),(1167,NULL,'INITIAL_QUANTITY_ID',957),(1168,NULL,'INITIAL_QUANTITY_ID',958),(1169,NULL,'INITIAL_QUANTITY_ID',959),(1170,NULL,'INITIAL_QUANTITY_ID',960),(1171,'SPECIMEN_ID',NULL,961),(1172,'SPECIMEN_ID',NULL,962),(1173,'SPECIMEN_ID',NULL,963),(1174,'SPECIMEN_ID',NULL,964),(1176,'BIOHAZARD_ID','SPECIMEN_ID',966),(1177,'BIOHAZARD_ID','SPECIMEN_ID',967),(1178,'BIOHAZARD_ID','SPECIMEN_ID',968),(1179,'BIOHAZARD_ID','SPECIMEN_ID',969),(1180,'BIOHAZARD_ID','SPECIMEN_ID',970),(1186,'DE_E_921_976_IDENTIFIER',NULL,976),(1192,NULL,'REQUESTED_QUANTITY',982),(1193,NULL,'REQUESTED_QUANTITY',983),(1194,NULL,'REQUESTED_QUANTITY',984),(1195,NULL,'REQUESTED_QUANTITY',985),(1196,NULL,'REQUESTED_QUANTITY',986),(1197,'SPECIMEN_ARRAY_ID',NULL,987),(1198,'ORDER_ID',NULL,988),(1199,'DISTRIBUTED_ITEM_ID',NULL,989);

/*Table structure for table `dyextn_container` */

DROP TABLE IF EXISTS `dyextn_container`;

CREATE TABLE `dyextn_container` (
  `IDENTIFIER` bigint(20) NOT NULL auto_increment,
  `BUTTON_CSS` varchar(255) default NULL,
  `CAPTION` varchar(255) default NULL,
  `ENTITY_ID` bigint(20) default NULL,
  `MAIN_TABLE_CSS` varchar(255) default NULL,
  `REQUIRED_FIELD_INDICATOR` varchar(255) default NULL,
  `REQUIRED_FIELD_WARNING_MESSAGE` varchar(255) default NULL,
  `TITLE_CSS` varchar(255) default NULL,
  `BASE_CONTAINER_ID` bigint(20) default NULL,
  `ENTITY_GROUP_ID` bigint(20) default NULL,
  `VIEW_ID` bigint(20) default NULL,
  PRIMARY KEY  (`IDENTIFIER`),
  KEY `FK1EAB84E4A1257067` (`BASE_CONTAINER_ID`),
  KEY `FK1EAB84E479F466F7` (`ENTITY_ID`),
  KEY `FK1EAB84E4992A67D7` (`ENTITY_GROUP_ID`),
  KEY `FK1EAB84E445DEFCF5` (`VIEW_ID`),
  CONSTRAINT `FK1EAB84E445DEFCF5` FOREIGN KEY (`VIEW_ID`) REFERENCES `dyextn_view` (`IDENTIFIER`),
  CONSTRAINT `FK1EAB84E479F466F7` FOREIGN KEY (`ENTITY_ID`) REFERENCES `dyextn_entity` (`IDENTIFIER`),
  CONSTRAINT `FK1EAB84E4992A67D7` FOREIGN KEY (`ENTITY_GROUP_ID`) REFERENCES `dyextn_entity_group` (`IDENTIFIER`),
  CONSTRAINT `FK1EAB84E4A1257067` FOREIGN KEY (`BASE_CONTAINER_ID`) REFERENCES `dyextn_container` (`IDENTIFIER`)
) ENGINE=InnoDB DEFAULT CHARSET=latin1;

/*Data for the table `dyextn_container` */

/*Table structure for table `dyextn_containment_control` */

DROP TABLE IF EXISTS `dyextn_containment_control`;

CREATE TABLE `dyextn_containment_control` (
  `IDENTIFIER` bigint(20) NOT NULL default '0',
  `DISPLAY_CONTAINER_ID` bigint(20) default NULL,
  PRIMARY KEY  (`IDENTIFIER`),
  KEY `FK3F9D4AD3F7798636` (`DISPLAY_CONTAINER_ID`),
  KEY `FK3F9D4AD3BC7298A9` (`IDENTIFIER`),
  CONSTRAINT `FK3F9D4AD3BC7298A9` FOREIGN KEY (`IDENTIFIER`) REFERENCES `dyextn_control` (`IDENTIFIER`),
  CONSTRAINT `FK3F9D4AD3F7798636` FOREIGN KEY (`DISPLAY_CONTAINER_ID`) REFERENCES `dyextn_container` (`IDENTIFIER`)
) ENGINE=InnoDB DEFAULT CHARSET=latin1;

/*Data for the table `dyextn_containment_control` */

/*Table structure for table `dyextn_control` */

DROP TABLE IF EXISTS `dyextn_control`;

CREATE TABLE `dyextn_control` (
  `IDENTIFIER` bigint(20) NOT NULL auto_increment,
  `CAPTION` varchar(255) default NULL,
  `CSS_CLASS` varchar(255) default NULL,
  `HIDDEN` tinyint(1) default NULL,
  `NAME` varchar(255) default NULL,
  `SEQUENCE_NUMBER` int(11) default NULL,
  `TOOLTIP` varchar(255) default NULL,
  `ABSTRACT_ATTRIBUTE_ID` bigint(20) default NULL,
  `CONTAINER_ID` bigint(20) default NULL,
  PRIMARY KEY  (`IDENTIFIER`),
  KEY `FK70FB5E80A67822BB` (`ABSTRACT_ATTRIBUTE_ID`),
  KEY `FK70FB5E809C6A9B9` (`CONTAINER_ID`),
  CONSTRAINT `FK70FB5E809C6A9B9` FOREIGN KEY (`CONTAINER_ID`) REFERENCES `dyextn_container` (`IDENTIFIER`),
  CONSTRAINT `FK70FB5E80A67822BB` FOREIGN KEY (`ABSTRACT_ATTRIBUTE_ID`) REFERENCES `dyextn_attribute` (`IDENTIFIER`)
) ENGINE=InnoDB DEFAULT CHARSET=latin1;

/*Data for the table `dyextn_control` */

/*Table structure for table `dyextn_data_element` */

DROP TABLE IF EXISTS `dyextn_data_element`;

CREATE TABLE `dyextn_data_element` (
  `IDENTIFIER` bigint(20) NOT NULL auto_increment,
  `ATTRIBUTE_TYPE_INFO_ID` bigint(20) default NULL,
  PRIMARY KEY  (`IDENTIFIER`),
  KEY `FKB1153E48C8D972A` (`ATTRIBUTE_TYPE_INFO_ID`),
  CONSTRAINT `FKB1153E48C8D972A` FOREIGN KEY (`ATTRIBUTE_TYPE_INFO_ID`) REFERENCES `dyextn_attribute_type_info` (`IDENTIFIER`)
) ENGINE=InnoDB DEFAULT CHARSET=latin1;

/*Data for the table `dyextn_data_element` */

insert into `dyextn_data_element` (`IDENTIFIER`,`ATTRIBUTE_TYPE_INFO_ID`) values (1,10),(2,46),(3,61),(4,64),(5,135),(6,136),(7,146),(8,161),(9,175),(10,189),(11,201),(12,203),(13,216),(14,223),(15,235),(16,255),(17,273),(18,302),(19,390),(20,394),(21,397),(22,401),(23,429),(24,443);

/*Table structure for table `dyextn_data_grid` */

DROP TABLE IF EXISTS `dyextn_data_grid`;

CREATE TABLE `dyextn_data_grid` (
  `IDENTIFIER` bigint(20) NOT NULL default '0',
  PRIMARY KEY  (`IDENTIFIER`),
  KEY `FK233EB73EBC7298A9` (`IDENTIFIER`),
  CONSTRAINT `FK233EB73EBC7298A9` FOREIGN KEY (`IDENTIFIER`) REFERENCES `dyextn_control` (`IDENTIFIER`)
) ENGINE=InnoDB DEFAULT CHARSET=latin1;

/*Data for the table `dyextn_data_grid` */

/*Table structure for table `dyextn_database_properties` */

DROP TABLE IF EXISTS `dyextn_database_properties`;

CREATE TABLE `dyextn_database_properties` (
  `IDENTIFIER` bigint(20) NOT NULL auto_increment,
  `NAME` varchar(255) default NULL,
  PRIMARY KEY  (`IDENTIFIER`)
) ENGINE=InnoDB DEFAULT CHARSET=latin1;

/*Data for the table `dyextn_database_properties` */

insert into `dyextn_database_properties` (`IDENTIFIER`,`NAME`) values (1,'DE_E_2'),(2,'DE_AT_3'),(3,'CATISSUE_SPECIMEN'),(4,'CATISSUE_SPECIMEN_BIOHZ_REL'),(5,'DE_E_902'),(6,'DE_E_633'),(7,'DE_E_623'),(8,'DE_E_611'),(9,'DE_E_599'),(10,'DE_E_588'),(11,'DE_E_577'),(12,'DE_E_561'),(13,'DE_E_550'),(14,'DE_E_538'),(15,'DE_E_523'),(16,'DE_E_4'),(17,'DE_E_4'),(18,'DE_E_4'),(19,'DE_E_4'),(20,'DE_E_4'),(21,'DE_E_415'),(22,'DE_E_425'),(23,'DE_E_436'),(24,'DE_E_446'),(25,'DE_E_458'),(26,'DE_E_474'),(27,'DE_E_485'),(28,'DE_E_496'),(29,'DE_E_506'),(30,'DE_E_4'),(31,'DE_E_4'),(32,'DE_E_4'),(33,'DE_E_369'),(34,'DE_E_333'),(35,'DE_E_297'),(36,'DE_E_261'),(37,'DE_E_224'),(38,'DE_E_4'),(39,'DE_E_4'),(40,'IDENTIFIER'),(41,'POSITION_DIMENSION_TWO'),(42,'COLLECTION_STATUS'),(43,'PATHOLOGICAL_STATUS'),(44,'AVAILABLE'),(45,'IS_COLL_PROT_REQ'),(46,'BARCODE'),(47,'CREATED_ON_DATE'),(48,'TYPE'),(49,'LABEL'),(50,'ACTIVITY_STATUS'),(51,'LINEAGE'),(52,'COMMENTS'),(53,'POSITION_DIMENSION_ONE'),(54,'DE_E_206'),(55,'DE_E_217'),(56,'DE_E_214'),(57,'DE_E_211'),(58,'DE_E_208'),(59,'DE_E_206'),(60,'DE_E_217'),(61,'DE_E_214'),(62,'DE_E_211'),(63,'DE_E_208'),(64,'DE_E_4'),(65,'CATISSUE_CONTAINER'),(66,'DE_E_53'),(67,'DE_E_70'),(68,'DE_E_40'),(69,'DE_E_142'),(70,'DE_E_40'),(71,'DE_E_40'),(72,'DE_E_40'),(73,'COMMENTS'),(74,'FULL'),(75,'BARCODE'),(76,'POSITION_DIMENSION_ONE'),(77,'POSITION_DIMENSION_TWO'),(78,'ACTIVITY_STATUS'),(79,'NAME'),(80,'IDENTIFIER'),(81,'CATISSUE_SPECIMEN_ARRAY'),(82,'DE_E_949'),(83,'DE_E_40'),(84,'DE_E_53'),(85,'DE_E_70'),(86,'DE_E_142'),(87,'DE_E_70'),(88,'DE_E_53'),(89,'IDENTIFIER'),(90,'NAME'),(91,'ACTIVITY_STATUS'),(92,'AVAILABLE'),(93,'POSITION_DIMENSION_TWO'),(94,'POSITION_DIMENSION_ONE'),(95,'BARCODE'),(96,'FULL'),(97,'COMMENTS'),(98,'DE_E_157'),(99,'DE_E_53'),(100,'DE_E_53'),(101,'DE_E_53'),(102,'CATISSUE_STORAGE_CONTAINER'),(103,'DE_E_40'),(104,'DE_E_53'),(105,'DE_E_70'),(106,'DE_E_142'),(107,'CATISSUE_CONT_HOLDS_SPARRTYPE'),(108,'CATISSUE_ST_CONT_ST_TYPE_REL'),(109,'CATISSUE_ST_CONT_COLL_PROT_REL'),(110,'DE_E_70'),(111,'IDENTIFIER'),(112,'NAME'),(113,'ACTIVITY_STATUS'),(114,'POSITION_DIMENSION_TWO'),(115,'POSITION_DIMENSION_ONE'),(116,'BARCODE'),(117,'FULL'),(118,'COMMENTS'),(119,'TEMPERATURE'),(120,'DE_E_146'),(121,'DE_E_70'),(122,'DE_E_70'),(123,'DE_E_70'),(124,'CATISSUE_SITE'),(125,'DE_E_116'),(126,'DE_E_89'),(127,'ACTIVITY_STATUS'),(128,'NAME'),(129,'IDENTIFIER'),(130,'EMAIL_ADDRESS'),(131,'TYPE'),(132,'CATISSUE_USER'),(133,'CATISSUE_COLL_COORDINATORS'),(134,'DE_E_97'),(135,'LAST_NAME'),(136,'CSM_USER_ID'),(137,'IDENTIFIER'),(138,'START_DATE'),(139,'ACTIVITY_STATUS'),(140,'FIRST_NAME'),(141,'STATUS_COMMENT'),(142,'LOGIN_NAME'),(143,'EMAIL_ADDRESS'),(144,'DE_E_97'),(145,'DE_E_97'),(146,'DE_E_116'),(147,'DE_E_112'),(148,'CATISSUE_PASSWORD'),(149,'PASSWORD'),(150,'UPDATE_DATE'),(151,'IDENTIFIER'),(152,'CATISSUE_ADDRESS'),(153,'FAX_NUMBER'),(154,'CITY'),(155,'STATE'),(156,'ZIPCODE'),(157,'PHONE_NUMBER'),(158,'COUNTRY'),(159,'STREET'),(160,'IDENTIFIER'),(161,'CATISSUE_INSTITUTION'),(162,'NAME'),(163,'IDENTIFIER'),(164,'CATISSUE_CANCER_RESEARCH_GROUP'),(165,'NAME'),(166,'IDENTIFIER'),(167,'CATISSUE_DEPARTMENT'),(168,'NAME'),(169,'IDENTIFIER'),(170,'CATISSUE_CONTAINER_TYPE'),(171,'DE_E_142'),(172,'ACTIVITY_STATUS'),(173,'ONE_DIMENSION_LABEL'),(174,'COMMENTS'),(175,'TWO_DIMENSION_LABEL'),(176,'NAME'),(177,'IDENTIFIER'),(178,'CATISSUE_CAPACITY'),(179,'ONE_DIMENSION_CAPACITY'),(180,'TWO_DIMENSION_CAPACITY'),(181,'IDENTIFIER'),(182,'CATISSUE_STORAGE_TYPE'),(183,'CATISSUE_STORTY_HOLDS_SPARRTY'),(184,'DE_E_142'),(185,'CATISSUE_STOR_TYPE_HOLDS_TYPE'),(186,'ACTIVITY_STATUS'),(187,'ONE_DIMENSION_LABEL'),(188,'COMMENTS'),(189,'DEFAULT_TEMPERATURE'),(190,'TWO_DIMENSION_LABEL'),(191,'NAME'),(192,'IDENTIFIER'),(193,'CATISSUE_SPECIMEN_ARRAY_TYPE'),(194,'DE_E_142'),(195,'ACTIVITY_STATUS'),(196,'ONE_DIMENSION_LABEL'),(197,'COMMENTS'),(198,'TWO_DIMENSION_LABEL'),(199,'SPECIMEN_CLASS'),(200,'NAME'),(201,'IDENTIFIER'),(202,'CATISSUE_SPECIMEN_PROTOCOL'),(203,'DE_E_166'),(204,'START_DATE'),(205,'TITLE'),(206,'ACTIVITY_STATUS'),(207,'IRB_IDENTIFIER'),(208,'ENROLLMENT'),(209,'SHORT_TITLE'),(210,'DESCRIPTION_URL'),(211,'END_DATE'),(212,'IDENTIFIER'),(213,'CATISSUE_COLLECTION_PROTOCOL'),(214,'DE_E_572'),(215,'DE_E_203'),(216,'IDENTIFIER'),(217,'END_DATE'),(218,'DESCRIPTION_URL'),(219,'SHORT_TITLE'),(220,'ENROLLMENT'),(221,'IRB_IDENTIFIER'),(222,'ALIQUOT_IN_SAME_CONTAINER'),(223,'ACTIVITY_STATUS'),(224,'TITLE'),(225,'START_DATE'),(226,'DE_E_177'),(227,'CATISSUE_COLL_COORDINATORS'),(228,'CATISSUE_COLL_DISTRIBUTION_REL'),(229,'CATISSUE_DISTRIBUTION_PROTOCOL'),(230,'CATISSUE_DISTRIBUTION_SPE_REQ'),(231,'CATISSUE_COLL_DISTRIBUTION_REL'),(232,'DE_E_192'),(233,'START_DATE'),(234,'TITLE'),(235,'ACTIVITY_STATUS'),(236,'IRB_IDENTIFIER'),(237,'ENROLLMENT'),(238,'SHORT_TITLE'),(239,'IDENTIFIER'),(240,'END_DATE'),(241,'DESCRIPTION_URL'),(242,'CATISSUE_CONSENT_TIER'),(243,'STATEMENT'),(244,'IDENTIFIER'),(245,'CATISSUE_QUANTITY'),(246,'IDENTIFIER'),(247,'DE_E_208'),(248,'DE_AT_209'),(249,'DE_AT_210'),(250,'DE_E_211'),(251,'DE_AT_212'),(252,'DE_AT_213'),(253,'DE_E_214'),(254,'DE_AT_215'),(255,'DE_AT_216'),(256,'DE_E_217'),(257,'DE_AT_218'),(258,'DE_AT_219'),(259,'CATISSUE_SPECIMEN_CHAR'),(260,'TISSUE_SIDE'),(261,'TISSUE_SITE'),(262,'IDENTIFIER'),(263,'CATISSUE_SPECIMEN'),(264,'DE_AS_965_224_969'),(265,'DE_E_902'),(266,'DE_E_224'),(267,'DE_E_633'),(268,'DE_E_623'),(269,'DE_E_611'),(270,'DE_E_599'),(271,'DE_E_588'),(272,'DE_E_577'),(273,'DE_E_561'),(274,'DE_E_550'),(275,'DE_E_538'),(276,'DE_E_523'),(277,'DE_E_224'),(278,'DE_E_224'),(279,'DE_E_224'),(280,'DE_E_224'),(281,'DE_E_415'),(282,'DE_E_425'),(283,'DE_E_436'),(284,'DE_E_446'),(285,'DE_E_458'),(286,'DE_E_474'),(287,'DE_E_485'),(288,'DE_E_496'),(289,'DE_E_506'),(290,'DE_E_224'),(291,'DE_E_224'),(292,'DE_E_224'),(293,'DE_E_369'),(294,'DE_E_333'),(295,'DE_E_297'),(296,'DE_E_261'),(297,'DE_E_224'),(298,'DE_E_4'),(299,'DE_E_224'),(300,'DE_E_224'),(301,'IDENTIFIER'),(302,'POSITION_DIMENSION_TWO'),(303,'COLLECTION_STATUS'),(304,'PATHOLOGICAL_STATUS'),(305,'AVAILABLE'),(306,'IS_COLL_PROT_REQ'),(307,'BARCODE'),(308,'CREATED_ON_DATE'),(309,'TYPE'),(310,'LABEL'),(311,'ACTIVITY_STATUS'),(312,'LINEAGE'),(313,'COMMENTS'),(314,'CONCENTRATION'),(315,'POSITION_DIMENSION_ONE'),(316,'DE_E_206'),(317,'DE_E_217'),(318,'DE_E_214'),(319,'DE_E_211'),(320,'DE_E_208'),(321,'DE_E_206'),(322,'DE_E_217'),(323,'DE_E_214'),(324,'DE_E_211'),(325,'DE_E_208'),(326,'CATISSUE_SPECIMEN'),(327,'DE_AS_965_261_968'),(328,'DE_E_902'),(329,'DE_E_261'),(330,'DE_E_261'),(331,'DE_E_633'),(332,'DE_E_623'),(333,'DE_E_611'),(334,'DE_E_599'),(335,'DE_E_588'),(336,'DE_E_577'),(337,'DE_E_561'),(338,'DE_E_550'),(339,'DE_E_261'),(340,'DE_E_261'),(341,'DE_E_261'),(342,'DE_E_415'),(343,'DE_E_425'),(344,'DE_E_436'),(345,'DE_E_446'),(346,'DE_E_458'),(347,'DE_E_474'),(348,'DE_E_485'),(349,'DE_E_496'),(350,'DE_E_506'),(351,'DE_E_523'),(352,'DE_E_538'),(353,'DE_E_261'),(354,'DE_E_261'),(355,'DE_E_261'),(356,'DE_E_369'),(357,'DE_E_333'),(358,'DE_E_297'),(359,'DE_E_261'),(360,'DE_E_224'),(361,'DE_E_4'),(362,'DE_E_261'),(363,'IDENTIFIER'),(364,'POSITION_DIMENSION_TWO'),(365,'COLLECTION_STATUS'),(366,'PATHOLOGICAL_STATUS'),(367,'AVAILABLE'),(368,'IS_COLL_PROT_REQ'),(369,'BARCODE'),(370,'CREATED_ON_DATE'),(371,'TYPE'),(372,'LABEL'),(373,'ACTIVITY_STATUS'),(374,'LINEAGE'),(375,'COMMENTS'),(376,'POSITION_DIMENSION_ONE'),(377,'DE_E_206'),(378,'DE_E_217'),(379,'DE_E_214'),(380,'DE_E_211'),(381,'DE_E_208'),(382,'DE_E_206'),(383,'DE_E_217'),(384,'DE_E_214'),(385,'DE_E_211'),(386,'DE_E_208'),(387,'DE_E_261'),(388,'CATISSUE_SPECIMEN'),(389,'DE_AS_965_297_967'),(390,'DE_E_902'),(391,'DE_E_297'),(392,'DE_E_297'),(393,'DE_E_297'),(394,'DE_E_633'),(395,'DE_E_623'),(396,'DE_E_611'),(397,'DE_E_599'),(398,'DE_E_588'),(399,'DE_E_577'),(400,'DE_E_561'),(401,'DE_E_297'),(402,'DE_E_297'),(403,'DE_E_415'),(404,'DE_E_425'),(405,'DE_E_436'),(406,'DE_E_446'),(407,'DE_E_458'),(408,'DE_E_474'),(409,'DE_E_485'),(410,'DE_E_496'),(411,'DE_E_506'),(412,'DE_E_523'),(413,'DE_E_538'),(414,'DE_E_550'),(415,'DE_E_297'),(416,'DE_E_297'),(417,'DE_E_297'),(418,'DE_E_369'),(419,'DE_E_333'),(420,'DE_E_297'),(421,'DE_E_261'),(422,'DE_E_224'),(423,'DE_E_4'),(424,'DE_E_297'),(425,'IDENTIFIER'),(426,'POSITION_DIMENSION_TWO'),(427,'COLLECTION_STATUS'),(428,'PATHOLOGICAL_STATUS'),(429,'AVAILABLE'),(430,'IS_COLL_PROT_REQ'),(431,'BARCODE'),(432,'CREATED_ON_DATE'),(433,'TYPE'),(434,'LABEL'),(435,'ACTIVITY_STATUS'),(436,'LINEAGE'),(437,'COMMENTS'),(438,'POSITION_DIMENSION_ONE'),(439,'DE_E_206'),(440,'DE_E_217'),(441,'DE_E_214'),(442,'DE_E_211'),(443,'DE_E_208'),(444,'DE_E_206'),(445,'DE_E_217'),(446,'DE_E_214'),(447,'DE_E_211'),(448,'DE_E_208'),(449,'DE_E_297'),(450,'CATISSUE_SPECIMEN'),(451,'DE_AS_965_333_966'),(452,'DE_E_902'),(453,'DE_E_333'),(454,'DE_E_333'),(455,'DE_E_333'),(456,'DE_E_333'),(457,'DE_E_633'),(458,'DE_E_623'),(459,'DE_E_611'),(460,'DE_E_599'),(461,'DE_E_588'),(462,'DE_E_577'),(463,'DE_E_333'),(464,'DE_E_415'),(465,'DE_E_425'),(466,'DE_E_436'),(467,'DE_E_446'),(468,'DE_E_458'),(469,'DE_E_474'),(470,'DE_E_485'),(471,'DE_E_496'),(472,'DE_E_506'),(473,'DE_E_523'),(474,'DE_E_538'),(475,'DE_E_550'),(476,'DE_E_561'),(477,'DE_E_333'),(478,'DE_E_333'),(479,'DE_E_333'),(480,'DE_E_369'),(481,'DE_E_333'),(482,'DE_E_297'),(483,'DE_E_261'),(484,'DE_E_224'),(485,'DE_E_4'),(486,'DE_E_333'),(487,'IDENTIFIER'),(488,'POSITION_DIMENSION_TWO'),(489,'COLLECTION_STATUS'),(490,'PATHOLOGICAL_STATUS'),(491,'AVAILABLE'),(492,'IS_COLL_PROT_REQ'),(493,'BARCODE'),(494,'CREATED_ON_DATE'),(495,'TYPE'),(496,'LABEL'),(497,'ACTIVITY_STATUS'),(498,'LINEAGE'),(499,'COMMENTS'),(500,'POSITION_DIMENSION_ONE'),(501,'DE_E_206'),(502,'DE_E_217'),(503,'DE_E_214'),(504,'DE_E_211'),(505,'DE_E_208'),(506,'DE_E_206'),(507,'DE_E_217'),(508,'DE_E_214'),(509,'DE_E_211'),(510,'DE_E_208'),(511,'DE_E_333'),(512,'CATISSUE_CONSENT_TIER_STATUS'),(513,'DE_E_369'),(514,'STATUS'),(515,'IDENTIFIER'),(516,'CATISSUE_ABS_SPECI_COLL_GROUP'),(517,'DE_E_4'),(518,'DE_E_224'),(519,'DE_E_261'),(520,'DE_E_297'),(521,'DE_E_333'),(522,'DE_E_373'),(523,'CLINICAL_DIAGNOSIS'),(524,'CLINICAL_STATUS'),(525,'ACTIVITY_STATUS'),(526,'IDENTIFIER'),(527,'CATISSUE_SPECIMEN_COLL_GROUP'),(528,'DE_E_4'),(529,'DE_E_224'),(530,'DE_E_261'),(531,'DE_E_297'),(532,'DE_E_333'),(533,'DE_E_379'),(534,'DE_E_379'),(535,'DE_E_679'),(536,'DE_E_369'),(537,'CATISSUE_SPECIMEN_EVENT_PARAM'),(538,'CATISSUE_SPECIMEN_EVENT_PARAM'),(539,'CATISSUE_SPECIMEN_EVENT_PARAM'),(540,'CATISSUE_SPECIMEN_EVENT_PARAM'),(541,'CATISSUE_SPECIMEN_EVENT_PARAM'),(542,'CATISSUE_SPECIMEN_EVENT_PARAM'),(543,'CATISSUE_SPECIMEN_EVENT_PARAM'),(544,'DE_E_379'),(545,'CLINICAL_DIAGNOSIS'),(546,'NAME'),(547,'CLINICAL_STATUS'),(548,'SURGICAL_PATHOLOGY_NUMBER'),(549,'COLLECTION_STATUS'),(550,'COMMENTS'),(551,'ACTIVITY_STATUS'),(552,'IDENTIFIER'),(553,'CATISSUE_SPECIMEN_EVENT_PARAM'),(554,'CATISSUE_SPECIMEN_EVENT_PARAM'),(555,'CATISSUE_SPECIMEN_EVENT_PARAM'),(556,'CATISSUE_SPECIMEN_EVENT_PARAM'),(557,'CATISSUE_SPECIMEN_EVENT_PARAM'),(558,'CATISSUE_SPECIMEN_EVENT_PARAM'),(559,'CATISSUE_SPECIMEN_EVENT_PARAM'),(560,'CATISSUE_SPECIMEN_EVENT_PARAM'),(561,'CATISSUE_SPECIMEN_EVENT_PARAM'),(562,'CATISSUE_SPECIMEN_EVENT_PARAM'),(563,'CATISSUE_SPECIMEN_EVENT_PARAM'),(564,'CATISSUE_SPECIMEN_EVENT_PARAM'),(565,'DE_E_411'),(566,'DE_AT_412'),(567,'DE_AT_413'),(568,'DE_AT_414'),(569,'CATISSUE_SPECIMEN_EVENT_PARAM'),(570,'DE_AS_379_415_389'),(571,'DE_E_415'),(572,'DE_E_415'),(573,'DE_E_415'),(574,'DE_E_415'),(575,'DE_E_415'),(576,'DE_E_415'),(577,'EVENT_TIMESTAMP'),(578,'COMMENTS'),(579,'IDENTIFIER'),(580,'CATISSUE_EMBEDDED_EVENT_PARAM'),(581,'DE_AS_379_425_410'),(582,'DE_E_425'),(583,'DE_E_425'),(584,'DE_E_425'),(585,'DE_E_425'),(586,'DE_E_425'),(587,'DE_E_425'),(588,'EVENT_TIMESTAMP'),(589,'EMBEDDING_MEDIUM'),(590,'COMMENTS'),(591,'IDENTIFIER'),(592,'CATISSUE_THAW_EVENT_PARAMETERS'),(593,'DE_AS_379_436_409'),(594,'DE_E_436'),(595,'DE_E_436'),(596,'DE_E_436'),(597,'DE_E_436'),(598,'DE_E_436'),(599,'DE_E_436'),(600,'EVENT_TIMESTAMP'),(601,'COMMENTS'),(602,'IDENTIFIER'),(603,'CATISSUE_FIXED_EVENT_PARAM'),(604,'DE_AS_379_446_408'),(605,'DE_E_446'),(606,'DE_E_446'),(607,'DE_E_446'),(608,'DE_E_446'),(609,'DE_E_446'),(610,'DE_E_446'),(611,'EVENT_TIMESTAMP'),(612,'FIXATION_TYPE'),(613,'DURATION_IN_MINUTES'),(614,'COMMENTS'),(615,'IDENTIFIER'),(616,'CATISSUE_TRANSFER_EVENT_PARAM'),(617,'DE_AS_379_458_407'),(618,'DE_E_458'),(619,'DE_E_458'),(620,'IDENTIFIER'),(621,'TO_POSITION_DIMENSION_ONE'),(622,'FROM_POSITION_DIMENSION_ONE'),(623,'TO_POSITION_DIMENSION_TWO'),(624,'COMMENTS'),(625,'FROM_POSITION_DIMENSION_TWO'),(626,'EVENT_TIMESTAMP'),(627,'DE_E_458'),(628,'DE_E_458'),(629,'DE_E_458'),(630,'DE_E_458'),(631,'DE_E_458'),(632,'DE_E_458'),(633,'CATISSUE_RECEIVED_EVENT_PARAM'),(634,'DE_AS_379_474_406'),(635,'DE_E_474'),(636,'DE_E_474'),(637,'DE_E_474'),(638,'DE_E_474'),(639,'DE_E_474'),(640,'DE_E_474'),(641,'EVENT_TIMESTAMP'),(642,'RECEIVED_QUALITY'),(643,'COMMENTS'),(644,'IDENTIFIER'),(645,'CATISSUE_IN_OUT_EVENT_PARAM'),(646,'DE_AS_379_485_405'),(647,'DE_E_485'),(648,'DE_E_485'),(649,'DE_E_485'),(650,'DE_E_485'),(651,'DE_E_485'),(652,'DE_E_485'),(653,'EVENT_TIMESTAMP'),(654,'COMMENTS'),(655,'STORAGE_STATUS'),(656,'IDENTIFIER'),(657,'CATISSUE_EVENT_PARAM'),(658,'DE_AS_379_496_400'),(659,'DE_E_496'),(660,'DE_E_496'),(661,'DE_E_496'),(662,'DE_E_496'),(663,'DE_E_496'),(664,'DE_E_496'),(665,'EVENT_TIMESTAMP'),(666,'COMMENTS'),(667,'IDENTIFIER'),(668,'CATISSUE_MOL_SPE_REVIEW_PARAM'),(669,'DE_AS_379_506_404'),(670,'DE_E_506'),(671,'DE_E_506'),(672,'DE_E_506'),(673,'IDENTIFIER'),(674,'GEL_IMAGE_URL'),(675,'RATIO_28S_TO_18S'),(676,'COMMENTS'),(677,'LANE_NUMBER'),(678,'GEL_NUMBER'),(679,'QUALITY_INDEX'),(680,'ABSORBANCE_AT_280'),(681,'ABSORBANCE_AT_260'),(682,'EVENT_TIMESTAMP'),(683,'DE_E_506'),(684,'DE_E_506'),(685,'DE_E_506'),(686,'CATISSUE_TIS_SPE_EVENT_PARAM'),(687,'DE_AS_379_523_403'),(688,'DE_E_523'),(689,'HISTOLOGICAL_QUALITY'),(690,'IDENTIFIER'),(691,'TOTAL_CELLULARITY_PERCENTAGE'),(692,'NEOPLASTIC_CELLULARITY_PER'),(693,'COMMENTS'),(694,'NECROSIS_PERCENTAGE'),(695,'LYMPHOCYTIC_PERCENTAGE'),(696,'EVENT_TIMESTAMP'),(697,'DE_E_523'),(698,'DE_E_523'),(699,'DE_E_523'),(700,'DE_E_523'),(701,'DE_E_523'),(702,'CATISSUE_CELL_SPE_REVIEW_PARAM'),(703,'DE_AS_379_538_402'),(704,'DE_E_538'),(705,'DE_E_538'),(706,'DE_E_538'),(707,'DE_E_538'),(708,'DE_E_538'),(709,'DE_E_538'),(710,'EVENT_TIMESTAMP'),(711,'COMMENTS'),(712,'NEOPLASTIC_CELLULARITY_PER'),(713,'VIABLE_CELL_PERCENTAGE'),(714,'IDENTIFIER'),(715,'CATISSUE_FLUID_SPE_EVENT_PARAM'),(716,'DE_AS_379_550_401'),(717,'DE_E_550'),(718,'DE_E_550'),(719,'DE_E_550'),(720,'DE_E_550'),(721,'DE_E_550'),(722,'DE_E_550'),(723,'EVENT_TIMESTAMP'),(724,'COMMENTS'),(725,'CELL_COUNT'),(726,'IDENTIFIER'),(727,'CATISSUE_FROZEN_EVENT_PARAM'),(728,'DE_AS_379_561_399'),(729,'DE_E_561'),(730,'DE_E_561'),(731,'DE_E_561'),(732,'DE_E_561'),(733,'DE_E_561'),(734,'DE_E_561'),(735,'EVENT_TIMESTAMP'),(736,'METHOD'),(737,'COMMENTS'),(738,'IDENTIFIER'),(739,'CATISSUE_COLL_PROT_EVENT'),(740,'DE_E_572'),(741,'COLLECTION_POINT_LABEL'),(742,'STUDY_CALENDAR_EVENT_POINT'),(743,'IDENTIFIER'),(744,'CATISSUE_DISPOSAL_EVENT_PARAM'),(745,'DE_AS_379_577_388'),(746,'DE_E_577'),(747,'DE_E_577'),(748,'DE_E_577'),(749,'DE_E_577'),(750,'DE_E_577'),(751,'DE_E_577'),(752,'EVENT_TIMESTAMP'),(753,'COMMENTS'),(754,'REASON'),(755,'IDENTIFIER'),(756,'DE_E_588'),(757,'DE_AS_379_588_387'),(758,'DE_E_588'),(759,'DE_E_588'),(760,'DE_E_588'),(761,'DE_E_588'),(762,'DE_E_588'),(763,'DE_E_588'),(764,'DE_AT_595'),(765,'DE_AT_596'),(766,'DE_AT_597'),(767,'DE_AT_598'),(768,'CATISSUE_PROCEDURE_EVENT_PARAM'),(769,'DE_AS_379_599_386'),(770,'DE_E_599'),(771,'DE_E_599'),(772,'DE_E_599'),(773,'DE_E_599'),(774,'DE_E_599'),(775,'DE_E_599'),(776,'EVENT_TIMESTAMP'),(777,'URL'),(778,'NAME'),(779,'COMMENTS'),(780,'IDENTIFIER'),(781,'CATISSUE_SPUN_EVENT_PARAMETERS'),(782,'DE_AS_379_611_385'),(783,'DE_E_611'),(784,'DE_E_611'),(785,'DE_E_611'),(786,'DE_E_611'),(787,'DE_E_611'),(788,'DE_E_611'),(789,'EVENT_TIMESTAMP'),(790,'DURATION_IN_MINUTES'),(791,'COMMENTS'),(792,'GFORCE'),(793,'IDENTIFIER'),(794,'DE_E_623'),(795,'DE_AS_379_623_384'),(796,'DE_E_623'),(797,'DE_E_623'),(798,'DE_E_623'),(799,'DE_E_623'),(800,'DE_E_623'),(801,'DE_E_623'),(802,'DE_AT_630'),(803,'DE_AT_631'),(804,'DE_AT_632'),(805,'CATISSUE_COLL_EVENT_PARAM'),(806,'DE_AS_379_633_383'),(807,'DE_E_633'),(808,'DE_E_633'),(809,'DE_E_633'),(810,'DE_E_633'),(811,'DE_E_633'),(812,'DE_E_633'),(813,'EVENT_TIMESTAMP'),(814,'COMMENTS'),(815,'CONTAINER'),(816,'COLLECTION_PROCEDURE'),(817,'IDENTIFIER'),(818,'CATISSUE_PATHOLOGY_REPORT'),(819,'DE_E_645'),(820,'DE_E_671'),(821,'DE_E_645'),(822,'DE_E_658'),(823,'DE_E_645'),(824,'COLLECTION_DATE_TIME'),(825,'REVIEW_FLAG'),(826,'ACTIVITY_STATUS'),(827,'IDENTIFIER'),(828,'CATISSUE_REPORT_CONTENT'),(829,'REPORT_DATA'),(830,'IDENTIFIER'),(831,'CATISSUE_REPORT_TEXTCONTENT'),(832,'DE_E_658'),(833,'DE_E_658'),(834,'DE_E_658'),(835,'DE_E_662'),(836,'REPORT_DATA'),(837,'IDENTIFIER'),(838,'CATISSUE_REPORT_SECTION'),(839,'DE_E_662'),(840,'DOCUMENT_FRAGMENT'),(841,'END_OFFSET'),(842,'NAME'),(843,'START_OFFSET'),(844,'IDENTIFIER'),(845,'CATISSUE_REPORT_BICONTENT'),(846,'REPORT_DATA'),(847,'IDENTIFIER'),(848,'CATISSUE_REVIEW_PARAMS'),(849,'DE_E_671'),(850,'DE_E_671'),(851,'DE_E_671'),(852,'EVENT_TIMESTAMP'),(853,'COMMENTS'),(854,'REVIEWER_ROLE'),(855,'IDENTIFIER'),(856,'CATISSUE_REPORT_XMLCONTENT'),(857,'REPORT_DATA'),(858,'IDENTIFIER'),(859,'CATISSUE_IDENTIFIED_REPORT'),(860,'DE_E_679'),(861,'DE_E_679'),(862,'DE_E_671'),(863,'DE_E_679'),(864,'DE_E_658'),(865,'DE_E_690'),(866,'DE_E_679'),(867,'COLLECTION_DATE_TIME'),(868,'REVIEW_FLAG'),(869,'ACTIVITY_STATUS'),(870,'IDENTIFIER'),(871,'CATISSUE_DEIDENTIFIED_REPORT'),(872,'DE_E_926'),(873,'DE_E_703'),(874,'DE_E_690'),(875,'DE_E_671'),(876,'DE_E_690'),(877,'DE_E_379'),(878,'DE_E_658'),(879,'DE_E_690'),(880,'COLLECTION_DATE_TIME'),(881,'REVIEW_FLAG'),(882,'STATUS'),(883,'ACTIVITY_STATUS'),(884,'IDENTIFIER'),(885,'CATISSUE_CONCEPT_REFERENT'),(886,'DE_E_703'),(887,'DE_E_703'),(888,'DE_E_703'),(889,'IS_NEGATED'),(890,'IS_MODIFIER'),(891,'START_OFFSET'),(892,'IDENTIFIER'),(893,'END_OFFSET'),(894,'CATISSUE_CONCEPT_CLASSIFICATN'),(895,'DE_E_703'),(896,'NAME'),(897,'IDENTIFIER'),(898,'CATISSUE_CONCEPT'),(899,'DE_E_703'),(900,'DE_E_714'),(901,'NAME'),(902,'CONCEPT_UNIQUE_ID'),(903,'IDENTIFIER'),(904,'CATISSUE_SEMANTIC_TYPE'),(905,'LABEL'),(906,'IDENTIFIER'),(907,'CATISSUE_SPECI_COLL_REQ_GROUP'),(908,'DE_E_4'),(909,'DE_E_224'),(910,'DE_E_261'),(911,'DE_E_297'),(912,'DE_E_333'),(913,'DE_E_722'),(914,'DE_E_572'),(915,'CLINICAL_DIAGNOSIS'),(916,'CLINICAL_STATUS'),(917,'ACTIVITY_STATUS'),(918,'IDENTIFIER'),(919,'CATISSUE_ORDER_ITEM'),(920,'DE_E_208'),(921,'DE_E_211'),(922,'DE_E_214'),(923,'DE_E_217'),(924,'DE_E_206'),(925,'DE_E_729'),(926,'DE_E_729'),(927,'DESCRIPTION'),(928,'STATUS'),(929,'IDENTIFIER'),(930,'CATISSUE_DISTRIBUTED_ITEM'),(931,'IDENTIFIER'),(932,'DE_E_53'),(933,'DE_E_206'),(934,'DE_E_217'),(935,'DE_E_214'),(936,'DE_E_211'),(937,'DE_E_208'),(938,'DE_E_740'),(939,'DE_E_740'),(940,'DE_E_740'),(941,'DE_E_740'),(942,'DE_E_740'),(943,'DE_E_740'),(944,'CATISSUE_DISTRIBUTION'),(945,'DE_E_740'),(946,'DE_E_754'),(947,'DE_E_754'),(948,'DE_E_754'),(949,'COMMENTS'),(950,'EVENT_TIMESTAMP'),(951,'ACTIVITY_STATUS'),(952,'IDENTIFIER'),(953,'CATISSUE_ORDER'),(954,'DE_E_981'),(955,'DE_E_886'),(956,'DE_E_868'),(957,'DE_E_729'),(958,'DE_E_770'),(959,'DE_E_781'),(960,'DE_E_794'),(961,'DE_E_812'),(962,'DE_E_857'),(963,'CATISSUE_DISTRIBUTION'),(964,'DE_E_762'),(965,'NAME'),(966,'STATUS'),(967,'REQUESTED_DATE'),(968,'COMMENTS'),(969,'IDENTIFIER'),(970,'CATISSUE_SPECIMEN_ORDER_ITEM'),(971,'DE_E_770'),(972,'DE_E_208'),(973,'DE_E_211'),(974,'DE_E_214'),(975,'DE_E_217'),(976,'DE_E_206'),(977,'DE_E_770'),(978,'DE_E_770'),(979,'DESCRIPTION'),(980,'STATUS'),(981,'IDENTIFIER'),(982,'DE_E_781'),(983,'DE_E_781'),(984,'DE_E_208'),(985,'DE_E_211'),(986,'DE_E_214'),(987,'DE_E_217'),(988,'DE_E_206'),(989,'DE_E_781'),(990,'DE_E_781'),(991,'DE_AT_789'),(992,'DE_AT_790'),(993,'DE_AT_791'),(994,'DE_AT_792'),(995,'DE_AT_793'),(996,'CATISSUE_PATH_CASE_ORDER_ITEM'),(997,'DE_E_794'),(998,'DE_E_208'),(999,'DE_E_211'),(1000,'DE_E_214'),(1001,'DE_E_217'),(1002,'IDENTIFIER'),(1003,'STATUS'),(1004,'PATHOLOGICAL_STATUS'),(1005,'SPECIMEN_TYPE'),(1006,'SPECIMEN_CLASS'),(1007,'DESCRIPTION'),(1008,'TISSUE_SITE'),(1009,'DE_E_794'),(1010,'DE_E_794'),(1011,'DE_E_794'),(1012,'DE_E_794'),(1013,'DE_E_794'),(1014,'DE_E_206'),(1015,'CATISSUE_DERIEVED_SP_ORD_ITEM'),(1016,'DE_E_812'),(1017,'DE_E_208'),(1018,'DE_E_211'),(1019,'DE_E_214'),(1020,'DE_E_217'),(1021,'IDENTIFIER'),(1022,'STATUS'),(1023,'SPECIMEN_TYPE'),(1024,'SPECIMEN_CLASS'),(1025,'DESCRIPTION'),(1026,'DE_E_812'),(1027,'DE_E_812'),(1028,'DE_E_812'),(1029,'DE_E_812'),(1030,'DE_E_812'),(1031,'DE_E_812'),(1032,'DE_E_812'),(1033,'DE_E_206'),(1034,'CATISSUE_COLL_PROT_REG'),(1035,'DE_E_830'),(1036,'DE_E_830'),(1037,'DE_E_379'),(1038,'DE_E_840'),(1039,'DE_E_830'),(1040,'ACTIVITY_STATUS'),(1041,'PROTOCOL_PARTICIPANT_ID'),(1042,'IDENTIFIER'),(1043,'REGISTRATION_DATE'),(1044,'CATISSUE_CONSENT_TIER_RESPONSE'),(1045,'DE_E_840'),(1046,'RESPONSE'),(1047,'IDENTIFIER'),(1048,'CATISSUE_PARTICIPANT'),(1049,'DE_E_944'),(1050,'DE_E_830'),(1051,'ETHNICITY'),(1052,'LAST_NAME'),(1053,'BIRTH_DATE'),(1054,'IDENTIFIER'),(1055,'VITAL_STATUS'),(1056,'FIRST_NAME'),(1057,'MIDDLE_NAME'),(1058,'GENDER'),(1059,'SOCIAL_SECURITY_NUMBER'),(1060,'ACTIVITY_STATUS'),(1061,'DEATH_DATE'),(1062,'GENOTYPE'),(1063,'DE_E_857'),(1064,'DE_E_208'),(1065,'DE_E_211'),(1066,'DE_E_214'),(1067,'DE_E_217'),(1068,'DE_E_206'),(1069,'DE_E_857'),(1070,'DE_E_857'),(1071,'DE_AT_865'),(1072,'DE_AT_866'),(1073,'DE_AT_867'),(1074,'CATISSUE_NEW_SP_AR_ORDER_ITEM'),(1075,'DE_E_208'),(1076,'DE_E_211'),(1077,'DE_E_214'),(1078,'DE_E_217'),(1079,'STATUS'),(1080,'IDENTIFIER'),(1081,'DESCRIPTION'),(1082,'NAME'),(1083,'DE_E_868'),(1084,'DE_E_770'),(1085,'DE_E_886'),(1086,'DE_E_781'),(1087,'DE_E_812'),(1088,'DE_E_794'),(1089,'DE_E_868'),(1090,'DE_E_868'),(1091,'DE_E_206'),(1092,'CATISSUE_EXISTING_SP_ORD_ITEM'),(1093,'DE_E_886'),(1094,'DE_E_208'),(1095,'DE_E_211'),(1096,'IDENTIFIER'),(1097,'STATUS'),(1098,'DESCRIPTION'),(1099,'DE_E_886'),(1100,'DE_E_886'),(1101,'DE_E_886'),(1102,'DE_E_886'),(1103,'DE_E_886'),(1104,'DE_E_886'),(1105,'DE_E_886'),(1106,'DE_E_206'),(1107,'DE_E_217'),(1108,'DE_E_214'),(1109,'CATISSUE_EXTERNAL_IDENTIFIER'),(1110,'DE_E_902'),(1111,'DE_E_902'),(1112,'DE_E_902'),(1113,'DE_E_902'),(1114,'DE_E_902'),(1115,'NAME'),(1116,'VALUE'),(1117,'IDENTIFIER'),(1118,'DE_E_911'),(1119,'DE_E_911'),(1120,'DE_AT_913'),(1121,'DE_AT_914'),(1122,'DE_E_915'),(1123,'DE_E_911'),(1124,'DE_E_921'),(1125,'DE_AT_917'),(1126,'DE_AT_918'),(1127,'DE_AT_919'),(1128,'DE_AT_920'),(1129,'DE_E_921'),(1130,'DE_E_975'),(1131,'DE_E_921'),(1132,'DE_AT_922'),(1133,'DE_AT_923'),(1134,'DE_AT_924'),(1135,'DE_AT_925'),(1136,'CATISSUE_QUARANTINE_PARAMS'),(1137,'DE_E_926'),(1138,'EVENT_TIMESTAMP'),(1139,'COMMENTS'),(1140,'IS_QUARANTINED'),(1141,'IDENTIFIER'),(1142,'CATISSUE_SPECIMEN_REQUIREMENT'),(1143,'CATISSUE_DISTRIBUTION_SPE_REQ'),(1144,'DE_E_208'),(1145,'DE_E_211'),(1146,'DE_E_214'),(1147,'DE_E_217'),(1148,'DE_E_206'),(1149,'TISSUE_SITE'),(1150,'SPECIMEN_TYPE'),(1151,'SPECIMEN_CLASS'),(1152,'IDENTIFIER'),(1153,'PATHOLOGY_STATUS'),(1154,'CATISSUE_PART_MEDICAL_ID'),(1155,'DE_E_944'),(1156,'DE_E_944'),(1157,'MEDICAL_RECORD_NUMBER'),(1158,'IDENTIFIER'),(1159,'CATISSUE_SPECI_ARRAY_CONTENT'),(1160,'DE_E_949'),(1161,'DE_E_949'),(1162,'IDENTIFIER'),(1163,'POSITION_DIMENSION_TWO'),(1164,'POSITION_DIMENSION_ONE'),(1165,'CONC_IN_MICROGM_PER_MICROLTR'),(1166,'DE_E_206'),(1167,'DE_E_217'),(1168,'DE_E_214'),(1169,'DE_E_211'),(1170,'DE_E_208'),(1171,'DE_E_949'),(1172,'DE_E_949'),(1173,'DE_E_949'),(1174,'DE_E_949'),(1175,'CATISSUE_BIOHAZARD'),(1176,'CATISSUE_SPECIMEN_BIOHZ_REL'),(1177,'CATISSUE_SPECIMEN_BIOHZ_REL'),(1178,'CATISSUE_SPECIMEN_BIOHZ_REL'),(1179,'CATISSUE_SPECIMEN_BIOHZ_REL'),(1180,'CATISSUE_SPECIMEN_BIOHZ_REL'),(1181,'COMMENTS'),(1182,'NAME'),(1183,'IDENTIFIER'),(1184,'TYPE'),(1185,'DE_E_975'),(1186,'DE_E_975'),(1187,'DE_AT_977'),(1188,'DE_AT_978'),(1189,'DE_AT_979'),(1190,'DE_AT_980'),(1191,'CATISSUE_SP_ARRAY_ORDER_ITEM'),(1192,'DE_E_208'),(1193,'DE_E_211'),(1194,'DE_E_214'),(1195,'DE_E_217'),(1196,'DE_E_206'),(1197,'DE_E_981'),(1198,'DE_E_981'),(1199,'DE_E_981'),(1200,'DESCRIPTION'),(1201,'STATUS'),(1202,'IDENTIFIER'),(1203,'AVAILABLE_QUANTITY'),(1204,'QUANTITY'),(1205,'AVAILABLE_QUANTITY'),(1206,'QUANTITY'),(1207,'AVAILABLE_QUANTITY'),(1208,'QUANTITY'),(1209,'AVAILABLE_QUANTITY'),(1210,'QUANTITY'),(1211,'AVAILABLE_QUANTITY'),(1212,'QUANTITY');

/*Table structure for table `dyextn_date_concept_value` */

DROP TABLE IF EXISTS `dyextn_date_concept_value`;

CREATE TABLE `dyextn_date_concept_value` (
  `IDENTIFIER` bigint(20) NOT NULL default '0',
  `VALUE` datetime default NULL,
  PRIMARY KEY  (`IDENTIFIER`),
  KEY `FK45F598A6BC7298A9` (`IDENTIFIER`),
  CONSTRAINT `FK45F598A6BC7298A9` FOREIGN KEY (`IDENTIFIER`) REFERENCES `dyextn_permissible_value` (`IDENTIFIER`)
) ENGINE=InnoDB DEFAULT CHARSET=latin1;

/*Data for the table `dyextn_date_concept_value` */

/*Table structure for table `dyextn_date_type_info` */

DROP TABLE IF EXISTS `dyextn_date_type_info`;

CREATE TABLE `dyextn_date_type_info` (
  `IDENTIFIER` bigint(20) NOT NULL default '0',
  `FORMAT` varchar(255) default NULL,
  PRIMARY KEY  (`IDENTIFIER`),
  KEY `FKFBA549FBC7298A9` (`IDENTIFIER`),
  CONSTRAINT `FKFBA549FBC7298A9` FOREIGN KEY (`IDENTIFIER`) REFERENCES `dyextn_attribute_type_info` (`IDENTIFIER`)
) ENGINE=InnoDB DEFAULT CHARSET=latin1;

/*Data for the table `dyextn_date_type_info` */

insert into `dyextn_date_type_info` (`IDENTIFIER`,`FORMAT`) values (9,NULL),(50,NULL),(57,NULL),(96,NULL),(103,NULL),(106,NULL),(114,NULL),(115,NULL),(122,NULL),(145,NULL),(160,NULL),(174,NULL),(188,NULL),(209,NULL),(212,NULL),(215,NULL),(219,NULL),(222,NULL),(233,NULL),(234,NULL),(238,NULL),(242,NULL),(254,NULL),(262,NULL),(263,NULL),(268,NULL),(272,NULL),(279,NULL),(283,NULL),(287,NULL),(292,NULL),(297,NULL),(300,NULL),(305,NULL),(320,NULL),(326,NULL),(330,NULL),(356,NULL),(361,NULL),(387,NULL),(392,NULL),(400,NULL),(417,NULL),(425,NULL);

/*Table structure for table `dyextn_datepicker` */

DROP TABLE IF EXISTS `dyextn_datepicker`;

CREATE TABLE `dyextn_datepicker` (
  `IDENTIFIER` bigint(20) NOT NULL default '0',
  PRIMARY KEY  (`IDENTIFIER`),
  KEY `FKFEADD199BC7298A9` (`IDENTIFIER`),
  CONSTRAINT `FKFEADD199BC7298A9` FOREIGN KEY (`IDENTIFIER`) REFERENCES `dyextn_control` (`IDENTIFIER`)
) ENGINE=InnoDB DEFAULT CHARSET=latin1;

/*Data for the table `dyextn_datepicker` */

/*Table structure for table `dyextn_double_concept_value` */

DROP TABLE IF EXISTS `dyextn_double_concept_value`;

CREATE TABLE `dyextn_double_concept_value` (
  `IDENTIFIER` bigint(20) NOT NULL default '0',
  `VALUE` double default NULL,
  PRIMARY KEY  (`IDENTIFIER`),
  KEY `FKB94E6449BC7298A9` (`IDENTIFIER`),
  CONSTRAINT `FKB94E6449BC7298A9` FOREIGN KEY (`IDENTIFIER`) REFERENCES `dyextn_permissible_value` (`IDENTIFIER`)
) ENGINE=InnoDB DEFAULT CHARSET=latin1;

/*Data for the table `dyextn_double_concept_value` */

/*Table structure for table `dyextn_double_type_info` */

DROP TABLE IF EXISTS `dyextn_double_type_info`;

CREATE TABLE `dyextn_double_type_info` (
  `IDENTIFIER` bigint(20) NOT NULL default '0',
  PRIMARY KEY  (`IDENTIFIER`),
  KEY `FKC83869C2BC7298A9` (`IDENTIFIER`),
  CONSTRAINT `FKC83869C2BC7298A9` FOREIGN KEY (`IDENTIFIER`) REFERENCES `dyextn_numeric_type_info` (`IDENTIFIER`)
) ENGINE=InnoDB DEFAULT CHARSET=latin1;

/*Data for the table `dyextn_double_type_info` */

insert into `dyextn_double_type_info` (`IDENTIFIER`) values (41),(85),(127),(129),(131),(151),(247),(252),(253),(257),(258),(260),(261),(265),(266),(270),(277),(295),(439),(451),(452),(453),(454),(455),(456),(457),(458),(459),(460);

/*Table structure for table `dyextn_entity` */

DROP TABLE IF EXISTS `dyextn_entity`;

CREATE TABLE `dyextn_entity` (
  `IDENTIFIER` bigint(20) NOT NULL default '0',
  `DATA_TABLE_STATE` int(11) default NULL,
  `IS_ABSTRACT` tinyint(1) default NULL,
  `PARENT_ENTITY_ID` bigint(20) default NULL,
  `INHERITANCE_STRATEGY` int(11) default NULL,
  `DISCRIMINATOR_COLUMN_NAME` varchar(255) default NULL,
  `DISCRIMINATOR_VALUE` varchar(255) default NULL,
  PRIMARY KEY  (`IDENTIFIER`),
  KEY `FK8B243640450711A2` (`PARENT_ENTITY_ID`),
  KEY `FK8B243640BC7298A9` (`IDENTIFIER`),
  CONSTRAINT `FK8B243640BC7298A9` FOREIGN KEY (`IDENTIFIER`) REFERENCES `dyextn_abstract_metadata` (`IDENTIFIER`),
  CONSTRAINT `FK8B243640450711A2` FOREIGN KEY (`PARENT_ENTITY_ID`) REFERENCES `dyextn_entity` (`IDENTIFIER`)
) ENGINE=InnoDB DEFAULT CHARSET=latin1;

/*Data for the table `dyextn_entity` */

insert into `dyextn_entity` (`IDENTIFIER`,`DATA_TABLE_STATE`,`IS_ABSTRACT`,`PARENT_ENTITY_ID`,`INHERITANCE_STRATEGY`,`DISCRIMINATOR_COLUMN_NAME`,`DISCRIMINATOR_VALUE`) values (2,2,0,NULL,3,NULL,NULL),(4,2,0,NULL,3,NULL,NULL),(40,2,0,NULL,3,NULL,NULL),(53,2,0,40,3,NULL,NULL),(70,2,0,40,3,NULL,NULL),(89,2,0,NULL,3,NULL,NULL),(97,2,0,NULL,3,NULL,NULL),(112,2,0,NULL,3,NULL,NULL),(116,2,0,NULL,3,NULL,NULL),(125,2,0,NULL,3,NULL,NULL),(128,2,0,NULL,3,NULL,NULL),(131,2,0,NULL,3,NULL,NULL),(134,2,0,NULL,3,NULL,NULL),(142,2,0,NULL,3,NULL,NULL),(146,2,0,134,3,NULL,NULL),(157,2,0,134,3,NULL,NULL),(166,2,0,NULL,3,NULL,NULL),(177,2,0,166,3,NULL,NULL),(192,2,0,166,3,NULL,NULL),(203,2,0,NULL,3,NULL,NULL),(206,2,0,NULL,3,NULL,NULL),(208,2,0,206,3,NULL,NULL),(211,2,0,206,3,NULL,NULL),(214,2,0,206,3,NULL,NULL),(217,2,0,206,3,NULL,NULL),(220,2,0,NULL,3,NULL,NULL),(224,2,0,4,2,'SPECIMEN_CLASS','Molecular'),(261,2,0,4,2,'SPECIMEN_CLASS','Cell'),(297,2,0,4,2,'SPECIMEN_CLASS','Tissue'),(333,2,0,4,2,'SPECIMEN_CLASS','Fluid'),(369,2,0,NULL,3,NULL,NULL),(373,2,0,NULL,3,NULL,NULL),(379,2,0,373,3,NULL,NULL),(411,2,0,2,3,NULL,NULL),(415,2,0,NULL,3,NULL,NULL),(425,2,0,415,3,NULL,NULL),(436,2,0,415,3,NULL,NULL),(446,2,0,415,3,NULL,NULL),(458,2,0,415,3,NULL,NULL),(474,2,0,415,3,NULL,NULL),(485,2,0,415,3,NULL,NULL),(496,2,0,415,3,NULL,NULL),(506,2,0,496,3,NULL,NULL),(523,2,0,496,3,NULL,NULL),(538,2,0,496,3,NULL,NULL),(550,2,0,496,3,NULL,NULL),(561,2,0,415,3,NULL,NULL),(572,2,0,NULL,3,NULL,NULL),(577,2,0,415,3,NULL,NULL),(588,2,0,415,3,NULL,NULL),(599,2,0,415,3,NULL,NULL),(611,2,0,415,3,NULL,NULL),(623,2,0,415,3,NULL,NULL),(633,2,0,415,3,NULL,NULL),(645,2,0,NULL,3,NULL,NULL),(655,2,0,NULL,3,NULL,NULL),(658,2,0,655,3,NULL,NULL),(662,2,0,NULL,3,NULL,NULL),(668,2,0,655,3,NULL,NULL),(671,2,0,NULL,3,NULL,NULL),(676,2,0,655,3,NULL,NULL),(679,2,0,645,3,NULL,NULL),(690,2,0,645,3,NULL,NULL),(703,2,0,NULL,3,NULL,NULL),(711,2,0,NULL,3,NULL,NULL),(714,2,0,NULL,3,NULL,NULL),(719,2,0,NULL,3,NULL,NULL),(722,2,0,373,3,NULL,NULL),(729,2,0,NULL,3,NULL,NULL),(740,2,0,NULL,3,NULL,NULL),(754,2,0,NULL,3,NULL,NULL),(762,2,0,NULL,3,NULL,NULL),(770,2,0,729,3,NULL,NULL),(781,2,0,770,3,NULL,NULL),(794,2,0,781,3,NULL,NULL),(812,2,0,781,3,NULL,NULL),(830,2,0,NULL,3,NULL,NULL),(840,2,0,NULL,3,NULL,NULL),(844,2,0,NULL,3,NULL,NULL),(857,2,0,729,3,NULL,NULL),(868,2,0,857,3,NULL,NULL),(886,2,0,770,3,NULL,NULL),(902,2,0,NULL,3,NULL,NULL),(911,2,0,NULL,3,NULL,NULL),(915,2,0,2,3,NULL,NULL),(921,2,0,2,3,NULL,NULL),(926,2,0,NULL,3,NULL,NULL),(932,2,0,NULL,3,NULL,NULL),(944,2,0,NULL,3,NULL,NULL),(949,2,0,NULL,3,NULL,NULL),(965,2,0,NULL,3,NULL,NULL),(975,2,0,2,3,NULL,NULL),(981,2,0,857,3,NULL,NULL);

/*Table structure for table `dyextn_entity_group` */

DROP TABLE IF EXISTS `dyextn_entity_group`;

CREATE TABLE `dyextn_entity_group` (
  `IDENTIFIER` bigint(20) NOT NULL default '0',
  `LONG_NAME` varchar(255) default NULL,
  `SHORT_NAME` varchar(255) default NULL,
  `VERSION` varchar(255) default NULL,
  `IS_SYSTEM_GENERATED` tinyint(1) default NULL,
  PRIMARY KEY  (`IDENTIFIER`),
  KEY `FK105DE7A0BC7298A9` (`IDENTIFIER`),
  CONSTRAINT `FK105DE7A0BC7298A9` FOREIGN KEY (`IDENTIFIER`) REFERENCES `dyextn_abstract_metadata` (`IDENTIFIER`)
) ENGINE=InnoDB DEFAULT CHARSET=latin1;

/*Data for the table `dyextn_entity_group` */

insert into `dyextn_entity_group` (`IDENTIFIER`,`LONG_NAME`,`SHORT_NAME`,`VERSION`,`IS_SYSTEM_GENERATED`) values (1,'Catissue Suite','caTissueCore',NULL,1);

/*Table structure for table `dyextn_entity_group_rel` */

DROP TABLE IF EXISTS `dyextn_entity_group_rel`;

CREATE TABLE `dyextn_entity_group_rel` (
  `ENTITY_GROUP_ID` bigint(20) NOT NULL default '0',
  `ENTITY_ID` bigint(20) NOT NULL default '0',
  PRIMARY KEY  (`ENTITY_ID`,`ENTITY_GROUP_ID`),
  KEY `FK5A0D835A992A67D7` (`ENTITY_GROUP_ID`),
  KEY `FK5A0D835A79F466F7` (`ENTITY_ID`),
  CONSTRAINT `FK5A0D835A79F466F7` FOREIGN KEY (`ENTITY_ID`) REFERENCES `dyextn_entity` (`IDENTIFIER`),
  CONSTRAINT `FK5A0D835A992A67D7` FOREIGN KEY (`ENTITY_GROUP_ID`) REFERENCES `dyextn_entity_group` (`IDENTIFIER`)
) ENGINE=InnoDB DEFAULT CHARSET=latin1;

/*Data for the table `dyextn_entity_group_rel` */

insert into `dyextn_entity_group_rel` (`ENTITY_GROUP_ID`,`ENTITY_ID`) values (1,2),(1,4),(1,40),(1,53),(1,70),(1,89),(1,97),(1,112),(1,116),(1,125),(1,128),(1,131),(1,134),(1,142),(1,146),(1,157),(1,166),(1,177),(1,192),(1,203),(1,206),(1,208),(1,211),(1,214),(1,217),(1,220),(1,224),(1,261),(1,297),(1,333),(1,369),(1,373),(1,379),(1,411),(1,415),(1,425),(1,436),(1,446),(1,458),(1,474),(1,485),(1,496),(1,506),(1,523),(1,538),(1,550),(1,561),(1,572),(1,577),(1,588),(1,599),(1,611),(1,623),(1,633),(1,645),(1,655),(1,658),(1,662),(1,668),(1,671),(1,676),(1,679),(1,690),(1,703),(1,711),(1,714),(1,719),(1,722),(1,729),(1,740),(1,754),(1,762),(1,770),(1,781),(1,794),(1,812),(1,830),(1,840),(1,844),(1,857),(1,868),(1,886),(1,902),(1,911),(1,915),(1,921),(1,926),(1,932),(1,944),(1,949),(1,965),(1,975),(1,981);

/*Table structure for table `dyextn_entity_map` */

DROP TABLE IF EXISTS `dyextn_entity_map`;

CREATE TABLE `dyextn_entity_map` (
  `IDENTIFIER` bigint(20) NOT NULL auto_increment,
  `CONTAINER_ID` bigint(20) default NULL,
  `STATUS` varchar(10) default NULL,
  `STATIC_ENTITY_ID` bigint(20) default NULL,
  `CREATED_DATE` date default NULL,
  `CREATED_BY` varchar(255) default NULL,
  PRIMARY KEY  (`IDENTIFIER`)
) ENGINE=InnoDB DEFAULT CHARSET=latin1;

/*Data for the table `dyextn_entity_map` */

/*Table structure for table `dyextn_entity_map_condns` */

DROP TABLE IF EXISTS `dyextn_entity_map_condns`;

CREATE TABLE `dyextn_entity_map_condns` (
  `IDENTIFIER` bigint(20) NOT NULL auto_increment,
  `STATIC_RECORD_ID` bigint(20) default NULL,
  `TYPE_ID` bigint(20) default NULL,
  `FORM_CONTEXT_ID` bigint(20) default NULL,
  PRIMARY KEY  (`IDENTIFIER`),
  KEY `FK2A9D602969F17C26` (`FORM_CONTEXT_ID`),
  CONSTRAINT `FK2A9D602969F17C26` FOREIGN KEY (`FORM_CONTEXT_ID`) REFERENCES `dyextn_form_context` (`IDENTIFIER`)
) ENGINE=InnoDB DEFAULT CHARSET=latin1;

/*Data for the table `dyextn_entity_map_condns` */

/*Table structure for table `dyextn_entity_map_record` */

DROP TABLE IF EXISTS `dyextn_entity_map_record`;

CREATE TABLE `dyextn_entity_map_record` (
  `IDENTIFIER` bigint(20) NOT NULL auto_increment,
  `FORM_CONTEXT_ID` bigint(20) default NULL,
  `STATIC_ENTITY_RECORD_ID` bigint(20) default NULL,
  `STATUS` varchar(10) default NULL,
  `DYNAMIC_ENTITY_RECORD_ID` bigint(20) default NULL,
  `MODIFIED_DATE` date default NULL,
  `CREATED_DATE` date default NULL,
  `CREATED_BY` varchar(255) default NULL,
  PRIMARY KEY  (`IDENTIFIER`),
  KEY `FK43A4501369F17C26` (`FORM_CONTEXT_ID`),
  CONSTRAINT `FK43A4501369F17C26` FOREIGN KEY (`FORM_CONTEXT_ID`) REFERENCES `dyextn_form_context` (`IDENTIFIER`)
) ENGINE=InnoDB DEFAULT CHARSET=latin1;

/*Data for the table `dyextn_entity_map_record` */

/*Table structure for table `dyextn_file_extensions` */

DROP TABLE IF EXISTS `dyextn_file_extensions`;

CREATE TABLE `dyextn_file_extensions` (
  `IDENTIFIER` bigint(20) NOT NULL auto_increment,
  `FILE_EXTENSION` varchar(255) default NULL,
  `ATTRIBUTE_ID` bigint(20) default NULL,
  PRIMARY KEY  (`IDENTIFIER`),
  KEY `FKD49834FA4D87D1BE` (`ATTRIBUTE_ID`),
  CONSTRAINT `FKD49834FA4D87D1BE` FOREIGN KEY (`ATTRIBUTE_ID`) REFERENCES `dyextn_file_type_info` (`IDENTIFIER`)
) ENGINE=InnoDB DEFAULT CHARSET=latin1;

/*Data for the table `dyextn_file_extensions` */

/*Table structure for table `dyextn_file_type_info` */

DROP TABLE IF EXISTS `dyextn_file_type_info`;

CREATE TABLE `dyextn_file_type_info` (
  `IDENTIFIER` bigint(20) NOT NULL default '0',
  `MAX_FILE_SIZE` float default NULL,
  PRIMARY KEY  (`IDENTIFIER`),
  KEY `FKA00F0EDBC7298A9` (`IDENTIFIER`),
  CONSTRAINT `FKA00F0EDBC7298A9` FOREIGN KEY (`IDENTIFIER`) REFERENCES `dyextn_attribute_type_info` (`IDENTIFIER`)
) ENGINE=InnoDB DEFAULT CHARSET=latin1;

/*Data for the table `dyextn_file_type_info` */

/*Table structure for table `dyextn_file_upload` */

DROP TABLE IF EXISTS `dyextn_file_upload`;

CREATE TABLE `dyextn_file_upload` (
  `IDENTIFIER` bigint(20) NOT NULL default '0',
  `NO_OF_COLUMNS` int(11) default NULL,
  PRIMARY KEY  (`IDENTIFIER`),
  KEY `FK2FAD41E7BC7298A9` (`IDENTIFIER`),
  CONSTRAINT `FK2FAD41E7BC7298A9` FOREIGN KEY (`IDENTIFIER`) REFERENCES `dyextn_control` (`IDENTIFIER`)
) ENGINE=InnoDB DEFAULT CHARSET=latin1;

/*Data for the table `dyextn_file_upload` */

/*Table structure for table `dyextn_float_concept_value` */

DROP TABLE IF EXISTS `dyextn_float_concept_value`;

CREATE TABLE `dyextn_float_concept_value` (
  `IDENTIFIER` bigint(20) NOT NULL default '0',
  `VALUE` float default NULL,
  PRIMARY KEY  (`IDENTIFIER`),
  KEY `FK6785309ABC7298A9` (`IDENTIFIER`),
  CONSTRAINT `FK6785309ABC7298A9` FOREIGN KEY (`IDENTIFIER`) REFERENCES `dyextn_permissible_value` (`IDENTIFIER`)
) ENGINE=InnoDB DEFAULT CHARSET=latin1;

/*Data for the table `dyextn_float_concept_value` */

/*Table structure for table `dyextn_float_type_info` */

DROP TABLE IF EXISTS `dyextn_float_type_info`;

CREATE TABLE `dyextn_float_type_info` (
  `IDENTIFIER` bigint(20) NOT NULL default '0',
  PRIMARY KEY  (`IDENTIFIER`),
  KEY `FK7E1C0693BC7298A9` (`IDENTIFIER`),
  CONSTRAINT `FK7E1C0693BC7298A9` FOREIGN KEY (`IDENTIFIER`) REFERENCES `dyextn_numeric_type_info` (`IDENTIFIER`)
) ENGINE=InnoDB DEFAULT CHARSET=latin1;

/*Data for the table `dyextn_float_type_info` */

/*Table structure for table `dyextn_form_context` */

DROP TABLE IF EXISTS `dyextn_form_context`;

CREATE TABLE `dyextn_form_context` (
  `IDENTIFIER` bigint(20) NOT NULL auto_increment,
  `IS_INFINITE_ENTRY` tinyint(1) default NULL,
  `ENTITY_MAP_ID` bigint(20) default NULL,
  `STUDY_FORM_LABEL` varchar(255) default NULL,
  `NO_OF_ENTRIES` int(11) default NULL,
  PRIMARY KEY  (`IDENTIFIER`),
  KEY `FKE56CCDB111B8FADA` (`ENTITY_MAP_ID`),
  CONSTRAINT `FKE56CCDB111B8FADA` FOREIGN KEY (`ENTITY_MAP_ID`) REFERENCES `dyextn_entity_map` (`IDENTIFIER`)
) ENGINE=InnoDB DEFAULT CHARSET=latin1;

/*Data for the table `dyextn_form_context` */

/*Table structure for table `dyextn_integer_concept_value` */

DROP TABLE IF EXISTS `dyextn_integer_concept_value`;

CREATE TABLE `dyextn_integer_concept_value` (
  `IDENTIFIER` bigint(20) NOT NULL default '0',
  `VALUE` int(11) default NULL,
  PRIMARY KEY  (`IDENTIFIER`),
  KEY `FKFBA33B3CBC7298A9` (`IDENTIFIER`),
  CONSTRAINT `FKFBA33B3CBC7298A9` FOREIGN KEY (`IDENTIFIER`) REFERENCES `dyextn_permissible_value` (`IDENTIFIER`)
) ENGINE=InnoDB DEFAULT CHARSET=latin1;

/*Data for the table `dyextn_integer_concept_value` */

/*Table structure for table `dyextn_integer_type_info` */

DROP TABLE IF EXISTS `dyextn_integer_type_info`;

CREATE TABLE `dyextn_integer_type_info` (
  `IDENTIFIER` bigint(20) NOT NULL default '0',
  PRIMARY KEY  (`IDENTIFIER`),
  KEY `FK5F9CB235BC7298A9` (`IDENTIFIER`),
  CONSTRAINT `FK5F9CB235BC7298A9` FOREIGN KEY (`IDENTIFIER`) REFERENCES `dyextn_numeric_type_info` (`IDENTIFIER`)
) ENGINE=InnoDB DEFAULT CHARSET=latin1;

/*Data for the table `dyextn_integer_type_info` */

insert into `dyextn_integer_type_info` (`IDENTIFIER`) values (3),(15),(19),(20),(28),(29),(36),(37),(79),(80),(100),(109),(119),(133),(139),(152),(154),(166),(168),(180),(182),(194),(224),(228),(229),(230),(232),(250),(293),(314),(316),(437),(438);

/*Table structure for table `dyextn_list_box` */

DROP TABLE IF EXISTS `dyextn_list_box`;

CREATE TABLE `dyextn_list_box` (
  `IDENTIFIER` bigint(20) NOT NULL default '0',
  `MULTISELECT` tinyint(1) default NULL,
  PRIMARY KEY  (`IDENTIFIER`),
  KEY `FK208395A7BC7298A9` (`IDENTIFIER`),
  CONSTRAINT `FK208395A7BC7298A9` FOREIGN KEY (`IDENTIFIER`) REFERENCES `dyextn_select_control` (`IDENTIFIER`)
) ENGINE=InnoDB DEFAULT CHARSET=latin1;

/*Data for the table `dyextn_list_box` */

/*Table structure for table `dyextn_long_concept_value` */

DROP TABLE IF EXISTS `dyextn_long_concept_value`;

CREATE TABLE `dyextn_long_concept_value` (
  `IDENTIFIER` bigint(20) NOT NULL default '0',
  `VALUE` bigint(20) default NULL,
  PRIMARY KEY  (`IDENTIFIER`),
  KEY `FK3E1A6EF4BC7298A9` (`IDENTIFIER`),
  CONSTRAINT `FK3E1A6EF4BC7298A9` FOREIGN KEY (`IDENTIFIER`) REFERENCES `dyextn_permissible_value` (`IDENTIFIER`)
) ENGINE=InnoDB DEFAULT CHARSET=latin1;

/*Data for the table `dyextn_long_concept_value` */

/*Table structure for table `dyextn_long_type_info` */

DROP TABLE IF EXISTS `dyextn_long_type_info`;

CREATE TABLE `dyextn_long_type_info` (
  `IDENTIFIER` bigint(20) NOT NULL default '0',
  PRIMARY KEY  (`IDENTIFIER`),
  KEY `FK257281EDBC7298A9` (`IDENTIFIER`),
  CONSTRAINT `FK257281EDBC7298A9` FOREIGN KEY (`IDENTIFIER`) REFERENCES `dyextn_numeric_type_info` (`IDENTIFIER`)
) ENGINE=InnoDB DEFAULT CHARSET=latin1;

/*Data for the table `dyextn_long_type_info` */

insert into `dyextn_long_type_info` (`IDENTIFIER`) values (1),(2),(23),(24),(33),(44),(48),(49),(58),(66),(68),(70),(72),(78),(81),(88),(95),(104),(105),(121),(125),(126),(128),(130),(132),(134),(137),(138),(153),(167),(181),(196),(200),(208),(211),(214),(218),(221),(226),(227),(237),(241),(244),(245),(256),(267),(271),(275),(278),(282),(286),(291),(296),(299),(304),(308),(310),(312),(317),(319),(323),(325),(329),(334),(337),(338),(339),(341),(344),(346),(350),(353),(354),(358),(363),(366),(371),(372),(379),(386),(389),(393),(404),(406),(409),(414),(415),(418),(420),(422),(423),(428),(432),(435),(436),(442),(446),(450);

/*Table structure for table `dyextn_numeric_type_info` */

DROP TABLE IF EXISTS `dyextn_numeric_type_info`;

CREATE TABLE `dyextn_numeric_type_info` (
  `IDENTIFIER` bigint(20) NOT NULL default '0',
  `MEASUREMENT_UNITS` varchar(255) default NULL,
  `DECIMAL_PLACES` int(11) default NULL,
  `NO_DIGITS` int(11) default NULL,
  PRIMARY KEY  (`IDENTIFIER`),
  KEY `FK4DEC9544BC7298A9` (`IDENTIFIER`),
  CONSTRAINT `FK4DEC9544BC7298A9` FOREIGN KEY (`IDENTIFIER`) REFERENCES `dyextn_attribute_type_info` (`IDENTIFIER`)
) ENGINE=InnoDB DEFAULT CHARSET=latin1;

/*Data for the table `dyextn_numeric_type_info` */

insert into `dyextn_numeric_type_info` (`IDENTIFIER`,`MEASUREMENT_UNITS`,`DECIMAL_PLACES`,`NO_DIGITS`) values (1,NULL,0,NULL),(2,NULL,0,NULL),(3,NULL,0,NULL),(15,NULL,0,NULL),(19,NULL,0,NULL),(20,NULL,0,NULL),(23,NULL,0,NULL),(24,NULL,0,NULL),(28,NULL,0,NULL),(29,NULL,0,NULL),(33,NULL,0,NULL),(36,NULL,0,NULL),(37,NULL,0,NULL),(41,NULL,0,NULL),(44,NULL,0,NULL),(48,NULL,0,NULL),(49,NULL,0,NULL),(58,NULL,0,NULL),(66,NULL,0,NULL),(68,NULL,0,NULL),(70,NULL,0,NULL),(72,NULL,0,NULL),(78,NULL,0,NULL),(79,NULL,0,NULL),(80,NULL,0,NULL),(81,NULL,0,NULL),(85,NULL,0,NULL),(88,NULL,0,NULL),(95,NULL,0,NULL),(100,NULL,0,NULL),(104,NULL,0,NULL),(105,NULL,0,NULL),(109,NULL,0,NULL),(119,NULL,0,NULL),(121,NULL,0,NULL),(125,NULL,0,NULL),(126,NULL,0,NULL),(127,NULL,0,NULL),(128,NULL,0,NULL),(129,NULL,0,NULL),(130,NULL,0,NULL),(131,NULL,0,NULL),(132,NULL,0,NULL),(133,NULL,0,NULL),(134,NULL,0,NULL),(137,NULL,0,NULL),(138,NULL,0,NULL),(139,NULL,0,NULL),(151,NULL,0,NULL),(152,NULL,0,NULL),(153,NULL,0,NULL),(154,NULL,0,NULL),(166,NULL,0,NULL),(167,NULL,0,NULL),(168,NULL,0,NULL),(180,NULL,0,NULL),(181,NULL,0,NULL),(182,NULL,0,NULL),(194,NULL,0,NULL),(196,NULL,0,NULL),(200,NULL,0,NULL),(208,NULL,0,NULL),(211,NULL,0,NULL),(214,NULL,0,NULL),(218,NULL,0,NULL),(221,NULL,0,NULL),(224,NULL,0,NULL),(226,NULL,0,NULL),(227,NULL,0,NULL),(228,NULL,0,NULL),(229,NULL,0,NULL),(230,NULL,0,NULL),(232,NULL,0,NULL),(237,NULL,0,NULL),(241,NULL,0,NULL),(244,NULL,0,NULL),(245,NULL,0,NULL),(247,NULL,0,NULL),(250,NULL,0,NULL),(252,NULL,0,NULL),(253,NULL,0,NULL),(256,NULL,0,NULL),(257,NULL,0,NULL),(258,NULL,0,NULL),(260,NULL,0,NULL),(261,NULL,0,NULL),(265,NULL,0,NULL),(266,NULL,0,NULL),(267,NULL,0,NULL),(270,NULL,0,NULL),(271,NULL,0,NULL),(275,NULL,0,NULL),(277,NULL,0,NULL),(278,NULL,0,NULL),(282,NULL,0,NULL),(286,NULL,0,NULL),(291,NULL,0,NULL),(293,NULL,0,NULL),(295,NULL,0,NULL),(296,NULL,0,NULL),(299,NULL,0,NULL),(304,NULL,0,NULL),(308,NULL,0,NULL),(310,NULL,0,NULL),(312,NULL,0,NULL),(314,NULL,0,NULL),(316,NULL,0,NULL),(317,NULL,0,NULL),(319,NULL,0,NULL),(323,NULL,0,NULL),(325,NULL,0,NULL),(329,NULL,0,NULL),(334,NULL,0,NULL),(337,NULL,0,NULL),(338,NULL,0,NULL),(339,NULL,0,NULL),(341,NULL,0,NULL),(344,NULL,0,NULL),(346,NULL,0,NULL),(350,NULL,0,NULL),(353,NULL,0,NULL),(354,NULL,0,NULL),(358,NULL,0,NULL),(363,NULL,0,NULL),(366,NULL,0,NULL),(371,NULL,0,NULL),(372,NULL,0,NULL),(379,NULL,0,NULL),(386,NULL,0,NULL),(389,NULL,0,NULL),(393,NULL,0,NULL),(404,NULL,0,NULL),(406,NULL,0,NULL),(409,NULL,0,NULL),(414,NULL,0,NULL),(415,NULL,0,NULL),(418,NULL,0,NULL),(420,NULL,0,NULL),(422,NULL,0,NULL),(423,NULL,0,NULL),(428,NULL,0,NULL),(432,NULL,0,NULL),(435,NULL,0,NULL),(436,NULL,0,NULL),(437,NULL,0,NULL),(438,NULL,0,NULL),(439,NULL,0,NULL),(442,NULL,0,NULL),(446,NULL,0,NULL),(450,NULL,0,NULL),(451,NULL,0,NULL),(452,NULL,0,NULL),(453,NULL,0,NULL),(454,NULL,0,NULL),(455,NULL,0,NULL),(456,NULL,0,NULL),(457,NULL,0,NULL),(458,NULL,0,NULL),(459,NULL,0,NULL),(460,NULL,0,NULL);

/*Table structure for table `dyextn_object_type_info` */

DROP TABLE IF EXISTS `dyextn_object_type_info`;

CREATE TABLE `dyextn_object_type_info` (
  `IDENTIFIER` bigint(20) NOT NULL default '0',
  PRIMARY KEY  (`IDENTIFIER`),
  KEY `FK74819FB0BC7298A9` (`IDENTIFIER`),
  CONSTRAINT `FK74819FB0BC7298A9` FOREIGN KEY (`IDENTIFIER`) REFERENCES `dyextn_attribute_type_info` (`IDENTIFIER`)
) ENGINE=InnoDB DEFAULT CHARSET=latin1;

/*Data for the table `dyextn_object_type_info` */

/*Table structure for table `dyextn_permissible_value` */

DROP TABLE IF EXISTS `dyextn_permissible_value`;

CREATE TABLE `dyextn_permissible_value` (
  `IDENTIFIER` bigint(20) NOT NULL auto_increment,
  `DESCRIPTION` varchar(255) default NULL,
  `ATTRIBUTE_TYPE_INFO_ID` bigint(20) default NULL,
  `USER_DEF_DE_ID` bigint(20) default NULL,
  PRIMARY KEY  (`IDENTIFIER`),
  KEY `FK136264E08C8D972A` (`ATTRIBUTE_TYPE_INFO_ID`),
  KEY `FK136264E03D51114B` (`USER_DEF_DE_ID`),
  CONSTRAINT `FK136264E03D51114B` FOREIGN KEY (`USER_DEF_DE_ID`) REFERENCES `dyextn_userdefined_de` (`IDENTIFIER`),
  CONSTRAINT `FK136264E08C8D972A` FOREIGN KEY (`ATTRIBUTE_TYPE_INFO_ID`) REFERENCES `dyextn_attribute_type_info` (`IDENTIFIER`)
) ENGINE=InnoDB DEFAULT CHARSET=latin1;

/*Data for the table `dyextn_permissible_value` */

insert into `dyextn_permissible_value` (`IDENTIFIER`,`DESCRIPTION`,`ATTRIBUTE_TYPE_INFO_ID`,`USER_DEF_DE_ID`) values (1,NULL,NULL,1),(2,NULL,NULL,1),(3,NULL,NULL,1),(4,NULL,NULL,1),(5,NULL,NULL,1),(6,NULL,NULL,1),(7,NULL,NULL,1),(8,NULL,NULL,1),(9,NULL,NULL,1),(10,NULL,NULL,1),(11,NULL,NULL,1),(12,NULL,NULL,1),(13,NULL,NULL,1),(14,NULL,NULL,1),(15,NULL,NULL,1),(16,NULL,NULL,1),(17,NULL,NULL,1),(18,NULL,NULL,1),(19,NULL,NULL,1),(20,NULL,NULL,1),(21,NULL,NULL,1),(22,NULL,NULL,1),(23,NULL,NULL,1),(24,NULL,NULL,1),(25,NULL,NULL,1),(26,NULL,NULL,1),(27,NULL,NULL,1),(28,NULL,NULL,1),(29,NULL,NULL,1),(30,NULL,NULL,1),(31,NULL,NULL,1),(32,NULL,NULL,1),(33,NULL,NULL,1),(34,NULL,NULL,1),(35,NULL,NULL,1),(36,NULL,NULL,1),(37,NULL,NULL,1),(38,NULL,NULL,1),(39,NULL,NULL,1),(40,NULL,NULL,1),(41,NULL,NULL,1),(42,NULL,NULL,1),(43,NULL,NULL,1),(44,NULL,NULL,1),(45,NULL,NULL,1),(46,NULL,NULL,1),(47,NULL,NULL,2),(48,NULL,NULL,2),(49,NULL,NULL,2),(50,NULL,NULL,2),(51,NULL,NULL,3),(52,NULL,NULL,3),(53,NULL,NULL,3),(54,NULL,NULL,3),(55,NULL,NULL,3),(56,NULL,NULL,3),(57,NULL,NULL,3),(58,NULL,NULL,3),(59,NULL,NULL,3),(60,NULL,NULL,3),(61,NULL,NULL,3),(62,NULL,NULL,3),(63,NULL,NULL,3),(64,NULL,NULL,3),(65,NULL,NULL,3),(66,NULL,NULL,3),(67,NULL,NULL,3),(68,NULL,NULL,3),(69,NULL,NULL,3),(70,NULL,NULL,3),(71,NULL,NULL,3),(72,NULL,NULL,3),(73,NULL,NULL,3),(74,NULL,NULL,3),(75,NULL,NULL,3),(76,NULL,NULL,3),(77,NULL,NULL,3),(78,NULL,NULL,3),(79,NULL,NULL,3),(80,NULL,NULL,3),(81,NULL,NULL,3),(82,NULL,NULL,3),(83,NULL,NULL,3),(84,NULL,NULL,3),(85,NULL,NULL,3),(86,NULL,NULL,3),(87,NULL,NULL,3),(88,NULL,NULL,3),(89,NULL,NULL,3),(90,NULL,NULL,3),(91,NULL,NULL,3),(92,NULL,NULL,3),(93,NULL,NULL,3),(94,NULL,NULL,3),(95,NULL,NULL,3),(96,NULL,NULL,3),(97,NULL,NULL,3),(98,NULL,NULL,3),(99,NULL,NULL,3),(100,NULL,NULL,3),(101,NULL,NULL,3),(102,NULL,NULL,3),(103,NULL,NULL,4),(104,NULL,NULL,4),(105,NULL,NULL,4),(106,NULL,NULL,4),(107,NULL,NULL,4),(108,NULL,NULL,4),(109,NULL,NULL,4),(110,NULL,NULL,4),(111,NULL,NULL,4),(112,NULL,NULL,4),(113,NULL,NULL,4),(114,NULL,NULL,4),(115,NULL,NULL,4),(116,NULL,NULL,4),(117,NULL,NULL,4),(118,NULL,NULL,4),(119,NULL,NULL,4),(120,NULL,NULL,4),(121,NULL,NULL,4),(122,NULL,NULL,4),(123,NULL,NULL,4),(124,NULL,NULL,4),(125,NULL,NULL,4),(126,NULL,NULL,4),(127,NULL,NULL,4),(128,NULL,NULL,4),(129,NULL,NULL,4),(130,NULL,NULL,4),(131,NULL,NULL,4),(132,NULL,NULL,4),(133,NULL,NULL,4),(134,NULL,NULL,4),(135,NULL,NULL,4),(136,NULL,NULL,4),(137,NULL,NULL,4),(138,NULL,NULL,4),(139,NULL,NULL,4),(140,NULL,NULL,4),(141,NULL,NULL,4),(142,NULL,NULL,4),(143,NULL,NULL,4),(144,NULL,NULL,4),(145,NULL,NULL,4),(146,NULL,NULL,4),(147,NULL,NULL,4),(148,NULL,NULL,4),(149,NULL,NULL,4),(150,NULL,NULL,4),(151,NULL,NULL,4),(152,NULL,NULL,4),(153,NULL,NULL,4),(154,NULL,NULL,4),(155,NULL,NULL,4),(156,NULL,NULL,4),(157,NULL,NULL,4),(158,NULL,NULL,4),(159,NULL,NULL,4),(160,NULL,NULL,4),(161,NULL,NULL,4),(162,NULL,NULL,4),(163,NULL,NULL,4),(164,NULL,NULL,4),(165,NULL,NULL,4),(166,NULL,NULL,4),(167,NULL,NULL,4),(168,NULL,NULL,4),(169,NULL,NULL,4),(170,NULL,NULL,4),(171,NULL,NULL,4),(172,NULL,NULL,4),(173,NULL,NULL,4),(174,NULL,NULL,4),(175,NULL,NULL,4),(176,NULL,NULL,4),(177,NULL,NULL,4),(178,NULL,NULL,4),(179,NULL,NULL,4),(180,NULL,NULL,4),(181,NULL,NULL,4),(182,NULL,NULL,4),(183,NULL,NULL,4),(184,NULL,NULL,4),(185,NULL,NULL,4),(186,NULL,NULL,4),(187,NULL,NULL,4),(188,NULL,NULL,4),(189,NULL,NULL,4),(190,NULL,NULL,4),(191,NULL,NULL,4),(192,NULL,NULL,4),(193,NULL,NULL,4),(194,NULL,NULL,4),(195,NULL,NULL,4),(196,NULL,NULL,4),(197,NULL,NULL,4),(198,NULL,NULL,4),(199,NULL,NULL,4),(200,NULL,NULL,4),(201,NULL,NULL,4),(202,NULL,NULL,4),(203,NULL,NULL,4),(204,NULL,NULL,4),(205,NULL,NULL,4),(206,NULL,NULL,4),(207,NULL,NULL,4),(208,NULL,NULL,4),(209,NULL,NULL,4),(210,NULL,NULL,4),(211,NULL,NULL,4),(212,NULL,NULL,4),(213,NULL,NULL,4),(214,NULL,NULL,4),(215,NULL,NULL,4),(216,NULL,NULL,4),(217,NULL,NULL,4),(218,NULL,NULL,4),(219,NULL,NULL,4),(220,NULL,NULL,4),(221,NULL,NULL,4),(222,NULL,NULL,4),(223,NULL,NULL,4),(224,NULL,NULL,4),(225,NULL,NULL,4),(226,NULL,NULL,4),(227,NULL,NULL,4),(228,NULL,NULL,4),(229,NULL,NULL,4),(230,NULL,NULL,4),(231,NULL,NULL,4),(232,NULL,NULL,4),(233,NULL,NULL,4),(234,NULL,NULL,4),(235,NULL,NULL,4),(236,NULL,NULL,4),(237,NULL,NULL,4),(238,NULL,NULL,4),(239,NULL,NULL,4),(240,NULL,NULL,4),(241,NULL,NULL,4),(242,NULL,NULL,4),(243,NULL,NULL,4),(244,NULL,NULL,4),(245,NULL,NULL,4),(246,NULL,NULL,4),(247,NULL,NULL,4),(248,NULL,NULL,4),(249,NULL,NULL,4),(250,NULL,NULL,4),(251,NULL,NULL,4),(252,NULL,NULL,4),(253,NULL,NULL,4),(254,NULL,NULL,4),(255,NULL,NULL,4),(256,NULL,NULL,4),(257,NULL,NULL,4),(258,NULL,NULL,4),(259,NULL,NULL,4),(260,NULL,NULL,4),(261,NULL,NULL,4),(262,NULL,NULL,4),(263,NULL,NULL,4),(264,NULL,NULL,4),(265,NULL,NULL,4),(266,NULL,NULL,4),(267,NULL,NULL,4),(268,NULL,NULL,4),(269,NULL,NULL,4),(270,NULL,NULL,4),(271,NULL,NULL,4),(272,NULL,NULL,4),(273,NULL,NULL,4),(274,NULL,NULL,4),(275,NULL,NULL,4),(276,NULL,NULL,4),(277,NULL,NULL,4),(278,NULL,NULL,4),(279,NULL,NULL,4),(280,NULL,NULL,4),(281,NULL,NULL,4),(282,NULL,NULL,4),(283,NULL,NULL,4),(284,NULL,NULL,4),(285,NULL,NULL,4),(286,NULL,NULL,4),(287,NULL,NULL,4),(288,NULL,NULL,4),(289,NULL,NULL,4),(290,NULL,NULL,4),(291,NULL,NULL,4),(292,NULL,NULL,4),(293,NULL,NULL,4),(294,NULL,NULL,4),(295,NULL,NULL,4),(296,NULL,NULL,4),(297,NULL,NULL,4),(298,NULL,NULL,4),(299,NULL,NULL,4),(300,NULL,NULL,4),(301,NULL,NULL,4),(302,NULL,NULL,4),(303,NULL,NULL,4),(304,NULL,NULL,4),(305,NULL,NULL,4),(306,NULL,NULL,4),(307,NULL,NULL,4),(308,NULL,NULL,4),(309,NULL,NULL,4),(310,NULL,NULL,4),(311,NULL,NULL,4),(312,NULL,NULL,4),(313,NULL,NULL,4),(314,NULL,NULL,4),(315,NULL,NULL,4),(316,NULL,NULL,4),(317,NULL,NULL,4),(318,NULL,NULL,4),(319,NULL,NULL,4),(320,NULL,NULL,4),(321,NULL,NULL,4),(322,NULL,NULL,4),(323,NULL,NULL,4),(324,NULL,NULL,4),(325,NULL,NULL,4),(326,NULL,NULL,4),(327,NULL,NULL,4),(328,NULL,NULL,4),(329,NULL,NULL,4),(330,NULL,NULL,4),(331,NULL,NULL,5),(332,NULL,NULL,5),(333,NULL,NULL,5),(334,NULL,NULL,5),(335,NULL,NULL,6),(336,NULL,NULL,6),(337,NULL,NULL,6),(338,NULL,NULL,6),(339,NULL,NULL,6),(340,NULL,NULL,6),(341,NULL,NULL,6),(342,NULL,NULL,6),(343,NULL,NULL,6),(344,NULL,NULL,6),(345,NULL,NULL,6),(346,NULL,NULL,6),(347,NULL,NULL,6),(348,NULL,NULL,6),(349,NULL,NULL,6),(350,NULL,NULL,6),(351,NULL,NULL,6),(352,NULL,NULL,6),(353,NULL,NULL,6),(354,NULL,NULL,6),(355,NULL,NULL,6),(356,NULL,NULL,6),(357,NULL,NULL,6),(358,NULL,NULL,6),(359,NULL,NULL,6),(360,NULL,NULL,6),(361,NULL,NULL,6),(362,NULL,NULL,6),(363,NULL,NULL,6),(364,NULL,NULL,6),(365,NULL,NULL,6),(366,NULL,NULL,6),(367,NULL,NULL,6),(368,NULL,NULL,6),(369,NULL,NULL,6),(370,NULL,NULL,6),(371,NULL,NULL,6),(372,NULL,NULL,6),(373,NULL,NULL,6),(374,NULL,NULL,6),(375,NULL,NULL,6),(376,NULL,NULL,6),(377,NULL,NULL,6),(378,NULL,NULL,6),(379,NULL,NULL,6),(380,NULL,NULL,6),(381,NULL,NULL,6),(382,NULL,NULL,6),(383,NULL,NULL,6),(384,NULL,NULL,6),(385,NULL,NULL,6),(386,NULL,NULL,6),(387,NULL,NULL,6),(388,NULL,NULL,6),(389,NULL,NULL,6),(390,NULL,NULL,6),(391,NULL,NULL,6),(392,NULL,NULL,6),(393,NULL,NULL,6),(394,NULL,NULL,6),(395,NULL,NULL,6),(396,NULL,NULL,6),(397,NULL,NULL,6),(398,NULL,NULL,6),(399,NULL,NULL,6),(400,NULL,NULL,6),(401,NULL,NULL,6),(402,NULL,NULL,6),(403,NULL,NULL,6),(404,NULL,NULL,6),(405,NULL,NULL,6),(406,NULL,NULL,6),(407,NULL,NULL,6),(408,NULL,NULL,6),(409,NULL,NULL,6),(410,NULL,NULL,6),(411,NULL,NULL,6),(412,NULL,NULL,6),(413,NULL,NULL,6),(414,NULL,NULL,6),(415,NULL,NULL,6),(416,NULL,NULL,6),(417,NULL,NULL,6),(418,NULL,NULL,6),(419,NULL,NULL,6),(420,NULL,NULL,6),(421,NULL,NULL,6),(422,NULL,NULL,6),(423,NULL,NULL,6),(424,NULL,NULL,6),(425,NULL,NULL,6),(426,NULL,NULL,6),(427,NULL,NULL,6),(428,NULL,NULL,6),(429,NULL,NULL,6),(430,NULL,NULL,6),(431,NULL,NULL,6),(432,NULL,NULL,6),(433,NULL,NULL,6),(434,NULL,NULL,6),(435,NULL,NULL,6),(436,NULL,NULL,6),(437,NULL,NULL,6),(438,NULL,NULL,6),(439,NULL,NULL,6),(440,NULL,NULL,6),(441,NULL,NULL,6),(442,NULL,NULL,6),(443,NULL,NULL,6),(444,NULL,NULL,6),(445,NULL,NULL,6),(446,NULL,NULL,6),(447,NULL,NULL,6),(448,NULL,NULL,6),(449,NULL,NULL,6),(450,NULL,NULL,6),(451,NULL,NULL,6),(452,NULL,NULL,6),(453,NULL,NULL,6),(454,NULL,NULL,6),(455,NULL,NULL,6),(456,NULL,NULL,6),(457,NULL,NULL,6),(458,NULL,NULL,6),(459,NULL,NULL,6),(460,NULL,NULL,6),(461,NULL,NULL,6),(462,NULL,NULL,6),(463,NULL,NULL,6),(464,NULL,NULL,6),(465,NULL,NULL,6),(466,NULL,NULL,6),(467,NULL,NULL,6),(468,NULL,NULL,6),(469,NULL,NULL,6),(470,NULL,NULL,6),(471,NULL,NULL,6),(472,NULL,NULL,6),(473,NULL,NULL,6),(474,NULL,NULL,6),(475,NULL,NULL,6),(476,NULL,NULL,6),(477,NULL,NULL,6),(478,NULL,NULL,6),(479,NULL,NULL,6),(480,NULL,NULL,6),(481,NULL,NULL,6),(482,NULL,NULL,6),(483,NULL,NULL,6),(484,NULL,NULL,6),(485,NULL,NULL,6),(486,NULL,NULL,6),(487,NULL,NULL,6),(488,NULL,NULL,6),(489,NULL,NULL,6),(490,NULL,NULL,6),(491,NULL,NULL,6),(492,NULL,NULL,6),(493,NULL,NULL,6),(494,NULL,NULL,6),(495,NULL,NULL,6),(496,NULL,NULL,6),(497,NULL,NULL,6),(498,NULL,NULL,6),(499,NULL,NULL,6),(500,NULL,NULL,6),(501,NULL,NULL,6),(502,NULL,NULL,6),(503,NULL,NULL,6),(504,NULL,NULL,6),(505,NULL,NULL,6),(506,NULL,NULL,6),(507,NULL,NULL,6),(508,NULL,NULL,6),(509,NULL,NULL,6),(510,NULL,NULL,6),(511,NULL,NULL,6),(512,NULL,NULL,6),(513,NULL,NULL,6),(514,NULL,NULL,6),(515,NULL,NULL,6),(516,NULL,NULL,6),(517,NULL,NULL,6),(518,NULL,NULL,6),(519,NULL,NULL,6),(520,NULL,NULL,6),(521,NULL,NULL,6),(522,NULL,NULL,6),(523,NULL,NULL,6),(524,NULL,NULL,6),(525,NULL,NULL,6),(526,NULL,NULL,6),(527,NULL,NULL,6),(528,NULL,NULL,6),(529,NULL,NULL,6),(530,NULL,NULL,6),(531,NULL,NULL,6),(532,NULL,NULL,6),(533,NULL,NULL,6),(534,NULL,NULL,6),(535,NULL,NULL,6),(536,NULL,NULL,6),(537,NULL,NULL,6),(538,NULL,NULL,6),(539,NULL,NULL,6),(540,NULL,NULL,6),(541,NULL,NULL,6),(542,NULL,NULL,6),(543,NULL,NULL,6),(544,NULL,NULL,6),(545,NULL,NULL,6),(546,NULL,NULL,6),(547,NULL,NULL,6),(548,NULL,NULL,6),(549,NULL,NULL,6),(550,NULL,NULL,6),(551,NULL,NULL,6),(552,NULL,NULL,6),(553,NULL,NULL,6),(554,NULL,NULL,6),(555,NULL,NULL,6),(556,NULL,NULL,6),(557,NULL,NULL,6),(558,NULL,NULL,6),(559,NULL,NULL,6),(560,NULL,NULL,6),(561,NULL,NULL,6),(562,NULL,NULL,6),(563,NULL,NULL,6),(564,NULL,NULL,6),(565,NULL,NULL,6),(566,NULL,NULL,6),(567,NULL,NULL,6),(568,NULL,NULL,6),(569,NULL,NULL,6),(570,NULL,NULL,6),(571,NULL,NULL,6),(572,NULL,NULL,6),(573,NULL,NULL,6),(574,NULL,NULL,6),(575,NULL,NULL,6),(576,NULL,NULL,6),(577,NULL,NULL,6),(578,NULL,NULL,6),(579,NULL,NULL,6),(580,NULL,NULL,6),(581,NULL,NULL,6),(582,NULL,NULL,6),(583,NULL,NULL,6),(584,NULL,NULL,6),(585,NULL,NULL,6),(586,NULL,NULL,6),(587,NULL,NULL,6),(588,NULL,NULL,6),(589,NULL,NULL,6),(590,NULL,NULL,6),(591,NULL,NULL,6),(592,NULL,NULL,6),(593,NULL,NULL,6),(594,NULL,NULL,6),(595,NULL,NULL,6),(596,NULL,NULL,6),(597,NULL,NULL,6),(598,NULL,NULL,6),(599,NULL,NULL,6),(600,NULL,NULL,6),(601,NULL,NULL,6),(602,NULL,NULL,6),(603,NULL,NULL,6),(604,NULL,NULL,6),(605,NULL,NULL,6),(606,NULL,NULL,6),(607,NULL,NULL,6),(608,NULL,NULL,6),(609,NULL,NULL,6),(610,NULL,NULL,6),(611,NULL,NULL,6),(612,NULL,NULL,6),(613,NULL,NULL,6),(614,NULL,NULL,6),(615,NULL,NULL,6),(616,NULL,NULL,6),(617,NULL,NULL,6),(618,NULL,NULL,6),(619,NULL,NULL,6),(620,NULL,NULL,6),(621,NULL,NULL,6),(622,NULL,NULL,6),(623,NULL,NULL,6),(624,NULL,NULL,6),(625,NULL,NULL,6),(626,NULL,NULL,6),(627,NULL,NULL,6),(628,NULL,NULL,6),(629,NULL,NULL,6),(630,NULL,NULL,6),(631,NULL,NULL,6),(632,NULL,NULL,6),(633,NULL,NULL,6),(634,NULL,NULL,6),(635,NULL,NULL,6),(636,NULL,NULL,6),(637,NULL,NULL,6),(638,NULL,NULL,6),(639,NULL,NULL,6),(640,NULL,NULL,6),(641,NULL,NULL,6),(642,NULL,NULL,6),(643,NULL,NULL,6),(644,NULL,NULL,6),(645,NULL,NULL,6),(646,NULL,NULL,6),(647,NULL,NULL,6),(648,NULL,NULL,6),(649,NULL,NULL,6),(650,NULL,NULL,6),(651,NULL,NULL,6),(652,NULL,NULL,6),(653,NULL,NULL,6),(654,NULL,NULL,6),(655,NULL,NULL,6),(656,NULL,NULL,6),(657,NULL,NULL,6),(658,NULL,NULL,6),(659,NULL,NULL,6),(660,NULL,NULL,6),(661,NULL,NULL,6),(662,NULL,NULL,6),(663,NULL,NULL,6),(664,NULL,NULL,6),(665,NULL,NULL,6),(666,NULL,NULL,6),(667,NULL,NULL,6),(668,NULL,NULL,6),(669,NULL,NULL,6),(670,NULL,NULL,6),(671,NULL,NULL,6),(672,NULL,NULL,6),(673,NULL,NULL,6),(674,NULL,NULL,6),(675,NULL,NULL,6),(676,NULL,NULL,6),(677,NULL,NULL,6),(678,NULL,NULL,6),(679,NULL,NULL,6),(680,NULL,NULL,6),(681,NULL,NULL,6),(682,NULL,NULL,6),(683,NULL,NULL,6),(684,NULL,NULL,6),(685,NULL,NULL,6),(686,NULL,NULL,6),(687,NULL,NULL,6),(688,NULL,NULL,6),(689,NULL,NULL,6),(690,NULL,NULL,6),(691,NULL,NULL,6),(692,NULL,NULL,6),(693,NULL,NULL,6),(694,NULL,NULL,6),(695,NULL,NULL,6),(696,NULL,NULL,6),(697,NULL,NULL,6),(698,NULL,NULL,6),(699,NULL,NULL,6),(700,NULL,NULL,6),(701,NULL,NULL,6),(702,NULL,NULL,6),(703,NULL,NULL,6),(704,NULL,NULL,6),(705,NULL,NULL,6),(706,NULL,NULL,6),(707,NULL,NULL,6),(708,NULL,NULL,6),(709,NULL,NULL,6),(710,NULL,NULL,6),(711,NULL,NULL,6),(712,NULL,NULL,6),(713,NULL,NULL,6),(714,NULL,NULL,6),(715,NULL,NULL,6),(716,NULL,NULL,6),(717,NULL,NULL,6),(718,NULL,NULL,6),(719,NULL,NULL,6),(720,NULL,NULL,6),(721,NULL,NULL,6),(722,NULL,NULL,6),(723,NULL,NULL,6),(724,NULL,NULL,6),(725,NULL,NULL,6),(726,NULL,NULL,6),(727,NULL,NULL,6),(728,NULL,NULL,6),(729,NULL,NULL,6),(730,NULL,NULL,6),(731,NULL,NULL,6),(732,NULL,NULL,6),(733,NULL,NULL,6),(734,NULL,NULL,6),(735,NULL,NULL,6),(736,NULL,NULL,6),(737,NULL,NULL,6),(738,NULL,NULL,6),(739,NULL,NULL,6),(740,NULL,NULL,6),(741,NULL,NULL,6),(742,NULL,NULL,6),(743,NULL,NULL,6),(744,NULL,NULL,6),(745,NULL,NULL,7),(746,NULL,NULL,7),(747,NULL,NULL,7),(748,NULL,NULL,7),(749,NULL,NULL,7),(750,NULL,NULL,7),(751,NULL,NULL,7),(752,NULL,NULL,7),(753,NULL,NULL,7),(754,NULL,NULL,7),(755,NULL,NULL,8),(756,NULL,NULL,8),(757,NULL,NULL,8),(758,NULL,NULL,8),(759,NULL,NULL,8),(760,NULL,NULL,8),(761,NULL,NULL,9),(762,NULL,NULL,9),(763,NULL,NULL,9),(764,NULL,NULL,9),(765,NULL,NULL,9),(766,NULL,NULL,9),(767,NULL,NULL,9),(768,NULL,NULL,9),(769,NULL,NULL,9),(770,NULL,NULL,10),(771,NULL,NULL,10),(772,NULL,NULL,10),(773,NULL,NULL,10),(774,NULL,NULL,10),(775,NULL,NULL,10),(776,NULL,NULL,10),(777,NULL,NULL,10),(778,NULL,NULL,10),(779,NULL,NULL,10),(780,NULL,NULL,10),(781,NULL,NULL,10),(782,NULL,NULL,10),(783,NULL,NULL,10),(784,NULL,NULL,10),(785,NULL,NULL,10),(786,NULL,NULL,10),(787,NULL,NULL,10),(788,NULL,NULL,10),(789,NULL,NULL,10),(790,NULL,NULL,10),(791,NULL,NULL,11),(792,NULL,NULL,11),(793,NULL,NULL,11),(794,NULL,NULL,11),(795,NULL,NULL,11),(796,NULL,NULL,11),(797,NULL,NULL,11),(798,NULL,NULL,11),(799,NULL,NULL,11),(800,NULL,NULL,11),(801,NULL,NULL,11),(802,NULL,NULL,11),(803,NULL,NULL,11),(804,NULL,NULL,11),(805,NULL,NULL,11),(806,NULL,NULL,11),(807,NULL,NULL,11),(808,NULL,NULL,11),(809,NULL,NULL,11),(810,NULL,NULL,11),(811,NULL,NULL,11),(812,NULL,NULL,11),(813,NULL,NULL,11),(814,NULL,NULL,11),(815,NULL,NULL,11),(816,NULL,NULL,11),(817,NULL,NULL,11),(818,NULL,NULL,11),(819,NULL,NULL,11),(820,NULL,NULL,11),(821,NULL,NULL,11),(822,NULL,NULL,11),(823,NULL,NULL,11),(824,NULL,NULL,11),(825,NULL,NULL,11),(826,NULL,NULL,11),(827,NULL,NULL,11),(828,NULL,NULL,11),(829,NULL,NULL,11),(830,NULL,NULL,11),(831,NULL,NULL,11),(832,NULL,NULL,11),(833,NULL,NULL,11),(834,NULL,NULL,11),(835,NULL,NULL,11),(836,NULL,NULL,11),(837,NULL,NULL,11),(838,NULL,NULL,11),(839,NULL,NULL,11),(840,NULL,NULL,11),(841,NULL,NULL,11),(842,NULL,NULL,11),(843,NULL,NULL,11),(844,NULL,NULL,11),(845,NULL,NULL,11),(846,NULL,NULL,11),(847,NULL,NULL,11),(848,NULL,NULL,11),(849,NULL,NULL,11),(850,NULL,NULL,11),(851,NULL,NULL,11),(852,NULL,NULL,11),(853,NULL,NULL,11),(854,NULL,NULL,11),(855,NULL,NULL,11),(856,NULL,NULL,11),(857,NULL,NULL,11),(858,NULL,NULL,11),(859,NULL,NULL,11),(860,NULL,NULL,11),(861,NULL,NULL,11),(862,NULL,NULL,11),(863,NULL,NULL,11),(864,NULL,NULL,11),(865,NULL,NULL,11),(866,NULL,NULL,11),(867,NULL,NULL,11),(868,NULL,NULL,11),(869,NULL,NULL,11),(870,NULL,NULL,11),(871,NULL,NULL,11),(872,NULL,NULL,11),(873,NULL,NULL,11),(874,NULL,NULL,11),(875,NULL,NULL,11),(876,NULL,NULL,11),(877,NULL,NULL,11),(878,NULL,NULL,11),(879,NULL,NULL,11),(880,NULL,NULL,11),(881,NULL,NULL,11),(882,NULL,NULL,11),(883,NULL,NULL,11),(884,NULL,NULL,11),(885,NULL,NULL,11),(886,NULL,NULL,11),(887,NULL,NULL,11),(888,NULL,NULL,11),(889,NULL,NULL,11),(890,NULL,NULL,11),(891,NULL,NULL,11),(892,NULL,NULL,11),(893,NULL,NULL,11),(894,NULL,NULL,11),(895,NULL,NULL,11),(896,NULL,NULL,11),(897,NULL,NULL,11),(898,NULL,NULL,11),(899,NULL,NULL,11),(900,NULL,NULL,11),(901,NULL,NULL,11),(902,NULL,NULL,11),(903,NULL,NULL,11),(904,NULL,NULL,11),(905,NULL,NULL,11),(906,NULL,NULL,11),(907,NULL,NULL,11),(908,NULL,NULL,11),(909,NULL,NULL,11),(910,NULL,NULL,11),(911,NULL,NULL,11),(912,NULL,NULL,11),(913,NULL,NULL,11),(914,NULL,NULL,11),(915,NULL,NULL,11),(916,NULL,NULL,11),(917,NULL,NULL,11),(918,NULL,NULL,11),(919,NULL,NULL,11),(920,NULL,NULL,11),(921,NULL,NULL,11),(922,NULL,NULL,11),(923,NULL,NULL,11),(924,NULL,NULL,11),(925,NULL,NULL,11),(926,NULL,NULL,11),(927,NULL,NULL,11),(928,NULL,NULL,11),(929,NULL,NULL,11),(930,NULL,NULL,11),(931,NULL,NULL,11),(932,NULL,NULL,11),(933,NULL,NULL,11),(934,NULL,NULL,11),(935,NULL,NULL,11),(936,NULL,NULL,11),(937,NULL,NULL,11),(938,NULL,NULL,11),(939,NULL,NULL,11),(940,NULL,NULL,11),(941,NULL,NULL,11),(942,NULL,NULL,11),(943,NULL,NULL,11),(944,NULL,NULL,11),(945,NULL,NULL,11),(946,NULL,NULL,11),(947,NULL,NULL,11),(948,NULL,NULL,11),(949,NULL,NULL,11),(950,NULL,NULL,11),(951,NULL,NULL,11),(952,NULL,NULL,11),(953,NULL,NULL,11),(954,NULL,NULL,11),(955,NULL,NULL,11),(956,NULL,NULL,11),(957,NULL,NULL,11),(958,NULL,NULL,11),(959,NULL,NULL,11),(960,NULL,NULL,11),(961,NULL,NULL,11),(962,NULL,NULL,11),(963,NULL,NULL,11),(964,NULL,NULL,11),(965,NULL,NULL,11),(966,NULL,NULL,11),(967,NULL,NULL,11),(968,NULL,NULL,11),(969,NULL,NULL,11),(970,NULL,NULL,11),(971,NULL,NULL,11),(972,NULL,NULL,11),(973,NULL,NULL,11),(974,NULL,NULL,11),(975,NULL,NULL,11),(976,NULL,NULL,11),(977,NULL,NULL,11),(978,NULL,NULL,11),(979,NULL,NULL,11),(980,NULL,NULL,11),(981,NULL,NULL,11),(982,NULL,NULL,11),(983,NULL,NULL,11),(984,NULL,NULL,11),(985,NULL,NULL,11),(986,NULL,NULL,11),(987,NULL,NULL,11),(988,NULL,NULL,11),(989,NULL,NULL,11),(990,NULL,NULL,11),(991,NULL,NULL,11),(992,NULL,NULL,11),(993,NULL,NULL,11),(994,NULL,NULL,11),(995,NULL,NULL,11),(996,NULL,NULL,11),(997,NULL,NULL,11),(998,NULL,NULL,11),(999,NULL,NULL,11),(1000,NULL,NULL,11),(1001,NULL,NULL,11),(1002,NULL,NULL,11),(1003,NULL,NULL,11),(1004,NULL,NULL,11),(1005,NULL,NULL,11),(1006,NULL,NULL,11),(1007,NULL,NULL,11),(1008,NULL,NULL,11),(1009,NULL,NULL,11),(1010,NULL,NULL,11),(1011,NULL,NULL,11),(1012,NULL,NULL,11),(1013,NULL,NULL,11),(1014,NULL,NULL,11),(1015,NULL,NULL,11),(1016,NULL,NULL,11),(1017,NULL,NULL,11),(1018,NULL,NULL,11),(1019,NULL,NULL,11),(1020,NULL,NULL,11),(1021,NULL,NULL,11),(1022,NULL,NULL,11),(1023,NULL,NULL,11),(1024,NULL,NULL,11),(1025,NULL,NULL,11),(1026,NULL,NULL,11),(1027,NULL,NULL,11),(1028,NULL,NULL,11),(1029,NULL,NULL,11),(1030,NULL,NULL,11),(1031,NULL,NULL,11),(1032,NULL,NULL,11),(1033,NULL,NULL,11),(1034,NULL,NULL,11),(1035,NULL,NULL,11),(1036,NULL,NULL,11),(1037,NULL,NULL,11),(1038,NULL,NULL,11),(1039,NULL,NULL,11),(1040,NULL,NULL,11),(1041,NULL,NULL,11),(1042,NULL,NULL,11),(1043,NULL,NULL,11),(1044,NULL,NULL,11),(1045,NULL,NULL,11),(1046,NULL,NULL,11),(1047,NULL,NULL,11),(1048,NULL,NULL,11),(1049,NULL,NULL,11),(1050,NULL,NULL,11),(1051,NULL,NULL,11),(1052,NULL,NULL,11),(1053,NULL,NULL,11),(1054,NULL,NULL,11),(1055,NULL,NULL,11),(1056,NULL,NULL,11),(1057,NULL,NULL,11),(1058,NULL,NULL,11),(1059,NULL,NULL,11),(1060,NULL,NULL,11),(1061,NULL,NULL,11),(1062,NULL,NULL,11),(1063,NULL,NULL,11),(1064,NULL,NULL,11),(1065,NULL,NULL,11),(1066,NULL,NULL,11),(1067,NULL,NULL,11),(1068,NULL,NULL,11),(1069,NULL,NULL,11),(1070,NULL,NULL,11),(1071,NULL,NULL,11),(1072,NULL,NULL,11),(1073,NULL,NULL,11),(1074,NULL,NULL,11),(1075,NULL,NULL,11),(1076,NULL,NULL,11),(1077,NULL,NULL,11),(1078,NULL,NULL,11),(1079,NULL,NULL,11),(1080,NULL,NULL,11),(1081,NULL,NULL,11),(1082,NULL,NULL,11),(1083,NULL,NULL,11),(1084,NULL,NULL,11),(1085,NULL,NULL,11),(1086,NULL,NULL,11),(1087,NULL,NULL,11),(1088,NULL,NULL,11),(1089,NULL,NULL,11),(1090,NULL,NULL,11),(1091,NULL,NULL,11),(1092,NULL,NULL,11),(1093,NULL,NULL,11),(1094,NULL,NULL,11),(1095,NULL,NULL,11),(1096,NULL,NULL,11),(1097,NULL,NULL,11),(1098,NULL,NULL,11),(1099,NULL,NULL,11),(1100,NULL,NULL,11),(1101,NULL,NULL,11),(1102,NULL,NULL,11),(1103,NULL,NULL,11),(1104,NULL,NULL,11),(1105,NULL,NULL,11),(1106,NULL,NULL,11),(1107,NULL,NULL,11),(1108,NULL,NULL,11),(1109,NULL,NULL,11),(1110,NULL,NULL,11),(1111,NULL,NULL,11),(1112,NULL,NULL,11),(1113,NULL,NULL,11),(1114,NULL,NULL,11),(1115,NULL,NULL,11),(1116,NULL,NULL,11),(1117,NULL,NULL,11),(1118,NULL,NULL,11),(1119,NULL,NULL,11),(1120,NULL,NULL,11),(1121,NULL,NULL,11),(1122,NULL,NULL,11),(1123,NULL,NULL,11),(1124,NULL,NULL,11),(1125,NULL,NULL,11),(1126,NULL,NULL,11),(1127,NULL,NULL,11),(1128,NULL,NULL,11),(1129,NULL,NULL,11),(1130,NULL,NULL,11),(1131,NULL,NULL,11),(1132,NULL,NULL,11),(1133,NULL,NULL,11),(1134,NULL,NULL,11),(1135,NULL,NULL,11),(1136,NULL,NULL,11),(1137,NULL,NULL,11),(1138,NULL,NULL,11),(1139,NULL,NULL,11),(1140,NULL,NULL,11),(1141,NULL,NULL,11),(1142,NULL,NULL,11),(1143,NULL,NULL,11),(1144,NULL,NULL,11),(1145,NULL,NULL,11),(1146,NULL,NULL,11),(1147,NULL,NULL,11),(1148,NULL,NULL,11),(1149,NULL,NULL,11),(1150,NULL,NULL,11),(1151,NULL,NULL,11),(1152,NULL,NULL,11),(1153,NULL,NULL,11),(1154,NULL,NULL,11),(1155,NULL,NULL,11),(1156,NULL,NULL,11),(1157,NULL,NULL,11),(1158,NULL,NULL,11),(1159,NULL,NULL,11),(1160,NULL,NULL,11),(1161,NULL,NULL,11),(1162,NULL,NULL,11),(1163,NULL,NULL,11),(1164,NULL,NULL,11),(1165,NULL,NULL,11),(1166,NULL,NULL,11),(1167,NULL,NULL,11),(1168,NULL,NULL,11),(1169,NULL,NULL,11),(1170,NULL,NULL,11),(1171,NULL,NULL,11),(1172,NULL,NULL,11),(1173,NULL,NULL,11),(1174,NULL,NULL,11),(1175,NULL,NULL,11),(1176,NULL,NULL,11),(1177,NULL,NULL,11),(1178,NULL,NULL,11),(1179,NULL,NULL,11),(1180,NULL,NULL,11),(1181,NULL,NULL,11),(1182,NULL,NULL,11),(1183,NULL,NULL,11),(1184,NULL,NULL,11),(1185,NULL,NULL,11),(1186,NULL,NULL,11),(1187,NULL,NULL,11),(1188,NULL,NULL,11),(1189,NULL,NULL,11),(1190,NULL,NULL,11),(1191,NULL,NULL,11),(1192,NULL,NULL,11),(1193,NULL,NULL,11),(1194,NULL,NULL,11),(1195,NULL,NULL,11),(1196,NULL,NULL,11),(1197,NULL,NULL,11),(1198,NULL,NULL,11),(1199,NULL,NULL,11),(1200,NULL,NULL,11),(1201,NULL,NULL,11),(1202,NULL,NULL,11),(1203,NULL,NULL,11),(1204,NULL,NULL,11),(1205,NULL,NULL,11),(1206,NULL,NULL,11),(1207,NULL,NULL,11),(1208,NULL,NULL,11),(1209,NULL,NULL,11),(1210,NULL,NULL,11),(1211,NULL,NULL,11),(1212,NULL,NULL,11),(1213,NULL,NULL,11),(1214,NULL,NULL,11),(1215,NULL,NULL,11),(1216,NULL,NULL,11),(1217,NULL,NULL,11),(1218,NULL,NULL,11),(1219,NULL,NULL,11),(1220,NULL,NULL,11),(1221,NULL,NULL,11),(1222,NULL,NULL,11),(1223,NULL,NULL,11),(1224,NULL,NULL,11),(1225,NULL,NULL,11),(1226,NULL,NULL,11),(1227,NULL,NULL,11),(1228,NULL,NULL,11),(1229,NULL,NULL,11),(1230,NULL,NULL,11),(1231,NULL,NULL,11),(1232,NULL,NULL,11),(1233,NULL,NULL,11),(1234,NULL,NULL,11),(1235,NULL,NULL,11),(1236,NULL,NULL,11),(1237,NULL,NULL,11),(1238,NULL,NULL,11),(1239,NULL,NULL,11),(1240,NULL,NULL,11),(1241,NULL,NULL,11),(1242,NULL,NULL,11),(1243,NULL,NULL,11),(1244,NULL,NULL,11),(1245,NULL,NULL,11),(1246,NULL,NULL,11),(1247,NULL,NULL,11),(1248,NULL,NULL,11),(1249,NULL,NULL,11),(1250,NULL,NULL,11),(1251,NULL,NULL,11),(1252,NULL,NULL,11),(1253,NULL,NULL,11),(1254,NULL,NULL,11),(1255,NULL,NULL,11),(1256,NULL,NULL,11),(1257,NULL,NULL,11),(1258,NULL,NULL,11),(1259,NULL,NULL,11),(1260,NULL,NULL,11),(1261,NULL,NULL,11),(1262,NULL,NULL,11),(1263,NULL,NULL,11),(1264,NULL,NULL,11),(1265,NULL,NULL,11),(1266,NULL,NULL,11),(1267,NULL,NULL,11),(1268,NULL,NULL,11),(1269,NULL,NULL,11),(1270,NULL,NULL,11),(1271,NULL,NULL,11),(1272,NULL,NULL,11),(1273,NULL,NULL,11),(1274,NULL,NULL,11),(1275,NULL,NULL,11),(1276,NULL,NULL,11),(1277,NULL,NULL,11),(1278,NULL,NULL,11),(1279,NULL,NULL,11),(1280,NULL,NULL,11),(1281,NULL,NULL,11),(1282,NULL,NULL,11),(1283,NULL,NULL,11),(1284,NULL,NULL,11),(1285,NULL,NULL,11),(1286,NULL,NULL,11),(1287,NULL,NULL,11),(1288,NULL,NULL,11),(1289,NULL,NULL,11),(1290,NULL,NULL,11),(1291,NULL,NULL,11),(1292,NULL,NULL,11),(1293,NULL,NULL,11),(1294,NULL,NULL,11),(1295,NULL,NULL,11),(1296,NULL,NULL,11),(1297,NULL,NULL,11),(1298,NULL,NULL,11),(1299,NULL,NULL,11),(1300,NULL,NULL,11),(1301,NULL,NULL,11),(1302,NULL,NULL,11),(1303,NULL,NULL,11),(1304,NULL,NULL,11),(1305,NULL,NULL,11),(1306,NULL,NULL,11),(1307,NULL,NULL,11),(1308,NULL,NULL,11),(1309,NULL,NULL,11),(1310,NULL,NULL,11),(1311,NULL,NULL,11),(1312,NULL,NULL,11),(1313,NULL,NULL,11),(1314,NULL,NULL,11),(1315,NULL,NULL,11),(1316,NULL,NULL,11),(1317,NULL,NULL,11),(1318,NULL,NULL,11),(1319,NULL,NULL,11),(1320,NULL,NULL,11),(1321,NULL,NULL,11),(1322,NULL,NULL,11),(1323,NULL,NULL,11),(1324,NULL,NULL,11),(1325,NULL,NULL,11),(1326,NULL,NULL,11),(1327,NULL,NULL,11),(1328,NULL,NULL,11),(1329,NULL,NULL,11),(1330,NULL,NULL,11),(1331,NULL,NULL,11),(1332,NULL,NULL,11),(1333,NULL,NULL,11),(1334,NULL,NULL,11),(1335,NULL,NULL,11),(1336,NULL,NULL,11),(1337,NULL,NULL,11),(1338,NULL,NULL,11),(1339,NULL,NULL,11),(1340,NULL,NULL,11),(1341,NULL,NULL,11),(1342,NULL,NULL,11),(1343,NULL,NULL,11),(1344,NULL,NULL,11),(1345,NULL,NULL,11),(1346,NULL,NULL,11),(1347,NULL,NULL,11),(1348,NULL,NULL,11),(1349,NULL,NULL,11),(1350,NULL,NULL,11),(1351,NULL,NULL,11),(1352,NULL,NULL,11),(1353,NULL,NULL,11),(1354,NULL,NULL,11),(1355,NULL,NULL,11),(1356,NULL,NULL,11),(1357,NULL,NULL,11),(1358,NULL,NULL,11),(1359,NULL,NULL,11),(1360,NULL,NULL,11),(1361,NULL,NULL,11),(1362,NULL,NULL,11),(1363,NULL,NULL,11),(1364,NULL,NULL,11),(1365,NULL,NULL,11),(1366,NULL,NULL,11),(1367,NULL,NULL,11),(1368,NULL,NULL,11),(1369,NULL,NULL,11),(1370,NULL,NULL,11),(1371,NULL,NULL,11),(1372,NULL,NULL,11),(1373,NULL,NULL,11),(1374,NULL,NULL,11),(1375,NULL,NULL,11),(1376,NULL,NULL,11),(1377,NULL,NULL,11),(1378,NULL,NULL,11),(1379,NULL,NULL,11),(1380,NULL,NULL,11),(1381,NULL,NULL,11),(1382,NULL,NULL,11),(1383,NULL,NULL,11),(1384,NULL,NULL,11),(1385,NULL,NULL,11),(1386,NULL,NULL,11),(1387,NULL,NULL,11),(1388,NULL,NULL,11),(1389,NULL,NULL,11),(1390,NULL,NULL,11),(1391,NULL,NULL,11),(1392,NULL,NULL,11),(1393,NULL,NULL,11),(1394,NULL,NULL,11),(1395,NULL,NULL,11),(1396,NULL,NULL,11),(1397,NULL,NULL,11),(1398,NULL,NULL,11),(1399,NULL,NULL,11),(1400,NULL,NULL,11),(1401,NULL,NULL,11),(1402,NULL,NULL,11),(1403,NULL,NULL,11),(1404,NULL,NULL,11),(1405,NULL,NULL,11),(1406,NULL,NULL,11),(1407,NULL,NULL,11),(1408,NULL,NULL,11),(1409,NULL,NULL,11),(1410,NULL,NULL,11),(1411,NULL,NULL,11),(1412,NULL,NULL,11),(1413,NULL,NULL,11),(1414,NULL,NULL,11),(1415,NULL,NULL,11),(1416,NULL,NULL,11),(1417,NULL,NULL,11),(1418,NULL,NULL,11),(1419,NULL,NULL,11),(1420,NULL,NULL,11),(1421,NULL,NULL,11),(1422,NULL,NULL,11),(1423,NULL,NULL,11),(1424,NULL,NULL,11),(1425,NULL,NULL,11),(1426,NULL,NULL,11),(1427,NULL,NULL,11),(1428,NULL,NULL,11),(1429,NULL,NULL,11),(1430,NULL,NULL,11),(1431,NULL,NULL,11),(1432,NULL,NULL,11),(1433,NULL,NULL,11),(1434,NULL,NULL,11),(1435,NULL,NULL,11),(1436,NULL,NULL,11),(1437,NULL,NULL,11),(1438,NULL,NULL,11),(1439,NULL,NULL,11),(1440,NULL,NULL,11),(1441,NULL,NULL,11),(1442,NULL,NULL,11),(1443,NULL,NULL,11),(1444,NULL,NULL,11),(1445,NULL,NULL,11),(1446,NULL,NULL,11),(1447,NULL,NULL,11),(1448,NULL,NULL,11),(1449,NULL,NULL,11),(1450,NULL,NULL,11),(1451,NULL,NULL,11),(1452,NULL,NULL,11),(1453,NULL,NULL,11),(1454,NULL,NULL,11),(1455,NULL,NULL,11),(1456,NULL,NULL,11),(1457,NULL,NULL,11),(1458,NULL,NULL,11),(1459,NULL,NULL,11),(1460,NULL,NULL,11),(1461,NULL,NULL,11),(1462,NULL,NULL,11),(1463,NULL,NULL,11),(1464,NULL,NULL,11),(1465,NULL,NULL,11),(1466,NULL,NULL,11),(1467,NULL,NULL,11),(1468,NULL,NULL,11),(1469,NULL,NULL,11),(1470,NULL,NULL,11),(1471,NULL,NULL,11),(1472,NULL,NULL,11),(1473,NULL,NULL,11),(1474,NULL,NULL,11),(1475,NULL,NULL,11),(1476,NULL,NULL,11),(1477,NULL,NULL,11),(1478,NULL,NULL,11),(1479,NULL,NULL,11),(1480,NULL,NULL,11),(1481,NULL,NULL,11),(1482,NULL,NULL,11),(1483,NULL,NULL,11),(1484,NULL,NULL,11),(1485,NULL,NULL,11),(1486,NULL,NULL,11),(1487,NULL,NULL,11),(1488,NULL,NULL,11),(1489,NULL,NULL,11),(1490,NULL,NULL,11),(1491,NULL,NULL,11),(1492,NULL,NULL,11),(1493,NULL,NULL,11),(1494,NULL,NULL,11),(1495,NULL,NULL,11),(1496,NULL,NULL,11),(1497,NULL,NULL,11),(1498,NULL,NULL,11),(1499,NULL,NULL,11),(1500,NULL,NULL,11),(1501,NULL,NULL,11),(1502,NULL,NULL,11),(1503,NULL,NULL,11),(1504,NULL,NULL,11),(1505,NULL,NULL,11),(1506,NULL,NULL,11),(1507,NULL,NULL,11),(1508,NULL,NULL,11),(1509,NULL,NULL,11),(1510,NULL,NULL,11),(1511,NULL,NULL,11),(1512,NULL,NULL,11),(1513,NULL,NULL,11),(1514,NULL,NULL,11),(1515,NULL,NULL,11),(1516,NULL,NULL,11),(1517,NULL,NULL,11),(1518,NULL,NULL,11),(1519,NULL,NULL,11),(1520,NULL,NULL,11),(1521,NULL,NULL,11),(1522,NULL,NULL,11),(1523,NULL,NULL,11),(1524,NULL,NULL,11),(1525,NULL,NULL,11),(1526,NULL,NULL,11),(1527,NULL,NULL,11),(1528,NULL,NULL,11),(1529,NULL,NULL,11),(1530,NULL,NULL,11),(1531,NULL,NULL,11),(1532,NULL,NULL,11),(1533,NULL,NULL,11),(1534,NULL,NULL,11),(1535,NULL,NULL,11),(1536,NULL,NULL,11),(1537,NULL,NULL,11),(1538,NULL,NULL,11),(1539,NULL,NULL,11),(1540,NULL,NULL,11),(1541,NULL,NULL,11),(1542,NULL,NULL,11),(1543,NULL,NULL,11),(1544,NULL,NULL,11),(1545,NULL,NULL,11),(1546,NULL,NULL,11),(1547,NULL,NULL,11),(1548,NULL,NULL,11),(1549,NULL,NULL,11),(1550,NULL,NULL,11),(1551,NULL,NULL,11),(1552,NULL,NULL,11),(1553,NULL,NULL,11),(1554,NULL,NULL,11),(1555,NULL,NULL,11),(1556,NULL,NULL,11),(1557,NULL,NULL,11),(1558,NULL,NULL,11),(1559,NULL,NULL,11),(1560,NULL,NULL,11),(1561,NULL,NULL,11),(1562,NULL,NULL,11),(1563,NULL,NULL,11),(1564,NULL,NULL,11),(1565,NULL,NULL,11),(1566,NULL,NULL,11),(1567,NULL,NULL,11),(1568,NULL,NULL,11),(1569,NULL,NULL,11),(1570,NULL,NULL,11),(1571,NULL,NULL,11),(1572,NULL,NULL,11),(1573,NULL,NULL,11),(1574,NULL,NULL,11),(1575,NULL,NULL,11),(1576,NULL,NULL,11),(1577,NULL,NULL,11),(1578,NULL,NULL,11),(1579,NULL,NULL,11),(1580,NULL,NULL,11),(1581,NULL,NULL,11),(1582,NULL,NULL,11),(1583,NULL,NULL,11),(1584,NULL,NULL,11),(1585,NULL,NULL,11),(1586,NULL,NULL,11),(1587,NULL,NULL,11),(1588,NULL,NULL,11),(1589,NULL,NULL,11),(1590,NULL,NULL,11),(1591,NULL,NULL,11),(1592,NULL,NULL,11),(1593,NULL,NULL,11),(1594,NULL,NULL,11),(1595,NULL,NULL,11),(1596,NULL,NULL,11),(1597,NULL,NULL,11),(1598,NULL,NULL,11),(1599,NULL,NULL,11),(1600,NULL,NULL,11),(1601,NULL,NULL,11),(1602,NULL,NULL,11),(1603,NULL,NULL,11),(1604,NULL,NULL,11),(1605,NULL,NULL,11),(1606,NULL,NULL,11),(1607,NULL,NULL,11),(1608,NULL,NULL,11),(1609,NULL,NULL,11),(1610,NULL,NULL,11),(1611,NULL,NULL,11),(1612,NULL,NULL,11),(1613,NULL,NULL,11),(1614,NULL,NULL,11),(1615,NULL,NULL,11),(1616,NULL,NULL,11),(1617,NULL,NULL,11),(1618,NULL,NULL,11),(1619,NULL,NULL,11),(1620,NULL,NULL,11),(1621,NULL,NULL,11),(1622,NULL,NULL,11),(1623,NULL,NULL,11),(1624,NULL,NULL,11),(1625,NULL,NULL,11),(1626,NULL,NULL,12),(1627,NULL,NULL,12),(1628,NULL,NULL,12),(1629,NULL,NULL,12),(1630,NULL,NULL,12),(1631,NULL,NULL,12),(1632,NULL,NULL,12),(1633,NULL,NULL,12),(1634,NULL,NULL,12),(1635,NULL,NULL,12),(1636,NULL,NULL,12),(1637,NULL,NULL,12),(1638,NULL,NULL,13),(1639,NULL,NULL,13),(1640,NULL,NULL,13),(1641,NULL,NULL,13),(1642,NULL,NULL,13),(1643,NULL,NULL,13),(1644,NULL,NULL,14),(1645,NULL,NULL,14),(1646,NULL,NULL,14),(1647,NULL,NULL,14),(1648,NULL,NULL,14),(1649,NULL,NULL,14),(1650,NULL,NULL,14),(1651,NULL,NULL,14),(1652,NULL,NULL,14),(1653,NULL,NULL,15),(1654,NULL,NULL,15),(1655,NULL,NULL,15),(1656,NULL,NULL,15),(1657,NULL,NULL,15),(1658,NULL,NULL,15),(1659,NULL,NULL,15),(1660,NULL,NULL,15),(1661,NULL,NULL,15),(1662,NULL,NULL,15),(1663,NULL,NULL,15),(1664,NULL,NULL,15),(1665,NULL,NULL,16),(1666,NULL,NULL,16),(1667,NULL,NULL,16),(1668,NULL,NULL,16),(1669,NULL,NULL,16),(1670,NULL,NULL,17),(1671,NULL,NULL,17),(1672,NULL,NULL,17),(1673,NULL,NULL,17),(1674,NULL,NULL,17),(1675,NULL,NULL,17),(1676,NULL,NULL,17),(1677,NULL,NULL,17),(1678,NULL,NULL,17),(1679,NULL,NULL,18),(1680,NULL,NULL,18),(1681,NULL,NULL,18),(1682,NULL,NULL,18),(1683,NULL,NULL,18),(1684,NULL,NULL,18),(1685,NULL,NULL,18),(1686,NULL,NULL,18),(1687,NULL,NULL,19),(1688,NULL,NULL,19),(1689,NULL,NULL,19),(1690,NULL,NULL,19),(1691,NULL,NULL,20),(1692,NULL,NULL,20),(1693,NULL,NULL,20),(1694,NULL,NULL,20),(1695,NULL,NULL,21),(1696,NULL,NULL,21),(1697,NULL,NULL,21),(1698,NULL,NULL,21),(1699,NULL,NULL,22),(1700,NULL,NULL,22),(1701,NULL,NULL,22),(1702,NULL,NULL,22),(1703,NULL,NULL,22),(1704,NULL,NULL,22),(1705,NULL,NULL,22),(1706,NULL,NULL,22),(1707,NULL,NULL,22),(1708,NULL,NULL,22),(1709,NULL,NULL,23),(1710,NULL,NULL,23),(1711,NULL,NULL,23),(1712,NULL,NULL,23),(1713,NULL,NULL,23),(1714,NULL,NULL,23),(1715,NULL,NULL,23),(1716,NULL,NULL,23),(1717,NULL,NULL,23),(1718,NULL,NULL,23),(1719,NULL,NULL,23),(1720,NULL,NULL,23),(1721,NULL,NULL,23),(1722,NULL,NULL,23),(1723,NULL,NULL,23),(1724,NULL,NULL,23),(1725,NULL,NULL,23),(1726,NULL,NULL,23),(1727,NULL,NULL,23),(1728,NULL,NULL,23),(1729,NULL,NULL,23),(1730,NULL,NULL,23),(1731,NULL,NULL,23),(1732,NULL,NULL,23),(1733,NULL,NULL,23),(1734,NULL,NULL,23),(1735,NULL,NULL,23),(1736,NULL,NULL,23),(1737,NULL,NULL,23),(1738,NULL,NULL,23),(1739,NULL,NULL,23),(1740,NULL,NULL,23),(1741,NULL,NULL,23),(1742,NULL,NULL,23),(1743,NULL,NULL,23),(1744,NULL,NULL,23),(1745,NULL,NULL,23),(1746,NULL,NULL,23),(1747,NULL,NULL,23),(1748,NULL,NULL,23),(1749,NULL,NULL,23),(1750,NULL,NULL,23),(1751,NULL,NULL,23),(1752,NULL,NULL,23),(1753,NULL,NULL,23),(1754,NULL,NULL,23),(1755,NULL,NULL,23),(1756,NULL,NULL,23),(1757,NULL,NULL,23),(1758,NULL,NULL,23),(1759,NULL,NULL,23),(1760,NULL,NULL,23),(1761,NULL,NULL,23),(1762,NULL,NULL,23),(1763,NULL,NULL,23),(1764,NULL,NULL,23),(1765,NULL,NULL,23),(1766,NULL,NULL,23),(1767,NULL,NULL,23),(1768,NULL,NULL,23),(1769,NULL,NULL,23),(1770,NULL,NULL,23),(1771,NULL,NULL,23),(1772,NULL,NULL,23),(1773,NULL,NULL,23),(1774,NULL,NULL,23),(1775,NULL,NULL,23),(1776,NULL,NULL,23),(1777,NULL,NULL,23),(1778,NULL,NULL,23),(1779,NULL,NULL,23),(1780,NULL,NULL,23),(1781,NULL,NULL,23),(1782,NULL,NULL,23),(1783,NULL,NULL,23),(1784,NULL,NULL,23),(1785,NULL,NULL,23),(1786,NULL,NULL,23),(1787,NULL,NULL,23),(1788,NULL,NULL,23),(1789,NULL,NULL,23),(1790,NULL,NULL,23),(1791,NULL,NULL,23),(1792,NULL,NULL,23),(1793,NULL,NULL,23),(1794,NULL,NULL,23),(1795,NULL,NULL,23),(1796,NULL,NULL,23),(1797,NULL,NULL,23),(1798,NULL,NULL,23),(1799,NULL,NULL,23),(1800,NULL,NULL,23),(1801,NULL,NULL,23),(1802,NULL,NULL,23),(1803,NULL,NULL,23),(1804,NULL,NULL,23),(1805,NULL,NULL,23),(1806,NULL,NULL,23),(1807,NULL,NULL,23),(1808,NULL,NULL,23),(1809,NULL,NULL,23),(1810,NULL,NULL,23),(1811,NULL,NULL,23),(1812,NULL,NULL,23),(1813,NULL,NULL,23),(1814,NULL,NULL,23),(1815,NULL,NULL,23),(1816,NULL,NULL,23),(1817,NULL,NULL,23),(1818,NULL,NULL,23),(1819,NULL,NULL,23),(1820,NULL,NULL,23),(1821,NULL,NULL,23),(1822,NULL,NULL,23),(1823,NULL,NULL,23),(1824,NULL,NULL,23),(1825,NULL,NULL,23),(1826,NULL,NULL,23),(1827,NULL,NULL,23),(1828,NULL,NULL,23),(1829,NULL,NULL,23),(1830,NULL,NULL,23),(1831,NULL,NULL,23),(1832,NULL,NULL,23),(1833,NULL,NULL,23),(1834,NULL,NULL,23),(1835,NULL,NULL,23),(1836,NULL,NULL,23),(1837,NULL,NULL,23),(1838,NULL,NULL,23),(1839,NULL,NULL,23),(1840,NULL,NULL,23),(1841,NULL,NULL,23),(1842,NULL,NULL,23),(1843,NULL,NULL,23),(1844,NULL,NULL,23),(1845,NULL,NULL,23),(1846,NULL,NULL,23),(1847,NULL,NULL,23),(1848,NULL,NULL,23),(1849,NULL,NULL,23),(1850,NULL,NULL,23),(1851,NULL,NULL,23),(1852,NULL,NULL,23),(1853,NULL,NULL,23),(1854,NULL,NULL,23),(1855,NULL,NULL,23),(1856,NULL,NULL,23),(1857,NULL,NULL,23),(1858,NULL,NULL,23),(1859,NULL,NULL,23),(1860,NULL,NULL,23),(1861,NULL,NULL,23),(1862,NULL,NULL,23),(1863,NULL,NULL,23),(1864,NULL,NULL,23),(1865,NULL,NULL,23),(1866,NULL,NULL,23),(1867,NULL,NULL,23),(1868,NULL,NULL,23),(1869,NULL,NULL,23),(1870,NULL,NULL,23),(1871,NULL,NULL,23),(1872,NULL,NULL,23),(1873,NULL,NULL,23),(1874,NULL,NULL,23),(1875,NULL,NULL,23),(1876,NULL,NULL,23),(1877,NULL,NULL,23),(1878,NULL,NULL,23),(1879,NULL,NULL,23),(1880,NULL,NULL,23),(1881,NULL,NULL,23),(1882,NULL,NULL,23),(1883,NULL,NULL,23),(1884,NULL,NULL,23),(1885,NULL,NULL,23),(1886,NULL,NULL,23),(1887,NULL,NULL,23),(1888,NULL,NULL,23),(1889,NULL,NULL,23),(1890,NULL,NULL,23),(1891,NULL,NULL,23),(1892,NULL,NULL,23),(1893,NULL,NULL,23),(1894,NULL,NULL,23),(1895,NULL,NULL,23),(1896,NULL,NULL,23),(1897,NULL,NULL,23),(1898,NULL,NULL,23),(1899,NULL,NULL,23),(1900,NULL,NULL,23),(1901,NULL,NULL,23),(1902,NULL,NULL,23),(1903,NULL,NULL,23),(1904,NULL,NULL,23),(1905,NULL,NULL,23),(1906,NULL,NULL,23),(1907,NULL,NULL,23),(1908,NULL,NULL,23),(1909,NULL,NULL,23),(1910,NULL,NULL,23),(1911,NULL,NULL,23),(1912,NULL,NULL,23),(1913,NULL,NULL,23),(1914,NULL,NULL,23),(1915,NULL,NULL,23),(1916,NULL,NULL,23),(1917,NULL,NULL,23),(1918,NULL,NULL,23),(1919,NULL,NULL,23),(1920,NULL,NULL,23),(1921,NULL,NULL,23),(1922,NULL,NULL,23),(1923,NULL,NULL,23),(1924,NULL,NULL,23),(1925,NULL,NULL,23),(1926,NULL,NULL,23),(1927,NULL,NULL,23),(1928,NULL,NULL,23),(1929,NULL,NULL,23),(1930,NULL,NULL,23),(1931,NULL,NULL,23),(1932,NULL,NULL,23),(1933,NULL,NULL,23),(1934,NULL,NULL,23),(1935,NULL,NULL,23),(1936,NULL,NULL,23),(1937,NULL,NULL,23),(1938,NULL,NULL,23),(1939,NULL,NULL,23),(1940,NULL,NULL,23),(1941,NULL,NULL,23),(1942,NULL,NULL,23),(1943,NULL,NULL,23),(1944,NULL,NULL,23),(1945,NULL,NULL,23),(1946,NULL,NULL,23),(1947,NULL,NULL,23),(1948,NULL,NULL,23),(1949,NULL,NULL,23),(1950,NULL,NULL,23),(1951,NULL,NULL,23),(1952,NULL,NULL,23),(1953,NULL,NULL,23),(1954,NULL,NULL,23),(1955,NULL,NULL,23),(1956,NULL,NULL,23),(1957,NULL,NULL,23),(1958,NULL,NULL,23),(1959,NULL,NULL,23),(1960,NULL,NULL,23),(1961,NULL,NULL,23),(1962,NULL,NULL,23),(1963,NULL,NULL,23),(1964,NULL,NULL,23),(1965,NULL,NULL,23),(1966,NULL,NULL,23),(1967,NULL,NULL,23),(1968,NULL,NULL,23),(1969,NULL,NULL,23),(1970,NULL,NULL,23),(1971,NULL,NULL,23),(1972,NULL,NULL,23),(1973,NULL,NULL,23),(1974,NULL,NULL,23),(1975,NULL,NULL,23),(1976,NULL,NULL,23),(1977,NULL,NULL,23),(1978,NULL,NULL,23),(1979,NULL,NULL,23),(1980,NULL,NULL,23),(1981,NULL,NULL,23),(1982,NULL,NULL,23),(1983,NULL,NULL,23),(1984,NULL,NULL,23),(1985,NULL,NULL,23),(1986,NULL,NULL,23),(1987,NULL,NULL,23),(1988,NULL,NULL,23),(1989,NULL,NULL,23),(1990,NULL,NULL,23),(1991,NULL,NULL,23),(1992,NULL,NULL,23),(1993,NULL,NULL,23),(1994,NULL,NULL,23),(1995,NULL,NULL,23),(1996,NULL,NULL,23),(1997,NULL,NULL,23),(1998,NULL,NULL,23),(1999,NULL,NULL,23),(2000,NULL,NULL,23),(2001,NULL,NULL,23),(2002,NULL,NULL,23),(2003,NULL,NULL,23),(2004,NULL,NULL,23),(2005,NULL,NULL,23),(2006,NULL,NULL,23),(2007,NULL,NULL,23),(2008,NULL,NULL,23),(2009,NULL,NULL,23),(2010,NULL,NULL,23),(2011,NULL,NULL,23),(2012,NULL,NULL,23),(2013,NULL,NULL,23),(2014,NULL,NULL,23),(2015,NULL,NULL,23),(2016,NULL,NULL,23),(2017,NULL,NULL,23),(2018,NULL,NULL,23),(2019,NULL,NULL,23),(2020,NULL,NULL,23),(2021,NULL,NULL,23),(2022,NULL,NULL,23),(2023,NULL,NULL,23),(2024,NULL,NULL,23),(2025,NULL,NULL,23),(2026,NULL,NULL,23),(2027,NULL,NULL,23),(2028,NULL,NULL,23),(2029,NULL,NULL,23),(2030,NULL,NULL,23),(2031,NULL,NULL,23),(2032,NULL,NULL,23),(2033,NULL,NULL,23),(2034,NULL,NULL,23),(2035,NULL,NULL,23),(2036,NULL,NULL,23),(2037,NULL,NULL,23),(2038,NULL,NULL,23),(2039,NULL,NULL,23),(2040,NULL,NULL,23),(2041,NULL,NULL,23),(2042,NULL,NULL,23),(2043,NULL,NULL,23),(2044,NULL,NULL,23),(2045,NULL,NULL,23),(2046,NULL,NULL,23),(2047,NULL,NULL,23),(2048,NULL,NULL,23),(2049,NULL,NULL,23),(2050,NULL,NULL,23),(2051,NULL,NULL,23),(2052,NULL,NULL,23),(2053,NULL,NULL,23),(2054,NULL,NULL,23),(2055,NULL,NULL,23),(2056,NULL,NULL,23),(2057,NULL,NULL,23),(2058,NULL,NULL,23),(2059,NULL,NULL,23),(2060,NULL,NULL,23),(2061,NULL,NULL,23),(2062,NULL,NULL,23),(2063,NULL,NULL,23),(2064,NULL,NULL,23),(2065,NULL,NULL,23),(2066,NULL,NULL,23),(2067,NULL,NULL,23),(2068,NULL,NULL,23),(2069,NULL,NULL,23),(2070,NULL,NULL,23),(2071,NULL,NULL,23),(2072,NULL,NULL,23),(2073,NULL,NULL,23),(2074,NULL,NULL,23),(2075,NULL,NULL,23),(2076,NULL,NULL,23),(2077,NULL,NULL,23),(2078,NULL,NULL,23),(2079,NULL,NULL,23),(2080,NULL,NULL,23),(2081,NULL,NULL,23),(2082,NULL,NULL,23),(2083,NULL,NULL,23),(2084,NULL,NULL,23),(2085,NULL,NULL,23),(2086,NULL,NULL,23),(2087,NULL,NULL,23),(2088,NULL,NULL,23),(2089,NULL,NULL,23),(2090,NULL,NULL,23),(2091,NULL,NULL,23),(2092,NULL,NULL,23),(2093,NULL,NULL,23),(2094,NULL,NULL,23),(2095,NULL,NULL,23),(2096,NULL,NULL,23),(2097,NULL,NULL,23),(2098,NULL,NULL,23),(2099,NULL,NULL,23),(2100,NULL,NULL,23),(2101,NULL,NULL,23),(2102,NULL,NULL,23),(2103,NULL,NULL,23),(2104,NULL,NULL,23),(2105,NULL,NULL,23),(2106,NULL,NULL,23),(2107,NULL,NULL,23),(2108,NULL,NULL,23),(2109,NULL,NULL,23),(2110,NULL,NULL,23),(2111,NULL,NULL,23),(2112,NULL,NULL,23),(2113,NULL,NULL,23),(2114,NULL,NULL,23),(2115,NULL,NULL,23),(2116,NULL,NULL,23),(2117,NULL,NULL,23),(2118,NULL,NULL,23),(2119,NULL,NULL,24),(2120,NULL,NULL,24),(2121,NULL,NULL,24),(2122,NULL,NULL,24),(2123,NULL,NULL,24),(2124,NULL,NULL,24);

/*Table structure for table `dyextn_primitive_attribute` */

DROP TABLE IF EXISTS `dyextn_primitive_attribute`;

CREATE TABLE `dyextn_primitive_attribute` (
  `IDENTIFIER` bigint(20) NOT NULL default '0',
  `IS_COLLECTION` tinyint(1) default NULL,
  `IS_IDENTIFIED` tinyint(1) default NULL,
  `IS_PRIMARY_KEY` tinyint(1) default NULL,
  `IS_NULLABLE` tinyint(1) default NULL,
  PRIMARY KEY  (`IDENTIFIER`),
  KEY `FKA9F765C7BC7298A9` (`IDENTIFIER`),
  CONSTRAINT `FKA9F765C7BC7298A9` FOREIGN KEY (`IDENTIFIER`) REFERENCES `dyextn_attribute` (`IDENTIFIER`)
) ENGINE=InnoDB DEFAULT CHARSET=latin1;

/*Data for the table `dyextn_primitive_attribute` */

insert into `dyextn_primitive_attribute` (`IDENTIFIER`,`IS_COLLECTION`,`IS_IDENTIFIED`,`IS_PRIMARY_KEY`,`IS_NULLABLE`) values (3,0,NULL,1,1),(15,0,NULL,1,1),(16,0,NULL,0,1),(17,0,NULL,0,1),(18,0,NULL,0,1),(19,0,NULL,0,1),(20,0,NULL,0,1),(21,0,NULL,0,1),(22,0,NULL,0,1),(23,0,NULL,0,1),(24,0,NULL,0,1),(25,0,NULL,0,1),(26,0,NULL,0,1),(27,0,NULL,0,1),(28,0,NULL,0,1),(45,0,NULL,0,1),(46,0,NULL,0,1),(47,0,NULL,0,1),(48,0,NULL,0,1),(49,0,NULL,0,1),(50,0,NULL,0,1),(51,0,NULL,0,1),(52,0,NULL,1,1),(57,0,NULL,1,1),(58,0,NULL,0,1),(59,0,NULL,0,1),(60,0,NULL,0,1),(61,0,NULL,0,1),(62,0,NULL,0,1),(63,0,NULL,0,1),(64,0,NULL,0,1),(65,0,NULL,0,1),(76,0,NULL,1,1),(77,0,NULL,0,1),(78,0,NULL,0,1),(79,0,NULL,0,1),(80,0,NULL,0,1),(81,0,NULL,0,1),(82,0,NULL,0,1),(83,0,NULL,0,1),(84,0,NULL,0,1),(92,0,NULL,0,1),(93,0,NULL,0,1),(94,0,NULL,1,1),(95,0,NULL,0,1),(96,0,NULL,0,1),(99,0,NULL,0,1),(100,0,NULL,0,1),(101,0,NULL,1,1),(102,0,NULL,0,1),(103,0,NULL,0,1),(104,0,NULL,0,1),(105,0,NULL,0,1),(106,0,NULL,0,1),(107,0,NULL,0,1),(113,0,NULL,0,1),(114,0,NULL,0,1),(115,0,NULL,1,1),(117,0,NULL,0,1),(118,0,NULL,0,1),(119,0,NULL,0,1),(120,0,NULL,0,1),(121,0,NULL,0,1),(122,0,NULL,0,1),(123,0,NULL,0,1),(124,0,NULL,1,1),(126,0,NULL,0,1),(127,0,NULL,1,1),(129,0,NULL,0,1),(130,0,NULL,1,1),(132,0,NULL,0,1),(133,0,NULL,1,1),(136,0,NULL,0,1),(137,0,NULL,0,1),(138,0,NULL,0,1),(139,0,NULL,0,1),(140,0,NULL,0,1),(141,0,NULL,1,1),(143,0,NULL,0,1),(144,0,NULL,0,1),(145,0,NULL,1,1),(150,0,NULL,0,1),(151,0,NULL,0,1),(152,0,NULL,0,1),(153,0,NULL,0,1),(154,0,NULL,0,1),(155,0,NULL,0,1),(156,0,NULL,1,1),(159,0,NULL,0,1),(160,0,NULL,0,1),(161,0,NULL,0,1),(162,0,NULL,0,1),(163,0,NULL,0,1),(164,0,NULL,0,1),(165,0,NULL,1,1),(168,0,NULL,0,1),(169,0,NULL,0,1),(170,0,NULL,0,1),(171,0,NULL,0,1),(172,0,NULL,0,1),(173,0,NULL,0,1),(174,0,NULL,0,1),(175,0,NULL,0,1),(176,0,NULL,1,1),(179,0,NULL,1,1),(180,0,NULL,0,1),(181,0,NULL,0,1),(182,0,NULL,0,1),(183,0,NULL,0,1),(184,0,NULL,0,1),(185,0,NULL,0,1),(186,0,NULL,0,1),(187,0,NULL,0,1),(188,0,NULL,0,1),(194,0,NULL,0,1),(195,0,NULL,0,1),(196,0,NULL,0,1),(197,0,NULL,0,1),(198,0,NULL,0,1),(199,0,NULL,0,1),(200,0,NULL,1,1),(201,0,NULL,0,1),(202,0,NULL,0,1),(204,0,NULL,0,1),(205,0,NULL,1,1),(207,0,NULL,1,1),(209,0,NULL,0,1),(210,0,NULL,1,1),(212,0,NULL,0,1),(213,0,NULL,1,1),(215,0,NULL,0,1),(216,0,NULL,1,1),(218,0,NULL,0,1),(219,0,NULL,1,1),(221,0,NULL,0,1),(222,0,NULL,0,1),(223,0,NULL,1,1),(236,0,NULL,1,1),(237,0,NULL,0,1),(238,0,NULL,0,1),(239,0,NULL,0,1),(240,0,NULL,0,1),(241,0,NULL,0,1),(242,0,NULL,0,1),(243,0,NULL,0,1),(244,0,NULL,0,1),(245,0,NULL,0,1),(246,0,NULL,0,1),(247,0,NULL,0,1),(248,0,NULL,0,1),(249,0,NULL,0,1),(250,0,NULL,0,1),(272,0,NULL,1,1),(273,0,NULL,0,1),(274,0,NULL,0,1),(275,0,NULL,0,1),(276,0,NULL,0,1),(277,0,NULL,0,1),(278,0,NULL,0,1),(279,0,NULL,0,1),(280,0,NULL,0,1),(281,0,NULL,0,1),(282,0,NULL,0,1),(283,0,NULL,0,1),(284,0,NULL,0,1),(285,0,NULL,0,1),(308,0,NULL,1,1),(309,0,NULL,0,1),(310,0,NULL,0,1),(311,0,NULL,0,1),(312,0,NULL,0,1),(313,0,NULL,0,1),(314,0,NULL,0,1),(315,0,NULL,0,1),(316,0,NULL,0,1),(317,0,NULL,0,1),(318,0,NULL,0,1),(319,0,NULL,0,1),(320,0,NULL,0,1),(321,0,NULL,0,1),(344,0,NULL,1,1),(345,0,NULL,0,1),(346,0,NULL,0,1),(347,0,NULL,0,1),(348,0,NULL,0,1),(349,0,NULL,0,1),(350,0,NULL,0,1),(351,0,NULL,0,1),(352,0,NULL,0,1),(353,0,NULL,0,1),(354,0,NULL,0,1),(355,0,NULL,0,1),(356,0,NULL,0,1),(357,0,NULL,0,1),(371,0,NULL,0,1),(372,0,NULL,1,1),(375,0,NULL,0,1),(376,0,NULL,0,1),(377,0,NULL,0,1),(378,0,NULL,1,1),(391,0,NULL,0,1),(392,0,NULL,0,1),(393,0,NULL,0,1),(394,0,NULL,0,1),(395,0,NULL,0,1),(396,0,NULL,0,1),(397,0,NULL,0,1),(398,0,NULL,1,1),(412,0,NULL,0,1),(413,0,NULL,0,1),(414,0,NULL,1,1),(422,0,NULL,0,1),(423,0,NULL,0,1),(424,0,NULL,1,1),(432,0,NULL,0,1),(433,0,NULL,0,1),(434,0,NULL,0,1),(435,0,NULL,1,1),(443,0,NULL,0,1),(444,0,NULL,0,1),(445,0,NULL,1,1),(453,0,NULL,0,1),(454,0,NULL,0,1),(455,0,NULL,0,1),(456,0,NULL,0,1),(457,0,NULL,1,1),(461,0,NULL,1,1),(462,0,NULL,0,1),(463,0,NULL,0,1),(464,0,NULL,0,1),(465,0,NULL,0,1),(466,0,NULL,0,1),(467,0,NULL,0,1),(481,0,NULL,0,1),(482,0,NULL,0,1),(483,0,NULL,0,1),(484,0,NULL,1,1),(492,0,NULL,0,1),(493,0,NULL,0,1),(494,0,NULL,0,1),(495,0,NULL,1,1),(503,0,NULL,0,1),(504,0,NULL,0,1),(505,0,NULL,1,1),(510,0,NULL,1,1),(511,0,NULL,0,1),(512,0,NULL,0,1),(513,0,NULL,0,1),(514,0,NULL,0,1),(515,0,NULL,0,1),(516,0,NULL,0,1),(517,0,NULL,0,1),(518,0,NULL,0,1),(519,0,NULL,0,1),(525,0,NULL,0,1),(526,0,NULL,1,1),(527,0,NULL,0,1),(528,0,NULL,0,1),(529,0,NULL,0,1),(530,0,NULL,0,1),(531,0,NULL,0,1),(532,0,NULL,0,1),(545,0,NULL,0,1),(546,0,NULL,0,1),(547,0,NULL,0,1),(548,0,NULL,0,1),(549,0,NULL,1,1),(557,0,NULL,0,1),(558,0,NULL,0,1),(559,0,NULL,0,1),(560,0,NULL,1,1),(568,0,NULL,0,1),(569,0,NULL,0,1),(570,0,NULL,0,1),(571,0,NULL,1,1),(574,0,NULL,0,1),(575,0,NULL,0,1),(576,0,NULL,1,1),(584,0,NULL,0,1),(585,0,NULL,0,1),(586,0,NULL,0,1),(587,0,NULL,1,1),(595,0,NULL,0,1),(596,0,NULL,0,1),(597,0,NULL,0,1),(598,0,NULL,1,1),(606,0,NULL,0,1),(607,0,NULL,0,1),(608,0,NULL,0,1),(609,0,NULL,0,1),(610,0,NULL,1,1),(618,0,NULL,0,1),(619,0,NULL,0,1),(620,0,NULL,0,1),(621,0,NULL,0,1),(622,0,NULL,1,1),(630,0,NULL,0,1),(631,0,NULL,0,1),(632,0,NULL,1,1),(640,0,NULL,0,1),(641,0,NULL,0,1),(642,0,NULL,0,1),(643,0,NULL,0,1),(644,0,NULL,1,1),(651,0,NULL,0,1),(652,0,NULL,0,1),(653,0,NULL,0,1),(654,0,NULL,1,1),(656,0,NULL,0,1),(657,0,NULL,1,1),(660,0,NULL,0,1),(661,0,NULL,1,1),(663,0,NULL,0,1),(664,0,NULL,0,1),(665,0,NULL,0,1),(666,0,NULL,0,1),(667,0,NULL,1,1),(669,0,NULL,0,1),(670,0,NULL,1,1),(672,0,NULL,0,1),(673,0,NULL,0,1),(674,0,NULL,0,1),(675,0,NULL,1,1),(677,0,NULL,0,1),(678,0,NULL,1,1),(686,0,NULL,0,1),(687,0,NULL,0,1),(688,0,NULL,0,1),(689,0,NULL,1,1),(698,0,NULL,0,1),(699,0,NULL,0,1),(700,0,NULL,0,1),(701,0,NULL,0,1),(702,0,NULL,1,1),(706,0,NULL,0,1),(707,0,NULL,0,1),(708,0,NULL,0,1),(709,0,NULL,1,1),(710,0,NULL,0,1),(712,0,NULL,0,1),(713,0,NULL,1,1),(716,0,NULL,0,1),(717,0,NULL,0,1),(718,0,NULL,1,1),(720,0,NULL,0,1),(721,0,NULL,1,1),(725,0,NULL,0,1),(726,0,NULL,0,1),(727,0,NULL,0,1),(728,0,NULL,1,1),(737,0,NULL,0,1),(738,0,NULL,0,1),(739,0,NULL,1,1),(741,0,NULL,1,1),(758,0,NULL,0,1),(759,0,NULL,0,1),(760,0,NULL,0,1),(761,0,NULL,1,1),(765,0,NULL,0,1),(766,0,NULL,0,1),(767,0,NULL,0,1),(768,0,NULL,0,1),(769,0,NULL,1,1),(778,0,NULL,0,1),(779,0,NULL,0,1),(780,0,NULL,1,1),(789,0,NULL,0,1),(790,0,NULL,0,1),(791,0,NULL,0,1),(792,0,NULL,0,1),(793,0,NULL,1,1),(799,0,NULL,1,1),(800,0,NULL,0,1),(801,0,NULL,0,1),(802,0,NULL,0,1),(803,0,NULL,0,1),(804,0,NULL,0,1),(805,0,NULL,0,1),(817,0,NULL,1,1),(818,0,NULL,0,1),(819,0,NULL,0,1),(820,0,NULL,0,1),(821,0,NULL,0,1),(836,0,NULL,0,1),(837,0,NULL,0,1),(838,0,NULL,1,1),(839,0,NULL,0,1),(842,0,NULL,0,1),(843,0,NULL,1,1),(845,0,NULL,0,1),(846,0,NULL,0,1),(847,0,NULL,0,1),(848,0,NULL,1,1),(849,0,NULL,0,1),(850,0,NULL,0,1),(851,0,NULL,0,1),(852,0,NULL,0,1),(853,0,NULL,0,1),(854,0,NULL,0,1),(855,0,NULL,0,1),(856,0,NULL,0,1),(865,0,NULL,0,1),(866,0,NULL,0,1),(867,0,NULL,1,1),(873,0,NULL,0,1),(874,0,NULL,1,1),(875,0,NULL,0,1),(876,0,NULL,0,1),(889,0,NULL,1,1),(890,0,NULL,0,1),(891,0,NULL,0,1),(908,0,NULL,0,1),(909,0,NULL,0,1),(910,0,NULL,1,1),(913,0,NULL,1,1),(914,0,NULL,0,1),(917,0,NULL,0,1),(918,0,NULL,0,1),(919,0,NULL,0,1),(920,0,NULL,1,1),(922,0,NULL,0,1),(923,0,NULL,0,1),(924,0,NULL,1,1),(925,0,NULL,0,1),(928,0,NULL,0,1),(929,0,NULL,0,1),(930,0,NULL,0,1),(931,0,NULL,1,1),(939,0,NULL,0,1),(940,0,NULL,0,1),(941,0,NULL,0,1),(942,0,NULL,1,1),(943,0,NULL,0,1),(947,0,NULL,0,1),(948,0,NULL,1,1),(952,0,NULL,1,1),(953,0,NULL,0,1),(954,0,NULL,0,1),(955,0,NULL,0,1),(971,0,NULL,0,1),(972,0,NULL,0,1),(973,0,NULL,1,1),(974,0,NULL,0,1),(977,0,NULL,0,1),(978,0,NULL,0,1),(979,0,NULL,1,1),(980,0,NULL,0,1),(990,0,NULL,0,1),(991,0,NULL,0,1),(992,0,NULL,1,1),(1204,0,NULL,0,1),(1205,0,NULL,0,1),(1206,0,NULL,0,1),(1207,0,NULL,0,1),(1208,0,NULL,0,1),(1209,0,NULL,0,1),(1210,0,NULL,0,1),(1211,0,NULL,0,1),(1212,0,NULL,0,1),(1213,0,NULL,0,1);

/*Table structure for table `dyextn_radiobutton` */

DROP TABLE IF EXISTS `dyextn_radiobutton`;

CREATE TABLE `dyextn_radiobutton` (
  `IDENTIFIER` bigint(20) NOT NULL default '0',
  PRIMARY KEY  (`IDENTIFIER`),
  KEY `FK16F5BA90BC7298A9` (`IDENTIFIER`),
  CONSTRAINT `FK16F5BA90BC7298A9` FOREIGN KEY (`IDENTIFIER`) REFERENCES `dyextn_control` (`IDENTIFIER`)
) ENGINE=InnoDB DEFAULT CHARSET=latin1;

/*Data for the table `dyextn_radiobutton` */

/*Table structure for table `dyextn_role` */

DROP TABLE IF EXISTS `dyextn_role`;

CREATE TABLE `dyextn_role` (
  `IDENTIFIER` bigint(20) NOT NULL auto_increment,
  `ASSOCIATION_TYPE` varchar(255) default NULL,
  `MAX_CARDINALITY` int(11) default NULL,
  `MIN_CARDINALITY` int(11) default NULL,
  `NAME` varchar(255) default NULL,
  PRIMARY KEY  (`IDENTIFIER`)
) ENGINE=InnoDB DEFAULT CHARSET=latin1;

/*Data for the table `dyextn_role` */

insert into `dyextn_role` (`IDENTIFIER`,`ASSOCIATION_TYPE`,`MAX_CARDINALITY`,`MIN_CARDINALITY`,`NAME`) values (1,'ASSOCIATION',2,0,'specimenCollection'),(2,'ASSOCIATION',1,0,'specimenCollectionGroup'),(3,'ASSOCIATION',2,0,'specimenCollection'),(4,'ASSOCIATION',1,0,'specimenCollectionGroup'),(5,'ASSOCIATION',2,0,'specimenCollection'),(6,'ASSOCIATION',1,0,'specimenCollectionGroup'),(7,'ASSOCIATION',1,0,NULL),(8,'ASSOCIATION',2,0,'consentTierStatusCollection'),(9,'ASSOCIATION',1,0,'parentSpecimen'),(10,'ASSOCIATION',2,0,'childrenSpecimen'),(11,'ASSOCIATION',1,0,'parentSpecimen'),(12,'ASSOCIATION',2,0,'childrenSpecimen'),(13,'ASSOCIATION',1,0,'parentSpecimen'),(14,'ASSOCIATION',2,0,'childrenSpecimen'),(15,'ASSOCIATION',1,0,'parentSpecimen'),(16,'ASSOCIATION',2,0,'childrenSpecimen'),(17,'ASSOCIATION',1,0,'parentSpecimen'),(18,'ASSOCIATION',2,0,'childrenSpecimen'),(19,'ASSOCIATION',2,1,NULL),(20,'ASSOCIATION',1,0,'specimenCharacteristics'),(21,'ASSOCIATION',1,0,NULL),(22,'ASSOCIATION',1,0,'availableQuantity'),(23,'ASSOCIATION',1,0,NULL),(24,'ASSOCIATION',1,0,'availableQuantity'),(25,'ASSOCIATION',1,0,NULL),(26,'ASSOCIATION',1,0,'availableQuantity'),(27,'ASSOCIATION',1,0,NULL),(28,'ASSOCIATION',1,0,'availableQuantity'),(29,'ASSOCIATION',1,0,NULL),(30,'ASSOCIATION',1,0,'availableQuantity'),(31,'ASSOCIATION',1,0,NULL),(32,'ASSOCIATION',1,0,'initialQuantity'),(33,'ASSOCIATION',1,0,NULL),(34,'ASSOCIATION',1,0,'initialQuantity'),(35,'ASSOCIATION',1,0,NULL),(36,'ASSOCIATION',1,0,'initialQuantity'),(37,'ASSOCIATION',1,0,NULL),(38,'ASSOCIATION',1,0,'initialQuantity'),(39,'ASSOCIATION',1,0,NULL),(40,'ASSOCIATION',1,0,'initialQuantity'),(41,'ASSOCIATION',2,0,'specimenCollection'),(42,'ASSOCIATION',1,0,'storageContainer'),(43,'ASSOCIATION',1,0,NULL),(44,'ASSOCIATION',1,0,'capacity'),(45,'ASSOCIATION',2,0,'children'),(46,'ASSOCIATION',1,0,'parent'),(47,'ASSOCIATION',2,0,'children'),(48,'ASSOCIATION',1,0,'parent'),(49,'ASSOCIATION',2,0,'children'),(50,'ASSOCIATION',1,0,'parent'),(51,'ASSOCIATION',1,0,NULL),(52,'ASSOCIATION',1,0,'capacity'),(53,'ASSOCIATION',1,0,NULL),(54,'ASSOCIATION',1,0,'storageContainer'),(55,'ASSOCIATION',2,0,NULL),(56,'ASSOCIATION',1,0,'createdBy'),(57,'ASSOCIATION',1,0,NULL),(58,'ASSOCIATION',1,0,'specimenArrayType'),(59,'ASSOCIATION',2,0,'children'),(60,'ASSOCIATION',1,0,'parent'),(61,'ASSOCIATION',2,0,'children'),(62,'ASSOCIATION',1,0,'parent'),(63,'ASSOCIATION',2,0,'children'),(64,'ASSOCIATION',1,0,'parent'),(65,'ASSOCIATION',1,0,NULL),(66,'ASSOCIATION',1,0,'capacity'),(67,'ASSOCIATION',2,0,NULL),(68,'ASSOCIATION',2,0,'holdsSpecimenArrayTypeCollection'),(69,'ASSOCIATION',2,0,NULL),(70,'ASSOCIATION',2,0,'holdsStorageTypeCollection'),(71,'ASSOCIATION',2,0,NULL),(72,'ASSOCIATION',2,0,'collectionProtocolCollection'),(73,'ASSOCIATION',2,0,'children'),(74,'ASSOCIATION',1,0,'parent'),(75,'ASSOCIATION',1,0,NULL),(76,'ASSOCIATION',1,0,'storageType'),(77,'ASSOCIATION',2,0,NULL),(78,'ASSOCIATION',1,0,'site'),(79,'ASSOCIATION',2,0,'children'),(80,'ASSOCIATION',1,0,'parent'),(81,'ASSOCIATION',2,0,'children'),(82,'ASSOCIATION',1,0,'parent'),(83,'ASSOCIATION',1,0,NULL),(84,'ASSOCIATION',1,0,'address'),(85,'ASSOCIATION',2,0,NULL),(86,'ASSOCIATION',1,0,'coordinator'),(87,'ASSOCIATION',2,0,NULL),(88,'ASSOCIATION',1,0,'department'),(89,'ASSOCIATION',2,0,NULL),(90,'ASSOCIATION',1,0,'cancerResearchGroup'),(91,'ASSOCIATION',2,0,NULL),(92,'ASSOCIATION',1,0,'institution'),(93,'ASSOCIATION',1,0,NULL),(94,'ASSOCIATION',1,0,'address'),(95,'ASSOCIATION',1,0,NULL),(96,'ASSOCIATION',2,1,'passwordCollection'),(97,'ASSOCIATION',1,0,NULL),(98,'ASSOCIATION',1,0,'capacity'),(99,'ASSOCIATION',2,0,NULL),(100,'ASSOCIATION',2,0,'holdsSpecimenArrayTypeCollection'),(101,'ASSOCIATION',1,0,NULL),(102,'ASSOCIATION',1,0,'capacity'),(103,'ASSOCIATION',2,0,NULL),(104,'ASSOCIATION',2,0,'holdsStorageTypeCollection'),(105,'ASSOCIATION',1,0,NULL),(106,'ASSOCIATION',1,0,'capacity'),(107,'ASSOCIATION',2,0,NULL),(108,'ASSOCIATION',1,0,'principalInvestigator'),(109,'ASSOCIATION',1,0,NULL),(110,'ASSOCIATION',2,0,'consentTierCollection'),(111,'ASSOCIATION',2,0,NULL),(112,'ASSOCIATION',1,0,'principalInvestigator'),(113,'ASSOCIATION',2,0,'collectionProtocolCollection'),(114,'ASSOCIATION',2,0,'coordinatorCollection'),(115,'ASSOCIATION',2,0,'collectionProtocolCollection'),(116,'ASSOCIATION',2,0,'distributionProtocolCollection'),(117,'ASSOCIATION',2,0,NULL),(118,'ASSOCIATION',1,0,'principalInvestigator'),(119,'ASSOCIATION',2,0,'specimenCollection'),(120,'ASSOCIATION',1,0,'specimenCollectionGroup'),(121,'ASSOCIATION',2,0,'specimenCollection'),(122,'ASSOCIATION',1,0,'specimenCollectionGroup'),(123,'ASSOCIATION',2,0,'specimenCollection'),(124,'ASSOCIATION',1,0,'specimenCollectionGroup'),(125,'ASSOCIATION',1,0,NULL),(126,'ASSOCIATION',2,0,'consentTierStatusCollection'),(127,'ASSOCIATION',1,0,'parentSpecimen'),(128,'ASSOCIATION',2,0,'childrenSpecimen'),(129,'ASSOCIATION',1,0,'parentSpecimen'),(130,'ASSOCIATION',2,0,'childrenSpecimen'),(131,'ASSOCIATION',1,0,'parentSpecimen'),(132,'ASSOCIATION',2,0,'childrenSpecimen'),(133,'ASSOCIATION',1,0,'parentSpecimen'),(134,'ASSOCIATION',2,0,'childrenSpecimen'),(135,'ASSOCIATION',1,0,'parentSpecimen'),(136,'ASSOCIATION',2,0,'childrenSpecimen'),(137,'ASSOCIATION',2,1,NULL),(138,'ASSOCIATION',1,0,'specimenCharacteristics'),(139,'ASSOCIATION',2,0,'specimenCollection'),(140,'ASSOCIATION',1,0,'storageContainer'),(141,'ASSOCIATION',1,0,NULL),(142,'ASSOCIATION',1,0,'availableQuantity'),(143,'ASSOCIATION',1,0,NULL),(144,'ASSOCIATION',1,0,'availableQuantity'),(145,'ASSOCIATION',1,0,NULL),(146,'ASSOCIATION',1,0,'availableQuantity'),(147,'ASSOCIATION',1,0,NULL),(148,'ASSOCIATION',1,0,'availableQuantity'),(149,'ASSOCIATION',1,0,NULL),(150,'ASSOCIATION',1,0,'availableQuantity'),(151,'ASSOCIATION',1,0,NULL),(152,'ASSOCIATION',1,0,'initialQuantity'),(153,'ASSOCIATION',1,0,NULL),(154,'ASSOCIATION',1,0,'initialQuantity'),(155,'ASSOCIATION',1,0,NULL),(156,'ASSOCIATION',1,0,'initialQuantity'),(157,'ASSOCIATION',1,0,NULL),(158,'ASSOCIATION',1,0,'initialQuantity'),(159,'ASSOCIATION',1,0,NULL),(160,'ASSOCIATION',1,0,'initialQuantity'),(161,'ASSOCIATION',2,0,'specimenCollection'),(162,'ASSOCIATION',1,0,'specimenCollectionGroup'),(163,'ASSOCIATION',2,0,'specimenCollection'),(164,'ASSOCIATION',1,0,'specimenCollectionGroup'),(165,'ASSOCIATION',2,0,'specimenCollection'),(166,'ASSOCIATION',1,0,'specimenCollectionGroup'),(167,'ASSOCIATION',1,0,NULL),(168,'ASSOCIATION',2,0,'consentTierStatusCollection'),(169,'ASSOCIATION',1,0,'parentSpecimen'),(170,'ASSOCIATION',2,0,'childrenSpecimen'),(171,'ASSOCIATION',1,0,'parentSpecimen'),(172,'ASSOCIATION',2,0,'childrenSpecimen'),(173,'ASSOCIATION',1,0,'parentSpecimen'),(174,'ASSOCIATION',2,0,'childrenSpecimen'),(175,'ASSOCIATION',1,0,'parentSpecimen'),(176,'ASSOCIATION',2,0,'childrenSpecimen'),(177,'ASSOCIATION',1,0,'parentSpecimen'),(178,'ASSOCIATION',2,0,'childrenSpecimen'),(179,'ASSOCIATION',2,1,NULL),(180,'ASSOCIATION',1,0,'specimenCharacteristics'),(181,'ASSOCIATION',1,0,NULL),(182,'ASSOCIATION',1,0,'availableQuantity'),(183,'ASSOCIATION',1,0,NULL),(184,'ASSOCIATION',1,0,'availableQuantity'),(185,'ASSOCIATION',1,0,NULL),(186,'ASSOCIATION',1,0,'availableQuantity'),(187,'ASSOCIATION',1,0,NULL),(188,'ASSOCIATION',1,0,'availableQuantity'),(189,'ASSOCIATION',1,0,NULL),(190,'ASSOCIATION',1,0,'availableQuantity'),(191,'ASSOCIATION',1,0,NULL),(192,'ASSOCIATION',1,0,'initialQuantity'),(193,'ASSOCIATION',1,0,NULL),(194,'ASSOCIATION',1,0,'initialQuantity'),(195,'ASSOCIATION',1,0,NULL),(196,'ASSOCIATION',1,0,'initialQuantity'),(197,'ASSOCIATION',1,0,NULL),(198,'ASSOCIATION',1,0,'initialQuantity'),(199,'ASSOCIATION',1,0,NULL),(200,'ASSOCIATION',1,0,'initialQuantity'),(201,'ASSOCIATION',2,0,'specimenCollection'),(202,'ASSOCIATION',1,0,'storageContainer'),(203,'ASSOCIATION',2,0,'specimenCollection'),(204,'ASSOCIATION',1,0,'specimenCollectionGroup'),(205,'ASSOCIATION',2,0,'specimenCollection'),(206,'ASSOCIATION',1,0,'specimenCollectionGroup'),(207,'ASSOCIATION',2,0,'specimenCollection'),(208,'ASSOCIATION',1,0,'specimenCollectionGroup'),(209,'ASSOCIATION',1,0,NULL),(210,'ASSOCIATION',2,0,'consentTierStatusCollection'),(211,'ASSOCIATION',1,0,'parentSpecimen'),(212,'ASSOCIATION',2,0,'childrenSpecimen'),(213,'ASSOCIATION',1,0,'parentSpecimen'),(214,'ASSOCIATION',2,0,'childrenSpecimen'),(215,'ASSOCIATION',1,0,'parentSpecimen'),(216,'ASSOCIATION',2,0,'childrenSpecimen'),(217,'ASSOCIATION',1,0,'parentSpecimen'),(218,'ASSOCIATION',2,0,'childrenSpecimen'),(219,'ASSOCIATION',1,0,'parentSpecimen'),(220,'ASSOCIATION',2,0,'childrenSpecimen'),(221,'ASSOCIATION',2,1,NULL),(222,'ASSOCIATION',1,0,'specimenCharacteristics'),(223,'ASSOCIATION',1,0,NULL),(224,'ASSOCIATION',1,0,'availableQuantity'),(225,'ASSOCIATION',1,0,NULL),(226,'ASSOCIATION',1,0,'availableQuantity'),(227,'ASSOCIATION',1,0,NULL),(228,'ASSOCIATION',1,0,'availableQuantity'),(229,'ASSOCIATION',1,0,NULL),(230,'ASSOCIATION',1,0,'availableQuantity'),(231,'ASSOCIATION',1,0,NULL),(232,'ASSOCIATION',1,0,'availableQuantity'),(233,'ASSOCIATION',1,0,NULL),(234,'ASSOCIATION',1,0,'initialQuantity'),(235,'ASSOCIATION',1,0,NULL),(236,'ASSOCIATION',1,0,'initialQuantity'),(237,'ASSOCIATION',1,0,NULL),(238,'ASSOCIATION',1,0,'initialQuantity'),(239,'ASSOCIATION',1,0,NULL),(240,'ASSOCIATION',1,0,'initialQuantity'),(241,'ASSOCIATION',1,0,NULL),(242,'ASSOCIATION',1,0,'initialQuantity'),(243,'ASSOCIATION',2,0,'specimenCollection'),(244,'ASSOCIATION',1,0,'storageContainer'),(245,'ASSOCIATION',2,0,'specimenCollection'),(246,'ASSOCIATION',1,0,'specimenCollectionGroup'),(247,'ASSOCIATION',2,0,'specimenCollection'),(248,'ASSOCIATION',1,0,'specimenCollectionGroup'),(249,'ASSOCIATION',2,0,'specimenCollection'),(250,'ASSOCIATION',1,0,'specimenCollectionGroup'),(251,'ASSOCIATION',1,0,NULL),(252,'ASSOCIATION',2,0,'consentTierStatusCollection'),(253,'ASSOCIATION',1,0,'parentSpecimen'),(254,'ASSOCIATION',2,0,'childrenSpecimen'),(255,'ASSOCIATION',1,0,'parentSpecimen'),(256,'ASSOCIATION',2,0,'childrenSpecimen'),(257,'ASSOCIATION',1,0,'parentSpecimen'),(258,'ASSOCIATION',2,0,'childrenSpecimen'),(259,'ASSOCIATION',1,0,'parentSpecimen'),(260,'ASSOCIATION',2,0,'childrenSpecimen'),(261,'ASSOCIATION',1,0,'parentSpecimen'),(262,'ASSOCIATION',2,0,'childrenSpecimen'),(263,'ASSOCIATION',2,1,NULL),(264,'ASSOCIATION',1,0,'specimenCharacteristics'),(265,'ASSOCIATION',1,0,NULL),(266,'ASSOCIATION',1,0,'availableQuantity'),(267,'ASSOCIATION',1,0,NULL),(268,'ASSOCIATION',1,0,'availableQuantity'),(269,'ASSOCIATION',1,0,NULL),(270,'ASSOCIATION',1,0,'availableQuantity'),(271,'ASSOCIATION',1,0,NULL),(272,'ASSOCIATION',1,0,'availableQuantity'),(273,'ASSOCIATION',1,0,NULL),(274,'ASSOCIATION',1,0,'availableQuantity'),(275,'ASSOCIATION',1,0,NULL),(276,'ASSOCIATION',1,0,'initialQuantity'),(277,'ASSOCIATION',1,0,NULL),(278,'ASSOCIATION',1,0,'initialQuantity'),(279,'ASSOCIATION',1,0,NULL),(280,'ASSOCIATION',1,0,'initialQuantity'),(281,'ASSOCIATION',1,0,NULL),(282,'ASSOCIATION',1,0,'initialQuantity'),(283,'ASSOCIATION',1,0,NULL),(284,'ASSOCIATION',1,0,'initialQuantity'),(285,'ASSOCIATION',2,0,'specimenCollection'),(286,'ASSOCIATION',1,0,'storageContainer'),(287,'ASSOCIATION',2,0,NULL),(288,'ASSOCIATION',1,0,'consentTier'),(289,'ASSOCIATION',2,0,'abstractSpecimenCollectionGroupCollection'),(290,'ASSOCIATION',1,0,'specimenCollectionSite'),(291,'ASSOCIATION',2,0,'abstractSpecimenCollectionGroupCollection'),(292,'ASSOCIATION',1,0,'specimenCollectionSite'),(293,'ASSOCIATION',1,0,'specimenCollectionGroup'),(294,'ASSOCIATION',1,0,'identifiedSurgicalPathologyReport'),(295,'ASSOCIATION',1,0,NULL),(296,'ASSOCIATION',2,0,'consentTierStatusCollection'),(297,'ASSOCIATION',2,0,'specimenCollectionGroup'),(298,'ASSOCIATION',2,0,'specimenEventParametersCollection'),(299,'ASSOCIATION',2,0,'specimenCollectionGroup'),(300,'ASSOCIATION',2,0,'specimenEventParametersCollection'),(301,'ASSOCIATION',2,0,'specimenCollectionGroup'),(302,'ASSOCIATION',2,0,'specimenEventParametersCollection'),(303,'ASSOCIATION',2,0,'specimenCollectionGroup'),(304,'ASSOCIATION',2,0,'specimenEventParametersCollection'),(305,'ASSOCIATION',2,0,'specimenCollectionGroup'),(306,'ASSOCIATION',2,0,'specimenEventParametersCollection'),(307,'ASSOCIATION',2,0,'specimenCollectionGroup'),(308,'ASSOCIATION',2,0,'specimenEventParametersCollection'),(309,'ASSOCIATION',2,0,'specimenCollectionGroup'),(310,'ASSOCIATION',2,0,'specimenEventParametersCollection'),(311,'ASSOCIATION',2,0,'specimenCollectionGroupCollection'),(312,'ASSOCIATION',1,0,'collectionProtocolEvent'),(313,'ASSOCIATION',2,0,'specimenCollectionGroup'),(314,'ASSOCIATION',2,0,'specimenEventParametersCollection'),(315,'ASSOCIATION',2,0,'specimenCollectionGroup'),(316,'ASSOCIATION',2,0,'specimenEventParametersCollection'),(317,'ASSOCIATION',2,0,'specimenCollectionGroup'),(318,'ASSOCIATION',2,0,'specimenEventParametersCollection'),(319,'ASSOCIATION',2,0,'specimenCollectionGroup'),(320,'ASSOCIATION',2,0,'specimenEventParametersCollection'),(321,'ASSOCIATION',2,0,'specimenCollectionGroup'),(322,'ASSOCIATION',2,0,'specimenEventParametersCollection'),(323,'ASSOCIATION',2,0,'specimenCollectionGroup'),(324,'ASSOCIATION',2,0,'specimenEventParametersCollection'),(325,'ASSOCIATION',2,0,'specimenCollectionGroup'),(326,'ASSOCIATION',2,0,'specimenEventParametersCollection'),(327,'ASSOCIATION',2,0,'specimenCollectionGroup'),(328,'ASSOCIATION',2,0,'specimenEventParametersCollection'),(329,'ASSOCIATION',2,0,'specimenCollectionGroup'),(330,'ASSOCIATION',2,0,'specimenEventParametersCollection'),(331,'ASSOCIATION',2,0,'specimenCollectionGroup'),(332,'ASSOCIATION',2,0,'specimenEventParametersCollection'),(333,'ASSOCIATION',2,0,'specimenCollectionGroup'),(334,'ASSOCIATION',2,0,'specimenEventParametersCollection'),(335,'ASSOCIATION',2,0,'specimenCollectionGroup'),(336,'ASSOCIATION',2,0,'specimenEventParametersCollection'),(337,'ASSOCIATION',2,0,'specimenEventCollection'),(338,'ASSOCIATION',1,0,'specimen'),(339,'ASSOCIATION',2,0,'specimenEventCollection'),(340,'ASSOCIATION',1,0,'specimen'),(341,'ASSOCIATION',2,0,'specimenEventCollection'),(342,'ASSOCIATION',1,0,'specimen'),(343,'ASSOCIATION',2,0,'specimenEventCollection'),(344,'ASSOCIATION',1,0,'specimen'),(345,'ASSOCIATION',2,0,'specimenEventCollection'),(346,'ASSOCIATION',1,0,'specimen'),(347,'ASSOCIATION',2,0,NULL),(348,'ASSOCIATION',1,0,'user'),(349,'ASSOCIATION',2,0,'specimenEventCollection'),(350,'ASSOCIATION',1,0,'specimen'),(351,'ASSOCIATION',2,0,'specimenEventCollection'),(352,'ASSOCIATION',1,0,'specimen'),(353,'ASSOCIATION',2,0,'specimenEventCollection'),(354,'ASSOCIATION',1,0,'specimen'),(355,'ASSOCIATION',2,0,'specimenEventCollection'),(356,'ASSOCIATION',1,0,'specimen'),(357,'ASSOCIATION',2,0,'specimenEventCollection'),(358,'ASSOCIATION',1,0,'specimen'),(359,'ASSOCIATION',2,0,NULL),(360,'ASSOCIATION',1,0,'user'),(361,'ASSOCIATION',2,0,'specimenEventCollection'),(362,'ASSOCIATION',1,0,'specimen'),(363,'ASSOCIATION',2,0,'specimenEventCollection'),(364,'ASSOCIATION',1,0,'specimen'),(365,'ASSOCIATION',2,0,'specimenEventCollection'),(366,'ASSOCIATION',1,0,'specimen'),(367,'ASSOCIATION',2,0,'specimenEventCollection'),(368,'ASSOCIATION',1,0,'specimen'),(369,'ASSOCIATION',2,0,'specimenEventCollection'),(370,'ASSOCIATION',1,0,'specimen'),(371,'ASSOCIATION',2,0,NULL),(372,'ASSOCIATION',1,0,'user'),(373,'ASSOCIATION',2,0,'specimenEventCollection'),(374,'ASSOCIATION',1,0,'specimen'),(375,'ASSOCIATION',2,0,'specimenEventCollection'),(376,'ASSOCIATION',1,0,'specimen'),(377,'ASSOCIATION',2,0,'specimenEventCollection'),(378,'ASSOCIATION',1,0,'specimen'),(379,'ASSOCIATION',2,0,'specimenEventCollection'),(380,'ASSOCIATION',1,0,'specimen'),(381,'ASSOCIATION',2,0,'specimenEventCollection'),(382,'ASSOCIATION',1,0,'specimen'),(383,'ASSOCIATION',2,0,NULL),(384,'ASSOCIATION',1,0,'user'),(385,'ASSOCIATION',2,0,'specimenEventCollection'),(386,'ASSOCIATION',1,0,'specimen'),(387,'ASSOCIATION',2,0,'specimenEventCollection'),(388,'ASSOCIATION',1,0,'specimen'),(389,'ASSOCIATION',2,0,NULL),(390,'ASSOCIATION',1,0,'fromStorageContainer'),(391,'ASSOCIATION',2,0,NULL),(392,'ASSOCIATION',1,0,'toStorageContainer'),(393,'ASSOCIATION',2,0,NULL),(394,'ASSOCIATION',1,0,'user'),(395,'ASSOCIATION',2,0,'specimenEventCollection'),(396,'ASSOCIATION',1,0,'specimen'),(397,'ASSOCIATION',2,0,'specimenEventCollection'),(398,'ASSOCIATION',1,0,'specimen'),(399,'ASSOCIATION',2,0,'specimenEventCollection'),(400,'ASSOCIATION',1,0,'specimen'),(401,'ASSOCIATION',2,0,'specimenEventCollection'),(402,'ASSOCIATION',1,0,'specimen'),(403,'ASSOCIATION',2,0,'specimenEventCollection'),(404,'ASSOCIATION',1,0,'specimen'),(405,'ASSOCIATION',2,0,'specimenEventCollection'),(406,'ASSOCIATION',1,0,'specimen'),(407,'ASSOCIATION',2,0,'specimenEventCollection'),(408,'ASSOCIATION',1,0,'specimen'),(409,'ASSOCIATION',2,0,'specimenEventCollection'),(410,'ASSOCIATION',1,0,'specimen'),(411,'ASSOCIATION',2,0,NULL),(412,'ASSOCIATION',1,0,'user'),(413,'ASSOCIATION',2,0,'specimenEventCollection'),(414,'ASSOCIATION',1,0,'specimen'),(415,'ASSOCIATION',2,0,'specimenEventCollection'),(416,'ASSOCIATION',1,0,'specimen'),(417,'ASSOCIATION',2,0,'specimenEventCollection'),(418,'ASSOCIATION',1,0,'specimen'),(419,'ASSOCIATION',2,0,'specimenEventCollection'),(420,'ASSOCIATION',1,0,'specimen'),(421,'ASSOCIATION',2,0,'specimenEventCollection'),(422,'ASSOCIATION',1,0,'specimen'),(423,'ASSOCIATION',2,0,NULL),(424,'ASSOCIATION',1,0,'user'),(425,'ASSOCIATION',2,0,'specimenEventCollection'),(426,'ASSOCIATION',1,0,'specimen'),(427,'ASSOCIATION',2,0,'specimenEventCollection'),(428,'ASSOCIATION',1,0,'specimen'),(429,'ASSOCIATION',2,0,'specimenEventCollection'),(430,'ASSOCIATION',1,0,'specimen'),(431,'ASSOCIATION',2,0,'specimenEventCollection'),(432,'ASSOCIATION',1,0,'specimen'),(433,'ASSOCIATION',2,0,'specimenEventCollection'),(434,'ASSOCIATION',1,0,'specimen'),(435,'ASSOCIATION',2,0,NULL),(436,'ASSOCIATION',1,0,'user'),(437,'ASSOCIATION',2,0,'specimenEventCollection'),(438,'ASSOCIATION',1,0,'specimen'),(439,'ASSOCIATION',2,0,'specimenEventCollection'),(440,'ASSOCIATION',1,0,'specimen'),(441,'ASSOCIATION',2,0,'specimenEventCollection'),(442,'ASSOCIATION',1,0,'specimen'),(443,'ASSOCIATION',2,0,NULL),(444,'ASSOCIATION',1,0,'user'),(445,'ASSOCIATION',2,0,'specimenEventCollection'),(446,'ASSOCIATION',1,0,'specimen'),(447,'ASSOCIATION',2,0,'specimenEventCollection'),(448,'ASSOCIATION',1,0,'specimen'),(449,'ASSOCIATION',2,0,'specimenEventCollection'),(450,'ASSOCIATION',1,0,'specimen'),(451,'ASSOCIATION',2,0,NULL),(452,'ASSOCIATION',1,0,'user'),(453,'ASSOCIATION',2,0,'specimenEventCollection'),(454,'ASSOCIATION',1,0,'specimen'),(455,'ASSOCIATION',2,0,'specimenEventCollection'),(456,'ASSOCIATION',1,0,'specimen'),(457,'ASSOCIATION',2,0,'specimenEventCollection'),(458,'ASSOCIATION',1,0,'specimen'),(459,'ASSOCIATION',2,0,'specimenEventCollection'),(460,'ASSOCIATION',1,0,'specimen'),(461,'ASSOCIATION',2,0,'specimenEventCollection'),(462,'ASSOCIATION',1,0,'specimen'),(463,'ASSOCIATION',2,0,'specimenEventCollection'),(464,'ASSOCIATION',1,0,'specimen'),(465,'ASSOCIATION',2,0,'specimenEventCollection'),(466,'ASSOCIATION',1,0,'specimen'),(467,'ASSOCIATION',2,0,'specimenEventCollection'),(468,'ASSOCIATION',1,0,'specimen'),(469,'ASSOCIATION',2,0,'specimenEventCollection'),(470,'ASSOCIATION',1,0,'specimen'),(471,'ASSOCIATION',2,0,NULL),(472,'ASSOCIATION',1,0,'user'),(473,'ASSOCIATION',2,0,'specimenEventCollection'),(474,'ASSOCIATION',1,0,'specimen'),(475,'ASSOCIATION',2,0,'specimenEventCollection'),(476,'ASSOCIATION',1,0,'specimen'),(477,'ASSOCIATION',2,0,'specimenEventCollection'),(478,'ASSOCIATION',1,0,'specimen'),(479,'ASSOCIATION',2,0,'specimenEventCollection'),(480,'ASSOCIATION',1,0,'specimen'),(481,'ASSOCIATION',2,0,'specimenEventCollection'),(482,'ASSOCIATION',1,0,'specimen'),(483,'ASSOCIATION',2,0,NULL),(484,'ASSOCIATION',1,0,'user'),(485,'ASSOCIATION',2,0,'specimenEventCollection'),(486,'ASSOCIATION',1,0,'specimen'),(487,'ASSOCIATION',2,0,'specimenEventCollection'),(488,'ASSOCIATION',1,0,'specimen'),(489,'ASSOCIATION',2,0,'specimenEventCollection'),(490,'ASSOCIATION',1,0,'specimen'),(491,'ASSOCIATION',2,0,'specimenEventCollection'),(492,'ASSOCIATION',1,0,'specimen'),(493,'ASSOCIATION',2,0,'specimenEventCollection'),(494,'ASSOCIATION',1,0,'specimen'),(495,'ASSOCIATION',2,0,NULL),(496,'ASSOCIATION',1,0,'user'),(497,'ASSOCIATION',2,1,'collectionProtocolEventCollection'),(498,'ASSOCIATION',1,0,'collectionProtocol'),(499,'ASSOCIATION',2,0,'specimenEventCollection'),(500,'ASSOCIATION',1,0,'specimen'),(501,'ASSOCIATION',2,0,'specimenEventCollection'),(502,'ASSOCIATION',1,0,'specimen'),(503,'ASSOCIATION',2,0,'specimenEventCollection'),(504,'ASSOCIATION',1,0,'specimen'),(505,'ASSOCIATION',2,0,'specimenEventCollection'),(506,'ASSOCIATION',1,0,'specimen'),(507,'ASSOCIATION',2,0,'specimenEventCollection'),(508,'ASSOCIATION',1,0,'specimen'),(509,'ASSOCIATION',2,0,NULL),(510,'ASSOCIATION',1,0,'user'),(511,'ASSOCIATION',2,0,'specimenEventCollection'),(512,'ASSOCIATION',1,0,'specimen'),(513,'ASSOCIATION',2,0,'specimenEventCollection'),(514,'ASSOCIATION',1,0,'specimen'),(515,'ASSOCIATION',2,0,'specimenEventCollection'),(516,'ASSOCIATION',1,0,'specimen'),(517,'ASSOCIATION',2,0,'specimenEventCollection'),(518,'ASSOCIATION',1,0,'specimen'),(519,'ASSOCIATION',2,0,'specimenEventCollection'),(520,'ASSOCIATION',1,0,'specimen'),(521,'ASSOCIATION',2,0,NULL),(522,'ASSOCIATION',1,0,'user'),(523,'ASSOCIATION',2,0,'specimenEventCollection'),(524,'ASSOCIATION',1,0,'specimen'),(525,'ASSOCIATION',2,0,'specimenEventCollection'),(526,'ASSOCIATION',1,0,'specimen'),(527,'ASSOCIATION',2,0,'specimenEventCollection'),(528,'ASSOCIATION',1,0,'specimen'),(529,'ASSOCIATION',2,0,'specimenEventCollection'),(530,'ASSOCIATION',1,0,'specimen'),(531,'ASSOCIATION',2,0,'specimenEventCollection'),(532,'ASSOCIATION',1,0,'specimen'),(533,'ASSOCIATION',2,0,NULL),(534,'ASSOCIATION',1,0,'user'),(535,'ASSOCIATION',2,0,'specimenEventCollection'),(536,'ASSOCIATION',1,0,'specimen'),(537,'ASSOCIATION',2,0,'specimenEventCollection'),(538,'ASSOCIATION',1,0,'specimen'),(539,'ASSOCIATION',2,0,'specimenEventCollection'),(540,'ASSOCIATION',1,0,'specimen'),(541,'ASSOCIATION',2,0,'specimenEventCollection'),(542,'ASSOCIATION',1,0,'specimen'),(543,'ASSOCIATION',2,0,'specimenEventCollection'),(544,'ASSOCIATION',1,0,'specimen'),(545,'ASSOCIATION',2,0,NULL),(546,'ASSOCIATION',1,0,'user'),(547,'ASSOCIATION',2,0,'specimenEventCollection'),(548,'ASSOCIATION',1,0,'specimen'),(549,'ASSOCIATION',2,0,'specimenEventCollection'),(550,'ASSOCIATION',1,0,'specimen'),(551,'ASSOCIATION',2,0,'specimenEventCollection'),(552,'ASSOCIATION',1,0,'specimen'),(553,'ASSOCIATION',2,0,'specimenEventCollection'),(554,'ASSOCIATION',1,0,'specimen'),(555,'ASSOCIATION',2,0,'specimenEventCollection'),(556,'ASSOCIATION',1,0,'specimen'),(557,'ASSOCIATION',2,0,NULL),(558,'ASSOCIATION',1,0,'user'),(559,'ASSOCIATION',2,0,'specimenEventCollection'),(560,'ASSOCIATION',1,0,'specimen'),(561,'ASSOCIATION',2,0,'specimenEventCollection'),(562,'ASSOCIATION',1,0,'specimen'),(563,'ASSOCIATION',2,0,'specimenEventCollection'),(564,'ASSOCIATION',1,0,'specimen'),(565,'ASSOCIATION',2,0,'specimenEventCollection'),(566,'ASSOCIATION',1,0,'specimen'),(567,'ASSOCIATION',2,0,'specimenEventCollection'),(568,'ASSOCIATION',1,0,'specimen'),(569,'ASSOCIATION',2,0,NULL),(570,'ASSOCIATION',1,0,'user'),(571,'ASSOCIATION',2,0,NULL),(572,'ASSOCIATION',1,0,'xmlContent'),(573,'ASSOCIATION',1,0,'surgicalPathologyReport'),(574,'ASSOCIATION',2,0,'pathologyReportReviewParameterCollection'),(575,'ASSOCIATION',2,0,NULL),(576,'ASSOCIATION',1,0,'binaryContent'),(577,'ASSOCIATION',1,0,'surgicalPathologyReport'),(578,'ASSOCIATION',1,0,'textContent'),(579,'ASSOCIATION',2,0,NULL),(580,'ASSOCIATION',1,0,'reportSource'),(581,'ASSOCIATION',1,0,'textContent'),(582,'ASSOCIATION',2,0,'reportSectionCollection'),(583,'ASSOCIATION',2,0,NULL),(584,'ASSOCIATION',1,0,'xmlContent'),(585,'ASSOCIATION',1,0,'surgicalPathologyReport'),(586,'ASSOCIATION',2,0,'pathologyReportReviewParameterCollection'),(587,'ASSOCIATION',2,0,NULL),(588,'ASSOCIATION',1,0,'binaryContent'),(589,'ASSOCIATION',1,0,'surgicalPathologyReport'),(590,'ASSOCIATION',1,0,'textContent'),(591,'ASSOCIATION',1,0,NULL),(592,'ASSOCIATION',1,0,'deIdentifiedSurgicalPathologyReport'),(593,'ASSOCIATION',2,0,NULL),(594,'ASSOCIATION',1,0,'reportSource'),(595,'ASSOCIATION',1,0,'deIdentifiedSurgicalPathologyReport'),(596,'ASSOCIATION',2,0,'conceptReferentCollection'),(597,'ASSOCIATION',2,0,NULL),(598,'ASSOCIATION',1,0,'xmlContent'),(599,'ASSOCIATION',1,0,'surgicalPathologyReport'),(600,'ASSOCIATION',2,0,'pathologyReportReviewParameterCollection'),(601,'ASSOCIATION',2,0,NULL),(602,'ASSOCIATION',1,0,'binaryContent'),(603,'ASSOCIATION',1,0,'deIdentifiedSurgicalPathologyReport'),(604,'ASSOCIATION',1,0,'specimenCollectionGroup'),(605,'ASSOCIATION',1,0,'surgicalPathologyReport'),(606,'ASSOCIATION',1,0,'textContent'),(607,'ASSOCIATION',2,0,NULL),(608,'ASSOCIATION',1,0,'reportSource'),(609,'ASSOCIATION',2,0,'conceptReferentCollection'),(610,'ASSOCIATION',1,0,'concept'),(611,'ASSOCIATION',2,0,'conceptReferentCollection'),(612,'ASSOCIATION',1,0,'conceptReferentClassification'),(613,'ASSOCIATION',2,0,NULL),(614,'ASSOCIATION',1,0,'semanticType'),(615,'ASSOCIATION',2,0,'abstractSpecimenCollectionGroupCollection'),(616,'ASSOCIATION',1,0,'specimenCollectionSite'),(617,'ASSOCIATION',1,0,'requiredCollectionSpecimenGroup'),(618,'ASSOCIATION',1,0,'collectionProtocolEvent'),(619,'ASSOCIATION',1,0,NULL),(620,'ASSOCIATION',1,0,'requestedQuantity'),(621,'ASSOCIATION',1,0,NULL),(622,'ASSOCIATION',1,0,'requestedQuantity'),(623,'ASSOCIATION',1,0,NULL),(624,'ASSOCIATION',1,0,'requestedQuantity'),(625,'ASSOCIATION',1,0,NULL),(626,'ASSOCIATION',1,0,'requestedQuantity'),(627,'ASSOCIATION',1,0,NULL),(628,'ASSOCIATION',1,0,'requestedQuantity'),(629,'ASSOCIATION',2,0,'orderItemCollection'),(630,'ASSOCIATION',1,0,'orderDetails'),(631,'ASSOCIATION',2,0,NULL),(632,'ASSOCIATION',1,0,'distributedItem'),(633,'ASSOCIATION',1,0,NULL),(634,'ASSOCIATION',1,0,'specimenArray'),(635,'ASSOCIATION',1,0,NULL),(636,'ASSOCIATION',1,0,'quantity'),(637,'ASSOCIATION',1,0,NULL),(638,'ASSOCIATION',1,0,'quantity'),(639,'ASSOCIATION',1,0,NULL),(640,'ASSOCIATION',1,0,'quantity'),(641,'ASSOCIATION',1,0,NULL),(642,'ASSOCIATION',1,0,'quantity'),(643,'ASSOCIATION',1,0,NULL),(644,'ASSOCIATION',1,0,'quantity'),(645,'ASSOCIATION',2,0,NULL),(646,'ASSOCIATION',1,0,'specimen'),(647,'ASSOCIATION',2,0,NULL),(648,'ASSOCIATION',1,0,'specimen'),(649,'ASSOCIATION',2,0,NULL),(650,'ASSOCIATION',1,0,'specimen'),(651,'ASSOCIATION',2,0,NULL),(652,'ASSOCIATION',1,0,'specimen'),(653,'ASSOCIATION',2,0,NULL),(654,'ASSOCIATION',1,0,'specimen'),(655,'ASSOCIATION',2,1,'distributedItemCollection'),(656,'ASSOCIATION',1,0,'distribution'),(657,'ASSOCIATION',2,0,NULL),(658,'ASSOCIATION',1,0,'distributionProtocol'),(659,'ASSOCIATION',2,0,NULL),(660,'ASSOCIATION',1,0,'distributedBy'),(661,'ASSOCIATION',2,0,NULL),(662,'ASSOCIATION',1,0,'toSite'),(663,'ASSOCIATION',2,0,NULL),(664,'ASSOCIATION',2,0,'distributionCollection'),(665,'ASSOCIATION',2,0,NULL),(666,'ASSOCIATION',1,0,'distributionProtocol'),(667,'ASSOCIATION',1,0,NULL),(668,'ASSOCIATION',1,0,'requestedQuantity'),(669,'ASSOCIATION',1,0,NULL),(670,'ASSOCIATION',1,0,'requestedQuantity'),(671,'ASSOCIATION',1,0,NULL),(672,'ASSOCIATION',1,0,'requestedQuantity'),(673,'ASSOCIATION',1,0,NULL),(674,'ASSOCIATION',1,0,'requestedQuantity'),(675,'ASSOCIATION',1,0,NULL),(676,'ASSOCIATION',1,0,'requestedQuantity'),(677,'ASSOCIATION',2,0,'orderItemCollection'),(678,'ASSOCIATION',1,0,'orderDetails'),(679,'ASSOCIATION',2,0,NULL),(680,'ASSOCIATION',1,0,'distributedItem'),(681,'ASSOCIATION',1,0,NULL),(682,'ASSOCIATION',1,0,'requestedQuantity'),(683,'ASSOCIATION',1,0,NULL),(684,'ASSOCIATION',1,0,'requestedQuantity'),(685,'ASSOCIATION',1,0,NULL),(686,'ASSOCIATION',1,0,'requestedQuantity'),(687,'ASSOCIATION',1,0,NULL),(688,'ASSOCIATION',1,0,'requestedQuantity'),(689,'ASSOCIATION',1,0,NULL),(690,'ASSOCIATION',1,0,'requestedQuantity'),(691,'ASSOCIATION',2,0,'orderItemCollection'),(692,'ASSOCIATION',1,0,'orderDetails'),(693,'ASSOCIATION',2,0,NULL),(694,'ASSOCIATION',1,0,'distributedItem'),(695,'ASSOCIATION',1,0,NULL),(696,'ASSOCIATION',1,0,'requestedQuantity'),(697,'ASSOCIATION',1,0,NULL),(698,'ASSOCIATION',1,0,'requestedQuantity'),(699,'ASSOCIATION',1,0,NULL),(700,'ASSOCIATION',1,0,'requestedQuantity'),(701,'ASSOCIATION',1,0,NULL),(702,'ASSOCIATION',1,0,'requestedQuantity'),(703,'ASSOCIATION',2,0,NULL),(704,'ASSOCIATION',1,0,'distributedItem'),(705,'ASSOCIATION',2,0,'orderItemCollection'),(706,'ASSOCIATION',1,0,'orderDetails'),(707,'ASSOCIATION',2,0,NULL),(708,'ASSOCIATION',1,0,'specimenCollectionGroup'),(709,'ASSOCIATION',2,0,NULL),(710,'ASSOCIATION',1,0,'specimenCollectionGroup'),(711,'ASSOCIATION',2,0,NULL),(712,'ASSOCIATION',1,0,'specimenCollectionGroup'),(713,'ASSOCIATION',1,0,NULL),(714,'ASSOCIATION',1,0,'requestedQuantity'),(715,'ASSOCIATION',1,0,NULL),(716,'ASSOCIATION',1,0,'requestedQuantity'),(717,'ASSOCIATION',1,0,NULL),(718,'ASSOCIATION',1,0,'requestedQuantity'),(719,'ASSOCIATION',1,0,NULL),(720,'ASSOCIATION',1,0,'requestedQuantity'),(721,'ASSOCIATION',1,0,NULL),(722,'ASSOCIATION',1,0,'requestedQuantity'),(723,'ASSOCIATION',2,0,NULL),(724,'ASSOCIATION',1,0,'distributedItem'),(725,'ASSOCIATION',2,0,'orderItemCollection'),(726,'ASSOCIATION',1,0,'orderDetails'),(727,'ASSOCIATION',2,0,NULL),(728,'ASSOCIATION',1,0,'parentSpecimen'),(729,'ASSOCIATION',2,0,NULL),(730,'ASSOCIATION',1,0,'parentSpecimen'),(731,'ASSOCIATION',2,0,NULL),(732,'ASSOCIATION',1,0,'parentSpecimen'),(733,'ASSOCIATION',2,0,NULL),(734,'ASSOCIATION',1,0,'parentSpecimen'),(735,'ASSOCIATION',2,0,NULL),(736,'ASSOCIATION',1,0,'parentSpecimen'),(737,'ASSOCIATION',1,0,NULL),(738,'ASSOCIATION',1,0,'requestedQuantity'),(739,'ASSOCIATION',2,0,'collectionProtocolRegistrationCollection'),(740,'ASSOCIATION',1,0,'collectionProtocol'),(741,'ASSOCIATION',2,0,'collectionProtocolRegistrationCollection'),(742,'ASSOCIATION',1,0,'participant'),(743,'ASSOCIATION',1,0,'collectionProtocolRegistration'),(744,'ASSOCIATION',2,1,'specimenCollectionGroupCollection'),(745,'ASSOCIATION',1,0,NULL),(746,'ASSOCIATION',2,0,'consentTierResponseCollection'),(747,'ASSOCIATION',2,0,NULL),(748,'ASSOCIATION',1,0,'consentWitness'),(749,'ASSOCIATION',2,0,NULL),(750,'ASSOCIATION',1,0,'consentTier'),(751,'ASSOCIATION',1,0,NULL),(752,'ASSOCIATION',1,0,'requestedQuantity'),(753,'ASSOCIATION',1,0,NULL),(754,'ASSOCIATION',1,0,'requestedQuantity'),(755,'ASSOCIATION',1,0,NULL),(756,'ASSOCIATION',1,0,'requestedQuantity'),(757,'ASSOCIATION',1,0,NULL),(758,'ASSOCIATION',1,0,'requestedQuantity'),(759,'ASSOCIATION',1,0,NULL),(760,'ASSOCIATION',1,0,'requestedQuantity'),(761,'ASSOCIATION',2,0,'orderItemCollection'),(762,'ASSOCIATION',1,0,'orderDetails'),(763,'ASSOCIATION',2,0,NULL),(764,'ASSOCIATION',1,0,'distributedItem'),(765,'ASSOCIATION',1,0,NULL),(766,'ASSOCIATION',1,0,'requestedQuantity'),(767,'ASSOCIATION',1,0,NULL),(768,'ASSOCIATION',1,0,'requestedQuantity'),(769,'ASSOCIATION',1,0,NULL),(770,'ASSOCIATION',1,0,'requestedQuantity'),(771,'ASSOCIATION',1,0,NULL),(772,'ASSOCIATION',1,0,'requestedQuantity'),(773,'ASSOCIATION',2,0,NULL),(774,'ASSOCIATION',1,0,'distributedItem'),(775,'ASSOCIATION',1,0,'newSpecimenArrayOrderItem'),(776,'ASSOCIATION',2,0,'specimenOrderItemCollection'),(777,'ASSOCIATION',1,0,'newSpecimenArrayOrderItem'),(778,'ASSOCIATION',2,0,'specimenOrderItemCollection'),(779,'ASSOCIATION',1,0,'newSpecimenArrayOrderItem'),(780,'ASSOCIATION',2,0,'specimenOrderItemCollection'),(781,'ASSOCIATION',1,0,'newSpecimenArrayOrderItem'),(782,'ASSOCIATION',2,0,'specimenOrderItemCollection'),(783,'ASSOCIATION',1,0,'newSpecimenArrayOrderItem'),(784,'ASSOCIATION',2,0,'specimenOrderItemCollection'),(785,'ASSOCIATION',2,0,'orderItemCollection'),(786,'ASSOCIATION',1,0,'orderDetails'),(787,'ASSOCIATION',2,0,NULL),(788,'ASSOCIATION',1,0,'specimenArrayType'),(789,'ASSOCIATION',1,0,NULL),(790,'ASSOCIATION',1,0,'requestedQuantity'),(791,'ASSOCIATION',1,0,NULL),(792,'ASSOCIATION',1,0,'requestedQuantity'),(793,'ASSOCIATION',1,0,NULL),(794,'ASSOCIATION',1,0,'requestedQuantity'),(795,'ASSOCIATION',2,0,NULL),(796,'ASSOCIATION',1,0,'specimen'),(797,'ASSOCIATION',2,0,NULL),(798,'ASSOCIATION',1,0,'specimen'),(799,'ASSOCIATION',2,0,NULL),(800,'ASSOCIATION',1,0,'specimen'),(801,'ASSOCIATION',2,0,NULL),(802,'ASSOCIATION',1,0,'specimen'),(803,'ASSOCIATION',2,0,NULL),(804,'ASSOCIATION',1,0,'specimen'),(805,'ASSOCIATION',2,0,NULL),(806,'ASSOCIATION',1,0,'distributedItem'),(807,'ASSOCIATION',2,0,'orderItemCollection'),(808,'ASSOCIATION',1,0,'orderDetails'),(809,'ASSOCIATION',1,0,NULL),(810,'ASSOCIATION',1,0,'requestedQuantity'),(811,'ASSOCIATION',1,0,NULL),(812,'ASSOCIATION',1,0,'requestedQuantity'),(813,'ASSOCIATION',1,0,NULL),(814,'ASSOCIATION',1,0,'requestedQuantity'),(815,'ASSOCIATION',2,0,'externalIdentifierCollection'),(816,'ASSOCIATION',1,0,'specimen'),(817,'ASSOCIATION',2,0,'externalIdentifierCollection'),(818,'ASSOCIATION',1,0,'specimen'),(819,'ASSOCIATION',2,0,'externalIdentifierCollection'),(820,'ASSOCIATION',1,0,'specimen'),(821,'ASSOCIATION',2,0,'externalIdentifierCollection'),(822,'ASSOCIATION',1,0,'specimen'),(823,'ASSOCIATION',2,0,'externalIdentifierCollection'),(824,'ASSOCIATION',1,0,'specimen'),(825,'ASSOCIATION',2,0,'auditEventQueryLogCollection'),(826,'ASSOCIATION',1,0,'auditEvent'),(827,'ASSOCIATION',1,0,'auditEvent'),(828,'ASSOCIATION',2,1,'auditEventLogCollection'),(829,'ASSOCIATION',2,0,'quarantineEventParameterCollection'),(830,'ASSOCIATION',1,0,'deIdentifiedSurgicalPathologyReport'),(831,'ASSOCIATION',2,1,'specimenRequirementCollection'),(832,'ASSOCIATION',2,1,'distributionProtocolCollection'),(833,'ASSOCIATION',1,0,NULL),(834,'ASSOCIATION',1,0,'quantity'),(835,'ASSOCIATION',1,0,NULL),(836,'ASSOCIATION',1,0,'quantity'),(837,'ASSOCIATION',1,0,NULL),(838,'ASSOCIATION',1,0,'quantity'),(839,'ASSOCIATION',1,0,NULL),(840,'ASSOCIATION',1,0,'quantity'),(841,'ASSOCIATION',1,0,NULL),(842,'ASSOCIATION',1,0,'quantity'),(843,'ASSOCIATION',2,0,NULL),(844,'ASSOCIATION',1,0,'site'),(845,'ASSOCIATION',2,0,'participantMedicalIdentifierCollection'),(846,'ASSOCIATION',1,0,'participant'),(847,'ASSOCIATION',2,0,'specimenArrayContentCollection'),(848,'ASSOCIATION',1,0,'specimenArray'),(849,'ASSOCIATION',2,0,NULL),(850,'ASSOCIATION',1,0,'specimen'),(851,'ASSOCIATION',1,0,NULL),(852,'ASSOCIATION',1,0,'initialQuantity'),(853,'ASSOCIATION',1,0,NULL),(854,'ASSOCIATION',1,0,'initialQuantity'),(855,'ASSOCIATION',1,0,NULL),(856,'ASSOCIATION',1,0,'initialQuantity'),(857,'ASSOCIATION',1,0,NULL),(858,'ASSOCIATION',1,0,'initialQuantity'),(859,'ASSOCIATION',1,0,NULL),(860,'ASSOCIATION',1,0,'initialQuantity'),(861,'ASSOCIATION',2,0,NULL),(862,'ASSOCIATION',1,0,'specimen'),(863,'ASSOCIATION',2,0,NULL),(864,'ASSOCIATION',1,0,'specimen'),(865,'ASSOCIATION',2,0,NULL),(866,'ASSOCIATION',1,0,'specimen'),(867,'ASSOCIATION',2,0,NULL),(868,'ASSOCIATION',1,0,'specimen'),(869,'ASSOCIATION',2,0,'biohazardCollection'),(870,'ASSOCIATION',2,0,'specimenCollection'),(871,'ASSOCIATION',2,0,'biohazardCollection'),(872,'ASSOCIATION',2,0,'specimenCollection'),(873,'ASSOCIATION',2,0,'biohazardCollection'),(874,'ASSOCIATION',2,0,'specimenCollection'),(875,'ASSOCIATION',2,0,'biohazardCollection'),(876,'ASSOCIATION',2,0,'specimenCollection'),(877,'ASSOCIATION',2,0,'biohazardCollection'),(878,'ASSOCIATION',2,0,'specimenCollection'),(879,'ASSOCIATION',2,1,'auditEventDetailsCollcetion'),(880,'ASSOCIATION',1,0,'auditEventLog'),(881,'ASSOCIATION',1,0,NULL),(882,'ASSOCIATION',1,0,'requestedQuantity'),(883,'ASSOCIATION',1,0,NULL),(884,'ASSOCIATION',1,0,'requestedQuantity'),(885,'ASSOCIATION',1,0,NULL),(886,'ASSOCIATION',1,0,'requestedQuantity'),(887,'ASSOCIATION',1,0,NULL),(888,'ASSOCIATION',1,0,'requestedQuantity'),(889,'ASSOCIATION',1,0,NULL),(890,'ASSOCIATION',1,0,'requestedQuantity'),(891,'ASSOCIATION',2,0,NULL),(892,'ASSOCIATION',1,0,'specimenArray'),(893,'ASSOCIATION',2,0,'orderItemCollection'),(894,'ASSOCIATION',1,0,'orderDetails'),(895,'ASSOCIATION',2,0,NULL),(896,'ASSOCIATION',1,0,'distributedItem');

/*Table structure for table `dyextn_rule` */

DROP TABLE IF EXISTS `dyextn_rule`;

CREATE TABLE `dyextn_rule` (
  `IDENTIFIER` bigint(20) NOT NULL auto_increment,
  `NAME` varchar(255) default NULL,
  `ATTRIBUTE_ID` bigint(20) default NULL,
  PRIMARY KEY  (`IDENTIFIER`),
  KEY `FKC27E0994D87D1BE` (`ATTRIBUTE_ID`),
  CONSTRAINT `FKC27E0994D87D1BE` FOREIGN KEY (`ATTRIBUTE_ID`) REFERENCES `dyextn_attribute` (`IDENTIFIER`)
) ENGINE=InnoDB DEFAULT CHARSET=latin1;

/*Data for the table `dyextn_rule` */

/*Table structure for table `dyextn_rule_parameter` */

DROP TABLE IF EXISTS `dyextn_rule_parameter`;

CREATE TABLE `dyextn_rule_parameter` (
  `IDENTIFIER` bigint(20) NOT NULL auto_increment,
  `NAME` varchar(255) default NULL,
  `VALUE` varchar(255) default NULL,
  `RULE_ID` bigint(20) default NULL,
  PRIMARY KEY  (`IDENTIFIER`),
  KEY `FK22567363871AAD3E` (`RULE_ID`),
  CONSTRAINT `FK22567363871AAD3E` FOREIGN KEY (`RULE_ID`) REFERENCES `dyextn_rule` (`IDENTIFIER`)
) ENGINE=InnoDB DEFAULT CHARSET=latin1;

/*Data for the table `dyextn_rule_parameter` */

/*Table structure for table `dyextn_select_control` */

DROP TABLE IF EXISTS `dyextn_select_control`;

CREATE TABLE `dyextn_select_control` (
  `IDENTIFIER` bigint(20) NOT NULL default '0',
  `SEPARATOR_STRING` varchar(255) default NULL,
  PRIMARY KEY  (`IDENTIFIER`),
  KEY `FKDFEBB657BC7298A9` (`IDENTIFIER`),
  CONSTRAINT `FKDFEBB657BC7298A9` FOREIGN KEY (`IDENTIFIER`) REFERENCES `dyextn_control` (`IDENTIFIER`)
) ENGINE=InnoDB DEFAULT CHARSET=latin1;

/*Data for the table `dyextn_select_control` */

/*Table structure for table `dyextn_semantic_property` */

DROP TABLE IF EXISTS `dyextn_semantic_property`;

CREATE TABLE `dyextn_semantic_property` (
  `IDENTIFIER` bigint(20) NOT NULL auto_increment,
  `CONCEPT_CODE` varchar(255) default NULL,
  `TERM` varchar(255) default NULL,
  `THESAURAS_NAME` varchar(255) default NULL,
  `SEQUENCE_NUMBER` int(11) default NULL,
  `CONCEPT_DEFINITION` varchar(255) default NULL,
  `ABSTRACT_METADATA_ID` bigint(20) default NULL,
  `ABSTRACT_VALUE_ID` bigint(20) default NULL,
  PRIMARY KEY  (`IDENTIFIER`),
  KEY `FKD2A0B5B13BAB5E46` (`ABSTRACT_VALUE_ID`),
  KEY `FKD2A0B5B17D7A9B8E` (`ABSTRACT_METADATA_ID`),
  CONSTRAINT `FKD2A0B5B17D7A9B8E` FOREIGN KEY (`ABSTRACT_METADATA_ID`) REFERENCES `dyextn_abstract_metadata` (`IDENTIFIER`),
  CONSTRAINT `FKD2A0B5B13BAB5E46` FOREIGN KEY (`ABSTRACT_VALUE_ID`) REFERENCES `dyextn_permissible_value` (`IDENTIFIER`)
) ENGINE=InnoDB DEFAULT CHARSET=latin1;

/*Data for the table `dyextn_semantic_property` */

insert into `dyextn_semantic_property` (`IDENTIFIER`,`CONCEPT_CODE`,`TERM`,`THESAURAS_NAME`,`SEQUENCE_NUMBER`,`CONCEPT_DEFINITION`,`ABSTRACT_METADATA_ID`,`ABSTRACT_VALUE_ID`) values (1,'Not Specified','Not Specified',NULL,0,'Not Specified',3,NULL),(2,'C42874','Abstract',NULL,2,'A concept or idea not associated with any specific instance.',2,NULL),(3,'C62289','Domain',NULL,1,'An area of knowledge considered as a discreet unit for some purpose.',2,NULL),(4,'BackColor=-1;BorderColor=-1;BorderWidth=-1;FontColor=-1;VSwimLanes=0;HSwimLanes=0;BorderStyle=0;','BackColor=-1;BorderColor=-1;BorderWidth=-1;FontColor=-1;VSwimLanes=0;HSwimLanes=0;BorderStyle=0;',NULL,0,'BackColor=-1;BorderColor=-1;BorderWidth=-1;FontColor=-1;VSwimLanes=0;HSwimLanes=0;BorderStyle=0;',2,NULL),(5,'Not Specified','Not Specified',NULL,0,'Not Specified',15,NULL),(6,'C25666','Second',NULL,2,'Coming next after the first in position in space or time or degree or magnitude.',16,NULL),(7,'C25483','Dimension',NULL,1,'The magnitude of something in a particular direction, especially length or width or height.',16,NULL),(8,'0','0',NULL,0,'0',16,NULL),(9,'volatile=0;','volatile=0;',NULL,0,'volatile=0;',17,NULL),(10,'C18189','Pathology',NULL,2,'The medical science, and specialty practice, concerned with all aspects of disease, but with special reference to the essential nature, causes, and development of abnormal conditions, as well as the structural and functional changes that result from the d',18,NULL),(11,'C61036','Finding',NULL,1,'The result of an examination or inquiry.',18,NULL),(12,'Not Specified','Not Specified',NULL,0,'Not Specified',18,NULL),(13,'{259271D1-6BC0-40cf-8B97-E60E08F424B7}','{259271D1-6BC0-40cf-8B97-E60E08F424B7}',NULL,0,'{259271D1-6BC0-40cf-8B97-E60E08F424B7}',19,NULL),(14,'volatile=0;','volatile=0;',NULL,0,'volatile=0;',20,NULL),(15,'0','0',NULL,0,'A machine-readable representation of information in a visual format on a surface.',21,NULL),(16,'volatile=0;','volatile=0;',NULL,0,'volatile=0;',22,NULL),(17,'k12345','k12345',NULL,0,'k12345',NULL,1),(18,'k12345','k12345',NULL,0,'k12345',NULL,2),(19,'k12345','k12345',NULL,0,'k12345',NULL,3),(20,'k12345','k12345',NULL,0,'k12345',NULL,4),(21,'k12345','k12345',NULL,0,'k12345',NULL,5),(22,'k12345','k12345',NULL,0,'k12345',NULL,6),(23,'k12345','k12345',NULL,0,'k12345',NULL,7),(24,'k12345','k12345',NULL,0,'k12345',NULL,8),(25,'k12345','k12345',NULL,0,'k12345',NULL,9),(26,'k12345','k12345',NULL,0,'k12345',NULL,10),(27,'k12345','k12345',NULL,0,'k12345',NULL,11),(28,'k12345','k12345',NULL,0,'k12345',NULL,12),(29,'k12345','k12345',NULL,0,'k12345',NULL,13),(30,'k12345','k12345',NULL,0,'k12345',NULL,14),(31,'k12345','k12345',NULL,0,'k12345',NULL,15),(32,'k12345','k12345',NULL,0,'k12345',NULL,16),(33,'k12345','k12345',NULL,0,'k12345',NULL,17),(34,'k12345','k12345',NULL,0,'k12345',NULL,18),(35,'k12345','k12345',NULL,0,'k12345',NULL,19),(36,'k12345','k12345',NULL,0,'k12345',NULL,20),(37,'k12345','k12345',NULL,0,'k12345',NULL,21),(38,'k12345','k12345',NULL,0,'k12345',NULL,22),(39,'k12345','k12345',NULL,0,'k12345',NULL,23),(40,'k12345','k12345',NULL,0,'k12345',NULL,24),(41,'k12345','k12345',NULL,0,'k12345',NULL,25),(42,'k12345','k12345',NULL,0,'k12345',NULL,26),(43,'k12345','k12345',NULL,0,'k12345',NULL,27),(44,'k12345','k12345',NULL,0,'k12345',NULL,28),(45,'k12345','k12345',NULL,0,'k12345',NULL,29),(46,'k12345','k12345',NULL,0,'k12345',NULL,30),(47,'k12345','k12345',NULL,0,'k12345',NULL,31),(48,'k12345','k12345',NULL,0,'k12345',NULL,32),(49,'k12345','k12345',NULL,0,'k12345',NULL,33),(50,'k12345','k12345',NULL,0,'k12345',NULL,34),(51,'k12345','k12345',NULL,0,'k12345',NULL,35),(52,'k12345','k12345',NULL,0,'k12345',NULL,36),(53,'k12345','k12345',NULL,0,'k12345',NULL,37),(54,'k12345','k12345',NULL,0,'k12345',NULL,38),(55,'k12345','k12345',NULL,0,'k12345',NULL,39),(56,'k12345','k12345',NULL,0,'k12345',NULL,40),(57,'k12345','k12345',NULL,0,'k12345',NULL,41),(58,'k12345','k12345',NULL,0,'k12345',NULL,42),(59,'k12345','k12345',NULL,0,'k12345',NULL,43),(60,'k12345','k12345',NULL,0,'k12345',NULL,44),(61,'k12345','k12345',NULL,0,'k12345',NULL,45),(62,'k12345','k12345',NULL,0,'k12345',NULL,46),(63,'1','1',NULL,0,'1',23,NULL),(64,'5','Label',NULL,0,'5',24,NULL),(65,'C43431','Activity',NULL,1,'The state of being active; any specific activity.',25,NULL),(66,'C25688','1',NULL,0,'1',25,NULL),(67,'0','0',NULL,0,'0',26,NULL),(68,'316','316',NULL,0,'316',27,NULL),(69,'C25509','First',NULL,2,'Preceding all others in time or space or degree.',28,NULL),(70,'C25483','Dimension',NULL,1,'The magnitude of something in a particular direction, especially length or width or height.',28,NULL),(71,'NCI','NCI',NULL,0,'NCI',28,NULL),(72,'BackColor=-1;BorderColor=-1;BorderWidth=-1;FontColor=-1;VSwimLanes=0;HSwimLanes=0;BorderStyle=0;','BackColor=-1;BorderColor=-1;BorderWidth=-1;FontColor=-1;VSwimLanes=0;HSwimLanes=0;BorderStyle=0;',NULL,0,'BackColor=-1;BorderColor=-1;BorderWidth=-1;FontColor=-1;VSwimLanes=0;HSwimLanes=0;BorderStyle=0;',4,NULL),(73,'1','Comment',NULL,0,'1',45,NULL),(74,'C25517','Full',NULL,1,'Containing as much or as many as is possible or normal.',46,NULL),(75,'C43578','Flag',NULL,0,'Not Specified',46,NULL),(76,'false','false',NULL,0,'false',47,NULL),(77,'C25509','First',NULL,2,'Preceding all others in time or space or degree.',48,NULL),(78,'C25483','Dimension',NULL,1,'The magnitude of something in a particular direction, especially length or width or height.',48,NULL),(79,'0','0',NULL,0,'0',48,NULL),(80,'C25666','Second',NULL,2,'Coming next after the first in position in space or time or degree or magnitude.',49,NULL),(81,'C25483','Dimension',NULL,1,'The magnitude of something in a particular direction, especially length or width or height.',49,NULL),(82,'{153C2940-0BB6-46f8-8887-FD9A275EC9D9}','{153C2940-0BB6-46f8-8887-FD9A275EC9D9}',NULL,0,'{153C2940-0BB6-46f8-8887-FD9A275EC9D9}',49,NULL),(83,'C43431','Activity',NULL,1,'The state of being active; any specific activity.',50,NULL),(84,'Not Specified','Not Specified',NULL,0,'Not Specified',50,NULL),(85,'1','1',NULL,0,'1',51,NULL),(86,'Not Specified','Not Specified',NULL,0,'Not Specified',52,NULL),(87,'BackColor=-1;BorderColor=-1;BorderWidth=-1;FontColor=-1;VSwimLanes=0;HSwimLanes=0;BorderStyle=0;','BackColor=-1;BorderColor=-1;BorderWidth=-1;FontColor=-1;VSwimLanes=0;HSwimLanes=0;BorderStyle=0;',NULL,0,'BackColor=-1;BorderColor=-1;BorderWidth=-1;FontColor=-1;VSwimLanes=0;HSwimLanes=0;BorderStyle=0;',40,NULL),(88,'Not Specified','Not Specified',NULL,0,'Not Specified',57,NULL),(89,'1','1',NULL,0,'1',58,NULL),(90,'C43431','Activity',NULL,1,'The state of being active; any specific activity.',59,NULL),(91,'Not Specified','Not Specified',NULL,0,'Not Specified',59,NULL),(92,'C25429','Available',NULL,1,'Obtainable or accessible and ready for use or service.',60,NULL),(93,'Not Specified','Not Specified',NULL,0,'Not Specified',60,NULL),(94,'C25666','Second',NULL,2,'Coming next after the first in position in space or time or degree or magnitude.',61,NULL),(95,'C25483','Dimension',NULL,1,'The magnitude of something in a particular direction, especially length or width or height.',61,NULL),(96,'{153C2940-0BB6-46f8-8887-FD9A275EC9D9}','{153C2940-0BB6-46f8-8887-FD9A275EC9D9}',NULL,0,'{153C2940-0BB6-46f8-8887-FD9A275EC9D9}',61,NULL),(97,'C25509','First',NULL,2,'Preceding all others in time or space or degree.',62,NULL),(98,'C25483','Dimension',NULL,1,'The magnitude of something in a particular direction, especially length or width or height.',62,NULL),(99,'0','0',NULL,0,'0',62,NULL),(100,'false','false',NULL,0,'false',63,NULL),(101,'C25517','Full',NULL,1,'Containing as much or as many as is possible or normal.',64,NULL),(102,'C43578','Flag',NULL,0,'Not Specified',64,NULL),(103,'1','Comment',NULL,0,'1',65,NULL),(104,'C19157','Specimen',NULL,1,'A sample or part of a thing, or of several things, taken to demonstrate or to determine the character of the whole, e.g. a substance, or portion of material obtained for use in testing, examination, or study; particularly, a preparation of tissue or bodil',53,NULL),(105,'BackColor=-1;BorderColor=-1;BorderWidth=-1;FontColor=-1;VSwimLanes=0;HSwimLanes=0;BorderStyle=0;','BackColor=-1;BorderColor=-1;BorderWidth=-1;FontColor=-1;VSwimLanes=0;HSwimLanes=0;BorderStyle=0;',NULL,0,'BackColor=-1;BorderColor=-1;BorderWidth=-1;FontColor=-1;VSwimLanes=0;HSwimLanes=0;BorderStyle=0;',53,NULL),(106,'Not Specified','Not Specified',NULL,0,'Not Specified',76,NULL),(107,'1','1',NULL,0,'1',77,NULL),(108,'C43431','Activity',NULL,1,'The state of being active; any specific activity.',78,NULL),(109,'Not Specified','Not Specified',NULL,0,'Not Specified',78,NULL),(110,'C25666','Second',NULL,2,'Coming next after the first in position in space or time or degree or magnitude.',79,NULL),(111,'C25483','Dimension',NULL,1,'The magnitude of something in a particular direction, especially length or width or height.',79,NULL),(112,'{153C2940-0BB6-46f8-8887-FD9A275EC9D9}','{153C2940-0BB6-46f8-8887-FD9A275EC9D9}',NULL,0,'{153C2940-0BB6-46f8-8887-FD9A275EC9D9}',79,NULL),(113,'C25509','First',NULL,2,'Preceding all others in time or space or degree.',80,NULL),(114,'C25483','Dimension',NULL,1,'The magnitude of something in a particular direction, especially length or width or height.',80,NULL),(115,'0','0',NULL,0,'0',80,NULL),(116,'false','false',NULL,0,'false',81,NULL),(117,'C25517','Full',NULL,1,'Containing as much or as many as is possible or normal.',82,NULL),(118,'C43578','Flag',NULL,0,'Not Specified',82,NULL),(119,'1','Comment',NULL,0,'1',83,NULL),(120,'C42559','Degree Celsius',NULL,1,'A unit of temperature of the temperature scale designed so that the freezing point of water is 0 degrees and the boiling point is 100 degrees at standard atmospheric pressure. The current official definition of the Celsius sets 0.01 C to be at the triple',84,NULL),(121,'Not Specified','Not Specified',NULL,0,'Not Specified',84,NULL),(122,'BackColor=-1;BorderColor=-1;BorderWidth=-1;FontColor=-1;VSwimLanes=0;HSwimLanes=0;BorderStyle=0;','BackColor=-1;BorderColor=-1;BorderWidth=-1;FontColor=-1;VSwimLanes=0;HSwimLanes=0;BorderStyle=0;',NULL,0,'BackColor=-1;BorderColor=-1;BorderWidth=-1;FontColor=-1;VSwimLanes=0;HSwimLanes=0;BorderStyle=0;',70,NULL),(123,'C43431','Activity',NULL,1,'The state of being active; any specific activity.',92,NULL),(124,'1','Status',NULL,0,'1',92,NULL),(125,'0','0',NULL,0,'0',93,NULL),(126,'Not Specified','Not Specified',NULL,0,'Not Specified',94,NULL),(127,'1','1',NULL,0,'1',95,NULL),(128,'k12345','k12345',NULL,0,'k12345',NULL,47),(129,'k12345','k12345',NULL,0,'k12345',NULL,48),(130,'k12345','k12345',NULL,0,'k12345',NULL,49),(131,'k12345','k12345',NULL,0,'k12345',NULL,50),(132,'String','String',NULL,0,'String',96,NULL),(133,'BackColor=-1;BorderColor=-1;BorderWidth=-1;FontColor=-1;VSwimLanes=0;HSwimLanes=0;BorderStyle=0;','BackColor=-1;BorderColor=-1;BorderWidth=-1;FontColor=-1;VSwimLanes=0;HSwimLanes=0;BorderStyle=0;',NULL,0,'BackColor=-1;BorderColor=-1;BorderWidth=-1;FontColor=-1;VSwimLanes=0;HSwimLanes=0;BorderStyle=0;',89,NULL),(134,'1','Last Name',NULL,0,'1',99,NULL),(135,'C53639','Common Security Module',NULL,2,'Provides caBIG application developers with powerful security tools to allow application developers to integrate security with minimal coding effort.',100,NULL),(136,'C42745','User',NULL,1,'An individual who uses a computer, program, network, or related service for work or entertainment. (from http://www.computeruser.com/resources/dictionary/index.html)',100,NULL),(137,'NCI','NCI',NULL,0,'NCI',100,NULL),(138,'Not Specified','Not Specified',NULL,0,'Not Specified',101,NULL),(139,'C25431','Begin',NULL,1,'Have a beginning, in a temporal, spatial, or evaluative sense; the point in space or time where something begins.',102,NULL),(140,'1','1',NULL,0,'1',102,NULL),(141,'C43431','Activity',NULL,1,'The state of being active; any specific activity.',103,NULL),(142,'NCI','NCI',NULL,0,'NCI',103,NULL),(143,'96','First Name',NULL,0,'96',104,NULL),(144,'0','0',NULL,0,'0',105,NULL),(145,'1','1',NULL,0,'1',106,NULL),(146,'Not Specified','Not Specified',NULL,0,'Not Specified',107,NULL),(147,'BackColor=-1;BorderColor=-1;BorderWidth=-1;FontColor=-1;VSwimLanes=0;HSwimLanes=0;BorderStyle=0;','BackColor=-1;BorderColor=-1;BorderWidth=-1;FontColor=-1;VSwimLanes=0;HSwimLanes=0;BorderStyle=0;',NULL,0,'BackColor=-1;BorderColor=-1;BorderWidth=-1;FontColor=-1;VSwimLanes=0;HSwimLanes=0;BorderStyle=0;',97,NULL),(148,'C42710','Password',NULL,1,'A secret set of characters, numbers, or symbols used as a form of authentication.',113,NULL),(149,'false','false',NULL,0,'false',113,NULL),(150,'C25710','Update',NULL,1,'Make current; supply with recent information or technology.',114,NULL),(151,'0','0',NULL,0,'0',114,NULL),(152,'Not Specified','Not Specified',NULL,0,'Not Specified',115,NULL),(153,'BackColor=-1;BorderColor=-1;BorderWidth=-1;FontColor=-1;VSwimLanes=0;HSwimLanes=0;BorderStyle=0;','BackColor=-1;BorderColor=-1;BorderWidth=-1;FontColor=-1;VSwimLanes=0;HSwimLanes=0;BorderStyle=0;',NULL,0,'BackColor=-1;BorderColor=-1;BorderWidth=-1;FontColor=-1;VSwimLanes=0;HSwimLanes=0;BorderStyle=0;',112,NULL),(154,'Not Specified','Not Specified',NULL,0,'Not Specified',117,NULL),(155,'1','1',NULL,0,'1',118,NULL),(156,'k12345','k12345',NULL,0,'k12345',NULL,51),(157,'k12345','k12345',NULL,0,'k12345',NULL,52),(158,'k12345','k12345',NULL,0,'k12345',NULL,53),(159,'k12345','k12345',NULL,0,'k12345',NULL,54),(160,'k12345','k12345',NULL,0,'k12345',NULL,55),(161,'k12345','k12345',NULL,0,'k12345',NULL,56),(162,'k12345','k12345',NULL,0,'k12345',NULL,57),(163,'k12345','k12345',NULL,0,'k12345',NULL,58),(164,'k12345','k12345',NULL,0,'k12345',NULL,59),(165,'k12345','k12345',NULL,0,'k12345',NULL,60),(166,'k12345','k12345',NULL,0,'k12345',NULL,61),(167,'k12345','k12345',NULL,0,'k12345',NULL,62),(168,'k12345','k12345',NULL,0,'k12345',NULL,63),(169,'k12345','k12345',NULL,0,'k12345',NULL,64),(170,'k12345','k12345',NULL,0,'k12345',NULL,65),(171,'k12345','k12345',NULL,0,'k12345',NULL,66),(172,'k12345','k12345',NULL,0,'k12345',NULL,67),(173,'k12345','k12345',NULL,0,'k12345',NULL,68),(174,'k12345','k12345',NULL,0,'k12345',NULL,69),(175,'k12345','k12345',NULL,0,'k12345',NULL,70),(176,'k12345','k12345',NULL,0,'k12345',NULL,71),(177,'k12345','k12345',NULL,0,'k12345',NULL,72),(178,'k12345','k12345',NULL,0,'k12345',NULL,73),(179,'k12345','k12345',NULL,0,'k12345',NULL,74),(180,'k12345','k12345',NULL,0,'k12345',NULL,75),(181,'k12345','k12345',NULL,0,'k12345',NULL,76),(182,'k12345','k12345',NULL,0,'k12345',NULL,77),(183,'k12345','k12345',NULL,0,'k12345',NULL,78),(184,'k12345','k12345',NULL,0,'k12345',NULL,79),(185,'k12345','k12345',NULL,0,'k12345',NULL,80),(186,'k12345','k12345',NULL,0,'k12345',NULL,81),(187,'k12345','k12345',NULL,0,'k12345',NULL,82),(188,'k12345','k12345',NULL,0,'k12345',NULL,83),(189,'k12345','k12345',NULL,0,'k12345',NULL,84),(190,'k12345','k12345',NULL,0,'k12345',NULL,85),(191,'k12345','k12345',NULL,0,'k12345',NULL,86),(192,'k12345','k12345',NULL,0,'k12345',NULL,87),(193,'k12345','k12345',NULL,0,'k12345',NULL,88),(194,'k12345','k12345',NULL,0,'k12345',NULL,89),(195,'k12345','k12345',NULL,0,'k12345',NULL,90),(196,'k12345','k12345',NULL,0,'k12345',NULL,91),(197,'k12345','k12345',NULL,0,'k12345',NULL,92),(198,'k12345','k12345',NULL,0,'k12345',NULL,93),(199,'k12345','k12345',NULL,0,'k12345',NULL,94),(200,'k12345','k12345',NULL,0,'k12345',NULL,95),(201,'k12345','k12345',NULL,0,'k12345',NULL,96),(202,'k12345','k12345',NULL,0,'k12345',NULL,97),(203,'k12345','k12345',NULL,0,'k12345',NULL,98),(204,'k12345','k12345',NULL,0,'k12345',NULL,99),(205,'k12345','k12345',NULL,0,'k12345',NULL,100),(206,'k12345','k12345',NULL,0,'k12345',NULL,101),(207,'k12345','k12345',NULL,0,'k12345',NULL,102),(208,'Not Specified','Not Specified',NULL,0,'Not Specified',119,NULL),(209,'0','0',NULL,0,'0',120,NULL),(210,'1','1',NULL,0,'1',121,NULL),(211,'k12345','k12345',NULL,0,'k12345',NULL,103),(212,'k12345','k12345',NULL,0,'k12345',NULL,104),(213,'k12345','k12345',NULL,0,'k12345',NULL,105),(214,'k12345','k12345',NULL,0,'k12345',NULL,106),(215,'k12345','k12345',NULL,0,'k12345',NULL,107),(216,'k12345','k12345',NULL,0,'k12345',NULL,108),(217,'k12345','k12345',NULL,0,'k12345',NULL,109),(218,'k12345','k12345',NULL,0,'k12345',NULL,110),(219,'k12345','k12345',NULL,0,'k12345',NULL,111),(220,'k12345','k12345',NULL,0,'k12345',NULL,112),(221,'k12345','k12345',NULL,0,'k12345',NULL,113),(222,'k12345','k12345',NULL,0,'k12345',NULL,114),(223,'k12345','k12345',NULL,0,'k12345',NULL,115),(224,'k12345','k12345',NULL,0,'k12345',NULL,116),(225,'k12345','k12345',NULL,0,'k12345',NULL,117),(226,'k12345','k12345',NULL,0,'k12345',NULL,118),(227,'k12345','k12345',NULL,0,'k12345',NULL,119),(228,'k12345','k12345',NULL,0,'k12345',NULL,120),(229,'k12345','k12345',NULL,0,'k12345',NULL,121),(230,'k12345','k12345',NULL,0,'k12345',NULL,122),(231,'k12345','k12345',NULL,0,'k12345',NULL,123),(232,'k12345','k12345',NULL,0,'k12345',NULL,124),(233,'k12345','k12345',NULL,0,'k12345',NULL,125),(234,'k12345','k12345',NULL,0,'k12345',NULL,126),(235,'k12345','k12345',NULL,0,'k12345',NULL,127),(236,'k12345','k12345',NULL,0,'k12345',NULL,128),(237,'k12345','k12345',NULL,0,'k12345',NULL,129),(238,'k12345','k12345',NULL,0,'k12345',NULL,130),(239,'k12345','k12345',NULL,0,'k12345',NULL,131),(240,'k12345','k12345',NULL,0,'k12345',NULL,132),(241,'k12345','k12345',NULL,0,'k12345',NULL,133),(242,'k12345','k12345',NULL,0,'k12345',NULL,134),(243,'k12345','k12345',NULL,0,'k12345',NULL,135),(244,'k12345','k12345',NULL,0,'k12345',NULL,136),(245,'k12345','k12345',NULL,0,'k12345',NULL,137),(246,'k12345','k12345',NULL,0,'k12345',NULL,138),(247,'k12345','k12345',NULL,0,'k12345',NULL,139),(248,'k12345','k12345',NULL,0,'k12345',NULL,140),(249,'k12345','k12345',NULL,0,'k12345',NULL,141),(250,'k12345','k12345',NULL,0,'k12345',NULL,142),(251,'k12345','k12345',NULL,0,'k12345',NULL,143),(252,'k12345','k12345',NULL,0,'k12345',NULL,144),(253,'k12345','k12345',NULL,0,'k12345',NULL,145),(254,'k12345','k12345',NULL,0,'k12345',NULL,146),(255,'k12345','k12345',NULL,0,'k12345',NULL,147),(256,'k12345','k12345',NULL,0,'k12345',NULL,148),(257,'k12345','k12345',NULL,0,'k12345',NULL,149),(258,'k12345','k12345',NULL,0,'k12345',NULL,150),(259,'k12345','k12345',NULL,0,'k12345',NULL,151),(260,'k12345','k12345',NULL,0,'k12345',NULL,152),(261,'k12345','k12345',NULL,0,'k12345',NULL,153),(262,'k12345','k12345',NULL,0,'k12345',NULL,154),(263,'k12345','k12345',NULL,0,'k12345',NULL,155),(264,'k12345','k12345',NULL,0,'k12345',NULL,156),(265,'k12345','k12345',NULL,0,'k12345',NULL,157),(266,'k12345','k12345',NULL,0,'k12345',NULL,158),(267,'k12345','k12345',NULL,0,'k12345',NULL,159),(268,'k12345','k12345',NULL,0,'k12345',NULL,160),(269,'k12345','k12345',NULL,0,'k12345',NULL,161),(270,'k12345','k12345',NULL,0,'k12345',NULL,162),(271,'k12345','k12345',NULL,0,'k12345',NULL,163),(272,'k12345','k12345',NULL,0,'k12345',NULL,164),(273,'k12345','k12345',NULL,0,'k12345',NULL,165),(274,'k12345','k12345',NULL,0,'k12345',NULL,166),(275,'k12345','k12345',NULL,0,'k12345',NULL,167),(276,'k12345','k12345',NULL,0,'k12345',NULL,168),(277,'k12345','k12345',NULL,0,'k12345',NULL,169),(278,'k12345','k12345',NULL,0,'k12345',NULL,170),(279,'k12345','k12345',NULL,0,'k12345',NULL,171),(280,'k12345','k12345',NULL,0,'k12345',NULL,172),(281,'k12345','k12345',NULL,0,'k12345',NULL,173),(282,'k12345','k12345',NULL,0,'k12345',NULL,174),(283,'k12345','k12345',NULL,0,'k12345',NULL,175),(284,'k12345','k12345',NULL,0,'k12345',NULL,176),(285,'k12345','k12345',NULL,0,'k12345',NULL,177),(286,'k12345','k12345',NULL,0,'k12345',NULL,178),(287,'k12345','k12345',NULL,0,'k12345',NULL,179),(288,'k12345','k12345',NULL,0,'k12345',NULL,180),(289,'k12345','k12345',NULL,0,'k12345',NULL,181),(290,'k12345','k12345',NULL,0,'k12345',NULL,182),(291,'k12345','k12345',NULL,0,'k12345',NULL,183),(292,'k12345','k12345',NULL,0,'k12345',NULL,184),(293,'k12345','k12345',NULL,0,'k12345',NULL,185),(294,'k12345','k12345',NULL,0,'k12345',NULL,186),(295,'k12345','k12345',NULL,0,'k12345',NULL,187),(296,'k12345','k12345',NULL,0,'k12345',NULL,188),(297,'k12345','k12345',NULL,0,'k12345',NULL,189),(298,'k12345','k12345',NULL,0,'k12345',NULL,190),(299,'k12345','k12345',NULL,0,'k12345',NULL,191),(300,'k12345','k12345',NULL,0,'k12345',NULL,192),(301,'k12345','k12345',NULL,0,'k12345',NULL,193),(302,'k12345','k12345',NULL,0,'k12345',NULL,194),(303,'k12345','k12345',NULL,0,'k12345',NULL,195),(304,'k12345','k12345',NULL,0,'k12345',NULL,196),(305,'k12345','k12345',NULL,0,'k12345',NULL,197),(306,'k12345','k12345',NULL,0,'k12345',NULL,198),(307,'k12345','k12345',NULL,0,'k12345',NULL,199),(308,'k12345','k12345',NULL,0,'k12345',NULL,200),(309,'k12345','k12345',NULL,0,'k12345',NULL,201),(310,'k12345','k12345',NULL,0,'k12345',NULL,202),(311,'k12345','k12345',NULL,0,'k12345',NULL,203),(312,'k12345','k12345',NULL,0,'k12345',NULL,204),(313,'k12345','k12345',NULL,0,'k12345',NULL,205),(314,'k12345','k12345',NULL,0,'k12345',NULL,206),(315,'k12345','k12345',NULL,0,'k12345',NULL,207),(316,'k12345','k12345',NULL,0,'k12345',NULL,208),(317,'k12345','k12345',NULL,0,'k12345',NULL,209),(318,'k12345','k12345',NULL,0,'k12345',NULL,210),(319,'k12345','k12345',NULL,0,'k12345',NULL,211),(320,'k12345','k12345',NULL,0,'k12345',NULL,212),(321,'k12345','k12345',NULL,0,'k12345',NULL,213),(322,'k12345','k12345',NULL,0,'k12345',NULL,214),(323,'k12345','k12345',NULL,0,'k12345',NULL,215),(324,'k12345','k12345',NULL,0,'k12345',NULL,216),(325,'k12345','k12345',NULL,0,'k12345',NULL,217),(326,'k12345','k12345',NULL,0,'k12345',NULL,218),(327,'k12345','k12345',NULL,0,'k12345',NULL,219),(328,'k12345','k12345',NULL,0,'k12345',NULL,220),(329,'k12345','k12345',NULL,0,'k12345',NULL,221),(330,'k12345','k12345',NULL,0,'k12345',NULL,222),(331,'k12345','k12345',NULL,0,'k12345',NULL,223),(332,'k12345','k12345',NULL,0,'k12345',NULL,224),(333,'k12345','k12345',NULL,0,'k12345',NULL,225),(334,'k12345','k12345',NULL,0,'k12345',NULL,226),(335,'k12345','k12345',NULL,0,'k12345',NULL,227),(336,'k12345','k12345',NULL,0,'k12345',NULL,228),(337,'k12345','k12345',NULL,0,'k12345',NULL,229),(338,'k12345','k12345',NULL,0,'k12345',NULL,230),(339,'k12345','k12345',NULL,0,'k12345',NULL,231),(340,'k12345','k12345',NULL,0,'k12345',NULL,232),(341,'k12345','k12345',NULL,0,'k12345',NULL,233),(342,'k12345','k12345',NULL,0,'k12345',NULL,234),(343,'k12345','k12345',NULL,0,'k12345',NULL,235),(344,'k12345','k12345',NULL,0,'k12345',NULL,236),(345,'k12345','k12345',NULL,0,'k12345',NULL,237),(346,'k12345','k12345',NULL,0,'k12345',NULL,238),(347,'k12345','k12345',NULL,0,'k12345',NULL,239),(348,'k12345','k12345',NULL,0,'k12345',NULL,240),(349,'k12345','k12345',NULL,0,'k12345',NULL,241),(350,'k12345','k12345',NULL,0,'k12345',NULL,242),(351,'k12345','k12345',NULL,0,'k12345',NULL,243),(352,'k12345','k12345',NULL,0,'k12345',NULL,244),(353,'k12345','k12345',NULL,0,'k12345',NULL,245),(354,'k12345','k12345',NULL,0,'k12345',NULL,246),(355,'k12345','k12345',NULL,0,'k12345',NULL,247),(356,'k12345','k12345',NULL,0,'k12345',NULL,248),(357,'k12345','k12345',NULL,0,'k12345',NULL,249),(358,'k12345','k12345',NULL,0,'k12345',NULL,250),(359,'k12345','k12345',NULL,0,'k12345',NULL,251),(360,'k12345','k12345',NULL,0,'k12345',NULL,252),(361,'k12345','k12345',NULL,0,'k12345',NULL,253),(362,'k12345','k12345',NULL,0,'k12345',NULL,254),(363,'k12345','k12345',NULL,0,'k12345',NULL,255),(364,'k12345','k12345',NULL,0,'k12345',NULL,256),(365,'k12345','k12345',NULL,0,'k12345',NULL,257),(366,'k12345','k12345',NULL,0,'k12345',NULL,258),(367,'k12345','k12345',NULL,0,'k12345',NULL,259),(368,'k12345','k12345',NULL,0,'k12345',NULL,260),(369,'k12345','k12345',NULL,0,'k12345',NULL,261),(370,'k12345','k12345',NULL,0,'k12345',NULL,262),(371,'k12345','k12345',NULL,0,'k12345',NULL,263),(372,'k12345','k12345',NULL,0,'k12345',NULL,264),(373,'k12345','k12345',NULL,0,'k12345',NULL,265),(374,'k12345','k12345',NULL,0,'k12345',NULL,266),(375,'k12345','k12345',NULL,0,'k12345',NULL,267),(376,'k12345','k12345',NULL,0,'k12345',NULL,268),(377,'k12345','k12345',NULL,0,'k12345',NULL,269),(378,'k12345','k12345',NULL,0,'k12345',NULL,270),(379,'k12345','k12345',NULL,0,'k12345',NULL,271),(380,'k12345','k12345',NULL,0,'k12345',NULL,272),(381,'k12345','k12345',NULL,0,'k12345',NULL,273),(382,'k12345','k12345',NULL,0,'k12345',NULL,274),(383,'k12345','k12345',NULL,0,'k12345',NULL,275),(384,'k12345','k12345',NULL,0,'k12345',NULL,276),(385,'k12345','k12345',NULL,0,'k12345',NULL,277),(386,'k12345','k12345',NULL,0,'k12345',NULL,278),(387,'k12345','k12345',NULL,0,'k12345',NULL,279),(388,'k12345','k12345',NULL,0,'k12345',NULL,280),(389,'k12345','k12345',NULL,0,'k12345',NULL,281),(390,'k12345','k12345',NULL,0,'k12345',NULL,282),(391,'k12345','k12345',NULL,0,'k12345',NULL,283),(392,'k12345','k12345',NULL,0,'k12345',NULL,284),(393,'k12345','k12345',NULL,0,'k12345',NULL,285),(394,'k12345','k12345',NULL,0,'k12345',NULL,286),(395,'k12345','k12345',NULL,0,'k12345',NULL,287),(396,'k12345','k12345',NULL,0,'k12345',NULL,288),(397,'k12345','k12345',NULL,0,'k12345',NULL,289),(398,'k12345','k12345',NULL,0,'k12345',NULL,290),(399,'k12345','k12345',NULL,0,'k12345',NULL,291),(400,'k12345','k12345',NULL,0,'k12345',NULL,292),(401,'k12345','k12345',NULL,0,'k12345',NULL,293),(402,'k12345','k12345',NULL,0,'k12345',NULL,294),(403,'k12345','k12345',NULL,0,'k12345',NULL,295),(404,'k12345','k12345',NULL,0,'k12345',NULL,296),(405,'k12345','k12345',NULL,0,'k12345',NULL,297),(406,'k12345','k12345',NULL,0,'k12345',NULL,298),(407,'k12345','k12345',NULL,0,'k12345',NULL,299),(408,'k12345','k12345',NULL,0,'k12345',NULL,300),(409,'k12345','k12345',NULL,0,'k12345',NULL,301),(410,'k12345','k12345',NULL,0,'k12345',NULL,302),(411,'k12345','k12345',NULL,0,'k12345',NULL,303),(412,'k12345','k12345',NULL,0,'k12345',NULL,304),(413,'k12345','k12345',NULL,0,'k12345',NULL,305),(414,'k12345','k12345',NULL,0,'k12345',NULL,306),(415,'k12345','k12345',NULL,0,'k12345',NULL,307),(416,'k12345','k12345',NULL,0,'k12345',NULL,308),(417,'k12345','k12345',NULL,0,'k12345',NULL,309),(418,'k12345','k12345',NULL,0,'k12345',NULL,310),(419,'k12345','k12345',NULL,0,'k12345',NULL,311),(420,'k12345','k12345',NULL,0,'k12345',NULL,312),(421,'k12345','k12345',NULL,0,'k12345',NULL,313),(422,'k12345','k12345',NULL,0,'k12345',NULL,314),(423,'k12345','k12345',NULL,0,'k12345',NULL,315),(424,'k12345','k12345',NULL,0,'k12345',NULL,316),(425,'k12345','k12345',NULL,0,'k12345',NULL,317),(426,'k12345','k12345',NULL,0,'k12345',NULL,318),(427,'k12345','k12345',NULL,0,'k12345',NULL,319),(428,'k12345','k12345',NULL,0,'k12345',NULL,320),(429,'k12345','k12345',NULL,0,'k12345',NULL,321),(430,'k12345','k12345',NULL,0,'k12345',NULL,322),(431,'k12345','k12345',NULL,0,'k12345',NULL,323),(432,'k12345','k12345',NULL,0,'k12345',NULL,324),(433,'k12345','k12345',NULL,0,'k12345',NULL,325),(434,'k12345','k12345',NULL,0,'k12345',NULL,326),(435,'k12345','k12345',NULL,0,'k12345',NULL,327),(436,'k12345','k12345',NULL,0,'k12345',NULL,328),(437,'k12345','k12345',NULL,0,'k12345',NULL,329),(438,'k12345','k12345',NULL,0,'k12345',NULL,330),(439,'C25464','Not Specified',NULL,0,'Not Specified',122,NULL),(440,'0','0',NULL,0,'0',123,NULL),(441,'Not Specified','Not Specified',NULL,0,'Not Specified',124,NULL),(442,'BackColor=-1;BorderColor=-1;BorderWidth=-1;FontColor=-1;VSwimLanes=0;HSwimLanes=0;BorderStyle=0;','BackColor=-1;BorderColor=-1;BorderWidth=-1;FontColor=-1;VSwimLanes=0;HSwimLanes=0;BorderStyle=0;',NULL,0,'BackColor=-1;BorderColor=-1;BorderWidth=-1;FontColor=-1;VSwimLanes=0;HSwimLanes=0;BorderStyle=0;',116,NULL),(443,'311','Name',NULL,0,'311',126,NULL),(444,'Not Specified','Not Specified',NULL,0,'Not Specified',127,NULL),(445,'BackColor=-1;BorderColor=-1;BorderWidth=-1;FontColor=-1;VSwimLanes=0;HSwimLanes=0;BorderStyle=0;','BackColor=-1;BorderColor=-1;BorderWidth=-1;FontColor=-1;VSwimLanes=0;HSwimLanes=0;BorderStyle=0;',NULL,0,'BackColor=-1;BorderColor=-1;BorderWidth=-1;FontColor=-1;VSwimLanes=0;HSwimLanes=0;BorderStyle=0;',125,NULL),(446,'1','1',NULL,0,'1',129,NULL),(447,'Not Specified','Not Specified',NULL,0,'Not Specified',130,NULL),(448,'BackColor=-1;BorderColor=-1;BorderWidth=-1;FontColor=-1;VSwimLanes=0;HSwimLanes=0;BorderStyle=0;','BackColor=-1;BorderColor=-1;BorderWidth=-1;FontColor=-1;VSwimLanes=0;HSwimLanes=0;BorderStyle=0;',NULL,0,'BackColor=-1;BorderColor=-1;BorderWidth=-1;FontColor=-1;VSwimLanes=0;HSwimLanes=0;BorderStyle=0;',128,NULL),(449,'0','0',NULL,0,'0',132,NULL),(450,'Not Specified','Not Specified',NULL,0,'Not Specified',133,NULL),(451,'BackColor=-1;BorderColor=-1;BorderWidth=-1;FontColor=-1;VSwimLanes=0;HSwimLanes=0;BorderStyle=0;','BackColor=-1;BorderColor=-1;BorderWidth=-1;FontColor=-1;VSwimLanes=0;HSwimLanes=0;BorderStyle=0;',NULL,0,'BackColor=-1;BorderColor=-1;BorderWidth=-1;FontColor=-1;VSwimLanes=0;HSwimLanes=0;BorderStyle=0;',131,NULL),(452,'C43431','Activity',NULL,1,'The state of being active; any specific activity.',136,NULL),(453,'false','false',NULL,0,'false',136,NULL),(454,'C25509','First',NULL,2,'Preceding all others in time or space or degree.',137,NULL),(455,'C25483','Dimension',NULL,1,'The magnitude of something in a particular direction, especially length or width or height.',137,NULL),(456,'1','1',NULL,0,'1',137,NULL),(457,'NCI','NCI',NULL,0,'NCI',138,NULL),(458,'C25666','Second',NULL,2,'Coming next after the first in position in space or time or degree or magnitude.',139,NULL),(459,'C25483','Dimension',NULL,1,'The magnitude of something in a particular direction, especially length or width or height.',139,NULL),(460,'1','Label',NULL,0,'1',139,NULL),(461,'false','false',NULL,0,'false',140,NULL),(462,'Not Specified','Not Specified',NULL,0,'Not Specified',141,NULL),(463,'C25284','Type',NULL,1,'A subdivision of a particular kind of thing.',134,NULL),(464,'BackColor=-1;BorderColor=-1;BorderWidth=-1;FontColor=-1;VSwimLanes=0;HSwimLanes=0;BorderStyle=0;','BackColor=-1;BorderColor=-1;BorderWidth=-1;FontColor=-1;VSwimLanes=0;HSwimLanes=0;BorderStyle=0;',NULL,0,'BackColor=-1;BorderColor=-1;BorderWidth=-1;FontColor=-1;VSwimLanes=0;HSwimLanes=0;BorderStyle=0;',134,NULL),(465,'C25509','First',NULL,2,'Preceding all others in time or space or degree.',143,NULL),(466,'C25483','Dimension',NULL,1,'The magnitude of something in a particular direction, especially length or width or height.',143,NULL),(467,'C25443','NCI',NULL,0,'NCI',143,NULL),(468,'C25666','Second',NULL,2,'Coming next after the first in position in space or time or degree or magnitude.',144,NULL),(469,'C25483','Dimension',NULL,1,'The magnitude of something in a particular direction, especially length or width or height.',144,NULL),(470,'1','1',NULL,0,'1',144,NULL),(471,'Not Specified','Not Specified',NULL,0,'Not Specified',145,NULL),(472,'BackColor=-1;BorderColor=-1;BorderWidth=-1;FontColor=-1;VSwimLanes=0;HSwimLanes=0;BorderStyle=0;','BackColor=-1;BorderColor=-1;BorderWidth=-1;FontColor=-1;VSwimLanes=0;HSwimLanes=0;BorderStyle=0;',NULL,0,'BackColor=-1;BorderColor=-1;BorderWidth=-1;FontColor=-1;VSwimLanes=0;HSwimLanes=0;BorderStyle=0;',142,NULL),(473,'C43431','Activity',NULL,1,'The state of being active; any specific activity.',150,NULL),(474,'false','false',NULL,0,'false',150,NULL),(475,'C25509','First',NULL,2,'Preceding all others in time or space or degree.',151,NULL),(476,'C25483','Dimension',NULL,1,'The magnitude of something in a particular direction, especially length or width or height.',151,NULL),(477,'1','1',NULL,0,'1',151,NULL),(478,'NCI','NCI',NULL,0,'NCI',152,NULL),(479,'C42559','Degree Celsius',NULL,2,'A unit of temperature of the temperature scale designed so that the freezing point of water is 0 degrees and the boiling point is 100 degrees at standard atmospheric pressure. The current official definition of the Celsius sets 0.01 C to be at the triple',153,NULL),(480,'C48156','Default',NULL,1,'An option that is selected automatically unless an alternative is specified.',153,NULL),(481,'1','1',NULL,0,'The property of a body or region of space that determines whether or not there will be a net flow of heat into it or out of it from a neighboring body or region and in which direction (if any) the heat will flow, perceptible by living organism as a somati',153,NULL),(482,'C25666','Second',NULL,2,'Coming next after the first in position in space or time or degree or magnitude.',154,NULL),(483,'C25483','Dimension',NULL,1,'The magnitude of something in a particular direction, especially length or width or height.',154,NULL),(484,'1','Label',NULL,0,'1',154,NULL),(485,'false','false',NULL,0,'false',155,NULL),(486,'Not Specified','Not Specified',NULL,0,'Not Specified',156,NULL),(487,'C45322','Storage Unit',NULL,1,'A physical structure or device capable of holding objects or samples.',146,NULL),(488,'BackColor=-1;BorderColor=-1;BorderWidth=-1;FontColor=-1;VSwimLanes=0;HSwimLanes=0;BorderStyle=0;','BackColor=-1;BorderColor=-1;BorderWidth=-1;FontColor=-1;VSwimLanes=0;HSwimLanes=0;BorderStyle=0;',NULL,0,'BackColor=-1;BorderColor=-1;BorderWidth=-1;FontColor=-1;VSwimLanes=0;HSwimLanes=0;BorderStyle=0;',146,NULL),(489,'C43431','Activity',NULL,1,'The state of being active; any specific activity.',159,NULL),(490,'false','false',NULL,0,'false',159,NULL),(491,'C25509','First',NULL,2,'Preceding all others in time or space or degree.',160,NULL),(492,'C25483','Dimension',NULL,1,'The magnitude of something in a particular direction, especially length or width or height.',160,NULL),(493,'1','1',NULL,0,'1',160,NULL),(494,'NCI','NCI',NULL,0,'NCI',161,NULL),(495,'C25666','Second',NULL,2,'Coming next after the first in position in space or time or degree or magnitude.',162,NULL),(496,'C25483','Dimension',NULL,1,'The magnitude of something in a particular direction, especially length or width or height.',162,NULL),(497,'1','Label',NULL,0,'1',162,NULL),(498,'C19157','Specimen',NULL,1,'A sample or part of a thing, or of several things, taken to demonstrate or to determine the character of the whole, e.g. a substance, or portion of material obtained for use in testing, examination, or study; particularly, a preparation of tissue or bodil',163,NULL),(499,'1','1',NULL,0,'1',163,NULL),(500,'false','false',NULL,0,'false',164,NULL),(501,'Not Specified','Not Specified',NULL,0,'Not Specified',165,NULL),(502,'C19157','Specimen',NULL,2,'A sample or part of a thing, or of several things, taken to demonstrate or to determine the character of the whole, e.g. a substance, or portion of material obtained for use in testing, examination, or study; particularly, a preparation of tissue or bodil',157,NULL),(503,'C26358','Array',NULL,1,'An orderly arrangement. (from the American Heritage Dictionary)',157,NULL),(504,'BackColor=-1;BorderColor=-1;BorderWidth=-1;FontColor=-1;VSwimLanes=0;HSwimLanes=0;BorderStyle=0;','BackColor=-1;BorderColor=-1;BorderWidth=-1;FontColor=-1;VSwimLanes=0;HSwimLanes=0;BorderStyle=0;',NULL,0,'BackColor=-1;BorderColor=-1;BorderWidth=-1;FontColor=-1;VSwimLanes=0;HSwimLanes=0;BorderStyle=0;',157,NULL),(505,'C25431','Begin',NULL,1,'Have a beginning, in a temporal, spatial, or evaluative sense; the point in space or time where something begins.',168,NULL),(506,'C25164','1',NULL,0,'1',168,NULL),(507,'{5B6F0523-ED49-4488-81AB-3E30D1025826}','{5B6F0523-ED49-4488-81AB-3E30D1025826}',NULL,0,'{5B6F0523-ED49-4488-81AB-3E30D1025826}',169,NULL),(508,'C43431','Activity',NULL,1,'The state of being active; any specific activity.',170,NULL),(509,'0','0',NULL,0,'0',170,NULL),(510,'C16741','Institutional Review Board',NULL,1,'An oversite group responsible for approving clinical trials protocols and monitoring adherence to established protocols.',171,NULL),(511,'0','0',NULL,0,'0',171,NULL),(512,'C25501','Expected',NULL,1,'Considered likely or probable; anticipated.',172,NULL),(513,'NCI','NCI',NULL,0,'NCI',172,NULL),(514,'C25249','Short',NULL,1,'Having little (physical) length or seeming to be limited in (temporal) duration.',173,NULL),(515,'45','45',NULL,0,'45',173,NULL),(516,'C25365','Description',NULL,1,'A statement or an account describing something. (Bartleby.com)',174,NULL),(517,'String','String',NULL,0,'String',174,NULL),(518,'C25496','End',NULL,1,'The point or place at which something terminates in time, space, or extent.',175,NULL),(519,'0','0',NULL,0,'0',175,NULL),(520,'Not Specified','Not Specified',NULL,0,'Not Specified',176,NULL),(521,'C19157','Specimen',NULL,1,'A sample or part of a thing, or of several things, taken to demonstrate or to determine the character of the whole, e.g. a substance, or portion of material obtained for use in testing, examination, or study; particularly, a preparation of tissue or bodil',166,NULL),(522,'BackColor=-1;BorderColor=-1;BorderWidth=-1;FontColor=-1;VSwimLanes=0;HSwimLanes=0;BorderStyle=0;','BackColor=-1;BorderColor=-1;BorderWidth=-1;FontColor=-1;VSwimLanes=0;HSwimLanes=0;BorderStyle=0;',NULL,0,'BackColor=-1;BorderColor=-1;BorderWidth=-1;FontColor=-1;VSwimLanes=0;HSwimLanes=0;BorderStyle=0;',166,NULL),(523,'Not Specified','Not Specified',NULL,0,'Not Specified',179,NULL),(524,'C25496','End',NULL,1,'The point or place at which something terminates in time, space, or extent.',180,NULL),(525,'0','0',NULL,0,'0',180,NULL),(526,'C25365','Description',NULL,1,'A statement or an account describing something. (Bartleby.com)',181,NULL),(527,'String','String',NULL,0,'String',181,NULL),(528,'C25249','Short',NULL,1,'Having little (physical) length or seeming to be limited in (temporal) duration.',182,NULL),(529,'45','45',NULL,0,'45',182,NULL),(530,'C25501','Expected',NULL,1,'Considered likely or probable; anticipated.',183,NULL),(531,'NCI','NCI',NULL,0,'NCI',183,NULL),(532,'C16741','Institutional Review Board',NULL,1,'An oversite group responsible for approving clinical trials protocols and monitoring adherence to established protocols.',184,NULL),(533,'0','0',NULL,0,'0',184,NULL),(534,'C25626','Present',NULL,2,'Being or existing in a specified place or at the specified time.',185,NULL),(535,'C25326','Whole',NULL,1,'Including all components without exception; being one unit or constituting the full amount or extent or duration; complete.',185,NULL),(536,'C19157','NCI',NULL,0,'A sample or part of a thing, or of several things, taken to demonstrate or to determine the character of the whole, e.g. a substance, or portion of material obtained for use in testing, examination, or study; particularly, a preparation of tissue or bodil',185,NULL),(537,'C43431','Activity',NULL,1,'The state of being active; any specific activity.',186,NULL),(538,'0','0',NULL,0,'0',186,NULL),(539,'{5B6F0523-ED49-4488-81AB-3E30D1025826}','{5B6F0523-ED49-4488-81AB-3E30D1025826}',NULL,0,'{5B6F0523-ED49-4488-81AB-3E30D1025826}',187,NULL),(540,'C25431','Begin',NULL,1,'Have a beginning, in a temporal, spatial, or evaluative sense; the point in space or time where something begins.',188,NULL),(541,'C25164','1',NULL,0,'1',188,NULL),(542,'C25453','Collection',NULL,1,'The act of gathering things together; having been brought together in one place.',177,NULL),(543,'BackColor=-1;BorderColor=-1;BorderWidth=-1;FontColor=-1;VSwimLanes=0;HSwimLanes=0;BorderStyle=0;','BackColor=-1;BorderColor=-1;BorderWidth=-1;FontColor=-1;VSwimLanes=0;HSwimLanes=0;BorderStyle=0;',NULL,0,'BackColor=-1;BorderColor=-1;BorderWidth=-1;FontColor=-1;VSwimLanes=0;HSwimLanes=0;BorderStyle=0;',177,NULL),(544,'C25431','Begin',NULL,1,'Have a beginning, in a temporal, spatial, or evaluative sense; the point in space or time where something begins.',194,NULL),(545,'C25164','1',NULL,0,'1',194,NULL),(546,'{5B6F0523-ED49-4488-81AB-3E30D1025826}','{5B6F0523-ED49-4488-81AB-3E30D1025826}',NULL,0,'{5B6F0523-ED49-4488-81AB-3E30D1025826}',195,NULL),(547,'C43431','Activity',NULL,1,'The state of being active; any specific activity.',196,NULL),(548,'0','0',NULL,0,'0',196,NULL),(549,'C16741','Institutional Review Board',NULL,1,'An oversite group responsible for approving clinical trials protocols and monitoring adherence to established protocols.',197,NULL),(550,'0','0',NULL,0,'0',197,NULL),(551,'C25501','Expected',NULL,1,'Considered likely or probable; anticipated.',198,NULL),(552,'NCI','NCI',NULL,0,'NCI',198,NULL),(553,'C25249','Short',NULL,1,'Having little (physical) length or seeming to be limited in (temporal) duration.',199,NULL),(554,'45','45',NULL,0,'45',199,NULL),(555,'Not Specified','Not Specified',NULL,0,'Not Specified',200,NULL),(556,'C25496','End',NULL,1,'The point or place at which something terminates in time, space, or extent.',201,NULL),(557,'0','0',NULL,0,'0',201,NULL),(558,'C25365','Description',NULL,1,'A statement or an account describing something. (Bartleby.com)',202,NULL),(559,'String','String',NULL,0,'String',202,NULL),(560,'C45273','Distribution',NULL,1,'The act of distributing or spreading or apportioning.',192,NULL),(561,'BackColor=-1;BorderColor=-1;BorderWidth=-1;FontColor=-1;VSwimLanes=0;HSwimLanes=0;BorderStyle=0;','BackColor=-1;BorderColor=-1;BorderWidth=-1;FontColor=-1;VSwimLanes=0;HSwimLanes=0;BorderStyle=0;',NULL,0,'BackColor=-1;BorderColor=-1;BorderWidth=-1;FontColor=-1;VSwimLanes=0;HSwimLanes=0;BorderStyle=0;',192,NULL),(562,'{9C217AB3-DF7B-4259-BF19-76A34E7178AF}','{9C217AB3-DF7B-4259-BF19-76A34E7178AF}',NULL,0,'{9C217AB3-DF7B-4259-BF19-76A34E7178AF}',204,NULL),(563,'Not Specified','Not Specified',NULL,0,'Not Specified',205,NULL),(564,'BackColor=-1;BorderColor=-1;BorderWidth=-1;FontColor=-1;VSwimLanes=0;HSwimLanes=0;BorderStyle=0;','BackColor=-1;BorderColor=-1;BorderWidth=-1;FontColor=-1;VSwimLanes=0;HSwimLanes=0;BorderStyle=0;',NULL,0,'BackColor=-1;BorderColor=-1;BorderWidth=-1;FontColor=-1;VSwimLanes=0;HSwimLanes=0;BorderStyle=0;',203,NULL),(565,'Not Specified','Not Specified',NULL,0,'Not Specified',207,NULL),(566,'BackColor=-1;BorderColor=-1;BorderWidth=-1;FontColor=-1;VSwimLanes=0;HSwimLanes=0;BorderStyle=0;','BackColor=-1;BorderColor=-1;BorderWidth=-1;FontColor=-1;VSwimLanes=0;HSwimLanes=0;BorderStyle=0;',NULL,0,'BackColor=-1;BorderColor=-1;BorderWidth=-1;FontColor=-1;VSwimLanes=0;HSwimLanes=0;BorderStyle=0;',206,NULL),(567,'1','1',NULL,0,'1',209,NULL),(568,'Not Specified','Not Specified',NULL,0,'Not Specified',210,NULL),(569,'C48152','Microgram',NULL,1,'A metric unit of mass equal to one millionth of a gram or one one thousandth of a milligram.',208,NULL),(570,'BackColor=-1;BorderColor=-1;BorderWidth=-1;FontColor=-1;VSwimLanes=0;HSwimLanes=0;BorderStyle=0;','BackColor=-1;BorderColor=-1;BorderWidth=-1;FontColor=-1;VSwimLanes=0;HSwimLanes=0;BorderStyle=0;',NULL,0,'BackColor=-1;BorderColor=-1;BorderWidth=-1;FontColor=-1;VSwimLanes=0;HSwimLanes=0;BorderStyle=0;',208,NULL),(571,'0','0',NULL,0,'0',212,NULL),(572,'Not Specified','Not Specified',NULL,0,'Not Specified',213,NULL),(573,'C48155','Gram',NULL,1,'A metric unit of mass equal to one one thousandth of a kilogram.',211,NULL),(574,'BackColor=-1;BorderColor=-1;BorderWidth=-1;FontColor=-1;VSwimLanes=0;HSwimLanes=0;BorderStyle=0;','BackColor=-1;BorderColor=-1;BorderWidth=-1;FontColor=-1;VSwimLanes=0;HSwimLanes=0;BorderStyle=0;',NULL,0,'BackColor=-1;BorderColor=-1;BorderWidth=-1;FontColor=-1;VSwimLanes=0;HSwimLanes=0;BorderStyle=0;',211,NULL),(575,'{2E358038-086A-40e5-8522-DF615DB72825}','{2E358038-086A-40e5-8522-DF615DB72825}',NULL,0,'{2E358038-086A-40e5-8522-DF615DB72825}',215,NULL),(576,'Not Specified','Not Specified',NULL,0,'Not Specified',216,NULL),(577,'C28254','Milliliter',NULL,1,'A metric unit of volume equal to one thousandth of a liter, 10E-6 cubic meter, or approximately to 0.061 023 7 cubic inch. A cubic centimeter is the CGS unit of volume.',214,NULL),(578,'BackColor=-1;BorderColor=-1;BorderWidth=-1;FontColor=-1;VSwimLanes=0;HSwimLanes=0;BorderStyle=0;','BackColor=-1;BorderColor=-1;BorderWidth=-1;FontColor=-1;VSwimLanes=0;HSwimLanes=0;BorderStyle=0;',NULL,0,'BackColor=-1;BorderColor=-1;BorderWidth=-1;FontColor=-1;VSwimLanes=0;HSwimLanes=0;BorderStyle=0;',214,NULL),(579,'false','false',NULL,0,'false',218,NULL),(580,'Not Specified','Not Specified',NULL,0,'Not Specified',219,NULL),(581,'C25463','Count',NULL,1,'To determine the number or amount of something; the result of this activity.',217,NULL),(582,'BackColor=-1;BorderColor=-1;BorderWidth=-1;FontColor=-1;VSwimLanes=0;HSwimLanes=0;BorderStyle=0;','BackColor=-1;BorderColor=-1;BorderWidth=-1;FontColor=-1;VSwimLanes=0;HSwimLanes=0;BorderStyle=0;',NULL,0,'BackColor=-1;BorderColor=-1;BorderWidth=-1;FontColor=-1;VSwimLanes=0;HSwimLanes=0;BorderStyle=0;',217,NULL),(583,'k12345','k12345',NULL,0,'k12345',NULL,331),(584,'k12345','k12345',NULL,0,'k12345',NULL,332),(585,'k12345','k12345',NULL,0,'k12345',NULL,333),(586,'k12345','k12345',NULL,0,'k12345',NULL,334),(587,'C12801','Tissue',NULL,1,'An aggregate of cells with similar or identical specialized characteristics, contributing to the performance of a specific function.  Tissues are parts of organs.  Representative examples include epithelium, lymphoid tissue, and connective tissue.',221,NULL),(588,'0','0',NULL,0,'0',221,NULL),(589,'k12345','k12345',NULL,0,'k12345',NULL,335),(590,'k12345','k12345',NULL,0,'k12345',NULL,336),(591,'k12345','k12345',NULL,0,'k12345',NULL,337),(592,'k12345','k12345',NULL,0,'k12345',NULL,338),(593,'k12345','k12345',NULL,0,'k12345',NULL,339),(594,'k12345','k12345',NULL,0,'k12345',NULL,340),(595,'k12345','k12345',NULL,0,'k12345',NULL,341),(596,'k12345','k12345',NULL,0,'k12345',NULL,342),(597,'k12345','k12345',NULL,0,'k12345',NULL,343),(598,'k12345','k12345',NULL,0,'k12345',NULL,344),(599,'k12345','k12345',NULL,0,'k12345',NULL,345),(600,'k12345','k12345',NULL,0,'k12345',NULL,346),(601,'k12345','k12345',NULL,0,'k12345',NULL,347),(602,'k12345','k12345',NULL,0,'k12345',NULL,348),(603,'k12345','k12345',NULL,0,'k12345',NULL,349),(604,'k12345','k12345',NULL,0,'k12345',NULL,350),(605,'k12345','k12345',NULL,0,'k12345',NULL,351),(606,'k12345','k12345',NULL,0,'k12345',NULL,352),(607,'k12345','k12345',NULL,0,'k12345',NULL,353),(608,'k12345','k12345',NULL,0,'k12345',NULL,354),(609,'k12345','k12345',NULL,0,'k12345',NULL,355),(610,'k12345','k12345',NULL,0,'k12345',NULL,356),(611,'k12345','k12345',NULL,0,'k12345',NULL,357),(612,'k12345','k12345',NULL,0,'k12345',NULL,358),(613,'k12345','k12345',NULL,0,'k12345',NULL,359),(614,'k12345','k12345',NULL,0,'k12345',NULL,360),(615,'k12345','k12345',NULL,0,'k12345',NULL,361),(616,'k12345','k12345',NULL,0,'k12345',NULL,362),(617,'k12345','k12345',NULL,0,'k12345',NULL,363),(618,'k12345','k12345',NULL,0,'k12345',NULL,364),(619,'k12345','k12345',NULL,0,'k12345',NULL,365),(620,'k12345','k12345',NULL,0,'k12345',NULL,366),(621,'k12345','k12345',NULL,0,'k12345',NULL,367),(622,'k12345','k12345',NULL,0,'k12345',NULL,368),(623,'k12345','k12345',NULL,0,'k12345',NULL,369),(624,'k12345','k12345',NULL,0,'k12345',NULL,370),(625,'k12345','k12345',NULL,0,'k12345',NULL,371),(626,'k12345','k12345',NULL,0,'k12345',NULL,372),(627,'k12345','k12345',NULL,0,'k12345',NULL,373),(628,'k12345','k12345',NULL,0,'k12345',NULL,374),(629,'k12345','k12345',NULL,0,'k12345',NULL,375),(630,'k12345','k12345',NULL,0,'k12345',NULL,376),(631,'k12345','k12345',NULL,0,'k12345',NULL,377),(632,'k12345','k12345',NULL,0,'k12345',NULL,378),(633,'k12345','k12345',NULL,0,'k12345',NULL,379),(634,'k12345','k12345',NULL,0,'k12345',NULL,380),(635,'k12345','k12345',NULL,0,'k12345',NULL,381),(636,'k12345','k12345',NULL,0,'k12345',NULL,382),(637,'k12345','k12345',NULL,0,'k12345',NULL,383),(638,'k12345','k12345',NULL,0,'k12345',NULL,384),(639,'k12345','k12345',NULL,0,'k12345',NULL,385),(640,'k12345','k12345',NULL,0,'k12345',NULL,386),(641,'k12345','k12345',NULL,0,'k12345',NULL,387),(642,'k12345','k12345',NULL,0,'k12345',NULL,388),(643,'k12345','k12345',NULL,0,'k12345',NULL,389),(644,'k12345','k12345',NULL,0,'k12345',NULL,390),(645,'k12345','k12345',NULL,0,'k12345',NULL,391),(646,'k12345','k12345',NULL,0,'k12345',NULL,392),(647,'k12345','k12345',NULL,0,'k12345',NULL,393),(648,'k12345','k12345',NULL,0,'k12345',NULL,394),(649,'k12345','k12345',NULL,0,'k12345',NULL,395),(650,'k12345','k12345',NULL,0,'k12345',NULL,396),(651,'k12345','k12345',NULL,0,'k12345',NULL,397),(652,'k12345','k12345',NULL,0,'k12345',NULL,398),(653,'k12345','k12345',NULL,0,'k12345',NULL,399),(654,'k12345','k12345',NULL,0,'k12345',NULL,400),(655,'k12345','k12345',NULL,0,'k12345',NULL,401),(656,'k12345','k12345',NULL,0,'k12345',NULL,402),(657,'k12345','k12345',NULL,0,'k12345',NULL,403),(658,'k12345','k12345',NULL,0,'k12345',NULL,404),(659,'k12345','k12345',NULL,0,'k12345',NULL,405),(660,'k12345','k12345',NULL,0,'k12345',NULL,406),(661,'k12345','k12345',NULL,0,'k12345',NULL,407),(662,'k12345','k12345',NULL,0,'k12345',NULL,408),(663,'k12345','k12345',NULL,0,'k12345',NULL,409),(664,'k12345','k12345',NULL,0,'k12345',NULL,410),(665,'k12345','k12345',NULL,0,'k12345',NULL,411),(666,'k12345','k12345',NULL,0,'k12345',NULL,412),(667,'k12345','k12345',NULL,0,'k12345',NULL,413),(668,'k12345','k12345',NULL,0,'k12345',NULL,414),(669,'k12345','k12345',NULL,0,'k12345',NULL,415),(670,'k12345','k12345',NULL,0,'k12345',NULL,416),(671,'k12345','k12345',NULL,0,'k12345',NULL,417),(672,'k12345','k12345',NULL,0,'k12345',NULL,418),(673,'k12345','k12345',NULL,0,'k12345',NULL,419),(674,'k12345','k12345',NULL,0,'k12345',NULL,420),(675,'k12345','k12345',NULL,0,'k12345',NULL,421),(676,'k12345','k12345',NULL,0,'k12345',NULL,422),(677,'k12345','k12345',NULL,0,'k12345',NULL,423),(678,'k12345','k12345',NULL,0,'k12345',NULL,424),(679,'k12345','k12345',NULL,0,'k12345',NULL,425),(680,'k12345','k12345',NULL,0,'k12345',NULL,426),(681,'k12345','k12345',NULL,0,'k12345',NULL,427),(682,'k12345','k12345',NULL,0,'k12345',NULL,428),(683,'k12345','k12345',NULL,0,'k12345',NULL,429),(684,'k12345','k12345',NULL,0,'k12345',NULL,430),(685,'k12345','k12345',NULL,0,'k12345',NULL,431),(686,'k12345','k12345',NULL,0,'k12345',NULL,432),(687,'k12345','k12345',NULL,0,'k12345',NULL,433),(688,'k12345','k12345',NULL,0,'k12345',NULL,434),(689,'k12345','k12345',NULL,0,'k12345',NULL,435),(690,'k12345','k12345',NULL,0,'k12345',NULL,436),(691,'k12345','k12345',NULL,0,'k12345',NULL,437),(692,'k12345','k12345',NULL,0,'k12345',NULL,438),(693,'k12345','k12345',NULL,0,'k12345',NULL,439),(694,'k12345','k12345',NULL,0,'k12345',NULL,440),(695,'k12345','k12345',NULL,0,'k12345',NULL,441),(696,'k12345','k12345',NULL,0,'k12345',NULL,442),(697,'k12345','k12345',NULL,0,'k12345',NULL,443),(698,'k12345','k12345',NULL,0,'k12345',NULL,444),(699,'k12345','k12345',NULL,0,'k12345',NULL,445),(700,'k12345','k12345',NULL,0,'k12345',NULL,446),(701,'k12345','k12345',NULL,0,'k12345',NULL,447),(702,'k12345','k12345',NULL,0,'k12345',NULL,448),(703,'k12345','k12345',NULL,0,'k12345',NULL,449),(704,'k12345','k12345',NULL,0,'k12345',NULL,450),(705,'k12345','k12345',NULL,0,'k12345',NULL,451),(706,'k12345','k12345',NULL,0,'k12345',NULL,452),(707,'k12345','k12345',NULL,0,'k12345',NULL,453),(708,'k12345','k12345',NULL,0,'k12345',NULL,454),(709,'k12345','k12345',NULL,0,'k12345',NULL,455),(710,'k12345','k12345',NULL,0,'k12345',NULL,456),(711,'k12345','k12345',NULL,0,'k12345',NULL,457),(712,'k12345','k12345',NULL,0,'k12345',NULL,458),(713,'k12345','k12345',NULL,0,'k12345',NULL,459),(714,'k12345','k12345',NULL,0,'k12345',NULL,460),(715,'k12345','k12345',NULL,0,'k12345',NULL,461),(716,'k12345','k12345',NULL,0,'k12345',NULL,462),(717,'k12345','k12345',NULL,0,'k12345',NULL,463),(718,'k12345','k12345',NULL,0,'k12345',NULL,464),(719,'k12345','k12345',NULL,0,'k12345',NULL,465),(720,'k12345','k12345',NULL,0,'k12345',NULL,466),(721,'k12345','k12345',NULL,0,'k12345',NULL,467),(722,'k12345','k12345',NULL,0,'k12345',NULL,468),(723,'k12345','k12345',NULL,0,'k12345',NULL,469),(724,'k12345','k12345',NULL,0,'k12345',NULL,470),(725,'k12345','k12345',NULL,0,'k12345',NULL,471),(726,'k12345','k12345',NULL,0,'k12345',NULL,472),(727,'k12345','k12345',NULL,0,'k12345',NULL,473),(728,'k12345','k12345',NULL,0,'k12345',NULL,474),(729,'k12345','k12345',NULL,0,'k12345',NULL,475),(730,'k12345','k12345',NULL,0,'k12345',NULL,476),(731,'k12345','k12345',NULL,0,'k12345',NULL,477),(732,'k12345','k12345',NULL,0,'k12345',NULL,478),(733,'k12345','k12345',NULL,0,'k12345',NULL,479),(734,'k12345','k12345',NULL,0,'k12345',NULL,480),(735,'k12345','k12345',NULL,0,'k12345',NULL,481),(736,'k12345','k12345',NULL,0,'k12345',NULL,482),(737,'k12345','k12345',NULL,0,'k12345',NULL,483),(738,'k12345','k12345',NULL,0,'k12345',NULL,484),(739,'k12345','k12345',NULL,0,'k12345',NULL,485),(740,'k12345','k12345',NULL,0,'k12345',NULL,486),(741,'k12345','k12345',NULL,0,'k12345',NULL,487),(742,'k12345','k12345',NULL,0,'k12345',NULL,488),(743,'k12345','k12345',NULL,0,'k12345',NULL,489),(744,'k12345','k12345',NULL,0,'k12345',NULL,490),(745,'k12345','k12345',NULL,0,'k12345',NULL,491),(746,'k12345','k12345',NULL,0,'k12345',NULL,492),(747,'k12345','k12345',NULL,0,'k12345',NULL,493),(748,'k12345','k12345',NULL,0,'k12345',NULL,494),(749,'k12345','k12345',NULL,0,'k12345',NULL,495),(750,'k12345','k12345',NULL,0,'k12345',NULL,496),(751,'k12345','k12345',NULL,0,'k12345',NULL,497),(752,'k12345','k12345',NULL,0,'k12345',NULL,498),(753,'k12345','k12345',NULL,0,'k12345',NULL,499),(754,'k12345','k12345',NULL,0,'k12345',NULL,500),(755,'k12345','k12345',NULL,0,'k12345',NULL,501),(756,'k12345','k12345',NULL,0,'k12345',NULL,502),(757,'k12345','k12345',NULL,0,'k12345',NULL,503),(758,'k12345','k12345',NULL,0,'k12345',NULL,504),(759,'k12345','k12345',NULL,0,'k12345',NULL,505),(760,'k12345','k12345',NULL,0,'k12345',NULL,506),(761,'k12345','k12345',NULL,0,'k12345',NULL,507),(762,'k12345','k12345',NULL,0,'k12345',NULL,508),(763,'k12345','k12345',NULL,0,'k12345',NULL,509),(764,'k12345','k12345',NULL,0,'k12345',NULL,510),(765,'k12345','k12345',NULL,0,'k12345',NULL,511),(766,'k12345','k12345',NULL,0,'k12345',NULL,512),(767,'k12345','k12345',NULL,0,'k12345',NULL,513),(768,'k12345','k12345',NULL,0,'k12345',NULL,514),(769,'k12345','k12345',NULL,0,'k12345',NULL,515),(770,'k12345','k12345',NULL,0,'k12345',NULL,516),(771,'k12345','k12345',NULL,0,'k12345',NULL,517),(772,'k12345','k12345',NULL,0,'k12345',NULL,518),(773,'k12345','k12345',NULL,0,'k12345',NULL,519),(774,'k12345','k12345',NULL,0,'k12345',NULL,520),(775,'k12345','k12345',NULL,0,'k12345',NULL,521),(776,'k12345','k12345',NULL,0,'k12345',NULL,522),(777,'k12345','k12345',NULL,0,'k12345',NULL,523),(778,'k12345','k12345',NULL,0,'k12345',NULL,524),(779,'k12345','k12345',NULL,0,'k12345',NULL,525),(780,'k12345','k12345',NULL,0,'k12345',NULL,526),(781,'k12345','k12345',NULL,0,'k12345',NULL,527),(782,'k12345','k12345',NULL,0,'k12345',NULL,528),(783,'k12345','k12345',NULL,0,'k12345',NULL,529),(784,'k12345','k12345',NULL,0,'k12345',NULL,530),(785,'k12345','k12345',NULL,0,'k12345',NULL,531),(786,'k12345','k12345',NULL,0,'k12345',NULL,532),(787,'k12345','k12345',NULL,0,'k12345',NULL,533),(788,'k12345','k12345',NULL,0,'k12345',NULL,534),(789,'k12345','k12345',NULL,0,'k12345',NULL,535),(790,'k12345','k12345',NULL,0,'k12345',NULL,536),(791,'k12345','k12345',NULL,0,'k12345',NULL,537),(792,'k12345','k12345',NULL,0,'k12345',NULL,538),(793,'k12345','k12345',NULL,0,'k12345',NULL,539),(794,'k12345','k12345',NULL,0,'k12345',NULL,540),(795,'k12345','k12345',NULL,0,'k12345',NULL,541),(796,'k12345','k12345',NULL,0,'k12345',NULL,542),(797,'k12345','k12345',NULL,0,'k12345',NULL,543),(798,'k12345','k12345',NULL,0,'k12345',NULL,544),(799,'k12345','k12345',NULL,0,'k12345',NULL,545),(800,'k12345','k12345',NULL,0,'k12345',NULL,546),(801,'k12345','k12345',NULL,0,'k12345',NULL,547),(802,'k12345','k12345',NULL,0,'k12345',NULL,548),(803,'k12345','k12345',NULL,0,'k12345',NULL,549),(804,'k12345','k12345',NULL,0,'k12345',NULL,550),(805,'k12345','k12345',NULL,0,'k12345',NULL,551),(806,'k12345','k12345',NULL,0,'k12345',NULL,552),(807,'k12345','k12345',NULL,0,'k12345',NULL,553),(808,'k12345','k12345',NULL,0,'k12345',NULL,554),(809,'k12345','k12345',NULL,0,'k12345',NULL,555),(810,'k12345','k12345',NULL,0,'k12345',NULL,556),(811,'k12345','k12345',NULL,0,'k12345',NULL,557),(812,'k12345','k12345',NULL,0,'k12345',NULL,558),(813,'k12345','k12345',NULL,0,'k12345',NULL,559),(814,'k12345','k12345',NULL,0,'k12345',NULL,560),(815,'k12345','k12345',NULL,0,'k12345',NULL,561),(816,'k12345','k12345',NULL,0,'k12345',NULL,562),(817,'k12345','k12345',NULL,0,'k12345',NULL,563),(818,'k12345','k12345',NULL,0,'k12345',NULL,564),(819,'k12345','k12345',NULL,0,'k12345',NULL,565),(820,'k12345','k12345',NULL,0,'k12345',NULL,566),(821,'k12345','k12345',NULL,0,'k12345',NULL,567),(822,'k12345','k12345',NULL,0,'k12345',NULL,568),(823,'k12345','k12345',NULL,0,'k12345',NULL,569),(824,'k12345','k12345',NULL,0,'k12345',NULL,570),(825,'k12345','k12345',NULL,0,'k12345',NULL,571),(826,'k12345','k12345',NULL,0,'k12345',NULL,572),(827,'k12345','k12345',NULL,0,'k12345',NULL,573),(828,'k12345','k12345',NULL,0,'k12345',NULL,574),(829,'k12345','k12345',NULL,0,'k12345',NULL,575),(830,'k12345','k12345',NULL,0,'k12345',NULL,576),(831,'k12345','k12345',NULL,0,'k12345',NULL,577),(832,'k12345','k12345',NULL,0,'k12345',NULL,578),(833,'k12345','k12345',NULL,0,'k12345',NULL,579),(834,'k12345','k12345',NULL,0,'k12345',NULL,580),(835,'k12345','k12345',NULL,0,'k12345',NULL,581),(836,'k12345','k12345',NULL,0,'k12345',NULL,582),(837,'k12345','k12345',NULL,0,'k12345',NULL,583),(838,'k12345','k12345',NULL,0,'k12345',NULL,584),(839,'k12345','k12345',NULL,0,'k12345',NULL,585),(840,'k12345','k12345',NULL,0,'k12345',NULL,586),(841,'k12345','k12345',NULL,0,'k12345',NULL,587),(842,'k12345','k12345',NULL,0,'k12345',NULL,588),(843,'k12345','k12345',NULL,0,'k12345',NULL,589),(844,'k12345','k12345',NULL,0,'k12345',NULL,590),(845,'k12345','k12345',NULL,0,'k12345',NULL,591),(846,'k12345','k12345',NULL,0,'k12345',NULL,592),(847,'k12345','k12345',NULL,0,'k12345',NULL,593),(848,'k12345','k12345',NULL,0,'k12345',NULL,594),(849,'k12345','k12345',NULL,0,'k12345',NULL,595),(850,'k12345','k12345',NULL,0,'k12345',NULL,596),(851,'k12345','k12345',NULL,0,'k12345',NULL,597),(852,'k12345','k12345',NULL,0,'k12345',NULL,598),(853,'k12345','k12345',NULL,0,'k12345',NULL,599),(854,'k12345','k12345',NULL,0,'k12345',NULL,600),(855,'k12345','k12345',NULL,0,'k12345',NULL,601),(856,'k12345','k12345',NULL,0,'k12345',NULL,602),(857,'k12345','k12345',NULL,0,'k12345',NULL,603),(858,'k12345','k12345',NULL,0,'k12345',NULL,604),(859,'k12345','k12345',NULL,0,'k12345',NULL,605),(860,'k12345','k12345',NULL,0,'k12345',NULL,606),(861,'k12345','k12345',NULL,0,'k12345',NULL,607),(862,'k12345','k12345',NULL,0,'k12345',NULL,608),(863,'k12345','k12345',NULL,0,'k12345',NULL,609),(864,'k12345','k12345',NULL,0,'k12345',NULL,610),(865,'k12345','k12345',NULL,0,'k12345',NULL,611),(866,'k12345','k12345',NULL,0,'k12345',NULL,612),(867,'k12345','k12345',NULL,0,'k12345',NULL,613),(868,'k12345','k12345',NULL,0,'k12345',NULL,614),(869,'k12345','k12345',NULL,0,'k12345',NULL,615),(870,'k12345','k12345',NULL,0,'k12345',NULL,616),(871,'k12345','k12345',NULL,0,'k12345',NULL,617),(872,'k12345','k12345',NULL,0,'k12345',NULL,618),(873,'k12345','k12345',NULL,0,'k12345',NULL,619),(874,'k12345','k12345',NULL,0,'k12345',NULL,620),(875,'k12345','k12345',NULL,0,'k12345',NULL,621),(876,'k12345','k12345',NULL,0,'k12345',NULL,622),(877,'k12345','k12345',NULL,0,'k12345',NULL,623),(878,'k12345','k12345',NULL,0,'k12345',NULL,624),(879,'k12345','k12345',NULL,0,'k12345',NULL,625),(880,'k12345','k12345',NULL,0,'k12345',NULL,626),(881,'k12345','k12345',NULL,0,'k12345',NULL,627),(882,'k12345','k12345',NULL,0,'k12345',NULL,628),(883,'k12345','k12345',NULL,0,'k12345',NULL,629),(884,'k12345','k12345',NULL,0,'k12345',NULL,630),(885,'k12345','k12345',NULL,0,'k12345',NULL,631),(886,'k12345','k12345',NULL,0,'k12345',NULL,632),(887,'k12345','k12345',NULL,0,'k12345',NULL,633),(888,'k12345','k12345',NULL,0,'k12345',NULL,634),(889,'k12345','k12345',NULL,0,'k12345',NULL,635),(890,'k12345','k12345',NULL,0,'k12345',NULL,636),(891,'k12345','k12345',NULL,0,'k12345',NULL,637),(892,'k12345','k12345',NULL,0,'k12345',NULL,638),(893,'k12345','k12345',NULL,0,'k12345',NULL,639),(894,'k12345','k12345',NULL,0,'k12345',NULL,640),(895,'k12345','k12345',NULL,0,'k12345',NULL,641),(896,'k12345','k12345',NULL,0,'k12345',NULL,642),(897,'k12345','k12345',NULL,0,'k12345',NULL,643),(898,'k12345','k12345',NULL,0,'k12345',NULL,644),(899,'k12345','k12345',NULL,0,'k12345',NULL,645),(900,'k12345','k12345',NULL,0,'k12345',NULL,646),(901,'k12345','k12345',NULL,0,'k12345',NULL,647),(902,'k12345','k12345',NULL,0,'k12345',NULL,648),(903,'k12345','k12345',NULL,0,'k12345',NULL,649),(904,'k12345','k12345',NULL,0,'k12345',NULL,650),(905,'k12345','k12345',NULL,0,'k12345',NULL,651),(906,'k12345','k12345',NULL,0,'k12345',NULL,652),(907,'k12345','k12345',NULL,0,'k12345',NULL,653),(908,'k12345','k12345',NULL,0,'k12345',NULL,654),(909,'k12345','k12345',NULL,0,'k12345',NULL,655),(910,'k12345','k12345',NULL,0,'k12345',NULL,656),(911,'k12345','k12345',NULL,0,'k12345',NULL,657),(912,'k12345','k12345',NULL,0,'k12345',NULL,658),(913,'k12345','k12345',NULL,0,'k12345',NULL,659),(914,'k12345','k12345',NULL,0,'k12345',NULL,660),(915,'k12345','k12345',NULL,0,'k12345',NULL,661),(916,'k12345','k12345',NULL,0,'k12345',NULL,662),(917,'k12345','k12345',NULL,0,'k12345',NULL,663),(918,'k12345','k12345',NULL,0,'k12345',NULL,664),(919,'k12345','k12345',NULL,0,'k12345',NULL,665),(920,'k12345','k12345',NULL,0,'k12345',NULL,666),(921,'k12345','k12345',NULL,0,'k12345',NULL,667),(922,'k12345','k12345',NULL,0,'k12345',NULL,668),(923,'k12345','k12345',NULL,0,'k12345',NULL,669),(924,'k12345','k12345',NULL,0,'k12345',NULL,670),(925,'k12345','k12345',NULL,0,'k12345',NULL,671),(926,'k12345','k12345',NULL,0,'k12345',NULL,672),(927,'k12345','k12345',NULL,0,'k12345',NULL,673),(928,'k12345','k12345',NULL,0,'k12345',NULL,674),(929,'k12345','k12345',NULL,0,'k12345',NULL,675),(930,'k12345','k12345',NULL,0,'k12345',NULL,676),(931,'k12345','k12345',NULL,0,'k12345',NULL,677),(932,'k12345','k12345',NULL,0,'k12345',NULL,678),(933,'k12345','k12345',NULL,0,'k12345',NULL,679),(934,'k12345','k12345',NULL,0,'k12345',NULL,680),(935,'k12345','k12345',NULL,0,'k12345',NULL,681),(936,'k12345','k12345',NULL,0,'k12345',NULL,682),(937,'k12345','k12345',NULL,0,'k12345',NULL,683),(938,'k12345','k12345',NULL,0,'k12345',NULL,684),(939,'k12345','k12345',NULL,0,'k12345',NULL,685),(940,'k12345','k12345',NULL,0,'k12345',NULL,686),(941,'k12345','k12345',NULL,0,'k12345',NULL,687),(942,'k12345','k12345',NULL,0,'k12345',NULL,688),(943,'k12345','k12345',NULL,0,'k12345',NULL,689),(944,'k12345','k12345',NULL,0,'k12345',NULL,690),(945,'k12345','k12345',NULL,0,'k12345',NULL,691),(946,'k12345','k12345',NULL,0,'k12345',NULL,692),(947,'k12345','k12345',NULL,0,'k12345',NULL,693),(948,'k12345','k12345',NULL,0,'k12345',NULL,694),(949,'k12345','k12345',NULL,0,'k12345',NULL,695),(950,'k12345','k12345',NULL,0,'k12345',NULL,696),(951,'k12345','k12345',NULL,0,'k12345',NULL,697),(952,'k12345','k12345',NULL,0,'k12345',NULL,698),(953,'k12345','k12345',NULL,0,'k12345',NULL,699),(954,'k12345','k12345',NULL,0,'k12345',NULL,700),(955,'k12345','k12345',NULL,0,'k12345',NULL,701),(956,'k12345','k12345',NULL,0,'k12345',NULL,702),(957,'k12345','k12345',NULL,0,'k12345',NULL,703),(958,'k12345','k12345',NULL,0,'k12345',NULL,704),(959,'k12345','k12345',NULL,0,'k12345',NULL,705),(960,'k12345','k12345',NULL,0,'k12345',NULL,706),(961,'k12345','k12345',NULL,0,'k12345',NULL,707),(962,'k12345','k12345',NULL,0,'k12345',NULL,708),(963,'k12345','k12345',NULL,0,'k12345',NULL,709),(964,'k12345','k12345',NULL,0,'k12345',NULL,710),(965,'k12345','k12345',NULL,0,'k12345',NULL,711),(966,'k12345','k12345',NULL,0,'k12345',NULL,712),(967,'k12345','k12345',NULL,0,'k12345',NULL,713),(968,'k12345','k12345',NULL,0,'k12345',NULL,714),(969,'k12345','k12345',NULL,0,'k12345',NULL,715),(970,'k12345','k12345',NULL,0,'k12345',NULL,716),(971,'k12345','k12345',NULL,0,'k12345',NULL,717),(972,'k12345','k12345',NULL,0,'k12345',NULL,718),(973,'k12345','k12345',NULL,0,'k12345',NULL,719),(974,'k12345','k12345',NULL,0,'k12345',NULL,720),(975,'k12345','k12345',NULL,0,'k12345',NULL,721),(976,'k12345','k12345',NULL,0,'k12345',NULL,722),(977,'k12345','k12345',NULL,0,'k12345',NULL,723),(978,'k12345','k12345',NULL,0,'k12345',NULL,724),(979,'k12345','k12345',NULL,0,'k12345',NULL,725),(980,'k12345','k12345',NULL,0,'k12345',NULL,726),(981,'k12345','k12345',NULL,0,'k12345',NULL,727),(982,'k12345','k12345',NULL,0,'k12345',NULL,728),(983,'k12345','k12345',NULL,0,'k12345',NULL,729),(984,'k12345','k12345',NULL,0,'k12345',NULL,730),(985,'k12345','k12345',NULL,0,'k12345',NULL,731),(986,'k12345','k12345',NULL,0,'k12345',NULL,732),(987,'k12345','k12345',NULL,0,'k12345',NULL,733),(988,'k12345','k12345',NULL,0,'k12345',NULL,734),(989,'k12345','k12345',NULL,0,'k12345',NULL,735),(990,'k12345','k12345',NULL,0,'k12345',NULL,736),(991,'k12345','k12345',NULL,0,'k12345',NULL,737),(992,'k12345','k12345',NULL,0,'k12345',NULL,738),(993,'k12345','k12345',NULL,0,'k12345',NULL,739),(994,'k12345','k12345',NULL,0,'k12345',NULL,740),(995,'k12345','k12345',NULL,0,'k12345',NULL,741),(996,'k12345','k12345',NULL,0,'k12345',NULL,742),(997,'k12345','k12345',NULL,0,'k12345',NULL,743),(998,'k12345','k12345',NULL,0,'k12345',NULL,744),(999,'C12801','Tissue',NULL,1,'An aggregate of cells with similar or identical specialized characteristics, contributing to the performance of a specific function.  Tissues are parts of organs.  Representative examples include epithelium, lymphoid tissue, and connective tissue.',222,NULL),(1000,'53','53',NULL,0,'53',222,NULL),(1001,'Not Specified','Not Specified',NULL,0,'Not Specified',223,NULL),(1002,'C19157','Specimen',NULL,1,'A sample or part of a thing, or of several things, taken to demonstrate or to determine the character of the whole, e.g. a substance, or portion of material obtained for use in testing, examination, or study; particularly, a preparation of tissue or bodil',220,NULL),(1003,'BackColor=-1;BorderColor=-1;BorderWidth=-1;FontColor=-1;VSwimLanes=0;HSwimLanes=0;BorderStyle=0;','BackColor=-1;BorderColor=-1;BorderWidth=-1;FontColor=-1;VSwimLanes=0;HSwimLanes=0;BorderStyle=0;',NULL,0,'BackColor=-1;BorderColor=-1;BorderWidth=-1;FontColor=-1;VSwimLanes=0;HSwimLanes=0;BorderStyle=0;',220,NULL),(1004,'Not Specified','Not Specified',NULL,0,'Not Specified',236,NULL),(1005,'C25666','Second',NULL,2,'Coming next after the first in position in space or time or degree or magnitude.',237,NULL),(1006,'C25483','Dimension',NULL,1,'The magnitude of something in a particular direction, especially length or width or height.',237,NULL),(1007,'0','0',NULL,0,'0',237,NULL),(1008,'volatile=0;','volatile=0;',NULL,0,'volatile=0;',238,NULL),(1009,'C18189','Pathology',NULL,2,'The medical science, and specialty practice, concerned with all aspects of disease, but with special reference to the essential nature, causes, and development of abnormal conditions, as well as the structural and functional changes that result from the d',239,NULL),(1010,'C61036','Finding',NULL,1,'The result of an examination or inquiry.',239,NULL),(1011,'Not Specified','Not Specified',NULL,0,'Not Specified',239,NULL),(1012,'{259271D1-6BC0-40cf-8B97-E60E08F424B7}','{259271D1-6BC0-40cf-8B97-E60E08F424B7}',NULL,0,'{259271D1-6BC0-40cf-8B97-E60E08F424B7}',240,NULL),(1013,'volatile=0;','volatile=0;',NULL,0,'volatile=0;',241,NULL),(1014,'0','0',NULL,0,'A machine-readable representation of information in a visual format on a surface.',242,NULL),(1015,'volatile=0;','volatile=0;',NULL,0,'volatile=0;',243,NULL),(1016,'k12345','k12345',NULL,0,'k12345',NULL,745),(1017,'k12345','k12345',NULL,0,'k12345',NULL,746),(1018,'k12345','k12345',NULL,0,'k12345',NULL,747),(1019,'k12345','k12345',NULL,0,'k12345',NULL,748),(1020,'k12345','k12345',NULL,0,'k12345',NULL,749),(1021,'k12345','k12345',NULL,0,'k12345',NULL,750),(1022,'k12345','k12345',NULL,0,'k12345',NULL,751),(1023,'k12345','k12345',NULL,0,'k12345',NULL,752),(1024,'k12345','k12345',NULL,0,'k12345',NULL,753),(1025,'k12345','k12345',NULL,0,'k12345',NULL,754),(1026,'1','1',NULL,0,'1',244,NULL),(1027,'5','Label',NULL,0,'5',245,NULL),(1028,'C43431','Activity',NULL,1,'The state of being active; any specific activity.',246,NULL),(1029,'C25688','1',NULL,0,'1',246,NULL),(1030,'0','0',NULL,0,'0',247,NULL),(1031,'316','316',NULL,0,'316',248,NULL),(1032,'C44256','Ratio',NULL,3,'The relative magnitudes of two quantities (usually expressed as a quotient).',249,NULL),(1033,'C48153','Microliter',NULL,2,'A metric unit of volume equal to one millionth of a liter or one one thousandth of a milliliter.',249,NULL),(1034,'C48152','Microgram',NULL,1,'A metric unit of mass equal to one millionth of a gram or one one thousandth of a milligram.',249,NULL),(1035,'788','788',NULL,0,'788',249,NULL),(1036,'C25509','First',NULL,2,'Preceding all others in time or space or degree.',250,NULL),(1037,'C25483','Dimension',NULL,1,'The magnitude of something in a particular direction, especially length or width or height.',250,NULL),(1038,'NCI','NCI',NULL,0,'NCI',250,NULL),(1039,'C25574','Molecular',NULL,1,'Relating to or produced by or consisting of molecules.',224,NULL),(1040,'BackColor=-1;BorderColor=-1;BorderWidth=-1;FontColor=-1;VSwimLanes=0;HSwimLanes=0;BorderStyle=0;','BackColor=-1;BorderColor=-1;BorderWidth=-1;FontColor=-1;VSwimLanes=0;HSwimLanes=0;BorderStyle=0;',NULL,0,'BackColor=-1;BorderColor=-1;BorderWidth=-1;FontColor=-1;VSwimLanes=0;HSwimLanes=0;BorderStyle=0;',224,NULL),(1041,'Not Specified','Not Specified',NULL,0,'Not Specified',272,NULL),(1042,'C25666','Second',NULL,2,'Coming next after the first in position in space or time or degree or magnitude.',273,NULL),(1043,'C25483','Dimension',NULL,1,'The magnitude of something in a particular direction, especially length or width or height.',273,NULL),(1044,'0','0',NULL,0,'0',273,NULL),(1045,'volatile=0;','volatile=0;',NULL,0,'volatile=0;',274,NULL),(1046,'C18189','Pathology',NULL,2,'The medical science, and specialty practice, concerned with all aspects of disease, but with special reference to the essential nature, causes, and development of abnormal conditions, as well as the structural and functional changes that result from the d',275,NULL),(1047,'C61036','Finding',NULL,1,'The result of an examination or inquiry.',275,NULL),(1048,'Not Specified','Not Specified',NULL,0,'Not Specified',275,NULL),(1049,'{259271D1-6BC0-40cf-8B97-E60E08F424B7}','{259271D1-6BC0-40cf-8B97-E60E08F424B7}',NULL,0,'{259271D1-6BC0-40cf-8B97-E60E08F424B7}',276,NULL),(1050,'volatile=0;','volatile=0;',NULL,0,'volatile=0;',277,NULL),(1051,'0','0',NULL,0,'A machine-readable representation of information in a visual format on a surface.',278,NULL),(1052,'volatile=0;','volatile=0;',NULL,0,'volatile=0;',279,NULL),(1053,'k12345','k12345',NULL,0,'k12345',NULL,755),(1054,'k12345','k12345',NULL,0,'k12345',NULL,756),(1055,'k12345','k12345',NULL,0,'k12345',NULL,757),(1056,'k12345','k12345',NULL,0,'k12345',NULL,758),(1057,'k12345','k12345',NULL,0,'k12345',NULL,759),(1058,'k12345','k12345',NULL,0,'k12345',NULL,760),(1059,'1','1',NULL,0,'1',280,NULL),(1060,'5','Label',NULL,0,'5',281,NULL),(1061,'C43431','Activity',NULL,1,'The state of being active; any specific activity.',282,NULL),(1062,'C25688','1',NULL,0,'1',282,NULL),(1063,'0','0',NULL,0,'0',283,NULL),(1064,'316','316',NULL,0,'316',284,NULL),(1065,'C25509','First',NULL,2,'Preceding all others in time or space or degree.',285,NULL),(1066,'C25483','Dimension',NULL,1,'The magnitude of something in a particular direction, especially length or width or height.',285,NULL),(1067,'NCI','NCI',NULL,0,'NCI',285,NULL),(1068,'C12508','Cell',NULL,1,'The smallest units of living structure capable of independent existence, composed of a membrane-enclosed mass of protoplasm and containing a nucleus or nucleoid. Cells are highly variable and specialized in both structure and function, though all must at',261,NULL),(1069,'BackColor=-1;BorderColor=-1;BorderWidth=-1;FontColor=-1;VSwimLanes=0;HSwimLanes=0;BorderStyle=0;','BackColor=-1;BorderColor=-1;BorderWidth=-1;FontColor=-1;VSwimLanes=0;HSwimLanes=0;BorderStyle=0;',NULL,0,'BackColor=-1;BorderColor=-1;BorderWidth=-1;FontColor=-1;VSwimLanes=0;HSwimLanes=0;BorderStyle=0;',261,NULL),(1070,'Not Specified','Not Specified',NULL,0,'Not Specified',308,NULL),(1071,'C25666','Second',NULL,2,'Coming next after the first in position in space or time or degree or magnitude.',309,NULL),(1072,'C25483','Dimension',NULL,1,'The magnitude of something in a particular direction, especially length or width or height.',309,NULL),(1073,'0','0',NULL,0,'0',309,NULL),(1074,'volatile=0;','volatile=0;',NULL,0,'volatile=0;',310,NULL),(1075,'C18189','Pathology',NULL,2,'The medical science, and specialty practice, concerned with all aspects of disease, but with special reference to the essential nature, causes, and development of abnormal conditions, as well as the structural and functional changes that result from the d',311,NULL),(1076,'C61036','Finding',NULL,1,'The result of an examination or inquiry.',311,NULL),(1077,'Not Specified','Not Specified',NULL,0,'Not Specified',311,NULL),(1078,'{259271D1-6BC0-40cf-8B97-E60E08F424B7}','{259271D1-6BC0-40cf-8B97-E60E08F424B7}',NULL,0,'{259271D1-6BC0-40cf-8B97-E60E08F424B7}',312,NULL),(1079,'volatile=0;','volatile=0;',NULL,0,'volatile=0;',313,NULL),(1080,'0','0',NULL,0,'A machine-readable representation of information in a visual format on a surface.',314,NULL),(1081,'volatile=0;','volatile=0;',NULL,0,'volatile=0;',315,NULL),(1082,'k12345','k12345',NULL,0,'k12345',NULL,761),(1083,'k12345','k12345',NULL,0,'k12345',NULL,762),(1084,'k12345','k12345',NULL,0,'k12345',NULL,763),(1085,'k12345','k12345',NULL,0,'k12345',NULL,764),(1086,'k12345','k12345',NULL,0,'k12345',NULL,765),(1087,'k12345','k12345',NULL,0,'k12345',NULL,766),(1088,'k12345','k12345',NULL,0,'k12345',NULL,767),(1089,'k12345','k12345',NULL,0,'k12345',NULL,768),(1090,'k12345','k12345',NULL,0,'k12345',NULL,769),(1091,'1','1',NULL,0,'1',316,NULL),(1092,'5','Label',NULL,0,'5',317,NULL),(1093,'C43431','Activity',NULL,1,'The state of being active; any specific activity.',318,NULL),(1094,'C25688','1',NULL,0,'1',318,NULL),(1095,'0','0',NULL,0,'0',319,NULL),(1096,'316','316',NULL,0,'316',320,NULL),(1097,'C25509','First',NULL,2,'Preceding all others in time or space or degree.',321,NULL),(1098,'C25483','Dimension',NULL,1,'The magnitude of something in a particular direction, especially length or width or height.',321,NULL),(1099,'NCI','NCI',NULL,0,'NCI',321,NULL),(1100,'C12801','Tissue',NULL,1,'An aggregate of cells with similar or identical specialized characteristics, contributing to the performance of a specific function.  Tissues are parts of organs.  Representative examples include epithelium, lymphoid tissue, and connective tissue.',297,NULL),(1101,'BackColor=-1;BorderColor=-1;BorderWidth=-1;FontColor=-1;VSwimLanes=0;HSwimLanes=0;BorderStyle=0;','BackColor=-1;BorderColor=-1;BorderWidth=-1;FontColor=-1;VSwimLanes=0;HSwimLanes=0;BorderStyle=0;',NULL,0,'BackColor=-1;BorderColor=-1;BorderWidth=-1;FontColor=-1;VSwimLanes=0;HSwimLanes=0;BorderStyle=0;',297,NULL),(1102,'Not Specified','Not Specified',NULL,0,'Not Specified',344,NULL),(1103,'C25666','Second',NULL,2,'Coming next after the first in position in space or time or degree or magnitude.',345,NULL),(1104,'C25483','Dimension',NULL,1,'The magnitude of something in a particular direction, especially length or width or height.',345,NULL),(1105,'0','0',NULL,0,'0',345,NULL),(1106,'volatile=0;','volatile=0;',NULL,0,'volatile=0;',346,NULL),(1107,'C18189','Pathology',NULL,2,'The medical science, and specialty practice, concerned with all aspects of disease, but with special reference to the essential nature, causes, and development of abnormal conditions, as well as the structural and functional changes that result from the d',347,NULL),(1108,'C61036','Finding',NULL,1,'The result of an examination or inquiry.',347,NULL),(1109,'Not Specified','Not Specified',NULL,0,'Not Specified',347,NULL),(1110,'{259271D1-6BC0-40cf-8B97-E60E08F424B7}','{259271D1-6BC0-40cf-8B97-E60E08F424B7}',NULL,0,'{259271D1-6BC0-40cf-8B97-E60E08F424B7}',348,NULL),(1111,'volatile=0;','volatile=0;',NULL,0,'volatile=0;',349,NULL),(1112,'0','0',NULL,0,'A machine-readable representation of information in a visual format on a surface.',350,NULL),(1113,'volatile=0;','volatile=0;',NULL,0,'volatile=0;',351,NULL),(1114,'k12345','k12345',NULL,0,'k12345',NULL,770),(1115,'k12345','k12345',NULL,0,'k12345',NULL,771),(1116,'k12345','k12345',NULL,0,'k12345',NULL,772),(1117,'k12345','k12345',NULL,0,'k12345',NULL,773),(1118,'k12345','k12345',NULL,0,'k12345',NULL,774),(1119,'k12345','k12345',NULL,0,'k12345',NULL,775),(1120,'k12345','k12345',NULL,0,'k12345',NULL,776),(1121,'k12345','k12345',NULL,0,'k12345',NULL,777),(1122,'k12345','k12345',NULL,0,'k12345',NULL,778),(1123,'k12345','k12345',NULL,0,'k12345',NULL,779),(1124,'k12345','k12345',NULL,0,'k12345',NULL,780),(1125,'k12345','k12345',NULL,0,'k12345',NULL,781),(1126,'k12345','k12345',NULL,0,'k12345',NULL,782),(1127,'k12345','k12345',NULL,0,'k12345',NULL,783),(1128,'k12345','k12345',NULL,0,'k12345',NULL,784),(1129,'k12345','k12345',NULL,0,'k12345',NULL,785),(1130,'k12345','k12345',NULL,0,'k12345',NULL,786),(1131,'k12345','k12345',NULL,0,'k12345',NULL,787),(1132,'k12345','k12345',NULL,0,'k12345',NULL,788),(1133,'k12345','k12345',NULL,0,'k12345',NULL,789),(1134,'k12345','k12345',NULL,0,'k12345',NULL,790),(1135,'1','1',NULL,0,'1',352,NULL),(1136,'5','Label',NULL,0,'5',353,NULL),(1137,'C43431','Activity',NULL,1,'The state of being active; any specific activity.',354,NULL),(1138,'C25688','1',NULL,0,'1',354,NULL),(1139,'0','0',NULL,0,'0',355,NULL),(1140,'316','316',NULL,0,'316',356,NULL),(1141,'C25509','First',NULL,2,'Preceding all others in time or space or degree.',357,NULL),(1142,'C25483','Dimension',NULL,1,'The magnitude of something in a particular direction, especially length or width or height.',357,NULL),(1143,'NCI','NCI',NULL,0,'NCI',357,NULL),(1144,'C25278','Fluid',NULL,1,'A continuous amorphous substance that tends to flow and to conform to the outline of its container (i.e., a liquid or a gas).  Also used as an adjective to describe something with properties like that of a fluid.',333,NULL),(1145,'BackColor=-1;BorderColor=-1;BorderWidth=-1;FontColor=-1;VSwimLanes=0;HSwimLanes=0;BorderStyle=0;','BackColor=-1;BorderColor=-1;BorderWidth=-1;FontColor=-1;VSwimLanes=0;HSwimLanes=0;BorderStyle=0;',NULL,0,'BackColor=-1;BorderColor=-1;BorderWidth=-1;FontColor=-1;VSwimLanes=0;HSwimLanes=0;BorderStyle=0;',333,NULL),(1146,'{E0D79268-A316-44c6-9D98-936E183AAC22}','{E0D79268-A316-44c6-9D98-936E183AAC22}',NULL,0,'{E0D79268-A316-44c6-9D98-936E183AAC22}',371,NULL),(1147,'Not Specified','Not Specified',NULL,0,'Not Specified',372,NULL),(1148,'BackColor=-1;BorderColor=-1;BorderWidth=-1;FontColor=-1;VSwimLanes=0;HSwimLanes=0;BorderStyle=0;','BackColor=-1;BorderColor=-1;BorderWidth=-1;FontColor=-1;VSwimLanes=0;HSwimLanes=0;BorderStyle=0;',NULL,0,'BackColor=-1;BorderColor=-1;BorderWidth=-1;FontColor=-1;VSwimLanes=0;HSwimLanes=0;BorderStyle=0;',369,NULL),(1149,'String','String',NULL,0,'String',375,NULL),(1150,'C25398','Clinical',NULL,1,'Relating to the examination and treatment of patients dependent on direct observation.  The term may also refer to the institution (clinic) providing this activity. (NCI)',376,NULL),(1151,'15','15',NULL,0,'15',376,NULL),(1152,'C43431','Activity',NULL,1,'The state of being active; any specific activity.',377,NULL),(1153,'{46EBD4EF-4942-4a82-B218-5C288FC7F630}','{46EBD4EF-4942-4a82-B218-5C288FC7F630}',NULL,0,'{46EBD4EF-4942-4a82-B218-5C288FC7F630}',377,NULL),(1154,'Not Specified','Not Specified',NULL,0,'Not Specified',378,NULL),(1155,'C19157','Specimen',NULL,2,'A sample or part of a thing, or of several things, taken to demonstrate or to determine the character of the whole, e.g. a substance, or portion of material obtained for use in testing, examination, or study; particularly, a preparation of tissue or bodil',373,NULL),(1156,'C25453','Collection',NULL,1,'The act of gathering things together; having been brought together in one place.',373,NULL),(1157,'BackColor=-1;BorderColor=-1;BorderWidth=-1;FontColor=-1;VSwimLanes=0;HSwimLanes=0;BorderStyle=0;','BackColor=-1;BorderColor=-1;BorderWidth=-1;FontColor=-1;VSwimLanes=0;HSwimLanes=0;BorderStyle=0;',NULL,0,'BackColor=-1;BorderColor=-1;BorderWidth=-1;FontColor=-1;VSwimLanes=0;HSwimLanes=0;BorderStyle=0;',373,NULL),(1158,'k12345','k12345',NULL,0,'k12345',NULL,791),(1159,'k12345','k12345',NULL,0,'k12345',NULL,792),(1160,'k12345','k12345',NULL,0,'k12345',NULL,793),(1161,'k12345','k12345',NULL,0,'k12345',NULL,794),(1162,'k12345','k12345',NULL,0,'k12345',NULL,795),(1163,'k12345','k12345',NULL,0,'k12345',NULL,796),(1164,'k12345','k12345',NULL,0,'k12345',NULL,797),(1165,'k12345','k12345',NULL,0,'k12345',NULL,798),(1166,'k12345','k12345',NULL,0,'k12345',NULL,799),(1167,'k12345','k12345',NULL,0,'k12345',NULL,800),(1168,'k12345','k12345',NULL,0,'k12345',NULL,801),(1169,'k12345','k12345',NULL,0,'k12345',NULL,802),(1170,'k12345','k12345',NULL,0,'k12345',NULL,803),(1171,'k12345','k12345',NULL,0,'k12345',NULL,804),(1172,'k12345','k12345',NULL,0,'k12345',NULL,805),(1173,'k12345','k12345',NULL,0,'k12345',NULL,806),(1174,'k12345','k12345',NULL,0,'k12345',NULL,807),(1175,'k12345','k12345',NULL,0,'k12345',NULL,808),(1176,'k12345','k12345',NULL,0,'k12345',NULL,809),(1177,'k12345','k12345',NULL,0,'k12345',NULL,810),(1178,'k12345','k12345',NULL,0,'k12345',NULL,811),(1179,'k12345','k12345',NULL,0,'k12345',NULL,812),(1180,'k12345','k12345',NULL,0,'k12345',NULL,813),(1181,'k12345','k12345',NULL,0,'k12345',NULL,814),(1182,'k12345','k12345',NULL,0,'k12345',NULL,815),(1183,'k12345','k12345',NULL,0,'k12345',NULL,816),(1184,'k12345','k12345',NULL,0,'k12345',NULL,817),(1185,'k12345','k12345',NULL,0,'k12345',NULL,818),(1186,'k12345','k12345',NULL,0,'k12345',NULL,819),(1187,'k12345','k12345',NULL,0,'k12345',NULL,820),(1188,'k12345','k12345',NULL,0,'k12345',NULL,821),(1189,'k12345','k12345',NULL,0,'k12345',NULL,822),(1190,'k12345','k12345',NULL,0,'k12345',NULL,823),(1191,'k12345','k12345',NULL,0,'k12345',NULL,824),(1192,'k12345','k12345',NULL,0,'k12345',NULL,825),(1193,'k12345','k12345',NULL,0,'k12345',NULL,826),(1194,'k12345','k12345',NULL,0,'k12345',NULL,827),(1195,'k12345','k12345',NULL,0,'k12345',NULL,828),(1196,'k12345','k12345',NULL,0,'k12345',NULL,829),(1197,'k12345','k12345',NULL,0,'k12345',NULL,830),(1198,'k12345','k12345',NULL,0,'k12345',NULL,831),(1199,'k12345','k12345',NULL,0,'k12345',NULL,832),(1200,'k12345','k12345',NULL,0,'k12345',NULL,833),(1201,'k12345','k12345',NULL,0,'k12345',NULL,834),(1202,'k12345','k12345',NULL,0,'k12345',NULL,835),(1203,'k12345','k12345',NULL,0,'k12345',NULL,836),(1204,'k12345','k12345',NULL,0,'k12345',NULL,837),(1205,'k12345','k12345',NULL,0,'k12345',NULL,838),(1206,'k12345','k12345',NULL,0,'k12345',NULL,839),(1207,'k12345','k12345',NULL,0,'k12345',NULL,840),(1208,'k12345','k12345',NULL,0,'k12345',NULL,841),(1209,'k12345','k12345',NULL,0,'k12345',NULL,842),(1210,'k12345','k12345',NULL,0,'k12345',NULL,843),(1211,'k12345','k12345',NULL,0,'k12345',NULL,844),(1212,'k12345','k12345',NULL,0,'k12345',NULL,845),(1213,'k12345','k12345',NULL,0,'k12345',NULL,846),(1214,'k12345','k12345',NULL,0,'k12345',NULL,847),(1215,'k12345','k12345',NULL,0,'k12345',NULL,848),(1216,'k12345','k12345',NULL,0,'k12345',NULL,849),(1217,'k12345','k12345',NULL,0,'k12345',NULL,850),(1218,'k12345','k12345',NULL,0,'k12345',NULL,851),(1219,'k12345','k12345',NULL,0,'k12345',NULL,852),(1220,'k12345','k12345',NULL,0,'k12345',NULL,853),(1221,'k12345','k12345',NULL,0,'k12345',NULL,854),(1222,'k12345','k12345',NULL,0,'k12345',NULL,855),(1223,'k12345','k12345',NULL,0,'k12345',NULL,856),(1224,'k12345','k12345',NULL,0,'k12345',NULL,857),(1225,'k12345','k12345',NULL,0,'k12345',NULL,858),(1226,'k12345','k12345',NULL,0,'k12345',NULL,859),(1227,'k12345','k12345',NULL,0,'k12345',NULL,860),(1228,'k12345','k12345',NULL,0,'k12345',NULL,861),(1229,'k12345','k12345',NULL,0,'k12345',NULL,862),(1230,'k12345','k12345',NULL,0,'k12345',NULL,863),(1231,'k12345','k12345',NULL,0,'k12345',NULL,864),(1232,'k12345','k12345',NULL,0,'k12345',NULL,865),(1233,'k12345','k12345',NULL,0,'k12345',NULL,866),(1234,'k12345','k12345',NULL,0,'k12345',NULL,867),(1235,'k12345','k12345',NULL,0,'k12345',NULL,868),(1236,'k12345','k12345',NULL,0,'k12345',NULL,869),(1237,'k12345','k12345',NULL,0,'k12345',NULL,870),(1238,'k12345','k12345',NULL,0,'k12345',NULL,871),(1239,'k12345','k12345',NULL,0,'k12345',NULL,872),(1240,'k12345','k12345',NULL,0,'k12345',NULL,873),(1241,'k12345','k12345',NULL,0,'k12345',NULL,874),(1242,'k12345','k12345',NULL,0,'k12345',NULL,875),(1243,'k12345','k12345',NULL,0,'k12345',NULL,876),(1244,'k12345','k12345',NULL,0,'k12345',NULL,877),(1245,'k12345','k12345',NULL,0,'k12345',NULL,878),(1246,'k12345','k12345',NULL,0,'k12345',NULL,879),(1247,'k12345','k12345',NULL,0,'k12345',NULL,880),(1248,'k12345','k12345',NULL,0,'k12345',NULL,881),(1249,'k12345','k12345',NULL,0,'k12345',NULL,882),(1250,'k12345','k12345',NULL,0,'k12345',NULL,883),(1251,'k12345','k12345',NULL,0,'k12345',NULL,884),(1252,'k12345','k12345',NULL,0,'k12345',NULL,885),(1253,'k12345','k12345',NULL,0,'k12345',NULL,886),(1254,'k12345','k12345',NULL,0,'k12345',NULL,887),(1255,'k12345','k12345',NULL,0,'k12345',NULL,888),(1256,'k12345','k12345',NULL,0,'k12345',NULL,889),(1257,'k12345','k12345',NULL,0,'k12345',NULL,890),(1258,'k12345','k12345',NULL,0,'k12345',NULL,891),(1259,'k12345','k12345',NULL,0,'k12345',NULL,892),(1260,'k12345','k12345',NULL,0,'k12345',NULL,893),(1261,'k12345','k12345',NULL,0,'k12345',NULL,894),(1262,'k12345','k12345',NULL,0,'k12345',NULL,895),(1263,'k12345','k12345',NULL,0,'k12345',NULL,896),(1264,'k12345','k12345',NULL,0,'k12345',NULL,897),(1265,'k12345','k12345',NULL,0,'k12345',NULL,898),(1266,'k12345','k12345',NULL,0,'k12345',NULL,899),(1267,'k12345','k12345',NULL,0,'k12345',NULL,900),(1268,'k12345','k12345',NULL,0,'k12345',NULL,901),(1269,'k12345','k12345',NULL,0,'k12345',NULL,902),(1270,'k12345','k12345',NULL,0,'k12345',NULL,903),(1271,'k12345','k12345',NULL,0,'k12345',NULL,904),(1272,'k12345','k12345',NULL,0,'k12345',NULL,905),(1273,'k12345','k12345',NULL,0,'k12345',NULL,906),(1274,'k12345','k12345',NULL,0,'k12345',NULL,907),(1275,'k12345','k12345',NULL,0,'k12345',NULL,908),(1276,'k12345','k12345',NULL,0,'k12345',NULL,909),(1277,'k12345','k12345',NULL,0,'k12345',NULL,910),(1278,'k12345','k12345',NULL,0,'k12345',NULL,911),(1279,'k12345','k12345',NULL,0,'k12345',NULL,912),(1280,'k12345','k12345',NULL,0,'k12345',NULL,913),(1281,'k12345','k12345',NULL,0,'k12345',NULL,914),(1282,'k12345','k12345',NULL,0,'k12345',NULL,915),(1283,'k12345','k12345',NULL,0,'k12345',NULL,916),(1284,'k12345','k12345',NULL,0,'k12345',NULL,917),(1285,'k12345','k12345',NULL,0,'k12345',NULL,918),(1286,'k12345','k12345',NULL,0,'k12345',NULL,919),(1287,'k12345','k12345',NULL,0,'k12345',NULL,920),(1288,'k12345','k12345',NULL,0,'k12345',NULL,921),(1289,'k12345','k12345',NULL,0,'k12345',NULL,922),(1290,'k12345','k12345',NULL,0,'k12345',NULL,923),(1291,'k12345','k12345',NULL,0,'k12345',NULL,924),(1292,'k12345','k12345',NULL,0,'k12345',NULL,925),(1293,'k12345','k12345',NULL,0,'k12345',NULL,926),(1294,'k12345','k12345',NULL,0,'k12345',NULL,927),(1295,'k12345','k12345',NULL,0,'k12345',NULL,928),(1296,'k12345','k12345',NULL,0,'k12345',NULL,929),(1297,'k12345','k12345',NULL,0,'k12345',NULL,930),(1298,'k12345','k12345',NULL,0,'k12345',NULL,931),(1299,'k12345','k12345',NULL,0,'k12345',NULL,932),(1300,'k12345','k12345',NULL,0,'k12345',NULL,933),(1301,'k12345','k12345',NULL,0,'k12345',NULL,934),(1302,'k12345','k12345',NULL,0,'k12345',NULL,935),(1303,'k12345','k12345',NULL,0,'k12345',NULL,936),(1304,'k12345','k12345',NULL,0,'k12345',NULL,937),(1305,'k12345','k12345',NULL,0,'k12345',NULL,938),(1306,'k12345','k12345',NULL,0,'k12345',NULL,939),(1307,'k12345','k12345',NULL,0,'k12345',NULL,940),(1308,'k12345','k12345',NULL,0,'k12345',NULL,941),(1309,'k12345','k12345',NULL,0,'k12345',NULL,942),(1310,'k12345','k12345',NULL,0,'k12345',NULL,943),(1311,'k12345','k12345',NULL,0,'k12345',NULL,944),(1312,'k12345','k12345',NULL,0,'k12345',NULL,945),(1313,'k12345','k12345',NULL,0,'k12345',NULL,946),(1314,'k12345','k12345',NULL,0,'k12345',NULL,947),(1315,'k12345','k12345',NULL,0,'k12345',NULL,948),(1316,'k12345','k12345',NULL,0,'k12345',NULL,949),(1317,'k12345','k12345',NULL,0,'k12345',NULL,950),(1318,'k12345','k12345',NULL,0,'k12345',NULL,951),(1319,'k12345','k12345',NULL,0,'k12345',NULL,952),(1320,'k12345','k12345',NULL,0,'k12345',NULL,953),(1321,'k12345','k12345',NULL,0,'k12345',NULL,954),(1322,'k12345','k12345',NULL,0,'k12345',NULL,955),(1323,'k12345','k12345',NULL,0,'k12345',NULL,956),(1324,'k12345','k12345',NULL,0,'k12345',NULL,957),(1325,'k12345','k12345',NULL,0,'k12345',NULL,958),(1326,'k12345','k12345',NULL,0,'k12345',NULL,959),(1327,'k12345','k12345',NULL,0,'k12345',NULL,960),(1328,'k12345','k12345',NULL,0,'k12345',NULL,961),(1329,'k12345','k12345',NULL,0,'k12345',NULL,962),(1330,'k12345','k12345',NULL,0,'k12345',NULL,963),(1331,'k12345','k12345',NULL,0,'k12345',NULL,964),(1332,'k12345','k12345',NULL,0,'k12345',NULL,965),(1333,'k12345','k12345',NULL,0,'k12345',NULL,966),(1334,'k12345','k12345',NULL,0,'k12345',NULL,967),(1335,'k12345','k12345',NULL,0,'k12345',NULL,968),(1336,'k12345','k12345',NULL,0,'k12345',NULL,969),(1337,'k12345','k12345',NULL,0,'k12345',NULL,970),(1338,'k12345','k12345',NULL,0,'k12345',NULL,971),(1339,'k12345','k12345',NULL,0,'k12345',NULL,972),(1340,'k12345','k12345',NULL,0,'k12345',NULL,973),(1341,'k12345','k12345',NULL,0,'k12345',NULL,974),(1342,'k12345','k12345',NULL,0,'k12345',NULL,975),(1343,'k12345','k12345',NULL,0,'k12345',NULL,976),(1344,'k12345','k12345',NULL,0,'k12345',NULL,977),(1345,'k12345','k12345',NULL,0,'k12345',NULL,978),(1346,'k12345','k12345',NULL,0,'k12345',NULL,979),(1347,'k12345','k12345',NULL,0,'k12345',NULL,980),(1348,'k12345','k12345',NULL,0,'k12345',NULL,981),(1349,'k12345','k12345',NULL,0,'k12345',NULL,982),(1350,'k12345','k12345',NULL,0,'k12345',NULL,983),(1351,'k12345','k12345',NULL,0,'k12345',NULL,984),(1352,'k12345','k12345',NULL,0,'k12345',NULL,985),(1353,'k12345','k12345',NULL,0,'k12345',NULL,986),(1354,'k12345','k12345',NULL,0,'k12345',NULL,987),(1355,'k12345','k12345',NULL,0,'k12345',NULL,988),(1356,'k12345','k12345',NULL,0,'k12345',NULL,989),(1357,'k12345','k12345',NULL,0,'k12345',NULL,990),(1358,'k12345','k12345',NULL,0,'k12345',NULL,991),(1359,'k12345','k12345',NULL,0,'k12345',NULL,992),(1360,'k12345','k12345',NULL,0,'k12345',NULL,993),(1361,'k12345','k12345',NULL,0,'k12345',NULL,994),(1362,'k12345','k12345',NULL,0,'k12345',NULL,995),(1363,'k12345','k12345',NULL,0,'k12345',NULL,996),(1364,'k12345','k12345',NULL,0,'k12345',NULL,997),(1365,'k12345','k12345',NULL,0,'k12345',NULL,998),(1366,'k12345','k12345',NULL,0,'k12345',NULL,999),(1367,'k12345','k12345',NULL,0,'k12345',NULL,1000),(1368,'k12345','k12345',NULL,0,'k12345',NULL,1001),(1369,'k12345','k12345',NULL,0,'k12345',NULL,1002),(1370,'k12345','k12345',NULL,0,'k12345',NULL,1003),(1371,'k12345','k12345',NULL,0,'k12345',NULL,1004),(1372,'k12345','k12345',NULL,0,'k12345',NULL,1005),(1373,'k12345','k12345',NULL,0,'k12345',NULL,1006),(1374,'k12345','k12345',NULL,0,'k12345',NULL,1007),(1375,'k12345','k12345',NULL,0,'k12345',NULL,1008),(1376,'k12345','k12345',NULL,0,'k12345',NULL,1009),(1377,'k12345','k12345',NULL,0,'k12345',NULL,1010),(1378,'k12345','k12345',NULL,0,'k12345',NULL,1011),(1379,'k12345','k12345',NULL,0,'k12345',NULL,1012),(1380,'k12345','k12345',NULL,0,'k12345',NULL,1013),(1381,'k12345','k12345',NULL,0,'k12345',NULL,1014),(1382,'k12345','k12345',NULL,0,'k12345',NULL,1015),(1383,'k12345','k12345',NULL,0,'k12345',NULL,1016),(1384,'k12345','k12345',NULL,0,'k12345',NULL,1017),(1385,'k12345','k12345',NULL,0,'k12345',NULL,1018),(1386,'k12345','k12345',NULL,0,'k12345',NULL,1019),(1387,'k12345','k12345',NULL,0,'k12345',NULL,1020),(1388,'k12345','k12345',NULL,0,'k12345',NULL,1021),(1389,'k12345','k12345',NULL,0,'k12345',NULL,1022),(1390,'k12345','k12345',NULL,0,'k12345',NULL,1023),(1391,'k12345','k12345',NULL,0,'k12345',NULL,1024),(1392,'k12345','k12345',NULL,0,'k12345',NULL,1025),(1393,'k12345','k12345',NULL,0,'k12345',NULL,1026),(1394,'k12345','k12345',NULL,0,'k12345',NULL,1027),(1395,'k12345','k12345',NULL,0,'k12345',NULL,1028),(1396,'k12345','k12345',NULL,0,'k12345',NULL,1029),(1397,'k12345','k12345',NULL,0,'k12345',NULL,1030),(1398,'k12345','k12345',NULL,0,'k12345',NULL,1031),(1399,'k12345','k12345',NULL,0,'k12345',NULL,1032),(1400,'k12345','k12345',NULL,0,'k12345',NULL,1033),(1401,'k12345','k12345',NULL,0,'k12345',NULL,1034),(1402,'k12345','k12345',NULL,0,'k12345',NULL,1035),(1403,'k12345','k12345',NULL,0,'k12345',NULL,1036),(1404,'k12345','k12345',NULL,0,'k12345',NULL,1037),(1405,'k12345','k12345',NULL,0,'k12345',NULL,1038),(1406,'k12345','k12345',NULL,0,'k12345',NULL,1039),(1407,'k12345','k12345',NULL,0,'k12345',NULL,1040),(1408,'k12345','k12345',NULL,0,'k12345',NULL,1041),(1409,'k12345','k12345',NULL,0,'k12345',NULL,1042),(1410,'k12345','k12345',NULL,0,'k12345',NULL,1043),(1411,'k12345','k12345',NULL,0,'k12345',NULL,1044),(1412,'k12345','k12345',NULL,0,'k12345',NULL,1045),(1413,'k12345','k12345',NULL,0,'k12345',NULL,1046),(1414,'k12345','k12345',NULL,0,'k12345',NULL,1047),(1415,'k12345','k12345',NULL,0,'k12345',NULL,1048),(1416,'k12345','k12345',NULL,0,'k12345',NULL,1049),(1417,'k12345','k12345',NULL,0,'k12345',NULL,1050),(1418,'k12345','k12345',NULL,0,'k12345',NULL,1051),(1419,'k12345','k12345',NULL,0,'k12345',NULL,1052),(1420,'k12345','k12345',NULL,0,'k12345',NULL,1053),(1421,'k12345','k12345',NULL,0,'k12345',NULL,1054),(1422,'k12345','k12345',NULL,0,'k12345',NULL,1055),(1423,'k12345','k12345',NULL,0,'k12345',NULL,1056),(1424,'k12345','k12345',NULL,0,'k12345',NULL,1057),(1425,'k12345','k12345',NULL,0,'k12345',NULL,1058),(1426,'k12345','k12345',NULL,0,'k12345',NULL,1059),(1427,'k12345','k12345',NULL,0,'k12345',NULL,1060),(1428,'k12345','k12345',NULL,0,'k12345',NULL,1061),(1429,'k12345','k12345',NULL,0,'k12345',NULL,1062),(1430,'k12345','k12345',NULL,0,'k12345',NULL,1063),(1431,'k12345','k12345',NULL,0,'k12345',NULL,1064),(1432,'k12345','k12345',NULL,0,'k12345',NULL,1065),(1433,'k12345','k12345',NULL,0,'k12345',NULL,1066),(1434,'k12345','k12345',NULL,0,'k12345',NULL,1067),(1435,'k12345','k12345',NULL,0,'k12345',NULL,1068),(1436,'k12345','k12345',NULL,0,'k12345',NULL,1069),(1437,'k12345','k12345',NULL,0,'k12345',NULL,1070),(1438,'k12345','k12345',NULL,0,'k12345',NULL,1071),(1439,'k12345','k12345',NULL,0,'k12345',NULL,1072),(1440,'k12345','k12345',NULL,0,'k12345',NULL,1073),(1441,'k12345','k12345',NULL,0,'k12345',NULL,1074),(1442,'k12345','k12345',NULL,0,'k12345',NULL,1075),(1443,'k12345','k12345',NULL,0,'k12345',NULL,1076),(1444,'k12345','k12345',NULL,0,'k12345',NULL,1077),(1445,'k12345','k12345',NULL,0,'k12345',NULL,1078),(1446,'k12345','k12345',NULL,0,'k12345',NULL,1079),(1447,'k12345','k12345',NULL,0,'k12345',NULL,1080),(1448,'k12345','k12345',NULL,0,'k12345',NULL,1081),(1449,'k12345','k12345',NULL,0,'k12345',NULL,1082),(1450,'k12345','k12345',NULL,0,'k12345',NULL,1083),(1451,'k12345','k12345',NULL,0,'k12345',NULL,1084),(1452,'k12345','k12345',NULL,0,'k12345',NULL,1085),(1453,'k12345','k12345',NULL,0,'k12345',NULL,1086),(1454,'k12345','k12345',NULL,0,'k12345',NULL,1087),(1455,'k12345','k12345',NULL,0,'k12345',NULL,1088),(1456,'k12345','k12345',NULL,0,'k12345',NULL,1089),(1457,'k12345','k12345',NULL,0,'k12345',NULL,1090),(1458,'k12345','k12345',NULL,0,'k12345',NULL,1091),(1459,'k12345','k12345',NULL,0,'k12345',NULL,1092),(1460,'k12345','k12345',NULL,0,'k12345',NULL,1093),(1461,'k12345','k12345',NULL,0,'k12345',NULL,1094),(1462,'k12345','k12345',NULL,0,'k12345',NULL,1095),(1463,'k12345','k12345',NULL,0,'k12345',NULL,1096),(1464,'k12345','k12345',NULL,0,'k12345',NULL,1097),(1465,'k12345','k12345',NULL,0,'k12345',NULL,1098),(1466,'k12345','k12345',NULL,0,'k12345',NULL,1099),(1467,'k12345','k12345',NULL,0,'k12345',NULL,1100),(1468,'k12345','k12345',NULL,0,'k12345',NULL,1101),(1469,'k12345','k12345',NULL,0,'k12345',NULL,1102),(1470,'k12345','k12345',NULL,0,'k12345',NULL,1103),(1471,'k12345','k12345',NULL,0,'k12345',NULL,1104),(1472,'k12345','k12345',NULL,0,'k12345',NULL,1105),(1473,'k12345','k12345',NULL,0,'k12345',NULL,1106),(1474,'k12345','k12345',NULL,0,'k12345',NULL,1107),(1475,'k12345','k12345',NULL,0,'k12345',NULL,1108),(1476,'k12345','k12345',NULL,0,'k12345',NULL,1109),(1477,'k12345','k12345',NULL,0,'k12345',NULL,1110),(1478,'k12345','k12345',NULL,0,'k12345',NULL,1111),(1479,'k12345','k12345',NULL,0,'k12345',NULL,1112),(1480,'k12345','k12345',NULL,0,'k12345',NULL,1113),(1481,'k12345','k12345',NULL,0,'k12345',NULL,1114),(1482,'k12345','k12345',NULL,0,'k12345',NULL,1115),(1483,'k12345','k12345',NULL,0,'k12345',NULL,1116),(1484,'k12345','k12345',NULL,0,'k12345',NULL,1117),(1485,'k12345','k12345',NULL,0,'k12345',NULL,1118),(1486,'k12345','k12345',NULL,0,'k12345',NULL,1119),(1487,'k12345','k12345',NULL,0,'k12345',NULL,1120),(1488,'k12345','k12345',NULL,0,'k12345',NULL,1121),(1489,'k12345','k12345',NULL,0,'k12345',NULL,1122),(1490,'k12345','k12345',NULL,0,'k12345',NULL,1123),(1491,'k12345','k12345',NULL,0,'k12345',NULL,1124),(1492,'k12345','k12345',NULL,0,'k12345',NULL,1125),(1493,'k12345','k12345',NULL,0,'k12345',NULL,1126),(1494,'k12345','k12345',NULL,0,'k12345',NULL,1127),(1495,'k12345','k12345',NULL,0,'k12345',NULL,1128),(1496,'k12345','k12345',NULL,0,'k12345',NULL,1129),(1497,'k12345','k12345',NULL,0,'k12345',NULL,1130),(1498,'k12345','k12345',NULL,0,'k12345',NULL,1131),(1499,'k12345','k12345',NULL,0,'k12345',NULL,1132),(1500,'k12345','k12345',NULL,0,'k12345',NULL,1133),(1501,'k12345','k12345',NULL,0,'k12345',NULL,1134),(1502,'k12345','k12345',NULL,0,'k12345',NULL,1135),(1503,'k12345','k12345',NULL,0,'k12345',NULL,1136),(1504,'k12345','k12345',NULL,0,'k12345',NULL,1137),(1505,'k12345','k12345',NULL,0,'k12345',NULL,1138),(1506,'k12345','k12345',NULL,0,'k12345',NULL,1139),(1507,'k12345','k12345',NULL,0,'k12345',NULL,1140),(1508,'k12345','k12345',NULL,0,'k12345',NULL,1141),(1509,'k12345','k12345',NULL,0,'k12345',NULL,1142),(1510,'k12345','k12345',NULL,0,'k12345',NULL,1143),(1511,'k12345','k12345',NULL,0,'k12345',NULL,1144),(1512,'k12345','k12345',NULL,0,'k12345',NULL,1145),(1513,'k12345','k12345',NULL,0,'k12345',NULL,1146),(1514,'k12345','k12345',NULL,0,'k12345',NULL,1147),(1515,'k12345','k12345',NULL,0,'k12345',NULL,1148),(1516,'k12345','k12345',NULL,0,'k12345',NULL,1149),(1517,'k12345','k12345',NULL,0,'k12345',NULL,1150),(1518,'k12345','k12345',NULL,0,'k12345',NULL,1151),(1519,'k12345','k12345',NULL,0,'k12345',NULL,1152),(1520,'k12345','k12345',NULL,0,'k12345',NULL,1153),(1521,'k12345','k12345',NULL,0,'k12345',NULL,1154),(1522,'k12345','k12345',NULL,0,'k12345',NULL,1155),(1523,'k12345','k12345',NULL,0,'k12345',NULL,1156),(1524,'k12345','k12345',NULL,0,'k12345',NULL,1157),(1525,'k12345','k12345',NULL,0,'k12345',NULL,1158),(1526,'k12345','k12345',NULL,0,'k12345',NULL,1159),(1527,'k12345','k12345',NULL,0,'k12345',NULL,1160),(1528,'k12345','k12345',NULL,0,'k12345',NULL,1161),(1529,'k12345','k12345',NULL,0,'k12345',NULL,1162),(1530,'k12345','k12345',NULL,0,'k12345',NULL,1163),(1531,'k12345','k12345',NULL,0,'k12345',NULL,1164),(1532,'k12345','k12345',NULL,0,'k12345',NULL,1165),(1533,'k12345','k12345',NULL,0,'k12345',NULL,1166),(1534,'k12345','k12345',NULL,0,'k12345',NULL,1167),(1535,'k12345','k12345',NULL,0,'k12345',NULL,1168),(1536,'k12345','k12345',NULL,0,'k12345',NULL,1169),(1537,'k12345','k12345',NULL,0,'k12345',NULL,1170),(1538,'k12345','k12345',NULL,0,'k12345',NULL,1171),(1539,'k12345','k12345',NULL,0,'k12345',NULL,1172),(1540,'k12345','k12345',NULL,0,'k12345',NULL,1173),(1541,'k12345','k12345',NULL,0,'k12345',NULL,1174),(1542,'k12345','k12345',NULL,0,'k12345',NULL,1175),(1543,'k12345','k12345',NULL,0,'k12345',NULL,1176),(1544,'k12345','k12345',NULL,0,'k12345',NULL,1177),(1545,'k12345','k12345',NULL,0,'k12345',NULL,1178),(1546,'k12345','k12345',NULL,0,'k12345',NULL,1179),(1547,'k12345','k12345',NULL,0,'k12345',NULL,1180),(1548,'k12345','k12345',NULL,0,'k12345',NULL,1181),(1549,'k12345','k12345',NULL,0,'k12345',NULL,1182),(1550,'k12345','k12345',NULL,0,'k12345',NULL,1183),(1551,'k12345','k12345',NULL,0,'k12345',NULL,1184),(1552,'k12345','k12345',NULL,0,'k12345',NULL,1185),(1553,'k12345','k12345',NULL,0,'k12345',NULL,1186),(1554,'k12345','k12345',NULL,0,'k12345',NULL,1187),(1555,'k12345','k12345',NULL,0,'k12345',NULL,1188),(1556,'k12345','k12345',NULL,0,'k12345',NULL,1189),(1557,'k12345','k12345',NULL,0,'k12345',NULL,1190),(1558,'k12345','k12345',NULL,0,'k12345',NULL,1191),(1559,'k12345','k12345',NULL,0,'k12345',NULL,1192),(1560,'k12345','k12345',NULL,0,'k12345',NULL,1193),(1561,'k12345','k12345',NULL,0,'k12345',NULL,1194),(1562,'k12345','k12345',NULL,0,'k12345',NULL,1195),(1563,'k12345','k12345',NULL,0,'k12345',NULL,1196),(1564,'k12345','k12345',NULL,0,'k12345',NULL,1197),(1565,'k12345','k12345',NULL,0,'k12345',NULL,1198),(1566,'k12345','k12345',NULL,0,'k12345',NULL,1199),(1567,'k12345','k12345',NULL,0,'k12345',NULL,1200),(1568,'k12345','k12345',NULL,0,'k12345',NULL,1201),(1569,'k12345','k12345',NULL,0,'k12345',NULL,1202),(1570,'k12345','k12345',NULL,0,'k12345',NULL,1203),(1571,'k12345','k12345',NULL,0,'k12345',NULL,1204),(1572,'k12345','k12345',NULL,0,'k12345',NULL,1205),(1573,'k12345','k12345',NULL,0,'k12345',NULL,1206),(1574,'k12345','k12345',NULL,0,'k12345',NULL,1207),(1575,'k12345','k12345',NULL,0,'k12345',NULL,1208),(1576,'k12345','k12345',NULL,0,'k12345',NULL,1209),(1577,'k12345','k12345',NULL,0,'k12345',NULL,1210),(1578,'k12345','k12345',NULL,0,'k12345',NULL,1211),(1579,'k12345','k12345',NULL,0,'k12345',NULL,1212),(1580,'k12345','k12345',NULL,0,'k12345',NULL,1213),(1581,'k12345','k12345',NULL,0,'k12345',NULL,1214),(1582,'k12345','k12345',NULL,0,'k12345',NULL,1215),(1583,'k12345','k12345',NULL,0,'k12345',NULL,1216),(1584,'k12345','k12345',NULL,0,'k12345',NULL,1217),(1585,'k12345','k12345',NULL,0,'k12345',NULL,1218),(1586,'k12345','k12345',NULL,0,'k12345',NULL,1219),(1587,'k12345','k12345',NULL,0,'k12345',NULL,1220),(1588,'k12345','k12345',NULL,0,'k12345',NULL,1221),(1589,'k12345','k12345',NULL,0,'k12345',NULL,1222),(1590,'k12345','k12345',NULL,0,'k12345',NULL,1223),(1591,'k12345','k12345',NULL,0,'k12345',NULL,1224),(1592,'k12345','k12345',NULL,0,'k12345',NULL,1225),(1593,'k12345','k12345',NULL,0,'k12345',NULL,1226),(1594,'k12345','k12345',NULL,0,'k12345',NULL,1227),(1595,'k12345','k12345',NULL,0,'k12345',NULL,1228),(1596,'k12345','k12345',NULL,0,'k12345',NULL,1229),(1597,'k12345','k12345',NULL,0,'k12345',NULL,1230),(1598,'k12345','k12345',NULL,0,'k12345',NULL,1231),(1599,'k12345','k12345',NULL,0,'k12345',NULL,1232),(1600,'k12345','k12345',NULL,0,'k12345',NULL,1233),(1601,'k12345','k12345',NULL,0,'k12345',NULL,1234),(1602,'k12345','k12345',NULL,0,'k12345',NULL,1235),(1603,'k12345','k12345',NULL,0,'k12345',NULL,1236),(1604,'k12345','k12345',NULL,0,'k12345',NULL,1237),(1605,'k12345','k12345',NULL,0,'k12345',NULL,1238),(1606,'k12345','k12345',NULL,0,'k12345',NULL,1239),(1607,'k12345','k12345',NULL,0,'k12345',NULL,1240),(1608,'k12345','k12345',NULL,0,'k12345',NULL,1241),(1609,'k12345','k12345',NULL,0,'k12345',NULL,1242),(1610,'k12345','k12345',NULL,0,'k12345',NULL,1243),(1611,'k12345','k12345',NULL,0,'k12345',NULL,1244),(1612,'k12345','k12345',NULL,0,'k12345',NULL,1245),(1613,'k12345','k12345',NULL,0,'k12345',NULL,1246),(1614,'k12345','k12345',NULL,0,'k12345',NULL,1247),(1615,'k12345','k12345',NULL,0,'k12345',NULL,1248),(1616,'k12345','k12345',NULL,0,'k12345',NULL,1249),(1617,'k12345','k12345',NULL,0,'k12345',NULL,1250),(1618,'k12345','k12345',NULL,0,'k12345',NULL,1251),(1619,'k12345','k12345',NULL,0,'k12345',NULL,1252),(1620,'k12345','k12345',NULL,0,'k12345',NULL,1253),(1621,'k12345','k12345',NULL,0,'k12345',NULL,1254),(1622,'k12345','k12345',NULL,0,'k12345',NULL,1255),(1623,'k12345','k12345',NULL,0,'k12345',NULL,1256),(1624,'k12345','k12345',NULL,0,'k12345',NULL,1257),(1625,'k12345','k12345',NULL,0,'k12345',NULL,1258),(1626,'k12345','k12345',NULL,0,'k12345',NULL,1259),(1627,'k12345','k12345',NULL,0,'k12345',NULL,1260),(1628,'k12345','k12345',NULL,0,'k12345',NULL,1261),(1629,'k12345','k12345',NULL,0,'k12345',NULL,1262),(1630,'k12345','k12345',NULL,0,'k12345',NULL,1263),(1631,'k12345','k12345',NULL,0,'k12345',NULL,1264),(1632,'k12345','k12345',NULL,0,'k12345',NULL,1265),(1633,'k12345','k12345',NULL,0,'k12345',NULL,1266),(1634,'k12345','k12345',NULL,0,'k12345',NULL,1267),(1635,'k12345','k12345',NULL,0,'k12345',NULL,1268),(1636,'k12345','k12345',NULL,0,'k12345',NULL,1269),(1637,'k12345','k12345',NULL,0,'k12345',NULL,1270),(1638,'k12345','k12345',NULL,0,'k12345',NULL,1271),(1639,'k12345','k12345',NULL,0,'k12345',NULL,1272),(1640,'k12345','k12345',NULL,0,'k12345',NULL,1273),(1641,'k12345','k12345',NULL,0,'k12345',NULL,1274),(1642,'k12345','k12345',NULL,0,'k12345',NULL,1275),(1643,'k12345','k12345',NULL,0,'k12345',NULL,1276),(1644,'k12345','k12345',NULL,0,'k12345',NULL,1277),(1645,'k12345','k12345',NULL,0,'k12345',NULL,1278),(1646,'k12345','k12345',NULL,0,'k12345',NULL,1279),(1647,'k12345','k12345',NULL,0,'k12345',NULL,1280),(1648,'k12345','k12345',NULL,0,'k12345',NULL,1281),(1649,'k12345','k12345',NULL,0,'k12345',NULL,1282),(1650,'k12345','k12345',NULL,0,'k12345',NULL,1283),(1651,'k12345','k12345',NULL,0,'k12345',NULL,1284),(1652,'k12345','k12345',NULL,0,'k12345',NULL,1285),(1653,'k12345','k12345',NULL,0,'k12345',NULL,1286),(1654,'k12345','k12345',NULL,0,'k12345',NULL,1287),(1655,'k12345','k12345',NULL,0,'k12345',NULL,1288),(1656,'k12345','k12345',NULL,0,'k12345',NULL,1289),(1657,'k12345','k12345',NULL,0,'k12345',NULL,1290),(1658,'k12345','k12345',NULL,0,'k12345',NULL,1291),(1659,'k12345','k12345',NULL,0,'k12345',NULL,1292),(1660,'k12345','k12345',NULL,0,'k12345',NULL,1293),(1661,'k12345','k12345',NULL,0,'k12345',NULL,1294),(1662,'k12345','k12345',NULL,0,'k12345',NULL,1295),(1663,'k12345','k12345',NULL,0,'k12345',NULL,1296),(1664,'k12345','k12345',NULL,0,'k12345',NULL,1297),(1665,'k12345','k12345',NULL,0,'k12345',NULL,1298),(1666,'k12345','k12345',NULL,0,'k12345',NULL,1299),(1667,'k12345','k12345',NULL,0,'k12345',NULL,1300),(1668,'k12345','k12345',NULL,0,'k12345',NULL,1301),(1669,'k12345','k12345',NULL,0,'k12345',NULL,1302),(1670,'k12345','k12345',NULL,0,'k12345',NULL,1303),(1671,'k12345','k12345',NULL,0,'k12345',NULL,1304),(1672,'k12345','k12345',NULL,0,'k12345',NULL,1305),(1673,'k12345','k12345',NULL,0,'k12345',NULL,1306),(1674,'k12345','k12345',NULL,0,'k12345',NULL,1307),(1675,'k12345','k12345',NULL,0,'k12345',NULL,1308),(1676,'k12345','k12345',NULL,0,'k12345',NULL,1309),(1677,'k12345','k12345',NULL,0,'k12345',NULL,1310),(1678,'k12345','k12345',NULL,0,'k12345',NULL,1311),(1679,'k12345','k12345',NULL,0,'k12345',NULL,1312),(1680,'k12345','k12345',NULL,0,'k12345',NULL,1313),(1681,'k12345','k12345',NULL,0,'k12345',NULL,1314),(1682,'k12345','k12345',NULL,0,'k12345',NULL,1315),(1683,'k12345','k12345',NULL,0,'k12345',NULL,1316),(1684,'k12345','k12345',NULL,0,'k12345',NULL,1317),(1685,'k12345','k12345',NULL,0,'k12345',NULL,1318),(1686,'k12345','k12345',NULL,0,'k12345',NULL,1319),(1687,'k12345','k12345',NULL,0,'k12345',NULL,1320),(1688,'k12345','k12345',NULL,0,'k12345',NULL,1321),(1689,'k12345','k12345',NULL,0,'k12345',NULL,1322),(1690,'k12345','k12345',NULL,0,'k12345',NULL,1323),(1691,'k12345','k12345',NULL,0,'k12345',NULL,1324),(1692,'k12345','k12345',NULL,0,'k12345',NULL,1325),(1693,'k12345','k12345',NULL,0,'k12345',NULL,1326),(1694,'k12345','k12345',NULL,0,'k12345',NULL,1327),(1695,'k12345','k12345',NULL,0,'k12345',NULL,1328),(1696,'k12345','k12345',NULL,0,'k12345',NULL,1329),(1697,'k12345','k12345',NULL,0,'k12345',NULL,1330),(1698,'k12345','k12345',NULL,0,'k12345',NULL,1331),(1699,'k12345','k12345',NULL,0,'k12345',NULL,1332),(1700,'k12345','k12345',NULL,0,'k12345',NULL,1333),(1701,'k12345','k12345',NULL,0,'k12345',NULL,1334),(1702,'k12345','k12345',NULL,0,'k12345',NULL,1335),(1703,'k12345','k12345',NULL,0,'k12345',NULL,1336),(1704,'k12345','k12345',NULL,0,'k12345',NULL,1337),(1705,'k12345','k12345',NULL,0,'k12345',NULL,1338),(1706,'k12345','k12345',NULL,0,'k12345',NULL,1339),(1707,'k12345','k12345',NULL,0,'k12345',NULL,1340),(1708,'k12345','k12345',NULL,0,'k12345',NULL,1341),(1709,'k12345','k12345',NULL,0,'k12345',NULL,1342),(1710,'k12345','k12345',NULL,0,'k12345',NULL,1343),(1711,'k12345','k12345',NULL,0,'k12345',NULL,1344),(1712,'k12345','k12345',NULL,0,'k12345',NULL,1345),(1713,'k12345','k12345',NULL,0,'k12345',NULL,1346),(1714,'k12345','k12345',NULL,0,'k12345',NULL,1347),(1715,'k12345','k12345',NULL,0,'k12345',NULL,1348),(1716,'k12345','k12345',NULL,0,'k12345',NULL,1349),(1717,'k12345','k12345',NULL,0,'k12345',NULL,1350),(1718,'k12345','k12345',NULL,0,'k12345',NULL,1351),(1719,'k12345','k12345',NULL,0,'k12345',NULL,1352),(1720,'k12345','k12345',NULL,0,'k12345',NULL,1353),(1721,'k12345','k12345',NULL,0,'k12345',NULL,1354),(1722,'k12345','k12345',NULL,0,'k12345',NULL,1355),(1723,'k12345','k12345',NULL,0,'k12345',NULL,1356),(1724,'k12345','k12345',NULL,0,'k12345',NULL,1357),(1725,'k12345','k12345',NULL,0,'k12345',NULL,1358),(1726,'k12345','k12345',NULL,0,'k12345',NULL,1359),(1727,'k12345','k12345',NULL,0,'k12345',NULL,1360),(1728,'k12345','k12345',NULL,0,'k12345',NULL,1361),(1729,'k12345','k12345',NULL,0,'k12345',NULL,1362),(1730,'k12345','k12345',NULL,0,'k12345',NULL,1363),(1731,'k12345','k12345',NULL,0,'k12345',NULL,1364),(1732,'k12345','k12345',NULL,0,'k12345',NULL,1365),(1733,'k12345','k12345',NULL,0,'k12345',NULL,1366),(1734,'k12345','k12345',NULL,0,'k12345',NULL,1367),(1735,'k12345','k12345',NULL,0,'k12345',NULL,1368),(1736,'k12345','k12345',NULL,0,'k12345',NULL,1369),(1737,'k12345','k12345',NULL,0,'k12345',NULL,1370),(1738,'k12345','k12345',NULL,0,'k12345',NULL,1371),(1739,'k12345','k12345',NULL,0,'k12345',NULL,1372),(1740,'k12345','k12345',NULL,0,'k12345',NULL,1373),(1741,'k12345','k12345',NULL,0,'k12345',NULL,1374),(1742,'k12345','k12345',NULL,0,'k12345',NULL,1375),(1743,'k12345','k12345',NULL,0,'k12345',NULL,1376),(1744,'k12345','k12345',NULL,0,'k12345',NULL,1377),(1745,'k12345','k12345',NULL,0,'k12345',NULL,1378),(1746,'k12345','k12345',NULL,0,'k12345',NULL,1379),(1747,'k12345','k12345',NULL,0,'k12345',NULL,1380),(1748,'k12345','k12345',NULL,0,'k12345',NULL,1381),(1749,'k12345','k12345',NULL,0,'k12345',NULL,1382),(1750,'k12345','k12345',NULL,0,'k12345',NULL,1383),(1751,'k12345','k12345',NULL,0,'k12345',NULL,1384),(1752,'k12345','k12345',NULL,0,'k12345',NULL,1385),(1753,'k12345','k12345',NULL,0,'k12345',NULL,1386),(1754,'k12345','k12345',NULL,0,'k12345',NULL,1387),(1755,'k12345','k12345',NULL,0,'k12345',NULL,1388),(1756,'k12345','k12345',NULL,0,'k12345',NULL,1389),(1757,'k12345','k12345',NULL,0,'k12345',NULL,1390),(1758,'k12345','k12345',NULL,0,'k12345',NULL,1391),(1759,'k12345','k12345',NULL,0,'k12345',NULL,1392),(1760,'k12345','k12345',NULL,0,'k12345',NULL,1393),(1761,'k12345','k12345',NULL,0,'k12345',NULL,1394),(1762,'k12345','k12345',NULL,0,'k12345',NULL,1395),(1763,'k12345','k12345',NULL,0,'k12345',NULL,1396),(1764,'k12345','k12345',NULL,0,'k12345',NULL,1397),(1765,'k12345','k12345',NULL,0,'k12345',NULL,1398),(1766,'k12345','k12345',NULL,0,'k12345',NULL,1399),(1767,'k12345','k12345',NULL,0,'k12345',NULL,1400),(1768,'k12345','k12345',NULL,0,'k12345',NULL,1401),(1769,'k12345','k12345',NULL,0,'k12345',NULL,1402),(1770,'k12345','k12345',NULL,0,'k12345',NULL,1403),(1771,'k12345','k12345',NULL,0,'k12345',NULL,1404),(1772,'k12345','k12345',NULL,0,'k12345',NULL,1405),(1773,'k12345','k12345',NULL,0,'k12345',NULL,1406),(1774,'k12345','k12345',NULL,0,'k12345',NULL,1407),(1775,'k12345','k12345',NULL,0,'k12345',NULL,1408),(1776,'k12345','k12345',NULL,0,'k12345',NULL,1409),(1777,'k12345','k12345',NULL,0,'k12345',NULL,1410),(1778,'k12345','k12345',NULL,0,'k12345',NULL,1411),(1779,'k12345','k12345',NULL,0,'k12345',NULL,1412),(1780,'k12345','k12345',NULL,0,'k12345',NULL,1413),(1781,'k12345','k12345',NULL,0,'k12345',NULL,1414),(1782,'k12345','k12345',NULL,0,'k12345',NULL,1415),(1783,'k12345','k12345',NULL,0,'k12345',NULL,1416),(1784,'k12345','k12345',NULL,0,'k12345',NULL,1417),(1785,'k12345','k12345',NULL,0,'k12345',NULL,1418),(1786,'k12345','k12345',NULL,0,'k12345',NULL,1419),(1787,'k12345','k12345',NULL,0,'k12345',NULL,1420),(1788,'k12345','k12345',NULL,0,'k12345',NULL,1421),(1789,'k12345','k12345',NULL,0,'k12345',NULL,1422),(1790,'k12345','k12345',NULL,0,'k12345',NULL,1423),(1791,'k12345','k12345',NULL,0,'k12345',NULL,1424),(1792,'k12345','k12345',NULL,0,'k12345',NULL,1425),(1793,'k12345','k12345',NULL,0,'k12345',NULL,1426),(1794,'k12345','k12345',NULL,0,'k12345',NULL,1427),(1795,'k12345','k12345',NULL,0,'k12345',NULL,1428),(1796,'k12345','k12345',NULL,0,'k12345',NULL,1429),(1797,'k12345','k12345',NULL,0,'k12345',NULL,1430),(1798,'k12345','k12345',NULL,0,'k12345',NULL,1431),(1799,'k12345','k12345',NULL,0,'k12345',NULL,1432),(1800,'k12345','k12345',NULL,0,'k12345',NULL,1433),(1801,'k12345','k12345',NULL,0,'k12345',NULL,1434),(1802,'k12345','k12345',NULL,0,'k12345',NULL,1435),(1803,'k12345','k12345',NULL,0,'k12345',NULL,1436),(1804,'k12345','k12345',NULL,0,'k12345',NULL,1437),(1805,'k12345','k12345',NULL,0,'k12345',NULL,1438),(1806,'k12345','k12345',NULL,0,'k12345',NULL,1439),(1807,'k12345','k12345',NULL,0,'k12345',NULL,1440),(1808,'k12345','k12345',NULL,0,'k12345',NULL,1441),(1809,'k12345','k12345',NULL,0,'k12345',NULL,1442),(1810,'k12345','k12345',NULL,0,'k12345',NULL,1443),(1811,'k12345','k12345',NULL,0,'k12345',NULL,1444),(1812,'k12345','k12345',NULL,0,'k12345',NULL,1445),(1813,'k12345','k12345',NULL,0,'k12345',NULL,1446),(1814,'k12345','k12345',NULL,0,'k12345',NULL,1447),(1815,'k12345','k12345',NULL,0,'k12345',NULL,1448),(1816,'k12345','k12345',NULL,0,'k12345',NULL,1449),(1817,'k12345','k12345',NULL,0,'k12345',NULL,1450),(1818,'k12345','k12345',NULL,0,'k12345',NULL,1451),(1819,'k12345','k12345',NULL,0,'k12345',NULL,1452),(1820,'k12345','k12345',NULL,0,'k12345',NULL,1453),(1821,'k12345','k12345',NULL,0,'k12345',NULL,1454),(1822,'k12345','k12345',NULL,0,'k12345',NULL,1455),(1823,'k12345','k12345',NULL,0,'k12345',NULL,1456),(1824,'k12345','k12345',NULL,0,'k12345',NULL,1457),(1825,'k12345','k12345',NULL,0,'k12345',NULL,1458),(1826,'k12345','k12345',NULL,0,'k12345',NULL,1459),(1827,'k12345','k12345',NULL,0,'k12345',NULL,1460),(1828,'k12345','k12345',NULL,0,'k12345',NULL,1461),(1829,'k12345','k12345',NULL,0,'k12345',NULL,1462),(1830,'k12345','k12345',NULL,0,'k12345',NULL,1463),(1831,'k12345','k12345',NULL,0,'k12345',NULL,1464),(1832,'k12345','k12345',NULL,0,'k12345',NULL,1465),(1833,'k12345','k12345',NULL,0,'k12345',NULL,1466),(1834,'k12345','k12345',NULL,0,'k12345',NULL,1467),(1835,'k12345','k12345',NULL,0,'k12345',NULL,1468),(1836,'k12345','k12345',NULL,0,'k12345',NULL,1469),(1837,'k12345','k12345',NULL,0,'k12345',NULL,1470),(1838,'k12345','k12345',NULL,0,'k12345',NULL,1471),(1839,'k12345','k12345',NULL,0,'k12345',NULL,1472),(1840,'k12345','k12345',NULL,0,'k12345',NULL,1473),(1841,'k12345','k12345',NULL,0,'k12345',NULL,1474),(1842,'k12345','k12345',NULL,0,'k12345',NULL,1475),(1843,'k12345','k12345',NULL,0,'k12345',NULL,1476),(1844,'k12345','k12345',NULL,0,'k12345',NULL,1477),(1845,'k12345','k12345',NULL,0,'k12345',NULL,1478),(1846,'k12345','k12345',NULL,0,'k12345',NULL,1479),(1847,'k12345','k12345',NULL,0,'k12345',NULL,1480),(1848,'k12345','k12345',NULL,0,'k12345',NULL,1481),(1849,'k12345','k12345',NULL,0,'k12345',NULL,1482),(1850,'k12345','k12345',NULL,0,'k12345',NULL,1483),(1851,'k12345','k12345',NULL,0,'k12345',NULL,1484),(1852,'k12345','k12345',NULL,0,'k12345',NULL,1485),(1853,'k12345','k12345',NULL,0,'k12345',NULL,1486),(1854,'k12345','k12345',NULL,0,'k12345',NULL,1487),(1855,'k12345','k12345',NULL,0,'k12345',NULL,1488),(1856,'k12345','k12345',NULL,0,'k12345',NULL,1489),(1857,'k12345','k12345',NULL,0,'k12345',NULL,1490),(1858,'k12345','k12345',NULL,0,'k12345',NULL,1491),(1859,'k12345','k12345',NULL,0,'k12345',NULL,1492),(1860,'k12345','k12345',NULL,0,'k12345',NULL,1493),(1861,'k12345','k12345',NULL,0,'k12345',NULL,1494),(1862,'k12345','k12345',NULL,0,'k12345',NULL,1495),(1863,'k12345','k12345',NULL,0,'k12345',NULL,1496),(1864,'k12345','k12345',NULL,0,'k12345',NULL,1497),(1865,'k12345','k12345',NULL,0,'k12345',NULL,1498),(1866,'k12345','k12345',NULL,0,'k12345',NULL,1499),(1867,'k12345','k12345',NULL,0,'k12345',NULL,1500),(1868,'k12345','k12345',NULL,0,'k12345',NULL,1501),(1869,'k12345','k12345',NULL,0,'k12345',NULL,1502),(1870,'k12345','k12345',NULL,0,'k12345',NULL,1503),(1871,'k12345','k12345',NULL,0,'k12345',NULL,1504),(1872,'k12345','k12345',NULL,0,'k12345',NULL,1505),(1873,'k12345','k12345',NULL,0,'k12345',NULL,1506),(1874,'k12345','k12345',NULL,0,'k12345',NULL,1507),(1875,'k12345','k12345',NULL,0,'k12345',NULL,1508),(1876,'k12345','k12345',NULL,0,'k12345',NULL,1509),(1877,'k12345','k12345',NULL,0,'k12345',NULL,1510),(1878,'k12345','k12345',NULL,0,'k12345',NULL,1511),(1879,'k12345','k12345',NULL,0,'k12345',NULL,1512),(1880,'k12345','k12345',NULL,0,'k12345',NULL,1513),(1881,'k12345','k12345',NULL,0,'k12345',NULL,1514),(1882,'k12345','k12345',NULL,0,'k12345',NULL,1515),(1883,'k12345','k12345',NULL,0,'k12345',NULL,1516),(1884,'k12345','k12345',NULL,0,'k12345',NULL,1517),(1885,'k12345','k12345',NULL,0,'k12345',NULL,1518),(1886,'k12345','k12345',NULL,0,'k12345',NULL,1519),(1887,'k12345','k12345',NULL,0,'k12345',NULL,1520),(1888,'k12345','k12345',NULL,0,'k12345',NULL,1521),(1889,'k12345','k12345',NULL,0,'k12345',NULL,1522),(1890,'k12345','k12345',NULL,0,'k12345',NULL,1523),(1891,'k12345','k12345',NULL,0,'k12345',NULL,1524),(1892,'k12345','k12345',NULL,0,'k12345',NULL,1525),(1893,'k12345','k12345',NULL,0,'k12345',NULL,1526),(1894,'k12345','k12345',NULL,0,'k12345',NULL,1527),(1895,'k12345','k12345',NULL,0,'k12345',NULL,1528),(1896,'k12345','k12345',NULL,0,'k12345',NULL,1529),(1897,'k12345','k12345',NULL,0,'k12345',NULL,1530),(1898,'k12345','k12345',NULL,0,'k12345',NULL,1531),(1899,'k12345','k12345',NULL,0,'k12345',NULL,1532),(1900,'k12345','k12345',NULL,0,'k12345',NULL,1533),(1901,'k12345','k12345',NULL,0,'k12345',NULL,1534),(1902,'k12345','k12345',NULL,0,'k12345',NULL,1535),(1903,'k12345','k12345',NULL,0,'k12345',NULL,1536),(1904,'k12345','k12345',NULL,0,'k12345',NULL,1537),(1905,'k12345','k12345',NULL,0,'k12345',NULL,1538),(1906,'k12345','k12345',NULL,0,'k12345',NULL,1539),(1907,'k12345','k12345',NULL,0,'k12345',NULL,1540),(1908,'k12345','k12345',NULL,0,'k12345',NULL,1541),(1909,'k12345','k12345',NULL,0,'k12345',NULL,1542),(1910,'k12345','k12345',NULL,0,'k12345',NULL,1543),(1911,'k12345','k12345',NULL,0,'k12345',NULL,1544),(1912,'k12345','k12345',NULL,0,'k12345',NULL,1545),(1913,'k12345','k12345',NULL,0,'k12345',NULL,1546),(1914,'k12345','k12345',NULL,0,'k12345',NULL,1547),(1915,'k12345','k12345',NULL,0,'k12345',NULL,1548),(1916,'k12345','k12345',NULL,0,'k12345',NULL,1549),(1917,'k12345','k12345',NULL,0,'k12345',NULL,1550),(1918,'k12345','k12345',NULL,0,'k12345',NULL,1551),(1919,'k12345','k12345',NULL,0,'k12345',NULL,1552),(1920,'k12345','k12345',NULL,0,'k12345',NULL,1553),(1921,'k12345','k12345',NULL,0,'k12345',NULL,1554),(1922,'k12345','k12345',NULL,0,'k12345',NULL,1555),(1923,'k12345','k12345',NULL,0,'k12345',NULL,1556),(1924,'k12345','k12345',NULL,0,'k12345',NULL,1557),(1925,'k12345','k12345',NULL,0,'k12345',NULL,1558),(1926,'k12345','k12345',NULL,0,'k12345',NULL,1559),(1927,'k12345','k12345',NULL,0,'k12345',NULL,1560),(1928,'k12345','k12345',NULL,0,'k12345',NULL,1561),(1929,'k12345','k12345',NULL,0,'k12345',NULL,1562),(1930,'k12345','k12345',NULL,0,'k12345',NULL,1563),(1931,'k12345','k12345',NULL,0,'k12345',NULL,1564),(1932,'k12345','k12345',NULL,0,'k12345',NULL,1565),(1933,'k12345','k12345',NULL,0,'k12345',NULL,1566),(1934,'k12345','k12345',NULL,0,'k12345',NULL,1567),(1935,'k12345','k12345',NULL,0,'k12345',NULL,1568),(1936,'k12345','k12345',NULL,0,'k12345',NULL,1569),(1937,'k12345','k12345',NULL,0,'k12345',NULL,1570),(1938,'k12345','k12345',NULL,0,'k12345',NULL,1571),(1939,'k12345','k12345',NULL,0,'k12345',NULL,1572),(1940,'k12345','k12345',NULL,0,'k12345',NULL,1573),(1941,'k12345','k12345',NULL,0,'k12345',NULL,1574),(1942,'k12345','k12345',NULL,0,'k12345',NULL,1575),(1943,'k12345','k12345',NULL,0,'k12345',NULL,1576),(1944,'k12345','k12345',NULL,0,'k12345',NULL,1577),(1945,'k12345','k12345',NULL,0,'k12345',NULL,1578),(1946,'k12345','k12345',NULL,0,'k12345',NULL,1579),(1947,'k12345','k12345',NULL,0,'k12345',NULL,1580),(1948,'k12345','k12345',NULL,0,'k12345',NULL,1581),(1949,'k12345','k12345',NULL,0,'k12345',NULL,1582),(1950,'k12345','k12345',NULL,0,'k12345',NULL,1583),(1951,'k12345','k12345',NULL,0,'k12345',NULL,1584),(1952,'k12345','k12345',NULL,0,'k12345',NULL,1585),(1953,'k12345','k12345',NULL,0,'k12345',NULL,1586),(1954,'k12345','k12345',NULL,0,'k12345',NULL,1587),(1955,'k12345','k12345',NULL,0,'k12345',NULL,1588),(1956,'k12345','k12345',NULL,0,'k12345',NULL,1589),(1957,'k12345','k12345',NULL,0,'k12345',NULL,1590),(1958,'k12345','k12345',NULL,0,'k12345',NULL,1591),(1959,'k12345','k12345',NULL,0,'k12345',NULL,1592),(1960,'k12345','k12345',NULL,0,'k12345',NULL,1593),(1961,'k12345','k12345',NULL,0,'k12345',NULL,1594),(1962,'k12345','k12345',NULL,0,'k12345',NULL,1595),(1963,'k12345','k12345',NULL,0,'k12345',NULL,1596),(1964,'k12345','k12345',NULL,0,'k12345',NULL,1597),(1965,'k12345','k12345',NULL,0,'k12345',NULL,1598),(1966,'k12345','k12345',NULL,0,'k12345',NULL,1599),(1967,'k12345','k12345',NULL,0,'k12345',NULL,1600),(1968,'k12345','k12345',NULL,0,'k12345',NULL,1601),(1969,'k12345','k12345',NULL,0,'k12345',NULL,1602),(1970,'k12345','k12345',NULL,0,'k12345',NULL,1603),(1971,'k12345','k12345',NULL,0,'k12345',NULL,1604),(1972,'k12345','k12345',NULL,0,'k12345',NULL,1605),(1973,'k12345','k12345',NULL,0,'k12345',NULL,1606),(1974,'k12345','k12345',NULL,0,'k12345',NULL,1607),(1975,'k12345','k12345',NULL,0,'k12345',NULL,1608),(1976,'k12345','k12345',NULL,0,'k12345',NULL,1609),(1977,'k12345','k12345',NULL,0,'k12345',NULL,1610),(1978,'k12345','k12345',NULL,0,'k12345',NULL,1611),(1979,'k12345','k12345',NULL,0,'k12345',NULL,1612),(1980,'k12345','k12345',NULL,0,'k12345',NULL,1613),(1981,'k12345','k12345',NULL,0,'k12345',NULL,1614),(1982,'k12345','k12345',NULL,0,'k12345',NULL,1615),(1983,'k12345','k12345',NULL,0,'k12345',NULL,1616),(1984,'k12345','k12345',NULL,0,'k12345',NULL,1617),(1985,'k12345','k12345',NULL,0,'k12345',NULL,1618),(1986,'k12345','k12345',NULL,0,'k12345',NULL,1619),(1987,'k12345','k12345',NULL,0,'k12345',NULL,1620),(1988,'k12345','k12345',NULL,0,'k12345',NULL,1621),(1989,'k12345','k12345',NULL,0,'k12345',NULL,1622),(1990,'k12345','k12345',NULL,0,'k12345',NULL,1623),(1991,'k12345','k12345',NULL,0,'k12345',NULL,1624),(1992,'k12345','k12345',NULL,0,'k12345',NULL,1625),(1993,'String','String',NULL,0,'String',391,NULL),(1994,'volatile=0;','volatile=0;',NULL,0,'volatile=0;',392,NULL),(1995,'k12345','k12345',NULL,0,'k12345',NULL,1626),(1996,'k12345','k12345',NULL,0,'k12345',NULL,1627),(1997,'k12345','k12345',NULL,0,'k12345',NULL,1628),(1998,'k12345','k12345',NULL,0,'k12345',NULL,1629),(1999,'k12345','k12345',NULL,0,'k12345',NULL,1630),(2000,'k12345','k12345',NULL,0,'k12345',NULL,1631),(2001,'k12345','k12345',NULL,0,'k12345',NULL,1632),(2002,'k12345','k12345',NULL,0,'k12345',NULL,1633),(2003,'k12345','k12345',NULL,0,'k12345',NULL,1634),(2004,'k12345','k12345',NULL,0,'k12345',NULL,1635),(2005,'k12345','k12345',NULL,0,'k12345',NULL,1636),(2006,'k12345','k12345',NULL,0,'k12345',NULL,1637),(2007,'C25398','Clinical',NULL,1,'Relating to the examination and treatment of patients dependent on direct observation.  The term may also refer to the institution (clinic) providing this activity. (NCI)',393,NULL),(2008,'15','15',NULL,0,'15',393,NULL),(2009,'volatile=0;','volatile=0;',NULL,0,'volatile=0;',394,NULL),(2010,'volatile=0;','volatile=0;',NULL,0,'volatile=0;',395,NULL),(2011,'volatile=0;','volatile=0;',NULL,0,'volatile=0;',396,NULL),(2012,'C43431','Activity',NULL,1,'The state of being active; any specific activity.',397,NULL),(2013,'{46EBD4EF-4942-4a82-B218-5C288FC7F630}','{46EBD4EF-4942-4a82-B218-5C288FC7F630}',NULL,0,'{46EBD4EF-4942-4a82-B218-5C288FC7F630}',397,NULL),(2014,'Not Specified','Not Specified',NULL,0,'Not Specified',398,NULL),(2015,'BackColor=-1;BorderColor=-1;BorderWidth=-1;FontColor=-1;VSwimLanes=0;HSwimLanes=0;BorderStyle=0;','BackColor=-1;BorderColor=-1;BorderWidth=-1;FontColor=-1;VSwimLanes=0;HSwimLanes=0;BorderStyle=0;',NULL,0,'BackColor=-1;BorderColor=-1;BorderWidth=-1;FontColor=-1;VSwimLanes=0;HSwimLanes=0;BorderStyle=0;',379,NULL),(2016,'volatile=0;','volatile=0;',NULL,0,'volatile=0;',412,NULL),(2017,'volatile=0;','volatile=0;',NULL,0,'volatile=0;',413,NULL),(2018,'Not Specified','Not Specified',NULL,0,'Not Specified',414,NULL),(2019,'BackColor=-1;BorderColor=-1;BorderWidth=-1;FontColor=-1;VSwimLanes=0;HSwimLanes=0;BorderStyle=0;','BackColor=-1;BorderColor=-1;BorderWidth=-1;FontColor=-1;VSwimLanes=0;HSwimLanes=0;BorderStyle=0;',NULL,0,'BackColor=-1;BorderColor=-1;BorderWidth=-1;FontColor=-1;VSwimLanes=0;HSwimLanes=0;BorderStyle=0;',411,NULL),(2020,'volatile=0;','volatile=0;',NULL,0,'volatile=0;',422,NULL),(2021,'volatile=0;','volatile=0;',NULL,0,'volatile=0;',423,NULL),(2022,'Not Specified','Not Specified',NULL,0,'Not Specified',424,NULL),(2023,'C19157','Specimen',NULL,2,'A sample or part of a thing, or of several things, taken to demonstrate or to determine the character of the whole, e.g. a substance, or portion of material obtained for use in testing, examination, or study; particularly, a preparation of tissue or bodil',415,NULL),(2024,'C25499','Event',NULL,1,'Something that happens at a given place and time.',415,NULL),(2025,'BackColor=-1;BorderColor=-1;BorderWidth=-1;FontColor=-1;VSwimLanes=0;HSwimLanes=0;BorderStyle=0;','BackColor=-1;BorderColor=-1;BorderWidth=-1;FontColor=-1;VSwimLanes=0;HSwimLanes=0;BorderStyle=0;',NULL,0,'BackColor=-1;BorderColor=-1;BorderWidth=-1;FontColor=-1;VSwimLanes=0;HSwimLanes=0;BorderStyle=0;',415,NULL),(2026,'volatile=0;','volatile=0;',NULL,0,'volatile=0;',432,NULL),(2027,'k12345','k12345',NULL,0,'k12345',NULL,1638),(2028,'k12345','k12345',NULL,0,'k12345',NULL,1639),(2029,'k12345','k12345',NULL,0,'k12345',NULL,1640),(2030,'k12345','k12345',NULL,0,'k12345',NULL,1641),(2031,'k12345','k12345',NULL,0,'k12345',NULL,1642),(2032,'k12345','k12345',NULL,0,'k12345',NULL,1643),(2033,'C48163','Embed',NULL,1,'To surround a pathological or histological specimen with a firm and sometimes hard medium such as paraffin, wax, celloidin, or a resin, in order to make possible the cutting of thin sections for microscopic examination. (On-line Medical Dictionary)',433,NULL),(2034,'Not Specified','Not Specified',NULL,0,'Not Specified',433,NULL),(2035,'volatile=0;','volatile=0;',NULL,0,'volatile=0;',434,NULL),(2036,'Not Specified','Not Specified',NULL,0,'Not Specified',435,NULL),(2037,'C48163','Embed',NULL,2,'To surround a pathological or histological specimen with a firm and sometimes hard medium such as paraffin, wax, celloidin, or a resin, in order to make possible the cutting of thin sections for microscopic examination. (On-line Medical Dictionary)',425,NULL),(2038,'C25499','Event',NULL,1,'Something that happens at a given place and time.',425,NULL),(2039,'BackColor=-1;BorderColor=-1;BorderWidth=-1;FontColor=-1;VSwimLanes=0;HSwimLanes=0;BorderStyle=0;','BackColor=-1;BorderColor=-1;BorderWidth=-1;FontColor=-1;VSwimLanes=0;HSwimLanes=0;BorderStyle=0;',NULL,0,'BackColor=-1;BorderColor=-1;BorderWidth=-1;FontColor=-1;VSwimLanes=0;HSwimLanes=0;BorderStyle=0;',425,NULL),(2040,'volatile=0;','volatile=0;',NULL,0,'volatile=0;',443,NULL),(2041,'volatile=0;','volatile=0;',NULL,0,'volatile=0;',444,NULL),(2042,'Not Specified','Not Specified',NULL,0,'Not Specified',445,NULL),(2043,'C48165','Thaw',NULL,2,'The process whereby heat changes something from a solid to a liquid.',436,NULL),(2044,'C25499','Event',NULL,1,'Something that happens at a given place and time.',436,NULL),(2045,'BackColor=-1;BorderColor=-1;BorderWidth=-1;FontColor=-1;VSwimLanes=0;HSwimLanes=0;BorderStyle=0;','BackColor=-1;BorderColor=-1;BorderWidth=-1;FontColor=-1;VSwimLanes=0;HSwimLanes=0;BorderStyle=0;',NULL,0,'BackColor=-1;BorderColor=-1;BorderWidth=-1;FontColor=-1;VSwimLanes=0;HSwimLanes=0;BorderStyle=0;',436,NULL),(2046,'volatile=0;','volatile=0;',NULL,0,'volatile=0;',453,NULL),(2047,'k12345','k12345',NULL,0,'k12345',NULL,1644),(2048,'k12345','k12345',NULL,0,'k12345',NULL,1645),(2049,'k12345','k12345',NULL,0,'k12345',NULL,1646),(2050,'k12345','k12345',NULL,0,'k12345',NULL,1647),(2051,'k12345','k12345',NULL,0,'k12345',NULL,1648),(2052,'k12345','k12345',NULL,0,'k12345',NULL,1649),(2053,'k12345','k12345',NULL,0,'k12345',NULL,1650),(2054,'k12345','k12345',NULL,0,'k12345',NULL,1651),(2055,'k12345','k12345',NULL,0,'k12345',NULL,1652),(2056,'C25219','Fixation',NULL,1,'The chemical preservation of a substance to maintain structural and/or molecular features of that substance as they exist in the living entity.',454,NULL),(2057,'1','1',NULL,0,'1',454,NULL),(2058,'C48154','Minute',NULL,1,'A unit measure of time equal to 60 seconds.',455,NULL),(2059,'C25330','1',NULL,0,'1',455,NULL),(2060,'volatile=0;','volatile=0;',NULL,0,'volatile=0;',456,NULL),(2061,'Not Specified','Not Specified',NULL,0,'Not Specified',457,NULL),(2062,'C25219','Fixation',NULL,2,'The chemical preservation of a substance to maintain structural and/or molecular features of that substance as they exist in the living entity.',446,NULL),(2063,'C25499','Event',NULL,1,'Something that happens at a given place and time.',446,NULL),(2064,'BackColor=-1;BorderColor=-1;BorderWidth=-1;FontColor=-1;VSwimLanes=0;HSwimLanes=0;BorderStyle=0;','BackColor=-1;BorderColor=-1;BorderWidth=-1;FontColor=-1;VSwimLanes=0;HSwimLanes=0;BorderStyle=0;',NULL,0,'BackColor=-1;BorderColor=-1;BorderWidth=-1;FontColor=-1;VSwimLanes=0;HSwimLanes=0;BorderStyle=0;',446,NULL),(2065,'Not Specified','Not Specified',NULL,0,'Not Specified',461,NULL),(2066,'C25471','Current',NULL,3,'Occurring in or belonging to the present time.',462,NULL),(2067,'C25509','First',NULL,2,'Preceding all others in time or space or degree.',462,NULL),(2068,'C25483','Dimension',NULL,1,'The magnitude of something in a particular direction, especially length or width or height.',462,NULL),(2069,'false','false',NULL,0,'false',462,NULL),(2070,'C25627','Previous',NULL,3,'Occurring prior to something else.',463,NULL),(2071,'C25509','First',NULL,2,'Preceding all others in time or space or degree.',463,NULL),(2072,'C25483','Dimension',NULL,1,'The magnitude of something in a particular direction, especially length or width or height.',463,NULL),(2073,'449','449',NULL,0,'449',463,NULL),(2074,'C25471','Current',NULL,3,'Occurring in or belonging to the present time.',464,NULL),(2075,'C25666','Second',NULL,2,'Coming next after the first in position in space or time or degree or magnitude.',464,NULL),(2076,'C25483','Dimension',NULL,1,'The magnitude of something in a particular direction, especially length or width or height.',464,NULL),(2077,'NCI','NCI',NULL,0,'NCI',464,NULL),(2078,'volatile=0;','volatile=0;',NULL,0,'volatile=0;',465,NULL),(2079,'C25627','Previous',NULL,3,'Occurring prior to something else.',466,NULL),(2080,'C25666','Second',NULL,2,'Coming next after the first in position in space or time or degree or magnitude.',466,NULL),(2081,'C25483','Dimension',NULL,1,'The magnitude of something in a particular direction, especially length or width or height.',466,NULL),(2082,'450','450',NULL,0,'450',466,NULL),(2083,'volatile=0;','volatile=0;',NULL,0,'volatile=0;',467,NULL),(2084,'C48167','Transfer',NULL,2,'The act of moving something from one location to another.',458,NULL),(2085,'C25499','Event',NULL,1,'Something that happens at a given place and time.',458,NULL),(2086,'BackColor=-1;BorderColor=-1;BorderWidth=-1;FontColor=-1;VSwimLanes=0;HSwimLanes=0;BorderStyle=0;','BackColor=-1;BorderColor=-1;BorderWidth=-1;FontColor=-1;VSwimLanes=0;HSwimLanes=0;BorderStyle=0;',NULL,0,'BackColor=-1;BorderColor=-1;BorderWidth=-1;FontColor=-1;VSwimLanes=0;HSwimLanes=0;BorderStyle=0;',458,NULL),(2087,'volatile=0;','volatile=0;',NULL,0,'volatile=0;',481,NULL),(2088,'k12345','k12345',NULL,0,'k12345',NULL,1653),(2089,'k12345','k12345',NULL,0,'k12345',NULL,1654),(2090,'k12345','k12345',NULL,0,'k12345',NULL,1655),(2091,'k12345','k12345',NULL,0,'k12345',NULL,1656),(2092,'k12345','k12345',NULL,0,'k12345',NULL,1657),(2093,'k12345','k12345',NULL,0,'k12345',NULL,1658),(2094,'k12345','k12345',NULL,0,'k12345',NULL,1659),(2095,'k12345','k12345',NULL,0,'k12345',NULL,1660),(2096,'k12345','k12345',NULL,0,'k12345',NULL,1661),(2097,'k12345','k12345',NULL,0,'k12345',NULL,1662),(2098,'k12345','k12345',NULL,0,'k12345',NULL,1663),(2099,'k12345','k12345',NULL,0,'k12345',NULL,1664),(2100,'C25639','Received',NULL,1,'To have taken, accepted, or gotten something offered.',482,NULL),(2101,'String','String',NULL,0,'String',482,NULL),(2102,'volatile=0;','volatile=0;',NULL,0,'volatile=0;',483,NULL),(2103,'Not Specified','Not Specified',NULL,0,'Not Specified',484,NULL),(2104,'C25639','Received',NULL,2,'To have taken, accepted, or gotten something offered.',474,NULL),(2105,'C25499','Event',NULL,1,'Something that happens at a given place and time.',474,NULL),(2106,'BackColor=-1;BorderColor=-1;BorderWidth=-1;FontColor=-1;VSwimLanes=0;HSwimLanes=0;BorderStyle=0;','BackColor=-1;BorderColor=-1;BorderWidth=-1;FontColor=-1;VSwimLanes=0;HSwimLanes=0;BorderStyle=0;',NULL,0,'BackColor=-1;BorderColor=-1;BorderWidth=-1;FontColor=-1;VSwimLanes=0;HSwimLanes=0;BorderStyle=0;',474,NULL),(2107,'volatile=0;','volatile=0;',NULL,0,'volatile=0;',492,NULL),(2108,'volatile=0;','volatile=0;',NULL,0,'volatile=0;',493,NULL),(2109,'C25626','Present',NULL,2,'Being or existing in a specified place or at the specified time.',494,NULL),(2110,'C25650','Removed',NULL,1,'Taken out of, separated from, or eliminated.',494,NULL),(2111,'1','1',NULL,0,'1',494,NULL),(2112,'Not Specified','Not Specified',NULL,0,'Not Specified',495,NULL),(2113,'C25688','Status',NULL,3,'A condition or state at a particular time.',485,NULL),(2114,'C25626','Present',NULL,2,'Being or existing in a specified place or at the specified time.',485,NULL),(2115,'C25650','Removed',NULL,1,'Taken out of, separated from, or eliminated.',485,NULL),(2116,'BackColor=-1;BorderColor=-1;BorderWidth=-1;FontColor=-1;VSwimLanes=0;HSwimLanes=0;BorderStyle=0;','BackColor=-1;BorderColor=-1;BorderWidth=-1;FontColor=-1;VSwimLanes=0;HSwimLanes=0;BorderStyle=0;',NULL,0,'BackColor=-1;BorderColor=-1;BorderWidth=-1;FontColor=-1;VSwimLanes=0;HSwimLanes=0;BorderStyle=0;',485,NULL),(2117,'volatile=0;','volatile=0;',NULL,0,'volatile=0;',503,NULL),(2118,'volatile=0;','volatile=0;',NULL,0,'volatile=0;',504,NULL),(2119,'Not Specified','Not Specified',NULL,0,'Not Specified',505,NULL),(2120,'C42729','Review',NULL,2,'The act of appraisal, evaluation, or analysis.',496,NULL),(2121,'C25499','Event',NULL,1,'Something that happens at a given place and time.',496,NULL),(2122,'BackColor=-1;BorderColor=-1;BorderWidth=-1;FontColor=-1;VSwimLanes=0;HSwimLanes=0;BorderStyle=0;','BackColor=-1;BorderColor=-1;BorderWidth=-1;FontColor=-1;VSwimLanes=0;HSwimLanes=0;BorderStyle=0;',NULL,0,'BackColor=-1;BorderColor=-1;BorderWidth=-1;FontColor=-1;VSwimLanes=0;HSwimLanes=0;BorderStyle=0;',496,NULL),(2123,'Not Specified','Not Specified',NULL,0,'Not Specified',510,NULL),(2124,'C45297','Gel',NULL,2,'Jelly like material formed by the coagulation of a colloidal liquid. (from On-line Medical Dictionary)',511,NULL),(2125,'C48179','Image',NULL,1,'Any record of an imaging event whether physical or electronic.',511,NULL),(2126,'NCI','NCI',NULL,0,'NCI',511,NULL),(2127,'C44256','Ratio',NULL,2,'The relative magnitudes of two quantities (usually expressed as a quotient).',512,NULL),(2128,'C48172','18S Ribosomal RNA',NULL,1,'The second largest of the three RNA components of the mammalian ribosome.',512,NULL),(2129,'NCI','NCI',NULL,0,'NCI',512,NULL),(2130,'volatile=0;','volatile=0;',NULL,0,'volatile=0;',513,NULL),(2131,'C45311','Lane',NULL,1,'A defined path with physical dimensions through which an object or substance may traverse.',514,NULL),(2132,'0','0',NULL,0,'0',514,NULL),(2133,'C45297','Gel',NULL,1,'Jelly like material formed by the coagulation of a colloidal liquid. (from On-line Medical Dictionary)',515,NULL),(2134,'1','1',NULL,0,'1',515,NULL),(2135,'C25283','Quality',NULL,1,'An essential and distinguishing attribute of something or someone; a degree or grade of excellence or worth.',516,NULL),(2136,'false','false',NULL,0,'false',516,NULL),(2137,'Not Specified','Not Specified',NULL,0,'Not Specified',517,NULL),(2138,'1','1',NULL,0,'1',518,NULL),(2139,'volatile=0;','volatile=0;',NULL,0,'volatile=0;',519,NULL),(2140,'C25574','Molecular',NULL,3,'Relating to or produced by or consisting of molecules.',506,NULL),(2141,'C19157','Specimen',NULL,2,'A sample or part of a thing, or of several things, taken to demonstrate or to determine the character of the whole, e.g. a substance, or portion of material obtained for use in testing, examination, or study; particularly, a preparation of tissue or bodil',506,NULL),(2142,'C42729','Review',NULL,1,'The act of appraisal, evaluation, or analysis.',506,NULL),(2143,'BackColor=-1;BorderColor=-1;BorderWidth=-1;FontColor=-1;VSwimLanes=0;HSwimLanes=0;BorderStyle=0;','BackColor=-1;BorderColor=-1;BorderWidth=-1;FontColor=-1;VSwimLanes=0;HSwimLanes=0;BorderStyle=0;',NULL,0,'BackColor=-1;BorderColor=-1;BorderWidth=-1;FontColor=-1;VSwimLanes=0;HSwimLanes=0;BorderStyle=0;',506,NULL),(2144,'k12345','k12345',NULL,0,'k12345',NULL,1665),(2145,'k12345','k12345',NULL,0,'k12345',NULL,1666),(2146,'k12345','k12345',NULL,0,'k12345',NULL,1667),(2147,'k12345','k12345',NULL,0,'k12345',NULL,1668),(2148,'k12345','k12345',NULL,0,'k12345',NULL,1669),(2149,'C25526','Histologic',NULL,1,'Pertaining to the combined microscopic physical features of cells and their surrounding extracellular environment in tissues.',525,NULL),(2150,'C25283','NCI',NULL,0,'NCI',525,NULL),(2151,'Not Specified','Not Specified',NULL,0,'Not Specified',526,NULL),(2152,'C25304','Total',NULL,2,'Pertaining to an entirety or whole, also constituting the full quantity or extent; complete; derived by addition.',527,NULL),(2153,'C37923','Cellularity',NULL,1,'The degree, quality, or condition of cells that are present. (On-line Medical Dictionary)',527,NULL),(2154,'false','false',NULL,0,'false',527,NULL),(2155,'C37923','Cellularity',NULL,2,'The degree, quality, or condition of cells that are present. (On-line Medical Dictionary)',528,NULL),(2156,'C45315','Neoplastic',NULL,1,'Exhibiting characteristics of independently proliferating cells, notably altered morphology, growth characteristics, and/or biochemical and molecular properties.',528,NULL),(2157,'11','11',NULL,0,'11',528,NULL),(2158,'volatile=0;','volatile=0;',NULL,0,'volatile=0;',529,NULL),(2159,'C16897','Necrosis',NULL,1,'The pathologic localized death of living cells, as from infection or interruption of the blood supply, generally associated with severe cellular trauma caused by progressive degradation by enzymes. Characterized by mitochondrial swelling, nuclear floccula',530,NULL),(2160,'C25613','0',NULL,0,'0',530,NULL),(2161,'C12535','Lymphocyte',NULL,1,'White blood cells formed in the body\'s lymphoid tissue. The nucleus is round or ovoid with coarse, irregularly clumped chromatin while the cytoplasm is typically pale blue with azurophilic (if any) granules. Most lymphocytes can be classified as either T',531,NULL),(2162,'13','13',NULL,0,'A fraction or ratio with 100 understood as the denominator.',531,NULL),(2163,'volatile=0;','volatile=0;',NULL,0,'volatile=0;',532,NULL),(2164,'C12801','Tissue',NULL,4,'An aggregate of cells with similar or identical specialized characteristics, contributing to the performance of a specific function.  Tissues are parts of organs.  Representative examples include epithelium, lymphoid tissue, and connective tissue.',523,NULL),(2165,'C19157','Specimen',NULL,3,'A sample or part of a thing, or of several things, taken to demonstrate or to determine the character of the whole, e.g. a substance, or portion of material obtained for use in testing, examination, or study; particularly, a preparation of tissue or bodil',523,NULL),(2166,'C42729','Review',NULL,2,'The act of appraisal, evaluation, or analysis.',523,NULL),(2167,'C25499','Event',NULL,1,'Something that happens at a given place and time.',523,NULL),(2168,'BackColor=-1;BorderColor=-1;BorderWidth=-1;FontColor=-1;VSwimLanes=0;HSwimLanes=0;BorderStyle=0;','BackColor=-1;BorderColor=-1;BorderWidth=-1;FontColor=-1;VSwimLanes=0;HSwimLanes=0;BorderStyle=0;',NULL,0,'BackColor=-1;BorderColor=-1;BorderWidth=-1;FontColor=-1;VSwimLanes=0;HSwimLanes=0;BorderStyle=0;',523,NULL),(2169,'volatile=0;','volatile=0;',NULL,0,'volatile=0;',545,NULL),(2170,'volatile=0;','volatile=0;',NULL,0,'volatile=0;',546,NULL),(2171,'C37923','Cellularity',NULL,2,'The degree, quality, or condition of cells that are present. (On-line Medical Dictionary)',547,NULL),(2172,'C45315','Neoplastic',NULL,1,'Exhibiting characteristics of independently proliferating cells, notably altered morphology, growth characteristics, and/or biochemical and molecular properties.',547,NULL),(2173,'C25613','0',NULL,0,'0',547,NULL),(2174,'C25324','Viable',NULL,2,'Capable of life or normal growth and development.',548,NULL),(2175,'C12508','Cell',NULL,1,'The smallest units of living structure capable of independent existence, composed of a membrane-enclosed mass of protoplasm and containing a nucleus or nucleoid. Cells are highly variable and specialized in both structure and function, though all must at',548,NULL),(2176,'1','1',NULL,0,'A fraction or ratio with 100 understood as the denominator.',548,NULL),(2177,'Not Specified','Not Specified',NULL,0,'Not Specified',549,NULL),(2178,'C12508','Cell',NULL,3,'The smallest units of living structure capable of independent existence, composed of a membrane-enclosed mass of protoplasm and containing a nucleus or nucleoid. Cells are highly variable and specialized in both structure and function, though all must at',538,NULL),(2179,'C19157','Specimen',NULL,2,'A sample or part of a thing, or of several things, taken to demonstrate or to determine the character of the whole, e.g. a substance, or portion of material obtained for use in testing, examination, or study; particularly, a preparation of tissue or bodil',538,NULL),(2180,'C42729','Review',NULL,1,'The act of appraisal, evaluation, or analysis.',538,NULL),(2181,'BackColor=-1;BorderColor=-1;BorderWidth=-1;FontColor=-1;VSwimLanes=0;HSwimLanes=0;BorderStyle=0;','BackColor=-1;BorderColor=-1;BorderWidth=-1;FontColor=-1;VSwimLanes=0;HSwimLanes=0;BorderStyle=0;',NULL,0,'BackColor=-1;BorderColor=-1;BorderWidth=-1;FontColor=-1;VSwimLanes=0;HSwimLanes=0;BorderStyle=0;',538,NULL),(2182,'volatile=0;','volatile=0;',NULL,0,'volatile=0;',557,NULL),(2183,'volatile=0;','volatile=0;',NULL,0,'volatile=0;',558,NULL),(2184,'C12508','Cell',NULL,1,'The smallest units of living structure capable of independent existence, composed of a membrane-enclosed mass of protoplasm and containing a nucleus or nucleoid. Cells are highly variable and specialized in both structure and function, though all must at',559,NULL),(2185,'{19D1709E-03BF-4dc2-BAA6-F7A17E893454}','{19D1709E-03BF-4dc2-BAA6-F7A17E893454}',NULL,0,'{19D1709E-03BF-4dc2-BAA6-F7A17E893454}',559,NULL),(2186,'Not Specified','Not Specified',NULL,0,'Not Specified',560,NULL),(2187,'C25278','Fluid',NULL,4,'A continuous amorphous substance that tends to flow and to conform to the outline of its container (i.e., a liquid or a gas).  Also used as an adjective to describe something with properties like that of a fluid.',550,NULL),(2188,'C19157','Specimen',NULL,3,'A sample or part of a thing, or of several things, taken to demonstrate or to determine the character of the whole, e.g. a substance, or portion of material obtained for use in testing, examination, or study; particularly, a preparation of tissue or bodil',550,NULL),(2189,'C42729','Review',NULL,2,'The act of appraisal, evaluation, or analysis.',550,NULL),(2190,'C25499','Event',NULL,1,'Something that happens at a given place and time.',550,NULL),(2191,'BackColor=-1;BorderColor=-1;BorderWidth=-1;FontColor=-1;VSwimLanes=0;HSwimLanes=0;BorderStyle=0;','BackColor=-1;BorderColor=-1;BorderWidth=-1;FontColor=-1;VSwimLanes=0;HSwimLanes=0;BorderStyle=0;',NULL,0,'BackColor=-1;BorderColor=-1;BorderWidth=-1;FontColor=-1;VSwimLanes=0;HSwimLanes=0;BorderStyle=0;',550,NULL),(2192,'volatile=0;','volatile=0;',NULL,0,'volatile=0;',568,NULL),(2193,'k12345','k12345',NULL,0,'k12345',NULL,1670),(2194,'k12345','k12345',NULL,0,'k12345',NULL,1671),(2195,'k12345','k12345',NULL,0,'k12345',NULL,1672),(2196,'k12345','k12345',NULL,0,'k12345',NULL,1673),(2197,'k12345','k12345',NULL,0,'k12345',NULL,1674),(2198,'k12345','k12345',NULL,0,'k12345',NULL,1675),(2199,'k12345','k12345',NULL,0,'k12345',NULL,1676),(2200,'k12345','k12345',NULL,0,'k12345',NULL,1677),(2201,'k12345','k12345',NULL,0,'k12345',NULL,1678),(2202,'Not Specified','Not Specified',NULL,0,'Not Specified',569,NULL),(2203,'volatile=0;','volatile=0;',NULL,0,'volatile=0;',570,NULL),(2204,'Not Specified','Not Specified',NULL,0,'Not Specified',571,NULL),(2205,'C48160','Freezing',NULL,2,'The act or event which causes the transition from a liquid to solid matter phase.',561,NULL),(2206,'C25499','Event',NULL,1,'Something that happens at a given place and time.',561,NULL),(2207,'BackColor=-1;BorderColor=-1;BorderWidth=-1;FontColor=-1;VSwimLanes=0;HSwimLanes=0;BorderStyle=0;','BackColor=-1;BorderColor=-1;BorderWidth=-1;FontColor=-1;VSwimLanes=0;HSwimLanes=0;BorderStyle=0;',NULL,0,'BackColor=-1;BorderColor=-1;BorderWidth=-1;FontColor=-1;VSwimLanes=0;HSwimLanes=0;BorderStyle=0;',561,NULL),(2208,'volatile=0;','volatile=0;',NULL,0,'volatile=0;',574,NULL),(2209,'C19157','Specimen',NULL,3,'A sample or part of a thing, or of several things, taken to demonstrate or to determine the character of the whole, e.g. a substance, or portion of material obtained for use in testing, examination, or study; particularly, a preparation of tissue or bodil',575,NULL),(2210,'C25453','Collection',NULL,2,'The act of gathering things together; having been brought together in one place.',575,NULL),(2211,'C25301','Day',NULL,1,'The time for Earth to make a complete rotation on its axis; ordinarily divided into twenty-four hours.  This also refers to a specific day.',575,NULL),(2212,'Not Specified','Not Specified',NULL,0,'Not Specified',575,NULL),(2213,'Not Specified','Not Specified',NULL,0,'Not Specified',576,NULL),(2214,'C25453','Collection',NULL,2,'The act of gathering things together; having been brought together in one place.',572,NULL),(2215,'C42651','Protocol',NULL,1,'A rule which guides how an activity should be performed; a set of formal rules used to specify the format of an exchange of data.',572,NULL),(2216,'BackColor=-1;BorderColor=-1;BorderWidth=-1;FontColor=-1;VSwimLanes=0;HSwimLanes=0;BorderStyle=0;','BackColor=-1;BorderColor=-1;BorderWidth=-1;FontColor=-1;VSwimLanes=0;HSwimLanes=0;BorderStyle=0;',NULL,0,'BackColor=-1;BorderColor=-1;BorderWidth=-1;FontColor=-1;VSwimLanes=0;HSwimLanes=0;BorderStyle=0;',572,NULL),(2217,'volatile=0;','volatile=0;',NULL,0,'volatile=0;',584,NULL),(2218,'volatile=0;','volatile=0;',NULL,0,'volatile=0;',585,NULL),(2219,'{5C01E28C-B7A5-41fe-BF66-03183C5C387D}','{5C01E28C-B7A5-41fe-BF66-03183C5C387D}',NULL,0,'{5C01E28C-B7A5-41fe-BF66-03183C5C387D}',586,NULL),(2220,'Not Specified','Not Specified',NULL,0,'Not Specified',587,NULL),(2221,'C48166','Disposal',NULL,2,'The act or means of getting rid of something.',577,NULL),(2222,'C25499','Event',NULL,1,'Something that happens at a given place and time.',577,NULL),(2223,'BackColor=-1;BorderColor=-1;BorderWidth=-1;FontColor=-1;VSwimLanes=0;HSwimLanes=0;BorderStyle=0;','BackColor=-1;BorderColor=-1;BorderWidth=-1;FontColor=-1;VSwimLanes=0;HSwimLanes=0;BorderStyle=0;',NULL,0,'BackColor=-1;BorderColor=-1;BorderWidth=-1;FontColor=-1;VSwimLanes=0;HSwimLanes=0;BorderStyle=0;',577,NULL),(2224,'volatile=0;','volatile=0;',NULL,0,'volatile=0;',595,NULL),(2225,'volatile=0;','volatile=0;',NULL,0,'volatile=0;',596,NULL),(2226,'{1348A1D4-E0DC-46ca-A65B-02DD78D7A55E}','{1348A1D4-E0DC-46ca-A65B-02DD78D7A55E}',NULL,0,'{1348A1D4-E0DC-46ca-A65B-02DD78D7A55E}',597,NULL),(2227,'Not Specified','Not Specified',NULL,0,'Not Specified',598,NULL),(2228,'BackColor=-1;BorderColor=-1;BorderWidth=-1;FontColor=-1;VSwimLanes=0;HSwimLanes=0;BorderStyle=0;','BackColor=-1;BorderColor=-1;BorderWidth=-1;FontColor=-1;VSwimLanes=0;HSwimLanes=0;BorderStyle=0;',NULL,0,'BackColor=-1;BorderColor=-1;BorderWidth=-1;FontColor=-1;VSwimLanes=0;HSwimLanes=0;BorderStyle=0;',588,NULL),(2229,'volatile=0;','volatile=0;',NULL,0,'volatile=0;',606,NULL),(2230,'false','false',NULL,0,'false',607,NULL),(2231,'Not Specified','Not Specified',NULL,0,'Not Specified',608,NULL),(2232,'volatile=0;','volatile=0;',NULL,0,'volatile=0;',609,NULL),(2233,'Not Specified','Not Specified',NULL,0,'Not Specified',610,NULL),(2234,'C25218','Procedure',NULL,2,'A particular course of action intended to achieve a result.',599,NULL),(2235,'C25499','Event',NULL,1,'Something that happens at a given place and time.',599,NULL),(2236,'BackColor=-1;BorderColor=-1;BorderWidth=-1;FontColor=-1;VSwimLanes=0;HSwimLanes=0;BorderStyle=0;','BackColor=-1;BorderColor=-1;BorderWidth=-1;FontColor=-1;VSwimLanes=0;HSwimLanes=0;BorderStyle=0;',NULL,0,'BackColor=-1;BorderColor=-1;BorderWidth=-1;FontColor=-1;VSwimLanes=0;HSwimLanes=0;BorderStyle=0;',599,NULL),(2237,'volatile=0;','volatile=0;',NULL,0,'volatile=0;',618,NULL),(2238,'C48154','Minute',NULL,1,'A unit measure of time equal to 60 seconds.',619,NULL),(2239,'1','1',NULL,0,'1',619,NULL),(2240,'volatile=0;','volatile=0;',NULL,0,'volatile=0;',620,NULL),(2241,'C48162','volatile=0;',NULL,0,'volatile=0;',621,NULL),(2242,'Not Specified','Not Specified',NULL,0,'Not Specified',622,NULL),(2243,'C16410','Centifugation',NULL,2,'Process of using a rotating machine to generate centrifugal force to separate substances of different densities, remove moisture, or simulate gravitational effects. It employs a large motor-driven apparatus with a long arm, at the end of which human and a',611,NULL),(2244,'C25499','Event',NULL,1,'Something that happens at a given place and time.',611,NULL),(2245,'BackColor=-1;BorderColor=-1;BorderWidth=-1;FontColor=-1;VSwimLanes=0;HSwimLanes=0;BorderStyle=0;','BackColor=-1;BorderColor=-1;BorderWidth=-1;FontColor=-1;VSwimLanes=0;HSwimLanes=0;BorderStyle=0;',NULL,0,'BackColor=-1;BorderColor=-1;BorderWidth=-1;FontColor=-1;VSwimLanes=0;HSwimLanes=0;BorderStyle=0;',611,NULL),(2246,'volatile=0;','volatile=0;',NULL,0,'volatile=0;',630,NULL),(2247,'volatile=0;','volatile=0;',NULL,0,'volatile=0;',631,NULL),(2248,'Not Specified','Not Specified',NULL,0,'Not Specified',632,NULL),(2249,'BackColor=-1;BorderColor=-1;BorderWidth=-1;FontColor=-1;VSwimLanes=0;HSwimLanes=0;BorderStyle=0;','BackColor=-1;BorderColor=-1;BorderWidth=-1;FontColor=-1;VSwimLanes=0;HSwimLanes=0;BorderStyle=0;',NULL,0,'BackColor=-1;BorderColor=-1;BorderWidth=-1;FontColor=-1;VSwimLanes=0;HSwimLanes=0;BorderStyle=0;',623,NULL),(2250,'volatile=0;','volatile=0;',NULL,0,'volatile=0;',640,NULL),(2251,'volatile=0;','volatile=0;',NULL,0,'volatile=0;',641,NULL),(2252,'k12345','k12345',NULL,0,'k12345',NULL,1679),(2253,'k12345','k12345',NULL,0,'k12345',NULL,1680),(2254,'k12345','k12345',NULL,0,'k12345',NULL,1681),(2255,'k12345','k12345',NULL,0,'k12345',NULL,1682),(2256,'k12345','k12345',NULL,0,'k12345',NULL,1683),(2257,'k12345','k12345',NULL,0,'k12345',NULL,1684),(2258,'k12345','k12345',NULL,0,'k12345',NULL,1685),(2259,'k12345','k12345',NULL,0,'k12345',NULL,1686),(2260,'412','412',NULL,0,'412',642,NULL),(2261,'C25453','Collection',NULL,1,'The act of gathering things together; having been brought together in one place.',643,NULL),(2262,'C25218','String',NULL,0,'String',643,NULL),(2263,'Not Specified','Not Specified',NULL,0,'Not Specified',644,NULL),(2264,'C25453','Collection',NULL,2,'The act of gathering things together; having been brought together in one place.',633,NULL),(2265,'C25499','Event',NULL,1,'Something that happens at a given place and time.',633,NULL),(2266,'BackColor=-1;BorderColor=-1;BorderWidth=-1;FontColor=-1;VSwimLanes=0;HSwimLanes=0;BorderStyle=0;','BackColor=-1;BorderColor=-1;BorderWidth=-1;FontColor=-1;VSwimLanes=0;HSwimLanes=0;BorderStyle=0;',NULL,0,'BackColor=-1;BorderColor=-1;BorderWidth=-1;FontColor=-1;VSwimLanes=0;HSwimLanes=0;BorderStyle=0;',633,NULL),(2267,'volatile=0;','volatile=0;',NULL,0,'volatile=0;',651,NULL),(2268,'{5339AD1B-D152-4dbe-90AE-A28C0253D749}','{5339AD1B-D152-4dbe-90AE-A28C0253D749}',NULL,0,'{5339AD1B-D152-4dbe-90AE-A28C0253D749}',652,NULL),(2269,'{BAFD1FAD-9A14-4b93-8AF4-D9CD98085982}','{BAFD1FAD-9A14-4b93-8AF4-D9CD98085982}',NULL,0,'{BAFD1FAD-9A14-4b93-8AF4-D9CD98085982}',653,NULL),(2270,'Not Specified','Not Specified',NULL,0,'Not Specified',654,NULL),(2271,'BackColor=-1;BorderColor=-1;BorderWidth=-1;FontColor=-1;VSwimLanes=0;HSwimLanes=0;BorderStyle=0;','BackColor=-1;BorderColor=-1;BorderWidth=-1;FontColor=-1;VSwimLanes=0;HSwimLanes=0;BorderStyle=0;',NULL,0,'BackColor=-1;BorderColor=-1;BorderWidth=-1;FontColor=-1;VSwimLanes=0;HSwimLanes=0;BorderStyle=0;',645,NULL),(2272,'{6F1B7E12-827B-4e44-B742-6E2BE65B23E4}','{6F1B7E12-827B-4e44-B742-6E2BE65B23E4}',NULL,0,'{6F1B7E12-827B-4e44-B742-6E2BE65B23E4}',656,NULL),(2273,'Not Specified','Not Specified',NULL,0,'Not Specified',657,NULL),(2274,'BackColor=-1;BorderColor=-1;BorderWidth=-1;FontColor=-1;VSwimLanes=0;HSwimLanes=0;BorderStyle=0;','BackColor=-1;BorderColor=-1;BorderWidth=-1;FontColor=-1;VSwimLanes=0;HSwimLanes=0;BorderStyle=0;',NULL,0,'BackColor=-1;BorderColor=-1;BorderWidth=-1;FontColor=-1;VSwimLanes=0;HSwimLanes=0;BorderStyle=0;',655,NULL),(2275,'{6F1B7E12-827B-4e44-B742-6E2BE65B23E4}','{6F1B7E12-827B-4e44-B742-6E2BE65B23E4}',NULL,0,'{6F1B7E12-827B-4e44-B742-6E2BE65B23E4}',660,NULL),(2276,'Not Specified','Not Specified',NULL,0,'Not Specified',661,NULL),(2277,'BackColor=-1;BorderColor=-1;BorderWidth=-1;FontColor=-1;VSwimLanes=0;HSwimLanes=0;BorderStyle=0;','BackColor=-1;BorderColor=-1;BorderWidth=-1;FontColor=-1;VSwimLanes=0;HSwimLanes=0;BorderStyle=0;',NULL,0,'BackColor=-1;BorderColor=-1;BorderWidth=-1;FontColor=-1;VSwimLanes=0;HSwimLanes=0;BorderStyle=0;',658,NULL),(2278,'{F836BE73-1052-4876-BA32-C91C27B0E175}','{F836BE73-1052-4876-BA32-C91C27B0E175}',NULL,0,'{F836BE73-1052-4876-BA32-C91C27B0E175}',663,NULL),(2279,'{CA992F6E-82D5-46fd-9310-41044090A583}','{CA992F6E-82D5-46fd-9310-41044090A583}',NULL,0,'{CA992F6E-82D5-46fd-9310-41044090A583}',664,NULL),(2280,'{F68C6C24-DDAA-488b-A02B-C64EF86F619D}','{F68C6C24-DDAA-488b-A02B-C64EF86F619D}',NULL,0,'{F68C6C24-DDAA-488b-A02B-C64EF86F619D}',665,NULL),(2281,'{AC22EBE4-8539-4329-9C36-2FD4FBB7CA07}','{AC22EBE4-8539-4329-9C36-2FD4FBB7CA07}',NULL,0,'{AC22EBE4-8539-4329-9C36-2FD4FBB7CA07}',666,NULL),(2282,'Not Specified','Not Specified',NULL,0,'Not Specified',667,NULL),(2283,'BackColor=-1;BorderColor=-1;BorderWidth=-1;FontColor=-1;VSwimLanes=0;HSwimLanes=0;BorderStyle=0;','BackColor=-1;BorderColor=-1;BorderWidth=-1;FontColor=-1;VSwimLanes=0;HSwimLanes=0;BorderStyle=0;',NULL,0,'BackColor=-1;BorderColor=-1;BorderWidth=-1;FontColor=-1;VSwimLanes=0;HSwimLanes=0;BorderStyle=0;',662,NULL),(2284,'{6F1B7E12-827B-4e44-B742-6E2BE65B23E4}','{6F1B7E12-827B-4e44-B742-6E2BE65B23E4}',NULL,0,'{6F1B7E12-827B-4e44-B742-6E2BE65B23E4}',669,NULL),(2285,'Not Specified','Not Specified',NULL,0,'Not Specified',670,NULL),(2286,'BackColor=-1;BorderColor=-1;BorderWidth=-1;FontColor=-1;VSwimLanes=0;HSwimLanes=0;BorderStyle=0;','BackColor=-1;BorderColor=-1;BorderWidth=-1;FontColor=-1;VSwimLanes=0;HSwimLanes=0;BorderStyle=0;',NULL,0,'BackColor=-1;BorderColor=-1;BorderWidth=-1;FontColor=-1;VSwimLanes=0;HSwimLanes=0;BorderStyle=0;',668,NULL),(2287,'volatile=0;','volatile=0;',NULL,0,'volatile=0;',672,NULL),(2288,'volatile=0;','volatile=0;',NULL,0,'volatile=0;',673,NULL),(2289,'{23734EB2-E4CD-4b15-8C3C-8D66BEB7C5F8}','{23734EB2-E4CD-4b15-8C3C-8D66BEB7C5F8}',NULL,0,'{23734EB2-E4CD-4b15-8C3C-8D66BEB7C5F8}',674,NULL),(2290,'Not Specified','Not Specified',NULL,0,'Not Specified',675,NULL),(2291,'BackColor=-1;BorderColor=-1;BorderWidth=-1;FontColor=-1;VSwimLanes=0;HSwimLanes=0;BorderStyle=0;','BackColor=-1;BorderColor=-1;BorderWidth=-1;FontColor=-1;VSwimLanes=0;HSwimLanes=0;BorderStyle=0;',NULL,0,'BackColor=-1;BorderColor=-1;BorderWidth=-1;FontColor=-1;VSwimLanes=0;HSwimLanes=0;BorderStyle=0;',671,NULL),(2292,'{6F1B7E12-827B-4e44-B742-6E2BE65B23E4}','{6F1B7E12-827B-4e44-B742-6E2BE65B23E4}',NULL,0,'{6F1B7E12-827B-4e44-B742-6E2BE65B23E4}',677,NULL),(2293,'Not Specified','Not Specified',NULL,0,'Not Specified',678,NULL),(2294,'BackColor=-1;BorderColor=-1;BorderWidth=-1;FontColor=-1;VSwimLanes=0;HSwimLanes=0;BorderStyle=0;','BackColor=-1;BorderColor=-1;BorderWidth=-1;FontColor=-1;VSwimLanes=0;HSwimLanes=0;BorderStyle=0;',NULL,0,'BackColor=-1;BorderColor=-1;BorderWidth=-1;FontColor=-1;VSwimLanes=0;HSwimLanes=0;BorderStyle=0;',676,NULL),(2295,'volatile=0;','volatile=0;',NULL,0,'volatile=0;',686,NULL),(2296,'{5339AD1B-D152-4dbe-90AE-A28C0253D749}','{5339AD1B-D152-4dbe-90AE-A28C0253D749}',NULL,0,'{5339AD1B-D152-4dbe-90AE-A28C0253D749}',687,NULL),(2297,'{BAFD1FAD-9A14-4b93-8AF4-D9CD98085982}','{BAFD1FAD-9A14-4b93-8AF4-D9CD98085982}',NULL,0,'{BAFD1FAD-9A14-4b93-8AF4-D9CD98085982}',688,NULL),(2298,'Not Specified','Not Specified',NULL,0,'Not Specified',689,NULL),(2299,'BackColor=-1;BorderColor=-1;BorderWidth=-1;FontColor=-1;VSwimLanes=0;HSwimLanes=0;BorderStyle=0;','BackColor=-1;BorderColor=-1;BorderWidth=-1;FontColor=-1;VSwimLanes=0;HSwimLanes=0;BorderStyle=0;',NULL,0,'BackColor=-1;BorderColor=-1;BorderWidth=-1;FontColor=-1;VSwimLanes=0;HSwimLanes=0;BorderStyle=0;',679,NULL),(2300,'volatile=0;','volatile=0;',NULL,0,'volatile=0;',698,NULL),(2301,'{5339AD1B-D152-4dbe-90AE-A28C0253D749}','{5339AD1B-D152-4dbe-90AE-A28C0253D749}',NULL,0,'{5339AD1B-D152-4dbe-90AE-A28C0253D749}',699,NULL),(2302,'{BCB72280-09B3-4e90-96E9-6CA7FD2918A8}','{BCB72280-09B3-4e90-96E9-6CA7FD2918A8}',NULL,0,'{BCB72280-09B3-4e90-96E9-6CA7FD2918A8}',700,NULL),(2303,'{BAFD1FAD-9A14-4b93-8AF4-D9CD98085982}','{BAFD1FAD-9A14-4b93-8AF4-D9CD98085982}',NULL,0,'{BAFD1FAD-9A14-4b93-8AF4-D9CD98085982}',701,NULL),(2304,'Not Specified','Not Specified',NULL,0,'Not Specified',702,NULL),(2305,'BackColor=-1;BorderColor=-1;BorderWidth=-1;FontColor=-1;VSwimLanes=0;HSwimLanes=0;BorderStyle=0;','BackColor=-1;BorderColor=-1;BorderWidth=-1;FontColor=-1;VSwimLanes=0;HSwimLanes=0;BorderStyle=0;',NULL,0,'BackColor=-1;BorderColor=-1;BorderWidth=-1;FontColor=-1;VSwimLanes=0;HSwimLanes=0;BorderStyle=0;',690,NULL),(2306,'{DAB2944B-70A2-427f-96E4-51EEFD46725D}','{DAB2944B-70A2-427f-96E4-51EEFD46725D}',NULL,0,'{DAB2944B-70A2-427f-96E4-51EEFD46725D}',706,NULL),(2307,'{2CF79481-8CC9-4826-974D-1A498CC9E39A}','{2CF79481-8CC9-4826-974D-1A498CC9E39A}',NULL,0,'{2CF79481-8CC9-4826-974D-1A498CC9E39A}',707,NULL),(2308,'{E1707B8E-276B-41aa-ACA6-08C4C036B24D}','{E1707B8E-276B-41aa-ACA6-08C4C036B24D}',NULL,0,'{E1707B8E-276B-41aa-ACA6-08C4C036B24D}',708,NULL),(2309,'Not Specified','Not Specified',NULL,0,'Not Specified',709,NULL),(2310,'volatile=0;','volatile=0;',NULL,0,'volatile=0;',710,NULL),(2311,'BackColor=-1;BorderColor=-1;BorderWidth=-1;FontColor=-1;VSwimLanes=0;HSwimLanes=0;BorderStyle=0;','BackColor=-1;BorderColor=-1;BorderWidth=-1;FontColor=-1;VSwimLanes=0;HSwimLanes=0;BorderStyle=0;',NULL,0,'BackColor=-1;BorderColor=-1;BorderWidth=-1;FontColor=-1;VSwimLanes=0;HSwimLanes=0;BorderStyle=0;',703,NULL),(2312,'{43021D7F-88FD-40d2-B0B1-D38896FD4283}','{43021D7F-88FD-40d2-B0B1-D38896FD4283}',NULL,0,'{43021D7F-88FD-40d2-B0B1-D38896FD4283}',712,NULL),(2313,'Not Specified','Not Specified',NULL,0,'Not Specified',713,NULL),(2314,'BackColor=-1;BorderColor=-1;BorderWidth=-1;FontColor=-1;VSwimLanes=0;HSwimLanes=0;BorderStyle=0;','BackColor=-1;BorderColor=-1;BorderWidth=-1;FontColor=-1;VSwimLanes=0;HSwimLanes=0;BorderStyle=0;',NULL,0,'BackColor=-1;BorderColor=-1;BorderWidth=-1;FontColor=-1;VSwimLanes=0;HSwimLanes=0;BorderStyle=0;',711,NULL),(2315,'{4CA1C2AA-4460-43d9-9390-44F32FECD123}','{4CA1C2AA-4460-43d9-9390-44F32FECD123}',NULL,0,'{4CA1C2AA-4460-43d9-9390-44F32FECD123}',716,NULL),(2316,'{E2F45753-5965-40fd-A026-51374F1BD043}','{E2F45753-5965-40fd-A026-51374F1BD043}',NULL,0,'{E2F45753-5965-40fd-A026-51374F1BD043}',717,NULL),(2317,'Not Specified','Not Specified',NULL,0,'Not Specified',718,NULL),(2318,'BackColor=-1;BorderColor=-1;BorderWidth=-1;FontColor=-1;VSwimLanes=0;HSwimLanes=0;BorderStyle=0;','BackColor=-1;BorderColor=-1;BorderWidth=-1;FontColor=-1;VSwimLanes=0;HSwimLanes=0;BorderStyle=0;',NULL,0,'BackColor=-1;BorderColor=-1;BorderWidth=-1;FontColor=-1;VSwimLanes=0;HSwimLanes=0;BorderStyle=0;',714,NULL),(2319,'{A077C0EA-0E3D-406c-9FA7-4B1E7B7BCD06}','{A077C0EA-0E3D-406c-9FA7-4B1E7B7BCD06}',NULL,0,'{A077C0EA-0E3D-406c-9FA7-4B1E7B7BCD06}',720,NULL),(2320,'Not Specified','Not Specified',NULL,0,'Not Specified',721,NULL),(2321,'BackColor=-1;BorderColor=-1;BorderWidth=-1;FontColor=-1;VSwimLanes=0;HSwimLanes=0;BorderStyle=0;','BackColor=-1;BorderColor=-1;BorderWidth=-1;FontColor=-1;VSwimLanes=0;HSwimLanes=0;BorderStyle=0;',NULL,0,'BackColor=-1;BorderColor=-1;BorderWidth=-1;FontColor=-1;VSwimLanes=0;HSwimLanes=0;BorderStyle=0;',719,NULL),(2322,'String','String',NULL,0,'String',725,NULL),(2323,'C25398','Clinical',NULL,1,'Relating to the examination and treatment of patients dependent on direct observation.  The term may also refer to the institution (clinic) providing this activity. (NCI)',726,NULL),(2324,'15','15',NULL,0,'15',726,NULL),(2325,'C43431','Activity',NULL,1,'The state of being active; any specific activity.',727,NULL),(2326,'{46EBD4EF-4942-4a82-B218-5C288FC7F630}','{46EBD4EF-4942-4a82-B218-5C288FC7F630}',NULL,0,'{46EBD4EF-4942-4a82-B218-5C288FC7F630}',727,NULL),(2327,'Not Specified','Not Specified',NULL,0,'Not Specified',728,NULL),(2328,'BackColor=-1;BorderColor=-1;BorderWidth=-1;FontColor=-1;VSwimLanes=0;HSwimLanes=0;BorderStyle=0;','BackColor=-1;BorderColor=-1;BorderWidth=-1;FontColor=-1;VSwimLanes=0;HSwimLanes=0;BorderStyle=0;',NULL,0,'BackColor=-1;BorderColor=-1;BorderWidth=-1;FontColor=-1;VSwimLanes=0;HSwimLanes=0;BorderStyle=0;',722,NULL),(2329,'{CF0192E1-D71E-4dd7-9A58-FF08088F4521}','{CF0192E1-D71E-4dd7-9A58-FF08088F4521}',NULL,0,'{CF0192E1-D71E-4dd7-9A58-FF08088F4521}',737,NULL),(2330,'{706371E1-FFA6-425f-9DE8-73837B0D7B39}','{706371E1-FFA6-425f-9DE8-73837B0D7B39}',NULL,0,'{706371E1-FFA6-425f-9DE8-73837B0D7B39}',738,NULL),(2331,'Not Specified','Not Specified',NULL,0,'Not Specified',739,NULL),(2332,'BackColor=-1;BorderColor=-1;BorderWidth=-1;FontColor=-1;VSwimLanes=0;HSwimLanes=0;BorderStyle=0;','BackColor=-1;BorderColor=-1;BorderWidth=-1;FontColor=-1;VSwimLanes=0;HSwimLanes=0;BorderStyle=0;',NULL,0,'BackColor=-1;BorderColor=-1;BorderWidth=-1;FontColor=-1;VSwimLanes=0;HSwimLanes=0;BorderStyle=0;',729,NULL),(2333,'Not Specified','Not Specified',NULL,0,'Not Specified',741,NULL),(2334,'C45273','Distribution',NULL,1,'The act of distributing or spreading or apportioning.',740,NULL),(2335,'BackColor=-1;BorderColor=-1;BorderWidth=-1;FontColor=-1;VSwimLanes=0;HSwimLanes=0;BorderStyle=0;','BackColor=-1;BorderColor=-1;BorderWidth=-1;FontColor=-1;VSwimLanes=0;HSwimLanes=0;BorderStyle=0;',NULL,0,'BackColor=-1;BorderColor=-1;BorderWidth=-1;FontColor=-1;VSwimLanes=0;HSwimLanes=0;BorderStyle=0;',740,NULL),(2336,'String','String',NULL,0,'String',758,NULL),(2337,'{5AC3D87E-CF85-4b7d-A6A1-B64DE20C3DEB}','{5AC3D87E-CF85-4b7d-A6A1-B64DE20C3DEB}',NULL,0,'{5AC3D87E-CF85-4b7d-A6A1-B64DE20C3DEB}',759,NULL),(2338,'C43431','Activity',NULL,1,'The state of being active; any specific activity.',760,NULL),(2339,'NCI','Status',NULL,0,'NCI',760,NULL),(2340,'Not Specified','Not Specified',NULL,0,'Not Specified',761,NULL),(2341,'BackColor=-1;BorderColor=-1;BorderWidth=-1;FontColor=-1;VSwimLanes=0;HSwimLanes=0;BorderStyle=0;','BackColor=-1;BorderColor=-1;BorderWidth=-1;FontColor=-1;VSwimLanes=0;HSwimLanes=0;BorderStyle=0;',NULL,0,'BackColor=-1;BorderColor=-1;BorderWidth=-1;FontColor=-1;VSwimLanes=0;HSwimLanes=0;BorderStyle=0;',754,NULL),(2342,'{B4716931-0512-4c68-A0CE-6921F20DF8D6}','{B4716931-0512-4c68-A0CE-6921F20DF8D6}',NULL,0,'{B4716931-0512-4c68-A0CE-6921F20DF8D6}',765,NULL),(2343,'{A01CD36C-E563-48f8-83BF-8ED318B87A8B}','{A01CD36C-E563-48f8-83BF-8ED318B87A8B}',NULL,0,'{A01CD36C-E563-48f8-83BF-8ED318B87A8B}',766,NULL),(2344,'{6E0B5E6D-6B98-45a6-90EB-9D35DBA3AAF2}','{6E0B5E6D-6B98-45a6-90EB-9D35DBA3AAF2}',NULL,0,'{6E0B5E6D-6B98-45a6-90EB-9D35DBA3AAF2}',767,NULL),(2345,'{25120EB2-1C64-4543-94A5-600C43277CC0}','{25120EB2-1C64-4543-94A5-600C43277CC0}',NULL,0,'{25120EB2-1C64-4543-94A5-600C43277CC0}',768,NULL),(2346,'Not Specified','Not Specified',NULL,0,'Not Specified',769,NULL),(2347,'BackColor=-1;BorderColor=-1;BorderWidth=-1;FontColor=-1;VSwimLanes=0;HSwimLanes=0;BorderStyle=0;','BackColor=-1;BorderColor=-1;BorderWidth=-1;FontColor=-1;VSwimLanes=0;HSwimLanes=0;BorderStyle=0;',NULL,0,'BackColor=-1;BorderColor=-1;BorderWidth=-1;FontColor=-1;VSwimLanes=0;HSwimLanes=0;BorderStyle=0;',762,NULL),(2348,'{CF0192E1-D71E-4dd7-9A58-FF08088F4521}','{CF0192E1-D71E-4dd7-9A58-FF08088F4521}',NULL,0,'{CF0192E1-D71E-4dd7-9A58-FF08088F4521}',778,NULL),(2349,'{706371E1-FFA6-425f-9DE8-73837B0D7B39}','{706371E1-FFA6-425f-9DE8-73837B0D7B39}',NULL,0,'{706371E1-FFA6-425f-9DE8-73837B0D7B39}',779,NULL),(2350,'Not Specified','Not Specified',NULL,0,'Not Specified',780,NULL),(2351,'BackColor=-1;BorderColor=-1;BorderWidth=-1;FontColor=-1;VSwimLanes=0;HSwimLanes=0;BorderStyle=0;','BackColor=-1;BorderColor=-1;BorderWidth=-1;FontColor=-1;VSwimLanes=0;HSwimLanes=0;BorderStyle=0;',NULL,0,'BackColor=-1;BorderColor=-1;BorderWidth=-1;FontColor=-1;VSwimLanes=0;HSwimLanes=0;BorderStyle=0;',770,NULL),(2352,'{CF0192E1-D71E-4dd7-9A58-FF08088F4521}','{CF0192E1-D71E-4dd7-9A58-FF08088F4521}',NULL,0,'{CF0192E1-D71E-4dd7-9A58-FF08088F4521}',789,NULL),(2353,'{9C630E65-5B9A-44a9-B455-EF2925561782}','{9C630E65-5B9A-44a9-B455-EF2925561782}',NULL,0,'{9C630E65-5B9A-44a9-B455-EF2925561782}',790,NULL),(2354,'{E29924B4-0E8B-40f8-8472-122635F6FE95}','{E29924B4-0E8B-40f8-8472-122635F6FE95}',NULL,0,'{E29924B4-0E8B-40f8-8472-122635F6FE95}',791,NULL),(2355,'{706371E1-FFA6-425f-9DE8-73837B0D7B39}','{706371E1-FFA6-425f-9DE8-73837B0D7B39}',NULL,0,'{706371E1-FFA6-425f-9DE8-73837B0D7B39}',792,NULL),(2356,'Not Specified','Not Specified',NULL,0,'Not Specified',793,NULL),(2357,'BackColor=-1;BorderColor=-1;BorderWidth=-1;FontColor=-1;VSwimLanes=0;HSwimLanes=0;BorderStyle=0;','BackColor=-1;BorderColor=-1;BorderWidth=-1;FontColor=-1;VSwimLanes=0;HSwimLanes=0;BorderStyle=0;',NULL,0,'BackColor=-1;BorderColor=-1;BorderWidth=-1;FontColor=-1;VSwimLanes=0;HSwimLanes=0;BorderStyle=0;',781,NULL),(2358,'Not Specified','Not Specified',NULL,0,'Not Specified',799,NULL),(2359,'{706371E1-FFA6-425f-9DE8-73837B0D7B39}','{706371E1-FFA6-425f-9DE8-73837B0D7B39}',NULL,0,'{706371E1-FFA6-425f-9DE8-73837B0D7B39}',800,NULL),(2360,'{0B51FB54-8CF4-4e02-BD19-702B1019B430}','{0B51FB54-8CF4-4e02-BD19-702B1019B430}',NULL,0,'{0B51FB54-8CF4-4e02-BD19-702B1019B430}',801,NULL),(2361,'{E29924B4-0E8B-40f8-8472-122635F6FE95}','{E29924B4-0E8B-40f8-8472-122635F6FE95}',NULL,0,'{E29924B4-0E8B-40f8-8472-122635F6FE95}',802,NULL),(2362,'{9C630E65-5B9A-44a9-B455-EF2925561782}','{9C630E65-5B9A-44a9-B455-EF2925561782}',NULL,0,'{9C630E65-5B9A-44a9-B455-EF2925561782}',803,NULL),(2363,'{CF0192E1-D71E-4dd7-9A58-FF08088F4521}','{CF0192E1-D71E-4dd7-9A58-FF08088F4521}',NULL,0,'{CF0192E1-D71E-4dd7-9A58-FF08088F4521}',804,NULL),(2364,'{B9D57BC2-91B4-4daf-B2F1-68674615ADAB}','{B9D57BC2-91B4-4daf-B2F1-68674615ADAB}',NULL,0,'{B9D57BC2-91B4-4daf-B2F1-68674615ADAB}',805,NULL),(2365,'BackColor=-1;BorderColor=-1;BorderWidth=-1;FontColor=-1;VSwimLanes=0;HSwimLanes=0;BorderStyle=0;','BackColor=-1;BorderColor=-1;BorderWidth=-1;FontColor=-1;VSwimLanes=0;HSwimLanes=0;BorderStyle=0;',NULL,0,'BackColor=-1;BorderColor=-1;BorderWidth=-1;FontColor=-1;VSwimLanes=0;HSwimLanes=0;BorderStyle=0;',794,NULL),(2366,'Not Specified','Not Specified',NULL,0,'Not Specified',817,NULL),(2367,'{706371E1-FFA6-425f-9DE8-73837B0D7B39}','{706371E1-FFA6-425f-9DE8-73837B0D7B39}',NULL,0,'{706371E1-FFA6-425f-9DE8-73837B0D7B39}',818,NULL),(2368,'{E29924B4-0E8B-40f8-8472-122635F6FE95}','{E29924B4-0E8B-40f8-8472-122635F6FE95}',NULL,0,'{E29924B4-0E8B-40f8-8472-122635F6FE95}',819,NULL),(2369,'{9C630E65-5B9A-44a9-B455-EF2925561782}','{9C630E65-5B9A-44a9-B455-EF2925561782}',NULL,0,'{9C630E65-5B9A-44a9-B455-EF2925561782}',820,NULL),(2370,'{CF0192E1-D71E-4dd7-9A58-FF08088F4521}','{CF0192E1-D71E-4dd7-9A58-FF08088F4521}',NULL,0,'{CF0192E1-D71E-4dd7-9A58-FF08088F4521}',821,NULL),(2371,'BackColor=-1;BorderColor=-1;BorderWidth=-1;FontColor=-1;VSwimLanes=0;HSwimLanes=0;BorderStyle=0;','BackColor=-1;BorderColor=-1;BorderWidth=-1;FontColor=-1;VSwimLanes=0;HSwimLanes=0;BorderStyle=0;',NULL,0,'BackColor=-1;BorderColor=-1;BorderWidth=-1;FontColor=-1;VSwimLanes=0;HSwimLanes=0;BorderStyle=0;',812,NULL),(2372,'C43431','Activity',NULL,1,'The state of being active; any specific activity.',836,NULL),(2373,'NCI','NCI',NULL,0,'NCI',836,NULL),(2374,'C42651','Protocol',NULL,2,'A rule which guides how an activity should be performed; a set of formal rules used to specify the format of an exchange of data.',837,NULL),(2375,'C29867','Participant',NULL,1,'Someone who takes part in an activity.',837,NULL),(2376,'{847A1C47-BACC-452c-B3E8-31EB3BDA5A9A}','{847A1C47-BACC-452c-B3E8-31EB3BDA5A9A}',NULL,0,'{847A1C47-BACC-452c-B3E8-31EB3BDA5A9A}',837,NULL),(2377,'Not Specified','Not Specified',NULL,0,'Not Specified',838,NULL),(2378,'C25646','Registration',NULL,1,'The act of enrolling.',839,NULL),(2379,'1','1',NULL,0,'1',839,NULL),(2380,'C25453','Collection',NULL,3,'The act of gathering things together; having been brought together in one place.',830,NULL),(2381,'C42651','Protocol',NULL,2,'A rule which guides how an activity should be performed; a set of formal rules used to specify the format of an exchange of data.',830,NULL),(2382,'C29867','Participant',NULL,1,'Someone who takes part in an activity.',830,NULL),(2383,'BackColor=-1;BorderColor=-1;BorderWidth=-1;FontColor=-1;VSwimLanes=0;HSwimLanes=0;BorderStyle=0;','BackColor=-1;BorderColor=-1;BorderWidth=-1;FontColor=-1;VSwimLanes=0;HSwimLanes=0;BorderStyle=0;',NULL,0,'BackColor=-1;BorderColor=-1;BorderWidth=-1;FontColor=-1;VSwimLanes=0;HSwimLanes=0;BorderStyle=0;',830,NULL),(2384,'{D7513F92-FB2E-437f-840E-D22E1B5D3961}','{D7513F92-FB2E-437f-840E-D22E1B5D3961}',NULL,0,'{D7513F92-FB2E-437f-840E-D22E1B5D3961}',842,NULL),(2385,'Not Specified','Not Specified',NULL,0,'Not Specified',843,NULL),(2386,'BackColor=-1;BorderColor=-1;BorderWidth=-1;FontColor=-1;VSwimLanes=0;HSwimLanes=0;BorderStyle=0;','BackColor=-1;BorderColor=-1;BorderWidth=-1;FontColor=-1;VSwimLanes=0;HSwimLanes=0;BorderStyle=0;',NULL,0,'BackColor=-1;BorderColor=-1;BorderWidth=-1;FontColor=-1;VSwimLanes=0;HSwimLanes=0;BorderStyle=0;',840,NULL),(2387,'k12345','k12345',NULL,0,'k12345',NULL,1687),(2388,'k12345','k12345',NULL,0,'k12345',NULL,1688),(2389,'k12345','k12345',NULL,0,'k12345',NULL,1689),(2390,'k12345','k12345',NULL,0,'k12345',NULL,1690),(2391,'volatile=0;','volatile=0;',NULL,0,'volatile=0;',845,NULL),(2392,'{60DC7EA3-ED80-4eab-94C8-91C2F65D4E03}','{60DC7EA3-ED80-4eab-94C8-91C2F65D4E03}',NULL,0,'{60DC7EA3-ED80-4eab-94C8-91C2F65D4E03}',846,NULL),(2393,'{87A9DCD3-3980-4147-B0E9-634B667682ED}','{87A9DCD3-3980-4147-B0E9-634B667682ED}',NULL,0,'{87A9DCD3-3980-4147-B0E9-634B667682ED}',847,NULL),(2394,'Not Specified','Not Specified',NULL,0,'Not Specified',848,NULL),(2395,'k12345','k12345',NULL,0,'k12345',NULL,1691),(2396,'k12345','k12345',NULL,0,'k12345',NULL,1692),(2397,'k12345','k12345',NULL,0,'k12345',NULL,1693),(2398,'k12345','k12345',NULL,0,'k12345',NULL,1694),(2399,'{714B0C34-60EA-48f5-B500-A9FBD4AAF6CC}','{714B0C34-60EA-48f5-B500-A9FBD4AAF6CC}',NULL,0,'{714B0C34-60EA-48f5-B500-A9FBD4AAF6CC}',849,NULL),(2400,'{C3FE6413-8E52-4b39-8493-F8E21949EB12}','{C3FE6413-8E52-4b39-8493-F8E21949EB12}',NULL,0,'{C3FE6413-8E52-4b39-8493-F8E21949EB12}',850,NULL),(2401,'{9A3E72A1-6D83-4a88-93D2-49288F750BD4}','{9A3E72A1-6D83-4a88-93D2-49288F750BD4}',NULL,0,'{9A3E72A1-6D83-4a88-93D2-49288F750BD4}',851,NULL),(2402,'k12345','k12345',NULL,0,'k12345',NULL,1695),(2403,'k12345','k12345',NULL,0,'k12345',NULL,1696),(2404,'k12345','k12345',NULL,0,'k12345',NULL,1697),(2405,'k12345','k12345',NULL,0,'k12345',NULL,1698),(2406,'volatile=0;','volatile=0;',NULL,0,'volatile=0;',852,NULL),(2407,'{0701021F-5C4A-4d89-819D-5B30A610073E}','{0701021F-5C4A-4d89-819D-5B30A610073E}',NULL,0,'{0701021F-5C4A-4d89-819D-5B30A610073E}',853,NULL),(2408,'{FA29823D-BD6C-4253-9F30-B67EE9BE21BF}','{FA29823D-BD6C-4253-9F30-B67EE9BE21BF}',NULL,0,'{FA29823D-BD6C-4253-9F30-B67EE9BE21BF}',854,NULL),(2409,'{58634135-C4F0-456d-B014-BD57AD5C6E1C}','{58634135-C4F0-456d-B014-BD57AD5C6E1C}',NULL,0,'{58634135-C4F0-456d-B014-BD57AD5C6E1C}',855,NULL),(2410,'k12345','k12345',NULL,0,'k12345',NULL,1699),(2411,'k12345','k12345',NULL,0,'k12345',NULL,1700),(2412,'k12345','k12345',NULL,0,'k12345',NULL,1701),(2413,'k12345','k12345',NULL,0,'k12345',NULL,1702),(2414,'k12345','k12345',NULL,0,'k12345',NULL,1703),(2415,'k12345','k12345',NULL,0,'k12345',NULL,1704),(2416,'k12345','k12345',NULL,0,'k12345',NULL,1705),(2417,'k12345','k12345',NULL,0,'k12345',NULL,1706),(2418,'k12345','k12345',NULL,0,'k12345',NULL,1707),(2419,'k12345','k12345',NULL,0,'k12345',NULL,1708),(2420,'volatile=0;','volatile=0;',NULL,0,'volatile=0;',856,NULL),(2421,'BackColor=-1;BorderColor=-1;BorderWidth=-1;FontColor=-1;VSwimLanes=0;HSwimLanes=0;BorderStyle=0;','BackColor=-1;BorderColor=-1;BorderWidth=-1;FontColor=-1;VSwimLanes=0;HSwimLanes=0;BorderStyle=0;',NULL,0,'BackColor=-1;BorderColor=-1;BorderWidth=-1;FontColor=-1;VSwimLanes=0;HSwimLanes=0;BorderStyle=0;',844,NULL),(2422,'{CF0192E1-D71E-4dd7-9A58-FF08088F4521}','{CF0192E1-D71E-4dd7-9A58-FF08088F4521}',NULL,0,'{CF0192E1-D71E-4dd7-9A58-FF08088F4521}',865,NULL),(2423,'{706371E1-FFA6-425f-9DE8-73837B0D7B39}','{706371E1-FFA6-425f-9DE8-73837B0D7B39}',NULL,0,'{706371E1-FFA6-425f-9DE8-73837B0D7B39}',866,NULL),(2424,'Not Specified','Not Specified',NULL,0,'Not Specified',867,NULL),(2425,'BackColor=-1;BorderColor=-1;BorderWidth=-1;FontColor=-1;VSwimLanes=0;HSwimLanes=0;BorderStyle=0;','BackColor=-1;BorderColor=-1;BorderWidth=-1;FontColor=-1;VSwimLanes=0;HSwimLanes=0;BorderStyle=0;',NULL,0,'BackColor=-1;BorderColor=-1;BorderWidth=-1;FontColor=-1;VSwimLanes=0;HSwimLanes=0;BorderStyle=0;',857,NULL),(2426,'{706371E1-FFA6-425f-9DE8-73837B0D7B39}','{706371E1-FFA6-425f-9DE8-73837B0D7B39}',NULL,0,'{706371E1-FFA6-425f-9DE8-73837B0D7B39}',873,NULL),(2427,'Not Specified','Not Specified',NULL,0,'Not Specified',874,NULL),(2428,'{CF0192E1-D71E-4dd7-9A58-FF08088F4521}','{CF0192E1-D71E-4dd7-9A58-FF08088F4521}',NULL,0,'{CF0192E1-D71E-4dd7-9A58-FF08088F4521}',875,NULL),(2429,'{3CFA5750-3027-4edf-86DE-E3922FAD682F}','{3CFA5750-3027-4edf-86DE-E3922FAD682F}',NULL,0,'{3CFA5750-3027-4edf-86DE-E3922FAD682F}',876,NULL),(2430,'BackColor=-1;BorderColor=-1;BorderWidth=-1;FontColor=-1;VSwimLanes=0;HSwimLanes=0;BorderStyle=0;','BackColor=-1;BorderColor=-1;BorderWidth=-1;FontColor=-1;VSwimLanes=0;HSwimLanes=0;BorderStyle=0;',NULL,0,'BackColor=-1;BorderColor=-1;BorderWidth=-1;FontColor=-1;VSwimLanes=0;HSwimLanes=0;BorderStyle=0;',868,NULL),(2431,'Not Specified','Not Specified',NULL,0,'Not Specified',889,NULL),(2432,'{706371E1-FFA6-425f-9DE8-73837B0D7B39}','{706371E1-FFA6-425f-9DE8-73837B0D7B39}',NULL,0,'{706371E1-FFA6-425f-9DE8-73837B0D7B39}',890,NULL),(2433,'{CF0192E1-D71E-4dd7-9A58-FF08088F4521}','{CF0192E1-D71E-4dd7-9A58-FF08088F4521}',NULL,0,'{CF0192E1-D71E-4dd7-9A58-FF08088F4521}',891,NULL),(2434,'BackColor=-1;BorderColor=-1;BorderWidth=-1;FontColor=-1;VSwimLanes=0;HSwimLanes=0;BorderStyle=0;','BackColor=-1;BorderColor=-1;BorderWidth=-1;FontColor=-1;VSwimLanes=0;HSwimLanes=0;BorderStyle=0;',NULL,0,'BackColor=-1;BorderColor=-1;BorderWidth=-1;FontColor=-1;VSwimLanes=0;HSwimLanes=0;BorderStyle=0;',886,NULL),(2435,'false','false',NULL,0,'false',908,NULL),(2436,'Not Specified','Value',NULL,0,'Not Specified',909,NULL),(2437,'Not Specified','Not Specified',NULL,0,'Not Specified',910,NULL),(2438,'C44280','External',NULL,1,'Happening or arising or located outside or beyond some limits, or especially, some surface.',902,NULL),(2439,'BackColor=-1;BorderColor=-1;BorderWidth=-1;FontColor=-1;VSwimLanes=0;HSwimLanes=0;BorderStyle=0;','BackColor=-1;BorderColor=-1;BorderWidth=-1;FontColor=-1;VSwimLanes=0;HSwimLanes=0;BorderStyle=0;',NULL,0,'BackColor=-1;BorderColor=-1;BorderWidth=-1;FontColor=-1;VSwimLanes=0;HSwimLanes=0;BorderStyle=0;',902,NULL),(2440,'C25364','volatile=0;',NULL,0,'volatile=0;',913,NULL),(2441,'C41116','Question',NULL,1,'A sentence of inquiry that asks for a reply; a request for information (e.g., a formal request to a database or search engine).',914,NULL),(2442,'volatile=0;','volatile=0;',NULL,0,'volatile=0;',914,NULL),(2443,'C45269','Audit',NULL,3,'A methodical examination or review of a condition or situation.',911,NULL),(2444,'C25499','Event',NULL,2,'Something that happens at a given place and time.',911,NULL),(2445,'C41116','Question',NULL,1,'A sentence of inquiry that asks for a reply; a request for information (e.g., a formal request to a database or search engine).',911,NULL),(2446,'BackColor=-1;BorderColor=-1;BorderWidth=-1;FontColor=-1;VSwimLanes=0;HSwimLanes=0;BorderStyle=0;','BackColor=-1;BorderColor=-1;BorderWidth=-1;FontColor=-1;VSwimLanes=0;HSwimLanes=0;BorderStyle=0;',NULL,0,'BackColor=-1;BorderColor=-1;BorderWidth=-1;FontColor=-1;VSwimLanes=0;HSwimLanes=0;BorderStyle=0;',911,NULL),(2447,'false','false',NULL,0,'false',917,NULL),(2448,'0','0',NULL,0,'0',918,NULL),(2449,'String','String',NULL,0,'String',919,NULL),(2450,'Not Specified','Not Specified',NULL,0,'Not Specified',920,NULL),(2451,'C45269','Audit',NULL,1,'A methodical examination or review of a condition or situation.',915,NULL),(2452,'BackColor=-1;BorderColor=-1;BorderWidth=-1;FontColor=-1;VSwimLanes=0;HSwimLanes=0;BorderStyle=0;','BackColor=-1;BorderColor=-1;BorderWidth=-1;FontColor=-1;VSwimLanes=0;HSwimLanes=0;BorderStyle=0;',NULL,0,'BackColor=-1;BorderColor=-1;BorderWidth=-1;FontColor=-1;VSwimLanes=0;HSwimLanes=0;BorderStyle=0;',915,NULL),(2453,'C25499','Event',NULL,1,'Something that happens at a given place and time.',922,NULL),(2454,'324','324',NULL,0,'324',922,NULL),(2455,'C45281','Object',NULL,1,'Something perceptible by one or more of the senses, especially by vision or touch; a material thing. (dictionary.com)',923,NULL),(2456,'Not Specified','Not Specified',NULL,0,'Not Specified',923,NULL),(2457,'Not Specified','Not Specified',NULL,0,'Not Specified',924,NULL),(2458,'C45281','Object',NULL,1,'Something perceptible by one or more of the senses, especially by vision or touch; a material thing. (dictionary.com)',925,NULL),(2459,'0','0',NULL,0,'0',925,NULL),(2460,'C45269','Audit',NULL,2,'A methodical examination or review of a condition or situation.',921,NULL),(2461,'C25499','Event',NULL,1,'Something that happens at a given place and time.',921,NULL),(2462,'BackColor=-1;BorderColor=-1;BorderWidth=-1;FontColor=-1;VSwimLanes=0;HSwimLanes=0;BorderStyle=0;','BackColor=-1;BorderColor=-1;BorderWidth=-1;FontColor=-1;VSwimLanes=0;HSwimLanes=0;BorderStyle=0;',NULL,0,'BackColor=-1;BorderColor=-1;BorderWidth=-1;FontColor=-1;VSwimLanes=0;HSwimLanes=0;BorderStyle=0;',921,NULL),(2463,'volatile=0;','volatile=0;',NULL,0,'volatile=0;',928,NULL),(2464,'volatile=0;','volatile=0;',NULL,0,'volatile=0;',929,NULL),(2465,'{E9764BE5-1736-4c1d-AA5F-594ECDEEEF20}','{E9764BE5-1736-4c1d-AA5F-594ECDEEEF20}',NULL,0,'{E9764BE5-1736-4c1d-AA5F-594ECDEEEF20}',930,NULL),(2466,'Not Specified','Not Specified',NULL,0,'Not Specified',931,NULL),(2467,'BackColor=-1;BorderColor=-1;BorderWidth=-1;FontColor=-1;VSwimLanes=0;HSwimLanes=0;BorderStyle=0;','BackColor=-1;BorderColor=-1;BorderWidth=-1;FontColor=-1;VSwimLanes=0;HSwimLanes=0;BorderStyle=0;',NULL,0,'BackColor=-1;BorderColor=-1;BorderWidth=-1;FontColor=-1;VSwimLanes=0;HSwimLanes=0;BorderStyle=0;',926,NULL),(2468,'k12345','k12345',NULL,0,'k12345',NULL,1709),(2469,'k12345','k12345',NULL,0,'k12345',NULL,1710),(2470,'k12345','k12345',NULL,0,'k12345',NULL,1711),(2471,'k12345','k12345',NULL,0,'k12345',NULL,1712),(2472,'k12345','k12345',NULL,0,'k12345',NULL,1713),(2473,'k12345','k12345',NULL,0,'k12345',NULL,1714),(2474,'k12345','k12345',NULL,0,'k12345',NULL,1715),(2475,'k12345','k12345',NULL,0,'k12345',NULL,1716),(2476,'k12345','k12345',NULL,0,'k12345',NULL,1717),(2477,'k12345','k12345',NULL,0,'k12345',NULL,1718),(2478,'k12345','k12345',NULL,0,'k12345',NULL,1719),(2479,'k12345','k12345',NULL,0,'k12345',NULL,1720),(2480,'k12345','k12345',NULL,0,'k12345',NULL,1721),(2481,'k12345','k12345',NULL,0,'k12345',NULL,1722),(2482,'k12345','k12345',NULL,0,'k12345',NULL,1723),(2483,'k12345','k12345',NULL,0,'k12345',NULL,1724),(2484,'k12345','k12345',NULL,0,'k12345',NULL,1725),(2485,'k12345','k12345',NULL,0,'k12345',NULL,1726),(2486,'k12345','k12345',NULL,0,'k12345',NULL,1727),(2487,'k12345','k12345',NULL,0,'k12345',NULL,1728),(2488,'k12345','k12345',NULL,0,'k12345',NULL,1729),(2489,'k12345','k12345',NULL,0,'k12345',NULL,1730),(2490,'k12345','k12345',NULL,0,'k12345',NULL,1731),(2491,'k12345','k12345',NULL,0,'k12345',NULL,1732),(2492,'k12345','k12345',NULL,0,'k12345',NULL,1733),(2493,'k12345','k12345',NULL,0,'k12345',NULL,1734),(2494,'k12345','k12345',NULL,0,'k12345',NULL,1735),(2495,'k12345','k12345',NULL,0,'k12345',NULL,1736),(2496,'k12345','k12345',NULL,0,'k12345',NULL,1737),(2497,'k12345','k12345',NULL,0,'k12345',NULL,1738),(2498,'k12345','k12345',NULL,0,'k12345',NULL,1739),(2499,'k12345','k12345',NULL,0,'k12345',NULL,1740),(2500,'k12345','k12345',NULL,0,'k12345',NULL,1741),(2501,'k12345','k12345',NULL,0,'k12345',NULL,1742),(2502,'k12345','k12345',NULL,0,'k12345',NULL,1743),(2503,'k12345','k12345',NULL,0,'k12345',NULL,1744),(2504,'k12345','k12345',NULL,0,'k12345',NULL,1745),(2505,'k12345','k12345',NULL,0,'k12345',NULL,1746),(2506,'k12345','k12345',NULL,0,'k12345',NULL,1747),(2507,'k12345','k12345',NULL,0,'k12345',NULL,1748),(2508,'k12345','k12345',NULL,0,'k12345',NULL,1749),(2509,'k12345','k12345',NULL,0,'k12345',NULL,1750),(2510,'k12345','k12345',NULL,0,'k12345',NULL,1751),(2511,'k12345','k12345',NULL,0,'k12345',NULL,1752),(2512,'k12345','k12345',NULL,0,'k12345',NULL,1753),(2513,'k12345','k12345',NULL,0,'k12345',NULL,1754),(2514,'k12345','k12345',NULL,0,'k12345',NULL,1755),(2515,'k12345','k12345',NULL,0,'k12345',NULL,1756),(2516,'k12345','k12345',NULL,0,'k12345',NULL,1757),(2517,'k12345','k12345',NULL,0,'k12345',NULL,1758),(2518,'k12345','k12345',NULL,0,'k12345',NULL,1759),(2519,'k12345','k12345',NULL,0,'k12345',NULL,1760),(2520,'k12345','k12345',NULL,0,'k12345',NULL,1761),(2521,'k12345','k12345',NULL,0,'k12345',NULL,1762),(2522,'k12345','k12345',NULL,0,'k12345',NULL,1763),(2523,'k12345','k12345',NULL,0,'k12345',NULL,1764),(2524,'k12345','k12345',NULL,0,'k12345',NULL,1765),(2525,'k12345','k12345',NULL,0,'k12345',NULL,1766),(2526,'k12345','k12345',NULL,0,'k12345',NULL,1767),(2527,'k12345','k12345',NULL,0,'k12345',NULL,1768),(2528,'k12345','k12345',NULL,0,'k12345',NULL,1769),(2529,'k12345','k12345',NULL,0,'k12345',NULL,1770),(2530,'k12345','k12345',NULL,0,'k12345',NULL,1771),(2531,'k12345','k12345',NULL,0,'k12345',NULL,1772),(2532,'k12345','k12345',NULL,0,'k12345',NULL,1773),(2533,'k12345','k12345',NULL,0,'k12345',NULL,1774),(2534,'k12345','k12345',NULL,0,'k12345',NULL,1775),(2535,'k12345','k12345',NULL,0,'k12345',NULL,1776),(2536,'k12345','k12345',NULL,0,'k12345',NULL,1777),(2537,'k12345','k12345',NULL,0,'k12345',NULL,1778),(2538,'k12345','k12345',NULL,0,'k12345',NULL,1779),(2539,'k12345','k12345',NULL,0,'k12345',NULL,1780),(2540,'k12345','k12345',NULL,0,'k12345',NULL,1781),(2541,'k12345','k12345',NULL,0,'k12345',NULL,1782),(2542,'k12345','k12345',NULL,0,'k12345',NULL,1783),(2543,'k12345','k12345',NULL,0,'k12345',NULL,1784),(2544,'k12345','k12345',NULL,0,'k12345',NULL,1785),(2545,'k12345','k12345',NULL,0,'k12345',NULL,1786),(2546,'k12345','k12345',NULL,0,'k12345',NULL,1787),(2547,'k12345','k12345',NULL,0,'k12345',NULL,1788),(2548,'k12345','k12345',NULL,0,'k12345',NULL,1789),(2549,'k12345','k12345',NULL,0,'k12345',NULL,1790),(2550,'k12345','k12345',NULL,0,'k12345',NULL,1791),(2551,'k12345','k12345',NULL,0,'k12345',NULL,1792),(2552,'k12345','k12345',NULL,0,'k12345',NULL,1793),(2553,'k12345','k12345',NULL,0,'k12345',NULL,1794),(2554,'k12345','k12345',NULL,0,'k12345',NULL,1795),(2555,'k12345','k12345',NULL,0,'k12345',NULL,1796),(2556,'k12345','k12345',NULL,0,'k12345',NULL,1797),(2557,'k12345','k12345',NULL,0,'k12345',NULL,1798),(2558,'k12345','k12345',NULL,0,'k12345',NULL,1799),(2559,'k12345','k12345',NULL,0,'k12345',NULL,1800),(2560,'k12345','k12345',NULL,0,'k12345',NULL,1801),(2561,'k12345','k12345',NULL,0,'k12345',NULL,1802),(2562,'k12345','k12345',NULL,0,'k12345',NULL,1803),(2563,'k12345','k12345',NULL,0,'k12345',NULL,1804),(2564,'k12345','k12345',NULL,0,'k12345',NULL,1805),(2565,'k12345','k12345',NULL,0,'k12345',NULL,1806),(2566,'k12345','k12345',NULL,0,'k12345',NULL,1807),(2567,'k12345','k12345',NULL,0,'k12345',NULL,1808),(2568,'k12345','k12345',NULL,0,'k12345',NULL,1809),(2569,'k12345','k12345',NULL,0,'k12345',NULL,1810),(2570,'k12345','k12345',NULL,0,'k12345',NULL,1811),(2571,'k12345','k12345',NULL,0,'k12345',NULL,1812),(2572,'k12345','k12345',NULL,0,'k12345',NULL,1813),(2573,'k12345','k12345',NULL,0,'k12345',NULL,1814),(2574,'k12345','k12345',NULL,0,'k12345',NULL,1815),(2575,'k12345','k12345',NULL,0,'k12345',NULL,1816),(2576,'k12345','k12345',NULL,0,'k12345',NULL,1817),(2577,'k12345','k12345',NULL,0,'k12345',NULL,1818),(2578,'k12345','k12345',NULL,0,'k12345',NULL,1819),(2579,'k12345','k12345',NULL,0,'k12345',NULL,1820),(2580,'k12345','k12345',NULL,0,'k12345',NULL,1821),(2581,'k12345','k12345',NULL,0,'k12345',NULL,1822),(2582,'k12345','k12345',NULL,0,'k12345',NULL,1823),(2583,'k12345','k12345',NULL,0,'k12345',NULL,1824),(2584,'k12345','k12345',NULL,0,'k12345',NULL,1825),(2585,'k12345','k12345',NULL,0,'k12345',NULL,1826),(2586,'k12345','k12345',NULL,0,'k12345',NULL,1827),(2587,'k12345','k12345',NULL,0,'k12345',NULL,1828),(2588,'k12345','k12345',NULL,0,'k12345',NULL,1829),(2589,'k12345','k12345',NULL,0,'k12345',NULL,1830),(2590,'k12345','k12345',NULL,0,'k12345',NULL,1831),(2591,'k12345','k12345',NULL,0,'k12345',NULL,1832),(2592,'k12345','k12345',NULL,0,'k12345',NULL,1833),(2593,'k12345','k12345',NULL,0,'k12345',NULL,1834),(2594,'k12345','k12345',NULL,0,'k12345',NULL,1835),(2595,'k12345','k12345',NULL,0,'k12345',NULL,1836),(2596,'k12345','k12345',NULL,0,'k12345',NULL,1837),(2597,'k12345','k12345',NULL,0,'k12345',NULL,1838),(2598,'k12345','k12345',NULL,0,'k12345',NULL,1839),(2599,'k12345','k12345',NULL,0,'k12345',NULL,1840),(2600,'k12345','k12345',NULL,0,'k12345',NULL,1841),(2601,'k12345','k12345',NULL,0,'k12345',NULL,1842),(2602,'k12345','k12345',NULL,0,'k12345',NULL,1843),(2603,'k12345','k12345',NULL,0,'k12345',NULL,1844),(2604,'k12345','k12345',NULL,0,'k12345',NULL,1845),(2605,'k12345','k12345',NULL,0,'k12345',NULL,1846),(2606,'k12345','k12345',NULL,0,'k12345',NULL,1847),(2607,'k12345','k12345',NULL,0,'k12345',NULL,1848),(2608,'k12345','k12345',NULL,0,'k12345',NULL,1849),(2609,'k12345','k12345',NULL,0,'k12345',NULL,1850),(2610,'k12345','k12345',NULL,0,'k12345',NULL,1851),(2611,'k12345','k12345',NULL,0,'k12345',NULL,1852),(2612,'k12345','k12345',NULL,0,'k12345',NULL,1853),(2613,'k12345','k12345',NULL,0,'k12345',NULL,1854),(2614,'k12345','k12345',NULL,0,'k12345',NULL,1855),(2615,'k12345','k12345',NULL,0,'k12345',NULL,1856),(2616,'k12345','k12345',NULL,0,'k12345',NULL,1857),(2617,'k12345','k12345',NULL,0,'k12345',NULL,1858),(2618,'k12345','k12345',NULL,0,'k12345',NULL,1859),(2619,'k12345','k12345',NULL,0,'k12345',NULL,1860),(2620,'k12345','k12345',NULL,0,'k12345',NULL,1861),(2621,'k12345','k12345',NULL,0,'k12345',NULL,1862),(2622,'k12345','k12345',NULL,0,'k12345',NULL,1863),(2623,'k12345','k12345',NULL,0,'k12345',NULL,1864),(2624,'k12345','k12345',NULL,0,'k12345',NULL,1865),(2625,'k12345','k12345',NULL,0,'k12345',NULL,1866),(2626,'k12345','k12345',NULL,0,'k12345',NULL,1867),(2627,'k12345','k12345',NULL,0,'k12345',NULL,1868),(2628,'k12345','k12345',NULL,0,'k12345',NULL,1869),(2629,'k12345','k12345',NULL,0,'k12345',NULL,1870),(2630,'k12345','k12345',NULL,0,'k12345',NULL,1871),(2631,'k12345','k12345',NULL,0,'k12345',NULL,1872),(2632,'k12345','k12345',NULL,0,'k12345',NULL,1873),(2633,'k12345','k12345',NULL,0,'k12345',NULL,1874),(2634,'k12345','k12345',NULL,0,'k12345',NULL,1875),(2635,'k12345','k12345',NULL,0,'k12345',NULL,1876),(2636,'k12345','k12345',NULL,0,'k12345',NULL,1877),(2637,'k12345','k12345',NULL,0,'k12345',NULL,1878),(2638,'k12345','k12345',NULL,0,'k12345',NULL,1879),(2639,'k12345','k12345',NULL,0,'k12345',NULL,1880),(2640,'k12345','k12345',NULL,0,'k12345',NULL,1881),(2641,'k12345','k12345',NULL,0,'k12345',NULL,1882),(2642,'k12345','k12345',NULL,0,'k12345',NULL,1883),(2643,'k12345','k12345',NULL,0,'k12345',NULL,1884),(2644,'k12345','k12345',NULL,0,'k12345',NULL,1885),(2645,'k12345','k12345',NULL,0,'k12345',NULL,1886),(2646,'k12345','k12345',NULL,0,'k12345',NULL,1887),(2647,'k12345','k12345',NULL,0,'k12345',NULL,1888),(2648,'k12345','k12345',NULL,0,'k12345',NULL,1889),(2649,'k12345','k12345',NULL,0,'k12345',NULL,1890),(2650,'k12345','k12345',NULL,0,'k12345',NULL,1891),(2651,'k12345','k12345',NULL,0,'k12345',NULL,1892),(2652,'k12345','k12345',NULL,0,'k12345',NULL,1893),(2653,'k12345','k12345',NULL,0,'k12345',NULL,1894),(2654,'k12345','k12345',NULL,0,'k12345',NULL,1895),(2655,'k12345','k12345',NULL,0,'k12345',NULL,1896),(2656,'k12345','k12345',NULL,0,'k12345',NULL,1897),(2657,'k12345','k12345',NULL,0,'k12345',NULL,1898),(2658,'k12345','k12345',NULL,0,'k12345',NULL,1899),(2659,'k12345','k12345',NULL,0,'k12345',NULL,1900),(2660,'k12345','k12345',NULL,0,'k12345',NULL,1901),(2661,'k12345','k12345',NULL,0,'k12345',NULL,1902),(2662,'k12345','k12345',NULL,0,'k12345',NULL,1903),(2663,'k12345','k12345',NULL,0,'k12345',NULL,1904),(2664,'k12345','k12345',NULL,0,'k12345',NULL,1905),(2665,'k12345','k12345',NULL,0,'k12345',NULL,1906),(2666,'k12345','k12345',NULL,0,'k12345',NULL,1907),(2667,'k12345','k12345',NULL,0,'k12345',NULL,1908),(2668,'k12345','k12345',NULL,0,'k12345',NULL,1909),(2669,'k12345','k12345',NULL,0,'k12345',NULL,1910),(2670,'k12345','k12345',NULL,0,'k12345',NULL,1911),(2671,'k12345','k12345',NULL,0,'k12345',NULL,1912),(2672,'k12345','k12345',NULL,0,'k12345',NULL,1913),(2673,'k12345','k12345',NULL,0,'k12345',NULL,1914),(2674,'k12345','k12345',NULL,0,'k12345',NULL,1915),(2675,'k12345','k12345',NULL,0,'k12345',NULL,1916),(2676,'k12345','k12345',NULL,0,'k12345',NULL,1917),(2677,'k12345','k12345',NULL,0,'k12345',NULL,1918),(2678,'k12345','k12345',NULL,0,'k12345',NULL,1919),(2679,'k12345','k12345',NULL,0,'k12345',NULL,1920),(2680,'k12345','k12345',NULL,0,'k12345',NULL,1921),(2681,'k12345','k12345',NULL,0,'k12345',NULL,1922),(2682,'k12345','k12345',NULL,0,'k12345',NULL,1923),(2683,'k12345','k12345',NULL,0,'k12345',NULL,1924),(2684,'k12345','k12345',NULL,0,'k12345',NULL,1925),(2685,'k12345','k12345',NULL,0,'k12345',NULL,1926),(2686,'k12345','k12345',NULL,0,'k12345',NULL,1927),(2687,'k12345','k12345',NULL,0,'k12345',NULL,1928),(2688,'k12345','k12345',NULL,0,'k12345',NULL,1929),(2689,'k12345','k12345',NULL,0,'k12345',NULL,1930),(2690,'k12345','k12345',NULL,0,'k12345',NULL,1931),(2691,'k12345','k12345',NULL,0,'k12345',NULL,1932),(2692,'k12345','k12345',NULL,0,'k12345',NULL,1933),(2693,'k12345','k12345',NULL,0,'k12345',NULL,1934),(2694,'k12345','k12345',NULL,0,'k12345',NULL,1935),(2695,'k12345','k12345',NULL,0,'k12345',NULL,1936),(2696,'k12345','k12345',NULL,0,'k12345',NULL,1937),(2697,'k12345','k12345',NULL,0,'k12345',NULL,1938),(2698,'k12345','k12345',NULL,0,'k12345',NULL,1939),(2699,'k12345','k12345',NULL,0,'k12345',NULL,1940),(2700,'k12345','k12345',NULL,0,'k12345',NULL,1941),(2701,'k12345','k12345',NULL,0,'k12345',NULL,1942),(2702,'k12345','k12345',NULL,0,'k12345',NULL,1943),(2703,'k12345','k12345',NULL,0,'k12345',NULL,1944),(2704,'k12345','k12345',NULL,0,'k12345',NULL,1945),(2705,'k12345','k12345',NULL,0,'k12345',NULL,1946),(2706,'k12345','k12345',NULL,0,'k12345',NULL,1947),(2707,'k12345','k12345',NULL,0,'k12345',NULL,1948),(2708,'k12345','k12345',NULL,0,'k12345',NULL,1949),(2709,'k12345','k12345',NULL,0,'k12345',NULL,1950),(2710,'k12345','k12345',NULL,0,'k12345',NULL,1951),(2711,'k12345','k12345',NULL,0,'k12345',NULL,1952),(2712,'k12345','k12345',NULL,0,'k12345',NULL,1953),(2713,'k12345','k12345',NULL,0,'k12345',NULL,1954),(2714,'k12345','k12345',NULL,0,'k12345',NULL,1955),(2715,'k12345','k12345',NULL,0,'k12345',NULL,1956),(2716,'k12345','k12345',NULL,0,'k12345',NULL,1957),(2717,'k12345','k12345',NULL,0,'k12345',NULL,1958),(2718,'k12345','k12345',NULL,0,'k12345',NULL,1959),(2719,'k12345','k12345',NULL,0,'k12345',NULL,1960),(2720,'k12345','k12345',NULL,0,'k12345',NULL,1961),(2721,'k12345','k12345',NULL,0,'k12345',NULL,1962),(2722,'k12345','k12345',NULL,0,'k12345',NULL,1963),(2723,'k12345','k12345',NULL,0,'k12345',NULL,1964),(2724,'k12345','k12345',NULL,0,'k12345',NULL,1965),(2725,'k12345','k12345',NULL,0,'k12345',NULL,1966),(2726,'k12345','k12345',NULL,0,'k12345',NULL,1967),(2727,'k12345','k12345',NULL,0,'k12345',NULL,1968),(2728,'k12345','k12345',NULL,0,'k12345',NULL,1969),(2729,'k12345','k12345',NULL,0,'k12345',NULL,1970),(2730,'k12345','k12345',NULL,0,'k12345',NULL,1971),(2731,'k12345','k12345',NULL,0,'k12345',NULL,1972),(2732,'k12345','k12345',NULL,0,'k12345',NULL,1973),(2733,'k12345','k12345',NULL,0,'k12345',NULL,1974),(2734,'k12345','k12345',NULL,0,'k12345',NULL,1975),(2735,'k12345','k12345',NULL,0,'k12345',NULL,1976),(2736,'k12345','k12345',NULL,0,'k12345',NULL,1977),(2737,'k12345','k12345',NULL,0,'k12345',NULL,1978),(2738,'k12345','k12345',NULL,0,'k12345',NULL,1979),(2739,'k12345','k12345',NULL,0,'k12345',NULL,1980),(2740,'k12345','k12345',NULL,0,'k12345',NULL,1981),(2741,'k12345','k12345',NULL,0,'k12345',NULL,1982),(2742,'k12345','k12345',NULL,0,'k12345',NULL,1983),(2743,'k12345','k12345',NULL,0,'k12345',NULL,1984),(2744,'k12345','k12345',NULL,0,'k12345',NULL,1985),(2745,'k12345','k12345',NULL,0,'k12345',NULL,1986),(2746,'k12345','k12345',NULL,0,'k12345',NULL,1987),(2747,'k12345','k12345',NULL,0,'k12345',NULL,1988),(2748,'k12345','k12345',NULL,0,'k12345',NULL,1989),(2749,'k12345','k12345',NULL,0,'k12345',NULL,1990),(2750,'k12345','k12345',NULL,0,'k12345',NULL,1991),(2751,'k12345','k12345',NULL,0,'k12345',NULL,1992),(2752,'k12345','k12345',NULL,0,'k12345',NULL,1993),(2753,'k12345','k12345',NULL,0,'k12345',NULL,1994),(2754,'k12345','k12345',NULL,0,'k12345',NULL,1995),(2755,'k12345','k12345',NULL,0,'k12345',NULL,1996),(2756,'k12345','k12345',NULL,0,'k12345',NULL,1997),(2757,'k12345','k12345',NULL,0,'k12345',NULL,1998),(2758,'k12345','k12345',NULL,0,'k12345',NULL,1999),(2759,'k12345','k12345',NULL,0,'k12345',NULL,2000),(2760,'k12345','k12345',NULL,0,'k12345',NULL,2001),(2761,'k12345','k12345',NULL,0,'k12345',NULL,2002),(2762,'k12345','k12345',NULL,0,'k12345',NULL,2003),(2763,'k12345','k12345',NULL,0,'k12345',NULL,2004),(2764,'k12345','k12345',NULL,0,'k12345',NULL,2005),(2765,'k12345','k12345',NULL,0,'k12345',NULL,2006),(2766,'k12345','k12345',NULL,0,'k12345',NULL,2007),(2767,'k12345','k12345',NULL,0,'k12345',NULL,2008),(2768,'k12345','k12345',NULL,0,'k12345',NULL,2009),(2769,'k12345','k12345',NULL,0,'k12345',NULL,2010),(2770,'k12345','k12345',NULL,0,'k12345',NULL,2011),(2771,'k12345','k12345',NULL,0,'k12345',NULL,2012),(2772,'k12345','k12345',NULL,0,'k12345',NULL,2013),(2773,'k12345','k12345',NULL,0,'k12345',NULL,2014),(2774,'k12345','k12345',NULL,0,'k12345',NULL,2015),(2775,'k12345','k12345',NULL,0,'k12345',NULL,2016),(2776,'k12345','k12345',NULL,0,'k12345',NULL,2017),(2777,'k12345','k12345',NULL,0,'k12345',NULL,2018),(2778,'k12345','k12345',NULL,0,'k12345',NULL,2019),(2779,'k12345','k12345',NULL,0,'k12345',NULL,2020),(2780,'k12345','k12345',NULL,0,'k12345',NULL,2021),(2781,'k12345','k12345',NULL,0,'k12345',NULL,2022),(2782,'k12345','k12345',NULL,0,'k12345',NULL,2023),(2783,'k12345','k12345',NULL,0,'k12345',NULL,2024),(2784,'k12345','k12345',NULL,0,'k12345',NULL,2025),(2785,'k12345','k12345',NULL,0,'k12345',NULL,2026),(2786,'k12345','k12345',NULL,0,'k12345',NULL,2027),(2787,'k12345','k12345',NULL,0,'k12345',NULL,2028),(2788,'k12345','k12345',NULL,0,'k12345',NULL,2029),(2789,'k12345','k12345',NULL,0,'k12345',NULL,2030),(2790,'k12345','k12345',NULL,0,'k12345',NULL,2031),(2791,'k12345','k12345',NULL,0,'k12345',NULL,2032),(2792,'k12345','k12345',NULL,0,'k12345',NULL,2033),(2793,'k12345','k12345',NULL,0,'k12345',NULL,2034),(2794,'k12345','k12345',NULL,0,'k12345',NULL,2035),(2795,'k12345','k12345',NULL,0,'k12345',NULL,2036),(2796,'k12345','k12345',NULL,0,'k12345',NULL,2037),(2797,'k12345','k12345',NULL,0,'k12345',NULL,2038),(2798,'k12345','k12345',NULL,0,'k12345',NULL,2039),(2799,'k12345','k12345',NULL,0,'k12345',NULL,2040),(2800,'k12345','k12345',NULL,0,'k12345',NULL,2041),(2801,'k12345','k12345',NULL,0,'k12345',NULL,2042),(2802,'k12345','k12345',NULL,0,'k12345',NULL,2043),(2803,'k12345','k12345',NULL,0,'k12345',NULL,2044),(2804,'k12345','k12345',NULL,0,'k12345',NULL,2045),(2805,'k12345','k12345',NULL,0,'k12345',NULL,2046),(2806,'k12345','k12345',NULL,0,'k12345',NULL,2047),(2807,'k12345','k12345',NULL,0,'k12345',NULL,2048),(2808,'k12345','k12345',NULL,0,'k12345',NULL,2049),(2809,'k12345','k12345',NULL,0,'k12345',NULL,2050),(2810,'k12345','k12345',NULL,0,'k12345',NULL,2051),(2811,'k12345','k12345',NULL,0,'k12345',NULL,2052),(2812,'k12345','k12345',NULL,0,'k12345',NULL,2053),(2813,'k12345','k12345',NULL,0,'k12345',NULL,2054),(2814,'k12345','k12345',NULL,0,'k12345',NULL,2055),(2815,'k12345','k12345',NULL,0,'k12345',NULL,2056),(2816,'k12345','k12345',NULL,0,'k12345',NULL,2057),(2817,'k12345','k12345',NULL,0,'k12345',NULL,2058),(2818,'k12345','k12345',NULL,0,'k12345',NULL,2059),(2819,'k12345','k12345',NULL,0,'k12345',NULL,2060),(2820,'k12345','k12345',NULL,0,'k12345',NULL,2061),(2821,'k12345','k12345',NULL,0,'k12345',NULL,2062),(2822,'k12345','k12345',NULL,0,'k12345',NULL,2063),(2823,'k12345','k12345',NULL,0,'k12345',NULL,2064),(2824,'k12345','k12345',NULL,0,'k12345',NULL,2065),(2825,'k12345','k12345',NULL,0,'k12345',NULL,2066),(2826,'k12345','k12345',NULL,0,'k12345',NULL,2067),(2827,'k12345','k12345',NULL,0,'k12345',NULL,2068),(2828,'k12345','k12345',NULL,0,'k12345',NULL,2069),(2829,'k12345','k12345',NULL,0,'k12345',NULL,2070),(2830,'k12345','k12345',NULL,0,'k12345',NULL,2071),(2831,'k12345','k12345',NULL,0,'k12345',NULL,2072),(2832,'k12345','k12345',NULL,0,'k12345',NULL,2073),(2833,'k12345','k12345',NULL,0,'k12345',NULL,2074),(2834,'k12345','k12345',NULL,0,'k12345',NULL,2075),(2835,'k12345','k12345',NULL,0,'k12345',NULL,2076),(2836,'k12345','k12345',NULL,0,'k12345',NULL,2077),(2837,'k12345','k12345',NULL,0,'k12345',NULL,2078),(2838,'k12345','k12345',NULL,0,'k12345',NULL,2079),(2839,'k12345','k12345',NULL,0,'k12345',NULL,2080),(2840,'k12345','k12345',NULL,0,'k12345',NULL,2081),(2841,'k12345','k12345',NULL,0,'k12345',NULL,2082),(2842,'k12345','k12345',NULL,0,'k12345',NULL,2083),(2843,'k12345','k12345',NULL,0,'k12345',NULL,2084),(2844,'k12345','k12345',NULL,0,'k12345',NULL,2085),(2845,'k12345','k12345',NULL,0,'k12345',NULL,2086),(2846,'k12345','k12345',NULL,0,'k12345',NULL,2087),(2847,'k12345','k12345',NULL,0,'k12345',NULL,2088),(2848,'k12345','k12345',NULL,0,'k12345',NULL,2089),(2849,'k12345','k12345',NULL,0,'k12345',NULL,2090),(2850,'k12345','k12345',NULL,0,'k12345',NULL,2091),(2851,'k12345','k12345',NULL,0,'k12345',NULL,2092),(2852,'k12345','k12345',NULL,0,'k12345',NULL,2093),(2853,'k12345','k12345',NULL,0,'k12345',NULL,2094),(2854,'k12345','k12345',NULL,0,'k12345',NULL,2095),(2855,'k12345','k12345',NULL,0,'k12345',NULL,2096),(2856,'k12345','k12345',NULL,0,'k12345',NULL,2097),(2857,'k12345','k12345',NULL,0,'k12345',NULL,2098),(2858,'k12345','k12345',NULL,0,'k12345',NULL,2099),(2859,'k12345','k12345',NULL,0,'k12345',NULL,2100),(2860,'k12345','k12345',NULL,0,'k12345',NULL,2101),(2861,'k12345','k12345',NULL,0,'k12345',NULL,2102),(2862,'k12345','k12345',NULL,0,'k12345',NULL,2103),(2863,'k12345','k12345',NULL,0,'k12345',NULL,2104),(2864,'k12345','k12345',NULL,0,'k12345',NULL,2105),(2865,'k12345','k12345',NULL,0,'k12345',NULL,2106),(2866,'k12345','k12345',NULL,0,'k12345',NULL,2107),(2867,'k12345','k12345',NULL,0,'k12345',NULL,2108),(2868,'k12345','k12345',NULL,0,'k12345',NULL,2109),(2869,'k12345','k12345',NULL,0,'k12345',NULL,2110),(2870,'k12345','k12345',NULL,0,'k12345',NULL,2111),(2871,'k12345','k12345',NULL,0,'k12345',NULL,2112),(2872,'k12345','k12345',NULL,0,'k12345',NULL,2113),(2873,'k12345','k12345',NULL,0,'k12345',NULL,2114),(2874,'k12345','k12345',NULL,0,'k12345',NULL,2115),(2875,'k12345','k12345',NULL,0,'k12345',NULL,2116),(2876,'k12345','k12345',NULL,0,'k12345',NULL,2117),(2877,'k12345','k12345',NULL,0,'k12345',NULL,2118),(2878,'C12801','Tissue',NULL,1,'An aggregate of cells with similar or identical specialized characteristics, contributing to the performance of a specific function.  Tissues are parts of organs.  Representative examples include epithelium, lymphoid tissue, and connective tissue.',939,NULL),(2879,'{4A52EA3F-78A2-4c5f-9289-11755E2979EA}','{4A52EA3F-78A2-4c5f-9289-11755E2979EA}',NULL,0,'{4A52EA3F-78A2-4c5f-9289-11755E2979EA}',939,NULL),(2880,'C19157','Specimen',NULL,1,'A sample or part of a thing, or of several things, taken to demonstrate or to determine the character of the whole, e.g. a substance, or portion of material obtained for use in testing, examination, or study; particularly, a preparation of tissue or bodil',940,NULL),(2881,'String','String',NULL,0,'String',940,NULL),(2882,'C19157','Specimen',NULL,1,'A sample or part of a thing, or of several things, taken to demonstrate or to determine the character of the whole, e.g. a substance, or portion of material obtained for use in testing, examination, or study; particularly, a preparation of tissue or bodil',941,NULL),(2883,'{B8B87B27-B8BA-4241-9866-141AF39A9441}','{B8B87B27-B8BA-4241-9866-141AF39A9441}',NULL,0,'{B8B87B27-B8BA-4241-9866-141AF39A9441}',941,NULL),(2884,'Not Specified','Not Specified',NULL,0,'Not Specified',942,NULL),(2885,'C18189','Pathology',NULL,2,'The medical science, and specialty practice, concerned with all aspects of disease, but with special reference to the essential nature, causes, and development of abnormal conditions, as well as the structural and functional changes that result from the d',943,NULL),(2886,'C3367','Finding',NULL,1,'The result of an examination or inquiry.',943,NULL),(2887,'Not Specified','Not Specified',NULL,0,'Not Specified',943,NULL),(2888,'C19157','Specimen',NULL,1,'A sample or part of a thing, or of several things, taken to demonstrate or to determine the character of the whole, e.g. a substance, or portion of material obtained for use in testing, examination, or study; particularly, a preparation of tissue or bodil',932,NULL),(2889,'BackColor=-1;BorderColor=-1;BorderWidth=-1;FontColor=-1;VSwimLanes=0;HSwimLanes=0;BorderStyle=0;','BackColor=-1;BorderColor=-1;BorderWidth=-1;FontColor=-1;VSwimLanes=0;HSwimLanes=0;BorderStyle=0;',NULL,0,'BackColor=-1;BorderColor=-1;BorderWidth=-1;FontColor=-1;VSwimLanes=0;HSwimLanes=0;BorderStyle=0;',932,NULL),(2890,'C45258','Medical Record',NULL,1,'A chronological written account of a patient\'s examination and treatment that includes the patient\'s medical history and complaints, the physician\'s physical findings, the results of diagnostic tests and procedures, and medications and therapeutic procedu',947,NULL),(2891,'NCI','NCI',NULL,0,'NCI',947,NULL),(2892,'Not Specified','Not Specified',NULL,0,'Not Specified',948,NULL),(2893,'C29867','Participant',NULL,2,'Someone who takes part in an activity.',944,NULL),(2894,'C45258','Medical Record',NULL,1,'A chronological written account of a patient\'s examination and treatment that includes the patient\'s medical history and complaints, the physician\'s physical findings, the results of diagnostic tests and procedures, and medications and therapeutic procedu',944,NULL),(2895,'BackColor=-1;BorderColor=-1;BorderWidth=-1;FontColor=-1;VSwimLanes=0;HSwimLanes=0;BorderStyle=0;','BackColor=-1;BorderColor=-1;BorderWidth=-1;FontColor=-1;VSwimLanes=0;HSwimLanes=0;BorderStyle=0;',NULL,0,'BackColor=-1;BorderColor=-1;BorderWidth=-1;FontColor=-1;VSwimLanes=0;HSwimLanes=0;BorderStyle=0;',944,NULL),(2896,'Not Specified','Not Specified',NULL,0,'Not Specified',952,NULL),(2897,'C25666','Second',NULL,2,'Coming next after the first in position in space or time or degree or magnitude.',953,NULL),(2898,'C25483','Dimension',NULL,1,'The magnitude of something in a particular direction, especially length or width or height.',953,NULL),(2899,'1','1',NULL,0,'1',953,NULL),(2900,'C25509','First',NULL,2,'Preceding all others in time or space or degree.',954,NULL),(2901,'C25483','Dimension',NULL,1,'The magnitude of something in a particular direction, especially length or width or height.',954,NULL),(2902,'1','1',NULL,0,'1',954,NULL),(2903,'C44256','Ratio',NULL,3,'The relative magnitudes of two quantities (usually expressed as a quotient).',955,NULL),(2904,'C48153','Microliter',NULL,2,'A metric unit of volume equal to one millionth of a liter or one one thousandth of a milliliter.',955,NULL),(2905,'C48152','Microgram',NULL,1,'A metric unit of mass equal to one millionth of a gram or one one thousandth of a milligram.',955,NULL),(2906,'Not Specified','Not Specified',NULL,0,'Not Specified',955,NULL),(2907,'C19157','Specimen',NULL,2,'A sample or part of a thing, or of several things, taken to demonstrate or to determine the character of the whole, e.g. a substance, or portion of material obtained for use in testing, examination, or study; particularly, a preparation of tissue or bodil',949,NULL),(2908,'C26358','Array',NULL,1,'An orderly arrangement. (from the American Heritage Dictionary)',949,NULL),(2909,'BackColor=-1;BorderColor=-1;BorderWidth=-1;FontColor=-1;VSwimLanes=0;HSwimLanes=0;BorderStyle=0;','BackColor=-1;BorderColor=-1;BorderWidth=-1;FontColor=-1;VSwimLanes=0;HSwimLanes=0;BorderStyle=0;',NULL,0,'BackColor=-1;BorderColor=-1;BorderWidth=-1;FontColor=-1;VSwimLanes=0;HSwimLanes=0;BorderStyle=0;',949,NULL),(2910,'0','0',NULL,0,'0',971,NULL),(2911,'{E5418C2F-C984-4e49-B4E2-0615224C8236}','{E5418C2F-C984-4e49-B4E2-0615224C8236}',NULL,0,'{E5418C2F-C984-4e49-B4E2-0615224C8236}',972,NULL),(2912,'Not Specified','Not Specified',NULL,0,'Not Specified',973,NULL),(2913,'k12345','k12345',NULL,0,'k12345',NULL,2119),(2914,'k12345','k12345',NULL,0,'k12345',NULL,2120),(2915,'k12345','k12345',NULL,0,'k12345',NULL,2121),(2916,'k12345','k12345',NULL,0,'k12345',NULL,2122),(2917,'k12345','k12345',NULL,0,'k12345',NULL,2123),(2918,'k12345','k12345',NULL,0,'k12345',NULL,2124),(2919,'3','3',NULL,0,'3',974,NULL),(2920,'BackColor=-1;BorderColor=-1;BorderWidth=-1;FontColor=-1;VSwimLanes=0;HSwimLanes=0;BorderStyle=0;','BackColor=-1;BorderColor=-1;BorderWidth=-1;FontColor=-1;VSwimLanes=0;HSwimLanes=0;BorderStyle=0;',NULL,0,'BackColor=-1;BorderColor=-1;BorderWidth=-1;FontColor=-1;VSwimLanes=0;HSwimLanes=0;BorderStyle=0;',965,NULL),(2921,'C25627','Previous',NULL,1,'Occurring prior to something else.',977,NULL),(2922,'C25712','false',NULL,0,'false',977,NULL),(2923,'C48792','Element Part',NULL,1,'An artifact that is one of the individual parts of which a composite entity is made up; especially a part that can be separated from or attached to a system.',978,NULL),(2924,'1','1',NULL,0,'1',978,NULL),(2925,'Not Specified','Not Specified',NULL,0,'Not Specified',979,NULL),(2926,'C25471','Current',NULL,1,'Occurring in or belonging to the present time.',980,NULL),(2927,'1','1',NULL,0,'1',980,NULL),(2928,'C45269','Audit',NULL,2,'A methodical examination or review of a condition or situation.',975,NULL),(2929,'C25499','Event',NULL,1,'Something that happens at a given place and time.',975,NULL),(2930,'BackColor=-1;BorderColor=-1;BorderWidth=-1;FontColor=-1;VSwimLanes=0;HSwimLanes=0;BorderStyle=0;','BackColor=-1;BorderColor=-1;BorderWidth=-1;FontColor=-1;VSwimLanes=0;HSwimLanes=0;BorderStyle=0;',NULL,0,'BackColor=-1;BorderColor=-1;BorderWidth=-1;FontColor=-1;VSwimLanes=0;HSwimLanes=0;BorderStyle=0;',975,NULL),(2931,'{CF0192E1-D71E-4dd7-9A58-FF08088F4521}','{CF0192E1-D71E-4dd7-9A58-FF08088F4521}',NULL,0,'{CF0192E1-D71E-4dd7-9A58-FF08088F4521}',990,NULL),(2932,'{706371E1-FFA6-425f-9DE8-73837B0D7B39}','{706371E1-FFA6-425f-9DE8-73837B0D7B39}',NULL,0,'{706371E1-FFA6-425f-9DE8-73837B0D7B39}',991,NULL),(2933,'Not Specified','Not Specified',NULL,0,'Not Specified',992,NULL),(2934,'BackColor=-1;BorderColor=-1;BorderWidth=-1;FontColor=-1;VSwimLanes=0;HSwimLanes=0;BorderStyle=0;','BackColor=-1;BorderColor=-1;BorderWidth=-1;FontColor=-1;VSwimLanes=0;HSwimLanes=0;BorderStyle=0;',NULL,0,'BackColor=-1;BorderColor=-1;BorderWidth=-1;FontColor=-1;VSwimLanes=0;HSwimLanes=0;BorderStyle=0;',981,NULL);

/*Table structure for table `dyextn_short_concept_value` */

DROP TABLE IF EXISTS `dyextn_short_concept_value`;

CREATE TABLE `dyextn_short_concept_value` (
  `IDENTIFIER` bigint(20) NOT NULL default '0',
  `VALUE` smallint(6) default NULL,
  PRIMARY KEY  (`IDENTIFIER`),
  KEY `FKC1945ABABC7298A9` (`IDENTIFIER`),
  CONSTRAINT `FKC1945ABABC7298A9` FOREIGN KEY (`IDENTIFIER`) REFERENCES `dyextn_permissible_value` (`IDENTIFIER`)
) ENGINE=InnoDB DEFAULT CHARSET=latin1;

/*Data for the table `dyextn_short_concept_value` */

/*Table structure for table `dyextn_short_type_info` */

DROP TABLE IF EXISTS `dyextn_short_type_info`;

CREATE TABLE `dyextn_short_type_info` (
  `IDENTIFIER` bigint(20) NOT NULL default '0',
  PRIMARY KEY  (`IDENTIFIER`),
  KEY `FK99540B3BC7298A9` (`IDENTIFIER`),
  CONSTRAINT `FK99540B3BC7298A9` FOREIGN KEY (`IDENTIFIER`) REFERENCES `dyextn_numeric_type_info` (`IDENTIFIER`)
) ENGINE=InnoDB DEFAULT CHARSET=latin1;

/*Data for the table `dyextn_short_type_info` */

/*Table structure for table `dyextn_string_concept_value` */

DROP TABLE IF EXISTS `dyextn_string_concept_value`;

CREATE TABLE `dyextn_string_concept_value` (
  `IDENTIFIER` bigint(20) NOT NULL default '0',
  `VALUE` varchar(255) default NULL,
  PRIMARY KEY  (`IDENTIFIER`),
  KEY `FKADE7D889BC7298A9` (`IDENTIFIER`),
  CONSTRAINT `FKADE7D889BC7298A9` FOREIGN KEY (`IDENTIFIER`) REFERENCES `dyextn_permissible_value` (`IDENTIFIER`)
) ENGINE=InnoDB DEFAULT CHARSET=latin1;

/*Data for the table `dyextn_string_concept_value` */

insert into `dyextn_string_concept_value` (`IDENTIFIER`,`VALUE`) values (1,'Not Specified'),(2,'Frozen Tissue'),(3,'Microdissected'),(4,'Fresh Tissue'),(5,'Frozen Tissue Slide'),(6,'Fixed Tissue Slide'),(7,'Frozen Tissue Block'),(8,'Fixed Tissue Block'),(9,'Fixed Tissue'),(10,'Sputum'),(11,'Feces'),(12,'Sweat'),(13,'Synovial Fluid'),(14,'Bile'),(15,'Cerebrospinal Fluid'),(16,'Amniotic Fluid'),(17,'Serum'),(18,'Urine'),(19,'Bone Marrow Plasma'),(20,'Not Specified'),(21,'Gastric Fluid'),(22,'Frozen Cell Block'),(23,'Fixed Cell Block'),(24,'Frozen Cell Pellet'),(25,'Whole Genome Amplified DNA'),(26,'Total Nucleic Acid'),(27,'RNA, cytoplasmic'),(28,'DNA'),(29,'RNA'),(30,'cDNA'),(31,'protein'),(32,'Not Specified'),(33,'RNA, nuclear'),(34,'RNA, poly-A enriched'),(35,'Not Specified'),(36,'Cryopreserved Cells'),(37,'Slide'),(38,'Whole Bone Marrow'),(39,'Saliva'),(40,'Plasma'),(41,'Body Cavity Fluid'),(42,'Milk'),(43,'Pericardial Fluid'),(44,'Lavage'),(45,'Whole Blood'),(46,'Vitreous Fluid'),(47,'Collection Site'),(48,'Not Specified'),(49,'Repository'),(50,'Laboratory'),(51,'New York'),(52,'North Dakota'),(53,'Rhode Island'),(54,'Arizona'),(55,'Montana'),(56,'New Hampshire'),(57,'North Carolina'),(58,'Illinois'),(59,'Hawaii'),(60,'Washington'),(61,'Louisiana'),(62,'Pennsylvania'),(63,'Arkansas'),(64,'Mississippi'),(65,'Maine'),(66,'New Mexico'),(67,'Ohio'),(68,'D.C.'),(69,'Georgia'),(70,'Idaho'),(71,'Nebraska'),(72,'Minnesota'),(73,'Oklahoma'),(74,'West Virginia'),(75,'Maryland'),(76,'Kansas'),(77,'New Jersey'),(78,'Vermont'),(79,'Connecticut'),(80,'Other'),(81,'Colorado'),(82,'California'),(83,'Florida'),(84,'Virginia'),(85,'Alaska'),(86,'Wisconsin'),(87,'Tennessee'),(88,'Texas'),(89,'Wyoming'),(90,'Utah'),(91,'Michigan'),(92,'Nevada'),(93,'Missouri'),(94,'South Carolina'),(95,'South Dakota'),(96,'Massachusetts'),(97,'Indiana'),(98,'Iowa'),(99,'Kentucky'),(100,'Alabama'),(101,'Delaware'),(102,'Oregon'),(103,'Malta'),(104,'Lithuania'),(105,'Djibouti'),(106,'Georgia'),(107,'Denmark'),(108,'Niger'),(109,'Zimbabwe'),(110,'Brazil'),(111,'United States'),(112,'Canada'),(113,'Honduras'),(114,'Comoros'),(115,'Falkland Islands'),(116,'Equatorial Guinea'),(117,'Slovenia'),(118,'Madagascar'),(119,'Italy'),(120,'Cote D ivoire'),(121,'Brunei Darussalam'),(122,'Gambia'),(123,'Sri Lanka'),(124,'Oman'),(125,'Iraq'),(126,'China'),(127,'Korea'),(128,'French Polynesia'),(129,'Spain'),(130,'Panama'),(131,'Poland'),(132,'Benin'),(133,'Morocco'),(134,'Wallis And Futuna Islands'),(135,'Guam'),(136,'Ireland'),(137,'Suriname'),(138,'Faroe Islands'),(139,'Monaco'),(140,'Mauritius'),(141,'Saint Vincent'),(142,'Turkey'),(143,'Samoa'),(144,'Hong Kong'),(145,'Iceland'),(146,'Kenya'),(147,'Rwanda'),(148,'Armenia'),(149,'Kiribati'),(150,'Sudan'),(151,'El Salvador'),(152,'Bouvet Island'),(153,'Netherlands'),(154,'Afghanistan'),(155,'Guatemala'),(156,'Cook Islands'),(157,'Macedonia'),(158,'Cayman Islands'),(159,'Bosnia and Herzegovina'),(160,'Tajikistan'),(161,'Guadeloupe'),(162,'Costa Rica'),(163,'Guinea'),(164,'Niue'),(165,'France'),(166,'French Guiana'),(167,'Aruba'),(168,'Zaire'),(169,'Jordan'),(170,'Egypt'),(171,'Pakistan'),(172,'Venezuela'),(173,'Saudi Arabia'),(174,'Trinidad and Tobago'),(175,'Qatar'),(176,'Netherlands Antilles'),(177,'Cambodia'),(178,'Japan'),(179,'Peru'),(180,'Nigeria'),(181,'Burkina Faso'),(182,'Palau'),(183,'Colombia'),(184,'San Marino'),(185,'Barbados'),(186,'Singapore'),(187,'Zambia'),(188,'Switzerland'),(189,'Gibraltar'),(190,'Vietnam'),(191,'Christmas Island'),(192,'Reunion'),(193,'Papua New Guinea'),(194,'Saint Helena'),(195,'Lebanon'),(196,'Norfolk Island'),(197,'Tuvalu'),(198,'Tunisia'),(199,'Kuwait'),(200,'Iran'),(201,'United Kingdom'),(202,'Romania'),(203,'Slovakia'),(204,'Turks and Caicos Islands'),(205,'Western Sahara'),(206,'Haiti'),(207,'Seychelles'),(208,'Saint Lucia'),(209,'Mauritania'),(210,'Gabon'),(211,'Macau'),(212,'Somalia'),(213,'American Samoa'),(214,'Chile'),(215,'Nauru'),(216,'Guyana'),(217,'Fiji'),(218,'Congo'),(219,'Croatia'),(220,'Guinea-Bissau'),(221,'Australia'),(222,'Swaziland'),(223,'Czech Republic'),(224,'Cocos Islands'),(225,'New Caledonia'),(226,'Malawi'),(227,'Dominica'),(228,'Ethiopia'),(229,'Belarus'),(230,'Saint Pierre'),(231,'Mozambique'),(232,'Belgium'),(233,'Liechtenstein'),(234,'South Africa'),(235,'Kyrgyzstan'),(236,'Indonesia'),(237,'Namibia'),(238,'Mongolia'),(239,'Tanzania'),(240,'Philippines'),(241,'Azerbaijan'),(242,'Martinique'),(243,'Paraguay'),(244,'Latvia'),(245,'Turkmenistan'),(246,'Norway'),(247,'Angola'),(248,'Nepal'),(249,'Mexico'),(250,'Finland'),(251,'Senegal'),(252,'Bhutan'),(253,'Cape Verde'),(254,'Marshall Islands'),(255,'Grenada'),(256,'Russian Federation'),(257,'Myanmar'),(258,'Algeria'),(259,'Kazakhstan'),(260,'Pitcairn'),(261,'Bolivia'),(262,'Mali'),(263,'Belize'),(264,'Micronesia'),(265,'Taiwan'),(266,'Israel'),(267,'East Timor'),(268,'Moldova'),(269,'Puerto Rico'),(270,'Vanuatu'),(271,'Austria'),(272,'Togo'),(273,'Bermuda'),(274,'Dominican Republic'),(275,'Bulgaria'),(276,'Virgin Islands'),(277,'Antarctica'),(278,'Cyprus'),(279,'Cameroon'),(280,'Malaysia'),(281,'Solomon Islands'),(282,'Nicaragua'),(283,'Sierra Leone'),(284,'Lesotho'),(285,'Andorra'),(286,'Greece'),(287,'Central African Republic'),(288,'Jamaica'),(289,'Sao Tome and Principe'),(290,'Bahamas'),(291,'Ghana'),(292,'Bangladesh'),(293,'French S. Territories'),(294,'Bahrain'),(295,'Uganda'),(296,'Montserrat'),(297,'Luxembourg'),(298,'Botswana'),(299,'New Zealand'),(300,'Germany'),(301,'Portugal'),(302,'Saint Kitts and Nevis'),(303,'Ecuador'),(304,'Greenland'),(305,'United Arab Emirates'),(306,'Tonga'),(307,'India'),(308,'Albania'),(309,'Anguilla'),(310,'Liberia'),(311,'Maldives'),(312,'Sweden'),(313,'Uruguay'),(314,'Vatican City State'),(315,'Antigua and Barbuda'),(316,'Thailand'),(317,'Estonia'),(318,'Tokelau'),(319,'Ukraine'),(320,'Laos'),(321,'Chad'),(322,'Syrian Arab Republic'),(323,'Burundi'),(324,'Uzbekistan'),(325,'Yemen'),(326,'Argentina'),(327,'Hungary'),(328,'Yugoslavia'),(329,'Eritrea'),(330,'Mayotte'),(331,'Not Specified'),(332,'Left'),(333,'Right'),(334,'Not Applicable'),(335,'Urachus'),(336,'Trigone of bladder'),(337,'Bladder neck'),(338,'Overlapping lesion of bladder'),(339,'Posterior wall of bladder'),(340,'Ureteric orifice'),(341,'Anterior wall of bladder'),(342,'Dome of bladder'),(343,'Bladder, NOS'),(344,'Lateral wall of bladder'),(345,'Urethra'),(346,'Paraurethral gland'),(347,'Overlapping lesion of urinary organs'),(348,'Urinary system, NOS'),(349,'Kidney, NOS'),(350,'Renal pelvis'),(351,'Ureter'),(352,'Overlapping lesion of other and unspecified parts of mouth'),(353,'Mouth, NOS'),(354,'Cheek mucosa'),(355,'Retromolar area'),(356,'Vestibule of mouth'),(357,'Anterior wall of nasopharynx'),(358,'Overlapping lesion of nasopharynx'),(359,'Lateral wall of nasopharynx'),(360,'Ampulla of Vater'),(361,'Gallbladder'),(362,'Appendix'),(363,'Overlapping lesion of colon'),(364,'Transverse colon'),(365,'Ascending colon'),(366,'Splenic flexure of colon'),(367,'Sigmoid colon'),(368,'Cecum'),(369,'Descending colon'),(370,'Colon, NOS'),(371,'Hepatic flexure of colon'),(372,'Overlapping lesion of esophagus'),(373,'Cervical esophagus'),(374,'Thoracic esophagus'),(375,'Upper third of esophagus'),(376,'Abdominal esophagus'),(377,'Lower third of esophagus'),(378,'Middle third of esophagus'),(379,'Esophagus, NOS'),(380,'Rectum, NOS'),(381,'Orbit, NOS'),(382,'EYE AND ADNEXA'),(383,'Lacrimal gland'),(384,'Ciliary body'),(385,'Cornea, NOS'),(386,'Retina'),(387,'Choroid'),(388,'Overlapping lesion of eye and adnexa'),(389,'Eye, NOS'),(390,'Conjunctiva'),(391,'Overlapping lesion of brain and central nervous system'),(392,'Olfactory nerve'),(393,'Optic nerve'),(394,'Spinal cord'),(395,'Cauda equina'),(396,'Cranial nerve, NOS'),(397,'Acoustic nerve'),(398,'Nervous system, NOS'),(399,'Temporal lobe'),(400,'Overlapping lesion of brain'),(401,'Frontal lobe'),(402,'Ventricle, NOS'),(403,'Cerebellum, NOS'),(404,'Parietal lobe'),(405,'Cerebrum'),(406,'Occipital lobe'),(407,'Brain stem'),(408,'Brain, NOS'),(409,'BLADDER'),(410,'OTHER AND UNSPECIFIED URINARY ORGANS'),(411,'KIDNEY'),(412,'RENAL PELVIS'),(413,'URETER'),(414,'Intra-abdominal lymph nodes'),(415,'Lymph nodes of multiple regions'),(416,'Lymph node, NOS'),(417,'Pelvic lymph nodes'),(418,'Lymph nodes of inguinal region or leg'),(419,'Intrathoracic lymph nodes'),(420,'Lymph nodes of axilla or arm'),(421,'Lymph nodes of head, face and neck'),(422,'OTHER AND UNSPECIFIED PARTS OF MOUTH'),(423,'NASOPHARYNX'),(424,'FLOOR OF MOUTH'),(425,'BASE OF TONGUE'),(426,'PAROTID GLAND'),(427,'LIP'),(428,'OROPHARYNX'),(429,'HYPOPHARYNX'),(430,'OTHER AND UNSPECIFIED MAJOR SALIVARY GLANDS'),(431,'PALATE'),(432,'OTHER AND UNSPECIFIED PARTS OF TONGUE'),(433,'GUM'),(434,'PYRIFORM SINUS'),(435,'TONSIL'),(436,'OTHER AND ILL-DEFINED SITES IN LIP, ORAL CAVITY AND PHARYNX'),(437,'Nipple'),(438,'Upper-inner quadrant of breast'),(439,'Lower-inner quadrant of breast'),(440,'Overlapping lesion of breast'),(441,'Breast, NOS'),(442,'Lower-outer quadrant of breast'),(443,'Axillary tail of breast'),(444,'Central portion of breast'),(445,'Upper-outer quadrant of breast'),(446,'Connective, Subcutaneous and other Soft tissues of pelvis'),(447,'Overlapping lesion of connective, subcutaneous and other soft tissues'),(448,'Connective, Subcutaneous and other Soft tissues of head, face, and neck'),(449,'Connective, Subcutaneous and other Soft tissues of abdomen'),(450,'Connective, Subcutaneous and other Soft tissues of trunk, NOS'),(451,'Connective, Subcutaneous and other Soft tissues of lower limb and hip'),(452,'Connective, Subcutaneous and other Soft tissues, NOS'),(453,'Connective, Subcutaneous and other Soft tissues of upper limb and shoulder'),(454,'Connective, Subcutaneous and other Soft tissues of thorax'),(455,'Meninges, NOS'),(456,'Peripheral nerves and Autonomic nervous system of upper limb and shoulder'),(457,'PENIS'),(458,'PROSTATE GLAND'),(459,'TESTIS'),(460,'OTHER AND UNSPECIFIED MALE GENITAL ORGANS'),(461,'Skin of scalp and neck'),(462,'Skin of trunk'),(463,'Skin of lip, NOS'),(464,'Eyelid'),(465,'External ear'),(466,'Skin of lower limb and hip'),(467,'Overlapping lesion of skin'),(468,'Skin of upper limb and shoulder'),(469,'Skin, NOS'),(470,'Skin of other and unspecified parts of face'),(471,'STOMACH'),(472,'ANUS AND ANAL CANAL'),(473,'SMALL INTESTINE'),(474,'OTHER AND ILL-DEFINED DIGESTIVE ORGANS'),(475,'PANCREAS'),(476,'RECTOSIGMOID JUNCTION'),(477,'LIVER AND INTRAHEPATIC BILE DUCTS'),(478,'OTHER AND UNSPECIFIED PARTS OF BILIARY TRACT'),(479,'GALLBLADDER'),(480,'MENINGES'),(481,'THYROID AND OTHER ENDOCRINE GLANDS'),(482,'BONES, JOINTS AND ARTICULAR CARTILAGE'),(483,'RESPIRATORY SYSTEM AND INTRATHORACIC ORGANS'),(484,'RETROPERITONEUM AND PERITONEUM'),(485,'HEMATOPOIETIC AND RETICULOENDOTHELIAL SYSTEMS'),(486,'OTHER AND ILL-DEFINED SITES'),(487,'FEMALE GENITAL ORGANS'),(488,'PERIPHERAL NERVES AND AUTONOMIC NERVOUS SYSTEM'),(489,'UNKNOWN PRIMARY SITE'),(490,'MALE GENITAL ORGANS'),(491,'SKIN'),(492,'DIGESTIVE ORGANS'),(493,'CONNECTIVE, SUBCUTANEOUS AND OTHER SOFT TISSUES'),(494,'BREAST'),(495,'LIP, ORAL CAVITY AND PHARYNX'),(496,'LYMPH NODES'),(497,'URINARY TRACT'),(498,'BRAIN'),(499,'SPINAL CORD, CRANIAL NERVES, AND OTHER PARTS OF CENTRAL NERVOUS SYSTEM'),(500,'EYE, BRAIN AND OTHER PARTS OF CENTRAL NERVOUS SYSTEM'),(501,'Not Specified'),(502,'RECTUM'),(503,'ESOPHAGUS'),(504,'COLON'),(505,'Autonomic nervous system, NOS'),(506,'Overlapping lesion of peripheral nerves and autonomic nervous system'),(507,'Peripheral nerves and Autonomic nervous system of thorax'),(508,'Peripheral nerves and Autonomic nervous system of trunk, NOS'),(509,'Peripheral nerves and Autonomic nervous system of lower limb and hip'),(510,'Peripheral nerves and Autonomic nervous system of head, face, and neck'),(511,'Peripheral nerves and Autonomic nervous system of abdomen'),(512,'Peripheral nerves and Autonomic nervous system of pelvis'),(513,'CORPUS UTERI'),(514,'VULVA'),(515,'OVARY'),(516,'UTERUS, NOS'),(517,'CERVIX UTERI'),(518,'OTHER AND UNSPECIFIED FEMALE GENITAL ORGANS'),(519,'VAGINA'),(520,'PLACENTA'),(521,'Overlapping lesion of ill-defined sites'),(522,'Other ill-defined sites'),(523,'Lower limb, NOS'),(524,'Head, face or neck, NOS'),(525,'Abdomen, NOS'),(526,'Upper limb, NOS'),(527,'Pelvis, NOS'),(528,'Thorax, NOS'),(529,'Spleen'),(530,'Bone marrow'),(531,'Blood'),(532,'Reticuloendothelial system, NOS'),(533,'Hematopoietic system, NOS'),(534,'Specified parts of peritoneum'),(535,'Retroperitoneum'),(536,'Peritoneum, NOS'),(537,'Overlapping lesion of retroperitoneum and peritoneum'),(538,'TRACHEA'),(539,'ACCESSORY SINUSES'),(540,'LARYNX'),(541,'NASAL CAVITY AND MIDDLE EAR'),(542,'HEART, MEDIASTINUM, AND PLEURA'),(543,'BRONCHUS AND LUNG'),(544,'THYMUS'),(545,'OTHER AND ILL-DEFINED SITES WITHIN RESPIRATORY SYSTEM AND INTRATHORACIC ORGANS'),(546,'BONES, JOINTS AND ARTICULAR CARTILAGE OF LIMBS'),(547,'BONES, JOINTS AND ARTICULAR CARTILAGE OF OTHER AND UNSPECIFIED SITES'),(548,'OTHER ENDOCRINE GLANDS AND RELATED STRUCTURES'),(549,'ADRENAL GLAND'),(550,'THYROID GLAND'),(551,'Cerebral meninges'),(552,'Spinal meninges'),(553,'Biliary tract, NOS'),(554,'Overlapping lesion of biliary tract'),(555,'Extrahepatic bile duct'),(556,'Intrahepatic bile duct'),(557,'Liver'),(558,'Rectosigmoid junction'),(559,'Pancreatic duct'),(560,'Tail of pancreas'),(561,'Pancreas, NOS'),(562,'Other specified parts of pancreas'),(563,'Islets of Langerhans'),(564,'Overlapping lesion of pancreas'),(565,'Body of pancreas'),(566,'Head of pancreas'),(567,'Gastrointestinal tract, NOS'),(568,'Overlapping lesion of digestive system'),(569,'Intestinal tract, NOS'),(570,'Small intestine, NOS'),(571,'Duodenum'),(572,'Meckel\'s diverticulum'),(573,'Jejunum'),(574,'Overlapping lesion of small intestine'),(575,'Ileum'),(576,'Anus, NOS'),(577,'Anal canal'),(578,'Cloacogenic zone'),(579,'Overlapping lesion of rectum, anus and anal canal'),(580,'Stomach, NOS'),(581,'Greater curvature of stomach, NOS'),(582,'Fundus of stomach'),(583,'Pylorus'),(584,'Cardia, NOS'),(585,'Overlapping lesion of stomach'),(586,'Lesser curvature of stomach, NOS'),(587,'Gastric antrum'),(588,'Body of stomach'),(589,'Scrotum, NOS'),(590,'Male genital organs, NOS'),(591,'Overlapping lesion of male genital organs'),(592,'Epididymis'),(593,'Spermatic cord'),(594,'Other specified parts of male genital organs'),(595,'Testis, NOS'),(596,'Undescended testis'),(597,'Descended testis'),(598,'Prostate gland'),(599,'Body of penis'),(600,'Penis, NOS'),(601,'Prepuce'),(602,'Glans penis'),(603,'Overlapping lesion of penis'),(604,'Corpus uteri'),(605,'Overlapping lesion of corpus uteri'),(606,'Myometrium'),(607,'Endometrium'),(608,'Fundus uteri'),(609,'Isthmus uteri'),(610,'Labium majus'),(611,'Overlapping lesion of vulva'),(612,'Labium minus'),(613,'Clitoris'),(614,'Vulva, NOS'),(615,'Ovary'),(616,'Uterus, NOS'),(617,'Exocervix'),(618,'Endocervix'),(619,'Cervix uteri'),(620,'Overlapping lesion of cervix uteri'),(621,'Overlapping lesion of female genital organs'),(622,'Fallopian tube'),(623,'Broad ligament'),(624,'Parametrium'),(625,'Round ligament'),(626,'Uterine adnexa'),(627,'Female genital tract, NOS'),(628,'Other specified parts of female genital organs'),(629,'Vagina, NOS'),(630,'Placenta'),(631,'Trachea'),(632,'Maxillary sinus'),(633,'Accessory sinus, NOS'),(634,'Overlapping lesion of accessory sinuses'),(635,'Frontal sinus'),(636,'Ethmoid sinus'),(637,'Sphenoid sinus'),(638,'Overlapping lesion of larynx'),(639,'Subglottis'),(640,'Larynx, NOS'),(641,'Glottis'),(642,'Supraglottis'),(643,'Laryngeal cartilage'),(644,'Middle ear'),(645,'Nasal cavity'),(646,'Pleura, NOS'),(647,'Anterior mediastinum'),(648,'Heart'),(649,'Posterior mediastinum'),(650,'Overlapping lesion of heart, mediastinum and pleura'),(651,'Mediastinum, NOS'),(652,'Lower lobe, lung'),(653,'Main bronchus'),(654,'Middle lobe, lung'),(655,'Upper lobe, lung'),(656,'Lung, NOS'),(657,'Overlapping lesion of lung'),(658,'Thymus'),(659,'Overlapping lesion of respiratory system and intrathoracic organs'),(660,'Ill-defined sites within respiratory system'),(661,'Upper respiratory tract, NOS'),(662,'Long bones of upper limb, scapula and associated joints'),(663,'Short bones of upper limb and associated joints'),(664,'Bone of limb, NOS'),(665,'Short bones of lower limb and associated joints'),(666,'Long bones of lower limb and associated joints'),(667,'Overlapping lesion of bones, joints and articular cartilage of limbs'),(668,'Bones of skull and face and associated joints'),(669,'Pelvic bones, Sacrum, Coccyx and associated joints'),(670,'Mandible'),(671,'Rib, Sternum, Clavicle and associated joints'),(672,'Overlapping lesion of bones, joints and articular cartilage'),(673,'Bone, NOS'),(674,'Vertebral column'),(675,'Aortic body and other paraganglia'),(676,'Pineal gland'),(677,'Pituitary gland'),(678,'Endocrine gland, NOS'),(679,'Parathyroid gland'),(680,'Craniopharyngeal duct'),(681,'Overlapping lesion of endocrine glands and related structures'),(682,'Carotid body'),(683,'Medulla of adrenal gland'),(684,'Adrenal gland, NOS'),(685,'Cortex of adrenal gland'),(686,'Thyroid gland'),(687,'Waldeyer\'s ring'),(688,'Laryngopharynx'),(689,'Pharynx, NOS'),(690,'Overlapping lesion of lip, oral cavity and pharynx'),(691,'Tonsil, NOS'),(692,'Tonsillar pillar'),(693,'Overlapping lesion of tonsil'),(694,'Tonsillar fossa'),(695,'Pyriform sinus'),(696,'Gum, NOS'),(697,'Upper gum'),(698,'Lower gum'),(699,'Dorsal surface of tongue, NOS'),(700,'Ventral surface of tongue, NOS'),(701,'Overlapping lesion of tongue'),(702,'Tongue, NOS'),(703,'Border of tongue'),(704,'Lingual tonsil'),(705,'Anterior 2/3 of tongue, NOS'),(706,'Palate, NOS'),(707,'Overlapping lesion of palate'),(708,'Soft palate, NOS'),(709,'Uvula'),(710,'Hard palate'),(711,'Submandibular gland'),(712,'Overlapping lesion of major salivary glands'),(713,'Major salivary gland, NOS'),(714,'Sublingual gland'),(715,'Overlapping lesion of hypopharynx'),(716,'Posterior wall of hypopharynx'),(717,'Hypopharynx, NOS'),(718,'Postcricoid region'),(719,'Hypopharyngeal aspect of aryepiglottic fold'),(720,'Overlapping lesion of oropharynx'),(721,'Branchial cleft'),(722,'Posterior wall of oropharynx'),(723,'Anterior surface of epiglottis'),(724,'Oropharynx, NOS'),(725,'Vallecula'),(726,'Lateral wall of oropharynx'),(727,'Lip, NOS'),(728,'Mucosa of upper lip'),(729,'Mucosa of lower lip'),(730,'Commissure of lip'),(731,'External upper lip'),(732,'Mucosa of lip, NOS'),(733,'Overlapping lesion of lip'),(734,'External lip, NOS'),(735,'External lower lip'),(736,'Parotid gland'),(737,'Base of tongue, NOS'),(738,'Lateral floor of mouth'),(739,'Anterior floor of mouth'),(740,'Overlapping lesion of floor of mouth'),(741,'Floor of mouth, NOS'),(742,'Posterior wall of nasopharynx'),(743,'Superior wall of nasopharynx'),(744,'Nasopharynx, NOS'),(745,'Whole Genome Amplified DNA'),(746,'Total Nucleic Acid'),(747,'RNA, cytoplasmic'),(748,'DNA'),(749,'RNA'),(750,'cDNA'),(751,'protein'),(752,'Not Specified'),(753,'RNA, nuclear'),(754,'RNA, poly-A enriched'),(755,'Slide'),(756,'Cryopreserved Cells'),(757,'Not Specified'),(758,'Frozen Cell Block'),(759,'Fixed Cell Block'),(760,'Frozen Cell Pellet'),(761,'Not Specified'),(762,'Frozen Tissue'),(763,'Microdissected'),(764,'Fresh Tissue'),(765,'Frozen Tissue Slide'),(766,'Fixed Tissue Slide'),(767,'Frozen Tissue Block'),(768,'Fixed Tissue Block'),(769,'Fixed Tissue'),(770,'Sputum'),(771,'Feces'),(772,'Sweat'),(773,'Synovial Fluid'),(774,'Bile'),(775,'Cerebrospinal Fluid'),(776,'Amniotic Fluid'),(777,'Serum'),(778,'Whole Bone Marrow'),(779,'Saliva'),(780,'Plasma'),(781,'Body Cavity Fluid'),(782,'Milk'),(783,'Pericardial Fluid'),(784,'Lavage'),(785,'Whole Blood'),(786,'Vitreous Fluid'),(787,'Gastric Fluid'),(788,'Not Specified'),(789,'Bone Marrow Plasma'),(790,'Urine'),(791,'Lymphosarcoma cell leukemia'),(792,'Eosinophilic leukemia'),(793,'Malignant lymphoma, follicular, NOS'),(794,'Malignant lymphoma, small cleaved cell, follicular'),(795,'Malignant lymphoma, lymphocytic, well differentiated, nodular'),(796,'Malignant lymphoma, mixed small cleaved and large cell, follicular'),(797,'Granular cell tumor, malignant'),(798,'Alveolar soft part sarcoma'),(799,'Granular cell tumor, NOS'),(800,'Lymphoid leukemia, NOS'),(801,'Chronic lymphocytic leukemia'),(802,'Adult T-cell leukemia/lymphoma'),(803,'Prolymphocytic leukemia'),(804,'Burkitt\'s cell leukemia'),(805,'Acute lymphoblastic leukemia, NOS'),(806,'Refractory anemia with excess of blasts with transformation'),(807,'Refractory anemia without sideroblasts'),(808,'Refractory anemia with excess of blasts'),(809,'Refractory anemia with sideroblasts'),(810,'Refractory anemia, NOS'),(811,'Myelodysplastic syndrome, NOS'),(812,'Mastocytoma, NOS'),(813,'Malignant mastocytosis'),(814,'Mast cell sarcoma'),(815,'Myxosarcoma'),(816,'Angiomyxoma'),(817,'Myxoma, NOS'),(818,'Pinealoma'),(819,'Craniopharyngioma'),(820,'Melanotic neuroectodermal tumor'),(821,'Chordoma'),(822,'Pineocytoma'),(823,'Pineoblastoma'),(824,'Peripheral neuroectodermal tumor'),(825,'Chronic erythremia'),(826,'Erythroleukemia'),(827,'Gynandroblastoma'),(828,'Sex cord tumor with annular tubules'),(829,'Androblastoma, benign'),(830,'Adrenal rest tumor'),(831,'Luteoma, NOS'),(832,'Lipid cell tumor of ovary'),(833,'Sertoli-Leydig cell tumor'),(834,'Sertoli cell tumor with lipid storage'),(835,'Sertoli cell tumor, NOS'),(836,'Leydig cell tumor, malignant'),(837,'Granulosa cell tumor, NOS'),(838,'Hilus cell tumor'),(839,'Granulosa cell tumor, malignant'),(840,'Androblastoma, NOS'),(841,'Androblastoma, malignant'),(842,'Leydig cell tumor, NOS'),(843,'Thecoma, luteinized'),(844,'Sertoli cell carcinoma'),(845,'Sclerosing stromal tumor'),(846,'Leydig cell tumor, benign'),(847,'Thecoma, malignant'),(848,'Sex cord-stromal tumor'),(849,'Thecoma, NOS'),(850,'Juvenile granulosa cell tumor'),(851,'Granulosa cell-theca cell tumor'),(852,'Fibrous mesothelioma, malignant'),(853,'Mesothelioma, biphasic, benign'),(854,'Epithelioid mesothelioma, malignant'),(855,'Adenomatoid tumor, NOS'),(856,'Mesothelioma, malignant'),(857,'Adenosquamous carcinoma'),(858,'Thymoma, malignant'),(859,'Adenocarcinoma with apocrine metaplasia'),(860,'Epithelial-myoepithelial carcinoma'),(861,'Adenocarcinoma with squamous metaplasia'),(862,'Malignant lymphoma, small lymphocytic, NOS'),(863,'Malignant lymphoma, lymphocytic, intermediate differentiation, diffuse'),(864,'Malignant lymphoma, mixed small and large cell, diffuse'),(865,'Malignant lymphoma, lymphoblastic'),(866,'Malignant lymphoma, large cell, diffuse, NOS'),(867,'Burkitt\'s lymphoma, NOS'),(868,'Malignant lymphoma, lymphoplasmacytic'),(869,'Malignant lymphoma, immunoblastic, NOS'),(870,'Giant cell tumor of bone, malignant'),(871,'Malignant giant cell tumor of soft parts'),(872,'Giant cell tumor of soft parts, NOS'),(873,'Giant cell tumor of bone, NOS'),(874,'Myelolipoma'),(875,'Spindle cell lipoma'),(876,'Angiomyolipoma'),(877,'Intramuscular lipoma'),(878,'Pleomorphic lipoma'),(879,'Fibrolipoma'),(880,'Angiolipoma, NOS'),(881,'Lipoblastomatosis'),(882,'Lipoma, NOS'),(883,'Liposarcoma, NOS'),(884,'Dedifferentiated liposarcoma'),(885,'Round cell liposarcoma'),(886,'Fibromyxolipoma'),(887,'Hibernoma'),(888,'Mixed liposarcoma'),(889,'Liposarcoma, well differentiated'),(890,'Myxoid liposarcoma'),(891,'Pleomorphic liposarcoma'),(892,'Mucoepidermoid carcinoma'),(893,'Mucoepidermoid tumor'),(894,'Juvenile fibroadenoma'),(895,'Serous adenofibroma'),(896,'Adenofibroma, NOS'),(897,'Pericanalicular fibroadenoma'),(898,'Brenner tumor, NOS'),(899,'Phyllodes tumor, NOS'),(900,'Brenner tumor, borderline malignancy'),(901,'Intracanalicular fibroadenoma'),(902,'Mucinous adenofibroma'),(903,'Brenner tumor, malignant'),(904,'Phyllodes tumor, benign'),(905,'Fibroadenoma, NOS'),(906,'Giant fibroadenoma'),(907,'Phyllodes tumor, malignant'),(908,'Serous surface papilloma'),(909,'Mucinous adenoma'),(910,'Papillary mucinous cystadenocarcinoma'),(911,'Papillary cystadenoma, NOS'),(912,'Serous cystadenocarcinoma, NOS'),(913,'Mucin-producing adenocarcinoma'),(914,'Papillary cystadenocarcinoma, NOS'),(915,'Serous cystadenoma, NOS'),(916,'Cystadenocarcinoma, NOS'),(917,'Papillary cystadenoma, borderline malignancy'),(918,'Papillary cystic tumor'),(919,'Papillary serous cystadenoma, NOS'),(920,'Mucinous adenocarcinoma'),(921,'Metastatic signet ring cell carcinoma'),(922,'Serous cystadenoma, borderline malignancy'),(923,'Mucinous cystadenoma, NOS'),(924,'Pseudomyxoma peritonei'),(925,'Signet ring cell carcinoma'),(926,'Mucinous cystadenocarcinoma, NOS'),(927,'Papillary mucinous cystadenoma, borderline malignancy'),(928,'Cystadenoma, NOS'),(929,'Serous surface papillary carcinoma'),(930,'Papillary mucinous cystadenoma, NOS'),(931,'Papillary serous cystadenoma, borderline malignancy'),(932,'Mucinous cystadenoma, borderline malignancy'),(933,'Papillary serous cystadenocarcinoma'),(934,'Synovioma, benign'),(935,'Synovial sarcoma, spindle cell'),(936,'Synovial sarcoma, biphasic'),(937,'Synovial sarcoma, NOS'),(938,'Clear cell sarcoma (except of Kidney M-8964/3)'),(939,'Synovial sarcoma, epithelioid cell'),(940,'Alpha heavy chain disease'),(941,'Immunoproliferative disease, NOS'),(942,'Immunoproliferative small intestinal disease'),(943,'Angioimmunoblastic lymphadenopathy'),(944,'T-gamma lymphoproliferative disease'),(945,'Waldenstrom\'s macroglobulinemia'),(946,'Monoclonal gammopathy'),(947,'Angiocentric immunoproliferative lesion'),(948,'Malignant lymphoma, NOS'),(949,'Malignant lymphoma, non-Hodgkin\'s, NOS'),(950,'Squamous cell carcinoma, microinvasive'),(951,'Squamous cell carcinoma, keratinizing, NOS'),(952,'Queyrat\'s erythroplasia'),(953,'Papillomatosis, NOS'),(954,'Squamous cell carcinoma, metastatic, NOS'),(955,'Squamous cell carcinoma, small cell, nonkeratinizing'),(956,'Squamous cell carcinoma, spindle cell'),(957,'Squamous cell carcinoma in situ with questionable stromal invasion'),(958,'Squamous cell carcinoma in situ, NOS'),(959,'Papillary carcinoma, NOS'),(960,'Verrucous carcinoma, NOS'),(961,'Intraepithelial neoplasia, grade III, of cervix, vulva and vagina (See Introduction, page xxix)'),(962,'Squamous cell carcinoma, NOS'),(963,'Bowen\'s disease'),(964,'Verrucous papilloma'),(965,'Papillary carcinoma in situ'),(966,'Squamous cell carcinoma, large cell, nonkeratinizing'),(967,'Squamous cell papilloma'),(968,'Inverted papilloma'),(969,'Papillary squamous cell carcinoma'),(970,'Lymphoepithelial carcinoma'),(971,'Papilloma, NOS (except Papilloma of bladder M-8120/1)'),(972,'Adenoid squamous cell carcinoma'),(973,'Hodgkin\'s disease, nodular sclerosis, NOS'),(974,'Hodgkin\'s disease, lymphocytic predominance, NOS'),(975,'Hodgkin\'s disease, lymphocytic depletion, diffuse fibrosis'),(976,'Hodgkin\'s disease, NOS'),(977,'Hodgkin\'s disease, nodular sclerosis, lymphocytic depletion'),(978,'Hodgkin\'s disease, nodular sclerosis, lymphocytic predominance'),(979,'Hodgkin\'s sarcoma'),(980,'Hodgkin\'s disease, mixed cellularity, NOS'),(981,'Hodgkin\'s disease, lymphocytic depletion, NOS'),(982,'Hodgkin\'s disease, lymphocytic depletion, reticular'),(983,'Hodgkin\'s disease, lymphocytic predominance, nodular'),(984,'Hodgkin\'s disease, nodular sclerosis, cellular phase'),(985,'Hodgkin\'s granuloma'),(986,'Large cell (Ki-1+) lymphoma'),(987,'Monocytoid B-cell lymphoma'),(988,'Angiocentric T-cell lymphoma'),(989,'Acinar cell carcinoma'),(990,'Acinar cell adenoma'),(991,'Acinar cell tumor'),(992,'Chronic leukemia, NOS'),(993,'Acute leukemia, NOS'),(994,'Leukemia, NOS'),(995,'Myeloid leukemia, NOS'),(996,'Acute myeloid leukemia'),(997,'Acute promyelocytic leukemia'),(998,'Chronic myeloid leukemia'),(999,'Acute myelomonocytic leukemia'),(1000,'Chronic myelomonocytic leukemia'),(1001,'Epithelioid hemangioendothelioma, NOS'),(1002,'Hemangioendothelioma, benign'),(1003,'Cavernous hemangioma'),(1004,'Hemangioendothelioma, malignant'),(1005,'Venous hemangioma'),(1006,'Capillary hemangioma'),(1007,'Hemangioendothelioma, NOS'),(1008,'Hemangiopericytoma, malignant'),(1009,'Epithelioid hemangioma'),(1010,'Kaposi\'s sarcoma'),(1011,'Angiokeratoma'),(1012,'Hemangiopericytoma, benign'),(1013,'Verrucous keratotic hemangioma'),(1014,'Kupffer cell sarcoma'),(1015,'Hemangioma, NOS'),(1016,'Hemangiopericytoma, NOS'),(1017,'Racemose hemangioma'),(1018,'Epithelioid hemangioendothelioma, malignant'),(1019,'Intramuscular hemangioma'),(1020,'Hemangioblastoma'),(1021,'Hemangiosarcoma'),(1022,'Cutaneous lymphoma'),(1023,'Peripheral T-cell lymphoma, NOS'),(1024,'Mycosis fungoides'),(1025,'Sezary\'s disease'),(1026,'Peripheral T-cell lymphoma, AILD (Angioimmunoblastic Lymphadenopathy with'),(1027,'Malignant melanoma in Hutchinson\'s melanotic freckle'),(1028,'Halo nevus'),(1029,'Magnocellular nevus'),(1030,'Malignant melanoma in giant pigmented nevus'),(1031,'Hutchinson\'s melanotic freckle, NOS'),(1032,'Precancerous melanosis, NOS'),(1033,'Blue nevus, NOS'),(1034,'Malignant melanoma, NOS'),(1035,'Balloon cell nevus'),(1036,'Malignant melanoma in precancerous melanosis'),(1037,'Malignant melanoma in junctional nevus'),(1038,'Amelanotic melanoma'),(1039,'Blue nevus, malignant'),(1040,'Superficial spreading melanoma'),(1041,'Epithelioid cell melanoma'),(1042,'Mixed epithelioid and spindle cell melanoma'),(1043,'Intradermal nevus'),(1044,'Pigmented nevus, NOS'),(1045,'Spindle cell melanoma, type B'),(1046,'Compound nevus'),(1047,'Nodular melanoma'),(1048,'Malignant melanoma, regressing'),(1049,'Aggressive fibromatosis'),(1050,'Fibromyxoma'),(1051,'Desmoplastic fibroma'),(1052,'Fibrosarcoma, NOS'),(1053,'Fibrous histiocytoma, NOS'),(1054,'Fascial fibroma'),(1055,'Periosteal fibrosarcoma'),(1056,'Pigmented dermatofibrosarcoma protuberans'),(1057,'Dermatofibrosarcoma, NOS'),(1058,'Dermatofibroma, NOS'),(1059,'Acute monocytic leukemia'),(1060,'Teratocarcinoma'),(1061,'Strumal carcinoid'),(1062,'Teratoma, NOS'),(1063,'Spermatocytic seminoma'),(1064,'Seminoma, anaplastic'),(1065,'Malignant teratoma, undifferentiated'),(1066,'Embryonal carcinoma, NOS'),(1067,'Germinoma'),(1068,'Dermoid cyst, NOS'),(1069,'Polyembryoma'),(1070,'Teratoma, benign'),(1071,'Teratoma with malignant transformation'),(1072,'Struma ovarii, NOS'),(1073,'Struma ovarii, malignant'),(1074,'Teratoma, malignant, NOS'),(1075,'Malignant teratoma, intermediate'),(1076,'Mixed germ cell tumor'),(1077,'Dysgerminoma'),(1078,'Gonadoblastoma'),(1079,'Endodermal sinus tumor'),(1080,'Seminoma, NOS'),(1081,'Not Specified'),(1082,'No Disease'),(1083,'Unknown'),(1084,'MALIGNANT LYMPHOMA, FOLLICULAR OR NODULAR, with or without diffuse areas'),(1085,'GRANULAR CELL TUMORS AND ALVEOLAR SOFT PART SARCOMA'),(1086,'LYMPHOID LEUKEMIAS'),(1087,'MYELODYSPLASTIC SYNDROME'),(1088,'MAST CELL TUMORS'),(1089,'MYXOMATOUS NEOPLASMS'),(1090,'MISCELLANEOUS TUMORS'),(1091,'ERYTHROLEUKEMIAS'),(1092,'SPECIALIZED GONADAL NEOPLASMS'),(1093,'MESOTHELIAL NEOPLASMS'),(1094,'Chief cell adenoma'),(1095,'PLASMA CELL LEUKEMIA'),(1096,'OSSEOUS AND CHONDROMATOUS NEOPLASMS'),(1097,'GIANT CELL TUMORS'),(1098,'LIPOMATOUS NEOPLASMS'),(1099,'MUCOEPIDERMOID NEOPLASMS'),(1100,'FIBROEPITHELIAL NEOPLASMS'),(1101,'CYSTIC, MUCINOUS AND SEROUS NEOPLASMS'),(1102,'SYNOVIAL-LIKE NEOPLASMS'),(1103,'IMMUNOPROLIFERATIVE DISEASES'),(1104,'MALIGNANT LYMPHOMA, NOS, OR DIFFUSE'),(1105,'SQUAMOUS CELL NEOPLASMS'),(1106,'HODGKIN\'S DISEASE'),(1107,'OTHER SPECIFIED NON-HODGKIN\'S LYMPHOMAS'),(1108,'ACINAR CELL NEOPLASMS'),(1109,'GERM CELL NEOPLASMS'),(1110,'LYMPHOSARCOMA CELL LEUKEMIA'),(1111,'MONOCYTIC LEUKEMIAS'),(1112,'FIBROMATOUS NEOPLASMS'),(1113,'PLASMA CELL TUMORS'),(1114,'ODONTOGENIC TUMORS'),(1115,'ADNEXAL AND SKIN APPENDAGE NEOPLASMS'),(1116,'COMPLEX MIXED AND STROMAL NEOPLASMS'),(1117,'NEVI AND MELANOMAS'),(1118,'SPECIFIED CUTANEOUS AND PERIPHERAL T-CELL LYMPHOMAS'),(1119,'BLOOD VESSEL TUMORS'),(1120,'MYELOID (GRANULOCYTIC) LEUKEMIAS'),(1121,'LEUKEMIAS, NOS'),(1122,'MALIGNANT LYMPHOMA SPECIFIED TYPE, DIFFUSE OR NOS'),(1123,'COMPLEX EPITHELIAL NEOPLASMS'),(1124,'EOSINOPHILIC LEUKEMIA'),(1125,'SOFT TISSUE TUMORS AND SARCOMAS, NOS'),(1126,'LYMPHATIC VESSEL TUMORS'),(1127,'OTHER LEUKEMIAS'),(1128,'MISCELLANEOUS BONE TUMORS'),(1129,'DUCTAL, LOBULAR AND MEDULLARY NEOPLASMS'),(1130,'MISCELLANEOUS MYELOPROLIFERATIVE AND LYMPHOPROLIFERATIVE DISORDERS'),(1131,'MENINGIOMAS'),(1132,'OTHER LYMPHORETICULAR NEOPLASMS'),(1133,'MYOMATOUS NEOPLASMS'),(1134,'PARAGANGLIOMAS AND GLOMUS TUMORS'),(1135,'TRANSITIONAL CELL PAPILLOMAS AND CARCINOMAS'),(1136,'ADENOMAS AND ADENOCARCINOMAS'),(1137,'EPITHELIAL NEOPLASMS, NOS'),(1138,'TROPHOBLASTIC NEOPLASMS'),(1139,'BASAL CELL NEOPLASMS'),(1140,'NEOPLASMS, NOS'),(1141,'GLIOMAS'),(1142,'MESONEPHROMAS'),(1143,'NEUROEPITHELIOMATOUS NEOPLASMS'),(1144,'BASOPHILIC LEUKEMIA'),(1145,'NERVE SHEATH TUMORS'),(1146,'Myofibromatosis'),(1147,'Atypical fibrous histiocytoma'),(1148,'Fibromyxosarcoma'),(1149,'Infantile fibrosarcoma'),(1150,'Fascial fibrosarcoma'),(1151,'Elastofibroma'),(1152,'Fibrous histiocytoma, malignant'),(1153,'Periosteal fibroma'),(1154,'Fibroma, NOS'),(1155,'Abdominal fibromatosis'),(1156,'Multiple myeloma'),(1157,'Plasmacytoma, NOS'),(1158,'Odontogenic tumor, malignant'),(1159,'Compound odontoma'),(1160,'Gigantiform cementoma'),(1161,'Ameloblastic fibrosarcoma'),(1162,'Ameloblastic fibro-odontoma'),(1163,'Odontoma, NOS'),(1164,'Central odontogenic fibroma'),(1165,'Ameloblastoma, malignant'),(1166,'Odontogenic tumor, benign'),(1167,'Odontogenic myxoma'),(1168,'Cementoma, NOS'),(1169,'Odontogenic tumor, NOS'),(1170,'Odontoameloblastoma'),(1171,'Cementifying fibroma'),(1172,'Cementoblastoma, benign'),(1173,'Odontogenic ghost cell tumor'),(1174,'Squamous odontogenic tumor'),(1175,'Adenomatoid odontogenic tumor'),(1176,'Ameloblastoma, NOS'),(1177,'Peripheral odontogenic fibroma'),(1178,'Calcifying odontogenic cyst'),(1179,'Ameloblastic fibroma'),(1180,'Complex odontoma'),(1181,'Calcifying epithelial odontogenic tumor'),(1182,'Dentinoma'),(1183,'Ameloblastic odontosarcoma'),(1184,'Skin appendage adenoma'),(1185,'Apocrine adenoma'),(1186,'Papillary hidradenoma'),(1187,'Eccrine acrospiroma'),(1188,'Eccrine spiradenoma'),(1189,'Sweat gland tumor, NOS'),(1190,'Papillary syringadenoma'),(1191,'Sweat gland adenocarcinoma'),(1192,'Sweat gland adenoma'),(1193,'Sebaceous adenocarcinoma'),(1194,'Sebaceous adenoma'),(1195,'Apocrine adenocarcinoma'),(1196,'Skin appendage carcinoma'),(1197,'Ceruminous adenoma'),(1198,'Hidrocystoma'),(1199,'Ceruminous adenocarcinoma'),(1200,'Syringoma, NOS'),(1201,'Eccrine papillary adenoma'),(1202,'Carcinosarcoma, embryonal'),(1203,'Endometrial stromal nodule'),(1204,'Adenosarcoma'),(1205,'Mesodermal mixed tumor'),(1206,'Mesenchymoma, benign'),(1207,'Clear cell sarcoma of kidney'),(1208,'Embryonal sarcoma'),(1209,'Nephroblastoma, NOS'),(1210,'Mesenchymoma, NOS'),(1211,'Carcinoma in pleomorphic adenoma'),(1212,'Adenomyoma'),(1213,'Myoepithelioma'),(1214,'Endolymphatic stromal myosis'),(1215,'Mullerian mixed tumor'),(1216,'Carcinosarcoma, NOS'),(1217,'Mixed tumor, malignant, NOS'),(1218,'Mesoblastic nephroma'),(1219,'Mesenchymoma, malignant'),(1220,'Pleomorphic adenoma'),(1221,'Rhabdoid sarcoma'),(1222,'Hepatoblastoma'),(1223,'Pancreatoblastoma'),(1224,'Endometrial stromal sarcoma'),(1225,'Pulmonary blastoma'),(1226,'Epithelioid and spindle cell nevus'),(1227,'Melanoma in situ'),(1228,'Dysplastic nevus'),(1229,'Spindle cell melanoma, NOS'),(1230,'Junctional nevus, NOS'),(1231,'Epithelioid cell nevus'),(1232,'Cellular blue nevus'),(1233,'Nonpigmented nevus'),(1234,'Giant pigmented nevus, NOS'),(1235,'Balloon cell melanoma'),(1236,'Fibrous papule of nose'),(1237,'Desmoplastic melanoma, malignant'),(1238,'Spindle cell nevus'),(1239,'Spindle cell melanoma, type A'),(1240,'Neuronevus'),(1241,'Acral lentiginous melanoma, malignant'),(1242,'Thymoma, benign'),(1243,'Adenolymphoma'),(1244,'Adenocarcinoma with spindle cell metaplasia'),(1245,'Adenocarcinoma with cartilaginous and osseous metaplasia'),(1246,'Small cell sarcoma'),(1247,'Soft tissue tumor, benign'),(1248,'Giant cell sarcoma (except of Bone M-9250/3)'),(1249,'Spindle cell sarcoma'),(1250,'Sarcoma, NOS'),(1251,'Sarcomatosis, NOS'),(1252,'Epithelioid sarcoma'),(1253,'Lymphangiomyoma'),(1254,'Cystic lymphangioma'),(1255,'Lymphangioma, NOS'),(1256,'Hemolymphangioma'),(1257,'Cavernous lymphangioma'),(1258,'Capillary lymphangioma'),(1259,'Lymphangiosarcoma'),(1260,'Lymphangiomyomatosis'),(1261,'Acute megakaryoblastic leukemia'),(1262,'Mast cell leukemia'),(1263,'Acute panmyelosis'),(1264,'Hairy cell leukemia'),(1265,'Myeloid sarcoma'),(1266,'Adamantinoma of long bones'),(1267,'Ewing\'s sarcoma'),(1268,'Ossifying fibroma'),(1269,'Infiltrating duct carcinoma'),(1270,'Juvenile carcinoma of breast'),(1271,'Intraductal carcinoma and lobular carcinoma in situ'),(1272,'Paget\'s disease and intraductal carcinoma of breast'),(1273,'Intracystic carcinoma, NOS'),(1274,'Intraductal papillary adenocarcinoma with invasion'),(1275,'Medullary carcinoma with lymphoid stroma'),(1276,'Infiltrating duct and lobular carcinoma'),(1277,'Medullary carcinoma with amyloid stroma'),(1278,'Medullary carcinoma, NOS'),(1279,'Lobular carcinoma in situ'),(1280,'Comedocarcinoma, noninfiltrating'),(1281,'Inflammatory carcinoma'),(1282,'Intracystic papillary adenoma'),(1283,'Adenoma of nipple'),(1284,'Infiltrating ductular carcinoma'),(1285,'Paget\'s disease and infiltrating duct carcinoma of breast'),(1286,'Intraductal papillomatosis, NOS'),(1287,'Paget\'s disease, mammary'),(1288,'Lobular carcinoma, NOS'),(1289,'Noninfiltrating intracystic carcinoma'),(1290,'Intraductal papilloma'),(1291,'Intraductal carcinoma, noninfiltrating, NOS'),(1292,'Paget\'s disease, extramammary (except Paget\'s disease of bone)'),(1293,'Noninfiltrating intraductal papillary adenocarcinoma'),(1294,'Comedocarcinoma, NOS'),(1295,'Chronic myeloproliferative disease'),(1296,'Idiopathic thrombocythemia'),(1297,'Myelosclerosis with myeloid metaplasia'),(1298,'Lymphoproliferative disease, NOS'),(1299,'Meningotheliomatous meningioma'),(1300,'Hemangioblastic meningioma'),(1301,'Meningioma, malignant'),(1302,'Meningiomatosis, NOS'),(1303,'Angiomatous meningioma'),(1304,'Psammomatous meningioma'),(1305,'Meningeal sarcomatosis'),(1306,'Fibrous meningioma'),(1307,'Meningioma, NOS'),(1308,'Transitional meningioma'),(1309,'Papillary meningioma'),(1310,'Letterer-Siwe\'s disease'),(1311,'True histiocytic lymphoma'),(1312,'Malignant histiocytosis'),(1313,'Embryonal rhabdomyosarcoma'),(1314,'Angiomyoma'),(1315,'Rhabdomyoma, NOS'),(1316,'Bizarre leiomyoma'),(1317,'Angiomyosarcoma'),(1318,'Myoma'),(1319,'Pleomorphic rhabdomyosarcoma'),(1320,'Leiomyosarcoma, NOS'),(1321,'Alveolar rhabdomyosarcoma'),(1322,'Leiomyoma, NOS'),(1323,'Cellular leiomyoma'),(1324,'Mixed type rhabdomyosarcoma'),(1325,'Epithelioid leiomyoma'),(1326,'Adult rhabdomyoma'),(1327,'Leiomyomatosis, NOS'),(1328,'Smooth muscle tumor, NOS'),(1329,'Myosarcoma'),(1330,'Rhabdomyosarcoma, NOS'),(1331,'Epithelioid leiomyosarcoma'),(1332,'Myxoid leiomyosarcoma'),(1333,'Fetal rhabdomyoma'),(1334,'Parasympathetic paraganglioma'),(1335,'Paraganglioma, NOS'),(1336,'Carotid body tumor'),(1337,'Pheochromocytoma, NOS'),(1338,'Glomus tumor'),(1339,'Pheochromocytoma, malignant'),(1340,'Paraganglioma, malignant'),(1341,'Extra-adrenal paraganglioma, NOS'),(1342,'Glomangioma'),(1343,'Glomangiomyoma'),(1344,'Aortic body tumor'),(1345,'Extra-adrenal paraganglioma, malignant'),(1346,'Gangliocytic paraganglioma'),(1347,'Sympathetic paraganglioma'),(1348,'Glomus jugulare tumor'),(1349,'Glomangiosarcoma'),(1350,'Basaloid carcinoma'),(1351,'Transitional cell carcinoma, NOS'),(1352,'Urothelial papilloma'),(1353,'Transitional cell papilloma, inverted'),(1354,'Papillary transitional cell carcinoma'),(1355,'Schneiderian papilloma'),(1356,'Transitional cell papilloma, NOS'),(1357,'Transitional cell carcinoma, spindle cell'),(1358,'Cloacogenic carcinoma'),(1359,'Schneiderian carcinoma'),(1360,'Transitional cell carcinoma in situ'),(1361,'Mixed acidophil-basophil carcinoma'),(1362,'Adenoid cystic carcinoma'),(1363,'Adenomatous polyposis coli'),(1364,'Islet cell adenoma'),(1365,'Hypernephroid tumor'),(1366,'Adenocarcinoma, intestinal type'),(1367,'Cribriform carcinoma'),(1368,'Superficial spreading adenocarcinoma'),(1369,'Clear cell adenofibroma'),(1370,'Alveolar adenoma'),(1371,'Basophil adenoma'),(1372,'Adenocarcinoma in tubulovillous adenoma'),(1373,'Renal cell carcinoma'),(1374,'Neuroendocrine carcinoma'),(1375,'Adenocarcinoma in situ, NOS'),(1376,'Adenomatous polyp, NOS'),(1377,'Pulmonary adenomatosis'),(1378,'Apudoma'),(1379,'Vipoma'),(1380,'Adenocarcinoma, NOS'),(1381,'Hepatocellular carcinoma, fibrolamellar'),(1382,'Glycogen-rich carcinoma'),(1383,'Papillary adenoma, NOS'),(1384,'Linitis plastica'),(1385,'Tubular adenoma, NOS'),(1386,'Tubular adenocarcinoma'),(1387,'Goblet cell carcinoid'),(1388,'Oxyphilic adenocarcinoma'),(1389,'Bile duct adenoma'),(1390,'Hepatocellular carcinoma, NOS'),(1391,'Acidophil adenoma'),(1392,'Adenocarcinoma, metastatic, NOS'),(1393,'Basal cell adenocarcinoma'),(1394,'Tubulovillous adenoma, NOS'),(1395,'Gastrinoma, NOS'),(1396,'Islet cell carcinoma'),(1397,'Basal cell adenoma'),(1398,'Mixed acidophil-basophil adenoma'),(1399,'Insulinoma, NOS'),(1400,'Gastrinoma, malignant'),(1401,'Glucagonoma, NOS'),(1402,'Trabecular adenoma'),(1403,'Microcystic adenoma'),(1404,'Alveolar adenocarcinoma'),(1405,'Carcinoid tumor, argentaffin, malignant'),(1406,'Adenocarcinoma in adenomatous polyposis coli'),(1407,'Adenocarcinoma in situ in villous adenoma'),(1408,'Clear cell adenocarcinoma, NOS'),(1409,'Eccrine dermal cylindroma'),(1410,'Papillary adenocarcinoma, NOS'),(1411,'Cholangiocarcinoma'),(1412,'Adenocarcinoma in situ in adenomatous polyp'),(1413,'Merkel cell carcinoma'),(1414,'Adenocarcinoma in multiple adenomatous polyps'),(1415,'Prolactinoma'),(1416,'Adenocarcinoma in villous adenoma'),(1417,'Klatskin\'s tumor'),(1418,'Scirrhous adenocarcinoma'),(1419,'Clear cell adenoma'),(1420,'Chromophobe adenoma'),(1421,'Carcinoma simplex'),(1422,'Oxyphilic adenoma'),(1423,'Lipid-rich carcinoma'),(1424,'Monomorphic adenoma'),(1425,'Adenocarcinoma in adenomatous polyp'),(1426,'Multiple adenomatous polyps'),(1427,'Bile duct cystadenoma'),(1428,'Acidophil carcinoma'),(1429,'Villous adenoma, NOS'),(1430,'Adenocarcinoid tumor'),(1431,'Composite carcinoid'),(1432,'Insulinoma, malignant'),(1433,'Adenocarcinoma in situ in tubulovillous adenoma'),(1434,'Bronchiolo-alveolar adenocarcinoma'),(1435,'Bronchial adenoma, NOS'),(1436,'Granular cell carcinoma'),(1437,'Carcinoma, diffuse type'),(1438,'Combined hepatocellular carcinoma and cholangiocarcinoma'),(1439,'Trabecular adenocarcinoma'),(1440,'Embryonal adenoma'),(1441,'Solid carcinoma, NOS'),(1442,'Mixed islet cell and exocrine adenocarcinoma'),(1443,'Adenoma, NOS'),(1444,'Basophil carcinoma'),(1445,'Villous adenocarcinoma'),(1446,'Liver cell adenoma'),(1447,'Carcinoid tumor, NOS, of appendix'),(1448,'Chromophobe carcinoma'),(1449,'Carcinoid tumor, NOS (except of Appendix M-8240/1)'),(1450,'Glucagonoma, malignant'),(1451,'Bile duct cystadenocarcinoma'),(1452,'Tumorlet'),(1453,'Epithelioma, malignant'),(1454,'Pleomorphic carcinoma'),(1455,'Polygonal cell carcinoma'),(1456,'Carcinoma, NOS'),(1457,'Carcinomatosis'),(1458,'Oat cell carcinoma'),(1459,'Small cell carcinoma, intermediate cell'),(1460,'Small cell carcinoma, fusiform cell'),(1461,'Pseudosarcomatous carcinoma'),(1462,'Small cell-large cell carcinoma'),(1463,'Epithelioma, benign'),(1464,'Small cell carcinoma, NOS'),(1465,'Giant cell and spindle cell carcinoma'),(1466,'Giant cell carcinoma'),(1467,'Carcinoma, anaplastic, NOS'),(1468,'Epithelial tumor, benign'),(1469,'Spindle cell carcinoma'),(1470,'Carcinoma in situ, NOS'),(1471,'Carcinoma, metastatic, NOS'),(1472,'Large cell carcinoma, NOS'),(1473,'Carcinoma, undifferentiated, NOS'),(1474,'Partial hydatidiform mole'),(1475,'Choriocarcinoma, NOS'),(1476,'Invasive hydatidiform mole'),(1477,'Placental site trophoblastic tumor'),(1478,'Malignant teratoma, trophoblastic'),(1479,'Choriocarcinoma combined with other germ cell elements'),(1480,'Hydatidiform mole, NOS'),(1481,'Basal cell carcinoma, NOS'),(1482,'Intraepidermal epithelioma of Jadassohn'),(1483,'Metatypical carcinoma'),(1484,'Pilomatrixoma, NOS'),(1485,'Pilomatrix carcinoma'),(1486,'Trichoepithelioma'),(1487,'Tricholemmoma'),(1488,'Basal cell carcinoma, morphea'),(1489,'Basal cell tumor'),(1490,'Multicentric basal cell carcinoma'),(1491,'Basal cell carcinoma, fibroepithelial'),(1492,'Trichofolliculoma'),(1493,'Basosquamous carcinoma'),(1494,'Neoplasm, benign'),(1495,'Malignant tumor, small cell type'),(1496,'Neoplasm, uncertain whether benign or malignant'),(1497,'Malignant tumor, giant cell type'),(1498,'Malignant tumor, fusiform cell type'),(1499,'Tumor cells, uncertain whether benign or malignant'),(1500,'Tumor cells, benign'),(1501,'Neoplasm, malignant, uncertain whether primary or metastatic'),(1502,'Neoplasm, metastatic'),(1503,'Tumor cells, malignant'),(1504,'Neoplasm, malignant'),(1505,'Subependymal glioma'),(1506,'Pleomorphic xanthoastrocytoma'),(1507,'Myxopapillary ependymoma'),(1508,'Medullomyoblastoma'),(1509,'Protoplasmic astrocytoma'),(1510,'Choroid plexus papilloma, NOS'),(1511,'Astroblastoma'),(1512,'Astrocytoma, anaplastic'),(1513,'Oligodendroglioma, NOS'),(1514,'Desmoplastic medulloblastoma'),(1515,'Papillary ependymoma'),(1516,'Spongioblastoma polare'),(1517,'Gemistocytic astrocytoma'),(1518,'Subependymal giant cell astrocytoma'),(1519,'Gliomatosis cerebri'),(1520,'Astrocytoma, NOS'),(1521,'Fibrillary astrocytoma'),(1522,'Primitive neuroectodermal tumor'),(1523,'Cerebellar sarcoma, NOS'),(1524,'Oligodendroglioma, anaplastic'),(1525,'Choroid plexus papilloma, malignant'),(1526,'Oligodendroblastoma'),(1527,'Medulloblastoma, NOS'),(1528,'Glioma, malignant'),(1529,'Gliosarcoma'),(1530,'Ependymoma, anaplastic'),(1531,'Mixed glioma'),(1532,'Pilocytic astrocytoma'),(1533,'Giant cell glioblastoma'),(1534,'Ependymoma, NOS'),(1535,'Glioblastoma, NOS'),(1536,'Mesonephroma, malignant'),(1537,'Mesonephroma, benign'),(1538,'Mesonephric tumor'),(1539,'Esthesioneuroepithelioma'),(1540,'Neurocytoma'),(1541,'Esthesioneuroblastoma'),(1542,'Esthesioneurocytoma'),(1543,'Olfactory neurogenic tumor'),(1544,'Neuroepithelioma, NOS'),(1545,'Ganglioneuroma'),(1546,'Retinoblastoma, NOS'),(1547,'Ganglioglioma'),(1548,'Retinoblastoma, undifferentiated'),(1549,'Pacinian tumor'),(1550,'Retinoblastoma, differentiated'),(1551,'Neuroblastoma, NOS'),(1552,'Ganglioneuroblastoma'),(1553,'Ganglioneuromatosis'),(1554,'Spongioneuroblastoma'),(1555,'Teratoid medulloepithelioma'),(1556,'Medulloepithelioma, NOS'),(1557,'Basophilic leukemia'),(1558,'Triton tumor, malignant'),(1559,'Neuroma, NOS'),(1560,'Neurinomatosis'),(1561,'Neurilemmoma, NOS'),(1562,'Neurothekeoma'),(1563,'Neurofibrosarcoma'),(1564,'Plexiform neurofibroma'),(1565,'Melanotic neurofibroma'),(1566,'Neurilemmoma, malignant'),(1567,'Neurofibromatosis, NOS'),(1568,'Neurofibroma, NOS'),(1569,'Myxoid chondrosarcoma'),(1570,'Telangiectatic osteosarcoma'),(1571,'Juxtacortical osteosarcoma'),(1572,'Chondroma, NOS'),(1573,'Chondromyxoid fibroma'),(1574,'Chondroblastoma, NOS'),(1575,'Osteochondroma'),(1576,'Osteoma, NOS'),(1577,'Osteosarcoma, NOS'),(1578,'Small cell osteosarcoma'),(1579,'Mesenchymal chondrosarcoma'),(1580,'Osteochondromatosis, NOS'),(1581,'Osteoblastoma, NOS'),(1582,'Fibroblastic osteosarcoma'),(1583,'Chondroblastoma, malignant'),(1584,'Osteosarcoma in Paget\'s disease of bone'),(1585,'Chondromatosis, NOS'),(1586,'Juxtacortical chondroma'),(1587,'Juxtacortical chondrosarcoma'),(1588,'Aggressive osteoblastoma'),(1589,'Chondroblastic osteosarcoma'),(1590,'Chondrosarcoma, NOS'),(1591,'Osteoid osteoma, NOS'),(1592,'Plasma cell leukemia'),(1593,'Follicular adenocarcinoma, well differentiated'),(1594,'Water-clear cell adenocarcinoma'),(1595,'Mixed cell adenoma'),(1596,'Lipoadenoma'),(1597,'Adrenal cortical adenoma, compact cell'),(1598,'Adrenal cortical adenoma, glomerulosa cell'),(1599,'Endometrioid adenoma, borderline malignancy'),(1600,'Adrenal cortical adenoma, clear cell'),(1601,'Water-clear cell adenoma'),(1602,'Adrenal cortical adenoma, mixed cell'),(1603,'Mixed cell adenocarcinoma'),(1604,'Nonencapsulated sclerosing carcinoma'),(1605,'Endometrioid adenofibroma, borderline malignancy'),(1606,'Follicular adenocarcinoma, NOS'),(1607,'Microfollicular adenoma'),(1608,'Adrenal cortical adenoma, NOS'),(1609,'Endometrioid adenofibroma, malignant'),(1610,'Adrenal cortical adenoma, heavily pigmented variant'),(1611,'Papillary carcinoma, follicular variant'),(1612,'Follicular adenoma'),(1613,'Multiple endocrine adenomas'),(1614,'Macrofollicular adenoma'),(1615,'Juxtaglomerular tumor'),(1616,'Adrenal cortical carcinoma'),(1617,'Endometrioid adenoma, NOS'),(1618,'Endometrioid carcinoma'),(1619,'Endometrioid adenofibroma, NOS'),(1620,'Follicular adenocarcinoma, trabecular'),(1621,'Cystic mesothelioma'),(1622,'Mesothelioma, biphasic, malignant'),(1623,'Epithelioid mesothelioma, benign'),(1624,'Mesothelioma, benign'),(1625,'Fibrous mesothelioma, benign'),(1626,'Relapse, Primary Site'),(1627,'New Diagnosis'),(1628,'Post-Therapy'),(1629,'No Diagnosis / Control'),(1630,'Relapse, Distant Site'),(1631,'Pre-Therapy'),(1632,'Pre-Operative'),(1633,'Remission'),(1634,'Operative'),(1635,'Not Specified'),(1636,'Post-Operative'),(1637,'Relapse, Not Specified'),(1638,'Not Specified'),(1639,'Plastic'),(1640,'Optimal Cutting Temperature Media'),(1641,'Low Melting Point Paraffin'),(1642,'Paraffin'),(1643,'Freezing Media, Not Specified'),(1644,'UM-Fix'),(1645,'Methanol'),(1646,'RNALater'),(1647,'Bouin\'s'),(1648,'Methacarn'),(1649,'Ethanol, 70%'),(1650,'Formaldehyde'),(1651,'Not Specified'),(1652,'Neutral Buffered Formalin'),(1653,'Acceptable'),(1654,'Hemolyzed'),(1655,'Clotted'),(1656,'Thawed'),(1657,'Damaged'),(1658,'Not Specified'),(1659,'Frozen'),(1660,'Lipemic'),(1661,'Hemorrhagic'),(1662,'Unacceptable, Not Specified'),(1663,'Cauterized'),(1664,'Quantity Not Sufficient'),(1665,'Poor- No Definable Features'),(1666,'Excellent- Definable Nuclear Detail'),(1667,'Good- Definable Cellular Detail'),(1668,'Not Specified'),(1669,'Fair- Definable Tissue Architecture'),(1670,'Cryobath'),(1671,'Dry Ice'),(1672,'Cryostat'),(1673,'Aerosol Spray'),(1674,'Not Specified'),(1675,'Dry Ice / Hydrocarbon Slurry'),(1676,'Liquid Nitrogen'),(1677,'Liquid Notrogen / Isopentane'),(1678,'Liquid Nitrogen Vapor'),(1679,'Not Specified'),(1680,'Citrate Vacutainer'),(1681,'No Additive Vacutainer'),(1682,'Sterile Specimen Container'),(1683,'Serum Separator Vacutainer'),(1684,'EDTA Vacutainer'),(1685,'Heparin Vacutainer'),(1686,'ACD Vacutainer'),(1687,'Unknown'),(1688,'Not Reported'),(1689,'Hispanic or Latino'),(1690,'Not Hispanic or Latino'),(1691,'Unspecified'),(1692,'Unknown'),(1693,'Alive'),(1694,'Dead'),(1695,'Unknown'),(1696,'Female Gender'),(1697,'Unspecified'),(1698,'Male Gender'),(1699,'Not Specified'),(1700,'XXYY Syndrome'),(1701,'XXX'),(1702,'XX'),(1703,'Klinefelter\'s Syndrome'),(1704,'XY'),(1705,'Mosaic including XXXXY'),(1706,'Penta X Syndrome'),(1707,'XXXY Syndrome'),(1708,'Unknown'),(1709,'Urachus'),(1710,'Trigone of bladder'),(1711,'Bladder neck'),(1712,'Overlapping lesion of bladder'),(1713,'Posterior wall of bladder'),(1714,'Ureteric orifice'),(1715,'Anterior wall of bladder'),(1716,'Dome of bladder'),(1717,'Bladder, NOS'),(1718,'Lateral wall of bladder'),(1719,'Urethra'),(1720,'Paraurethral gland'),(1721,'Overlapping lesion of urinary organs'),(1722,'Urinary system, NOS'),(1723,'Kidney, NOS'),(1724,'Renal pelvis'),(1725,'Ureter'),(1726,'Overlapping lesion of other and unspecified parts of mouth'),(1727,'Mouth, NOS'),(1728,'Cheek mucosa'),(1729,'Retromolar area'),(1730,'Vestibule of mouth'),(1731,'Anterior wall of nasopharynx'),(1732,'Overlapping lesion of nasopharynx'),(1733,'Lateral wall of nasopharynx'),(1734,'Ampulla of Vater'),(1735,'Gallbladder'),(1736,'Appendix'),(1737,'Overlapping lesion of colon'),(1738,'Transverse colon'),(1739,'Ascending colon'),(1740,'Splenic flexure of colon'),(1741,'Sigmoid colon'),(1742,'Cecum'),(1743,'Descending colon'),(1744,'Colon, NOS'),(1745,'Hepatic flexure of colon'),(1746,'Overlapping lesion of esophagus'),(1747,'Cervical esophagus'),(1748,'Thoracic esophagus'),(1749,'Upper third of esophagus'),(1750,'Abdominal esophagus'),(1751,'Lower third of esophagus'),(1752,'Middle third of esophagus'),(1753,'Esophagus, NOS'),(1754,'Rectum, NOS'),(1755,'Orbit, NOS'),(1756,'EYE AND ADNEXA'),(1757,'Lacrimal gland'),(1758,'Ciliary body'),(1759,'Cornea, NOS'),(1760,'Retina'),(1761,'Choroid'),(1762,'Overlapping lesion of eye and adnexa'),(1763,'Eye, NOS'),(1764,'Conjunctiva'),(1765,'Overlapping lesion of brain and central nervous system'),(1766,'Olfactory nerve'),(1767,'Optic nerve'),(1768,'Spinal cord'),(1769,'Cauda equina'),(1770,'Cranial nerve, NOS'),(1771,'Acoustic nerve'),(1772,'Nervous system, NOS'),(1773,'Temporal lobe'),(1774,'Overlapping lesion of brain'),(1775,'Frontal lobe'),(1776,'Ventricle, NOS'),(1777,'Cerebellum, NOS'),(1778,'Parietal lobe'),(1779,'Cerebrum'),(1780,'Occipital lobe'),(1781,'Brain stem'),(1782,'Brain, NOS'),(1783,'BLADDER'),(1784,'OTHER AND UNSPECIFIED URINARY ORGANS'),(1785,'KIDNEY'),(1786,'RENAL PELVIS'),(1787,'URETER'),(1788,'Intra-abdominal lymph nodes'),(1789,'Lymph nodes of multiple regions'),(1790,'Lymph node, NOS'),(1791,'Pelvic lymph nodes'),(1792,'Lymph nodes of inguinal region or leg'),(1793,'Intrathoracic lymph nodes'),(1794,'Lymph nodes of axilla or arm'),(1795,'Lymph nodes of head, face and neck'),(1796,'OTHER AND UNSPECIFIED PARTS OF MOUTH'),(1797,'NASOPHARYNX'),(1798,'FLOOR OF MOUTH'),(1799,'BASE OF TONGUE'),(1800,'PAROTID GLAND'),(1801,'LIP'),(1802,'OROPHARYNX'),(1803,'HYPOPHARYNX'),(1804,'OTHER AND UNSPECIFIED MAJOR SALIVARY GLANDS'),(1805,'PALATE'),(1806,'OTHER AND UNSPECIFIED PARTS OF TONGUE'),(1807,'GUM'),(1808,'PYRIFORM SINUS'),(1809,'TONSIL'),(1810,'OTHER AND ILL-DEFINED SITES IN LIP, ORAL CAVITY AND PHARYNX'),(1811,'Nipple'),(1812,'Upper-inner quadrant of breast'),(1813,'Lower-inner quadrant of breast'),(1814,'Overlapping lesion of breast'),(1815,'Breast, NOS'),(1816,'Lower-outer quadrant of breast'),(1817,'Axillary tail of breast'),(1818,'Central portion of breast'),(1819,'Upper-outer quadrant of breast'),(1820,'Connective, Subcutaneous and other Soft tissues of pelvis'),(1821,'Overlapping lesion of connective, subcutaneous and other soft tissues'),(1822,'Connective, Subcutaneous and other Soft tissues of head, face, and neck'),(1823,'Connective, Subcutaneous and other Soft tissues of abdomen'),(1824,'Connective, Subcutaneous and other Soft tissues of trunk, NOS'),(1825,'Connective, Subcutaneous and other Soft tissues of lower limb and hip'),(1826,'Connective, Subcutaneous and other Soft tissues, NOS'),(1827,'Connective, Subcutaneous and other Soft tissues of upper limb and shoulder'),(1828,'Connective, Subcutaneous and other Soft tissues of thorax'),(1829,'Meninges, NOS'),(1830,'Peripheral nerves and Autonomic nervous system of upper limb and shoulder'),(1831,'PENIS'),(1832,'PROSTATE GLAND'),(1833,'TESTIS'),(1834,'OTHER AND UNSPECIFIED MALE GENITAL ORGANS'),(1835,'Skin of scalp and neck'),(1836,'Skin of trunk'),(1837,'Skin of lip, NOS'),(1838,'Eyelid'),(1839,'External ear'),(1840,'Skin of lower limb and hip'),(1841,'Overlapping lesion of skin'),(1842,'Skin of upper limb and shoulder'),(1843,'Skin, NOS'),(1844,'Skin of other and unspecified parts of face'),(1845,'STOMACH'),(1846,'ANUS AND ANAL CANAL'),(1847,'SMALL INTESTINE'),(1848,'OTHER AND ILL-DEFINED DIGESTIVE ORGANS'),(1849,'PANCREAS'),(1850,'RECTOSIGMOID JUNCTION'),(1851,'LIVER AND INTRAHEPATIC BILE DUCTS'),(1852,'OTHER AND UNSPECIFIED PARTS OF BILIARY TRACT'),(1853,'GALLBLADDER'),(1854,'MENINGES'),(1855,'THYROID AND OTHER ENDOCRINE GLANDS'),(1856,'BONES, JOINTS AND ARTICULAR CARTILAGE'),(1857,'RESPIRATORY SYSTEM AND INTRATHORACIC ORGANS'),(1858,'RETROPERITONEUM AND PERITONEUM'),(1859,'HEMATOPOIETIC AND RETICULOENDOTHELIAL SYSTEMS'),(1860,'OTHER AND ILL-DEFINED SITES'),(1861,'FEMALE GENITAL ORGANS'),(1862,'PERIPHERAL NERVES AND AUTONOMIC NERVOUS SYSTEM'),(1863,'UNKNOWN PRIMARY SITE'),(1864,'MALE GENITAL ORGANS'),(1865,'SKIN'),(1866,'DIGESTIVE ORGANS'),(1867,'CONNECTIVE, SUBCUTANEOUS AND OTHER SOFT TISSUES'),(1868,'BREAST'),(1869,'LIP, ORAL CAVITY AND PHARYNX'),(1870,'LYMPH NODES'),(1871,'URINARY TRACT'),(1872,'BRAIN'),(1873,'SPINAL CORD, CRANIAL NERVES, AND OTHER PARTS OF CENTRAL NERVOUS SYSTEM'),(1874,'EYE, BRAIN AND OTHER PARTS OF CENTRAL NERVOUS SYSTEM'),(1875,'Not Specified'),(1876,'RECTUM'),(1877,'ESOPHAGUS'),(1878,'COLON'),(1879,'Autonomic nervous system, NOS'),(1880,'Overlapping lesion of peripheral nerves and autonomic nervous system'),(1881,'Peripheral nerves and Autonomic nervous system of thorax'),(1882,'Peripheral nerves and Autonomic nervous system of trunk, NOS'),(1883,'Peripheral nerves and Autonomic nervous system of lower limb and hip'),(1884,'Peripheral nerves and Autonomic nervous system of head, face, and neck'),(1885,'Peripheral nerves and Autonomic nervous system of abdomen'),(1886,'Peripheral nerves and Autonomic nervous system of pelvis'),(1887,'CORPUS UTERI'),(1888,'VULVA'),(1889,'OVARY'),(1890,'UTERUS, NOS'),(1891,'CERVIX UTERI'),(1892,'OTHER AND UNSPECIFIED FEMALE GENITAL ORGANS'),(1893,'VAGINA'),(1894,'PLACENTA'),(1895,'Overlapping lesion of ill-defined sites'),(1896,'Other ill-defined sites'),(1897,'Lower limb, NOS'),(1898,'Head, face or neck, NOS'),(1899,'Abdomen, NOS'),(1900,'Upper limb, NOS'),(1901,'Pelvis, NOS'),(1902,'Thorax, NOS'),(1903,'Spleen'),(1904,'Bone marrow'),(1905,'Blood'),(1906,'Reticuloendothelial system, NOS'),(1907,'Hematopoietic system, NOS'),(1908,'Specified parts of peritoneum'),(1909,'Retroperitoneum'),(1910,'Peritoneum, NOS'),(1911,'Overlapping lesion of retroperitoneum and peritoneum'),(1912,'TRACHEA'),(1913,'ACCESSORY SINUSES'),(1914,'LARYNX'),(1915,'NASAL CAVITY AND MIDDLE EAR'),(1916,'HEART, MEDIASTINUM, AND PLEURA'),(1917,'BRONCHUS AND LUNG'),(1918,'THYMUS'),(1919,'OTHER AND ILL-DEFINED SITES WITHIN RESPIRATORY SYSTEM AND INTRATHORACIC ORGANS'),(1920,'BONES, JOINTS AND ARTICULAR CARTILAGE OF LIMBS'),(1921,'BONES, JOINTS AND ARTICULAR CARTILAGE OF OTHER AND UNSPECIFIED SITES'),(1922,'OTHER ENDOCRINE GLANDS AND RELATED STRUCTURES'),(1923,'ADRENAL GLAND'),(1924,'THYROID GLAND'),(1925,'Cerebral meninges'),(1926,'Spinal meninges'),(1927,'Biliary tract, NOS'),(1928,'Overlapping lesion of biliary tract'),(1929,'Extrahepatic bile duct'),(1930,'Intrahepatic bile duct'),(1931,'Liver'),(1932,'Rectosigmoid junction'),(1933,'Pancreatic duct'),(1934,'Tail of pancreas'),(1935,'Pancreas, NOS'),(1936,'Other specified parts of pancreas'),(1937,'Islets of Langerhans'),(1938,'Overlapping lesion of pancreas'),(1939,'Body of pancreas'),(1940,'Head of pancreas'),(1941,'Gastrointestinal tract, NOS'),(1942,'Overlapping lesion of digestive system'),(1943,'Intestinal tract, NOS'),(1944,'Small intestine, NOS'),(1945,'Duodenum'),(1946,'Meckel\'s diverticulum'),(1947,'Jejunum'),(1948,'Overlapping lesion of small intestine'),(1949,'Ileum'),(1950,'Anus, NOS'),(1951,'Anal canal'),(1952,'Cloacogenic zone'),(1953,'Overlapping lesion of rectum, anus and anal canal'),(1954,'Stomach, NOS'),(1955,'Greater curvature of stomach, NOS'),(1956,'Fundus of stomach'),(1957,'Pylorus'),(1958,'Cardia, NOS'),(1959,'Overlapping lesion of stomach'),(1960,'Lesser curvature of stomach, NOS'),(1961,'Gastric antrum'),(1962,'Body of stomach'),(1963,'Scrotum, NOS'),(1964,'Male genital organs, NOS'),(1965,'Overlapping lesion of male genital organs'),(1966,'Epididymis'),(1967,'Spermatic cord'),(1968,'Other specified parts of male genital organs'),(1969,'Testis, NOS'),(1970,'Undescended testis'),(1971,'Descended testis'),(1972,'Prostate gland'),(1973,'Body of penis'),(1974,'Penis, NOS'),(1975,'Prepuce'),(1976,'Glans penis'),(1977,'Overlapping lesion of penis'),(1978,'Corpus uteri'),(1979,'Overlapping lesion of corpus uteri'),(1980,'Myometrium'),(1981,'Endometrium'),(1982,'Fundus uteri'),(1983,'Isthmus uteri'),(1984,'Labium majus'),(1985,'Overlapping lesion of vulva'),(1986,'Labium minus'),(1987,'Clitoris'),(1988,'Vulva, NOS'),(1989,'Ovary'),(1990,'Uterus, NOS'),(1991,'Exocervix'),(1992,'Endocervix'),(1993,'Cervix uteri'),(1994,'Overlapping lesion of cervix uteri'),(1995,'Overlapping lesion of female genital organs'),(1996,'Fallopian tube'),(1997,'Broad ligament'),(1998,'Parametrium'),(1999,'Round ligament'),(2000,'Uterine adnexa'),(2001,'Female genital tract, NOS'),(2002,'Other specified parts of female genital organs'),(2003,'Vagina, NOS'),(2004,'Placenta'),(2005,'Trachea'),(2006,'Maxillary sinus'),(2007,'Accessory sinus, NOS'),(2008,'Overlapping lesion of accessory sinuses'),(2009,'Frontal sinus'),(2010,'Ethmoid sinus'),(2011,'Sphenoid sinus'),(2012,'Overlapping lesion of larynx'),(2013,'Subglottis'),(2014,'Larynx, NOS'),(2015,'Glottis'),(2016,'Supraglottis'),(2017,'Laryngeal cartilage'),(2018,'Middle ear'),(2019,'Nasal cavity'),(2020,'Pleura, NOS'),(2021,'Anterior mediastinum'),(2022,'Heart'),(2023,'Posterior mediastinum'),(2024,'Overlapping lesion of heart, mediastinum and pleura'),(2025,'Mediastinum, NOS'),(2026,'Lower lobe, lung'),(2027,'Main bronchus'),(2028,'Middle lobe, lung'),(2029,'Upper lobe, lung'),(2030,'Lung, NOS'),(2031,'Overlapping lesion of lung'),(2032,'Thymus'),(2033,'Overlapping lesion of respiratory system and intrathoracic organs'),(2034,'Ill-defined sites within respiratory system'),(2035,'Upper respiratory tract, NOS'),(2036,'Long bones of upper limb, scapula and associated joints'),(2037,'Short bones of upper limb and associated joints'),(2038,'Bone of limb, NOS'),(2039,'Short bones of lower limb and associated joints'),(2040,'Long bones of lower limb and associated joints'),(2041,'Overlapping lesion of bones, joints and articular cartilage of limbs'),(2042,'Bones of skull and face and associated joints'),(2043,'Pelvic bones, Sacrum, Coccyx and associated joints'),(2044,'Mandible'),(2045,'Rib, Sternum, Clavicle and associated joints'),(2046,'Overlapping lesion of bones, joints and articular cartilage'),(2047,'Bone, NOS'),(2048,'Vertebral column'),(2049,'Aortic body and other paraganglia'),(2050,'Pineal gland'),(2051,'Pituitary gland'),(2052,'Endocrine gland, NOS'),(2053,'Parathyroid gland'),(2054,'Craniopharyngeal duct'),(2055,'Overlapping lesion of endocrine glands and related structures'),(2056,'Carotid body'),(2057,'Medulla of adrenal gland'),(2058,'Adrenal gland, NOS'),(2059,'Cortex of adrenal gland'),(2060,'Thyroid gland'),(2061,'Waldeyer\'s ring'),(2062,'Laryngopharynx'),(2063,'Pharynx, NOS'),(2064,'Overlapping lesion of lip, oral cavity and pharynx'),(2065,'Tonsil, NOS'),(2066,'Tonsillar pillar'),(2067,'Overlapping lesion of tonsil'),(2068,'Tonsillar fossa'),(2069,'Pyriform sinus'),(2070,'Gum, NOS'),(2071,'Upper gum'),(2072,'Lower gum'),(2073,'Dorsal surface of tongue, NOS'),(2074,'Ventral surface of tongue, NOS'),(2075,'Overlapping lesion of tongue'),(2076,'Tongue, NOS'),(2077,'Border of tongue'),(2078,'Lingual tonsil'),(2079,'Anterior 2/3 of tongue, NOS'),(2080,'Palate, NOS'),(2081,'Overlapping lesion of palate'),(2082,'Soft palate, NOS'),(2083,'Uvula'),(2084,'Hard palate'),(2085,'Submandibular gland'),(2086,'Overlapping lesion of major salivary glands'),(2087,'Major salivary gland, NOS'),(2088,'Sublingual gland'),(2089,'Overlapping lesion of hypopharynx'),(2090,'Posterior wall of hypopharynx'),(2091,'Hypopharynx, NOS'),(2092,'Postcricoid region'),(2093,'Hypopharyngeal aspect of aryepiglottic fold'),(2094,'Overlapping lesion of oropharynx'),(2095,'Branchial cleft'),(2096,'Posterior wall of oropharynx'),(2097,'Anterior surface of epiglottis'),(2098,'Oropharynx, NOS'),(2099,'Vallecula'),(2100,'Lateral wall of oropharynx'),(2101,'Lip, NOS'),(2102,'Mucosa of upper lip'),(2103,'Mucosa of lower lip'),(2104,'Commissure of lip'),(2105,'External upper lip'),(2106,'Mucosa of lip, NOS'),(2107,'Overlapping lesion of lip'),(2108,'External lip, NOS'),(2109,'External lower lip'),(2110,'Parotid gland'),(2111,'Base of tongue, NOS'),(2112,'Lateral floor of mouth'),(2113,'Anterior floor of mouth'),(2114,'Overlapping lesion of floor of mouth'),(2115,'Floor of mouth, NOS'),(2116,'Posterior wall of nasopharynx'),(2117,'Superior wall of nasopharynx'),(2118,'Nasopharynx, NOS'),(2119,'Mutagen'),(2120,'Not Specified'),(2121,'Radioactive'),(2122,'Infectious'),(2123,'Carcinogen'),(2124,'Toxic');

/*Table structure for table `dyextn_string_type_info` */

DROP TABLE IF EXISTS `dyextn_string_type_info`;

CREATE TABLE `dyextn_string_type_info` (
  `IDENTIFIER` bigint(20) NOT NULL default '0',
  `MAX_SIZE` int(11) default NULL,
  PRIMARY KEY  (`IDENTIFIER`),
  KEY `FKDA35FE02BC7298A9` (`IDENTIFIER`),
  CONSTRAINT `FKDA35FE02BC7298A9` FOREIGN KEY (`IDENTIFIER`) REFERENCES `dyextn_attribute_type_info` (`IDENTIFIER`)
) ENGINE=InnoDB DEFAULT CHARSET=latin1;

/*Data for the table `dyextn_string_type_info` */

insert into `dyextn_string_type_info` (`IDENTIFIER`,`MAX_SIZE`) values (4,NULL),(5,NULL),(8,NULL),(10,NULL),(11,NULL),(12,NULL),(13,NULL),(14,NULL),(16,NULL),(18,NULL),(21,NULL),(22,NULL),(25,NULL),(26,NULL),(30,NULL),(32,NULL),(34,NULL),(35,NULL),(38,NULL),(40,NULL),(42,NULL),(43,NULL),(45,NULL),(46,NULL),(47,NULL),(51,NULL),(52,NULL),(53,NULL),(54,NULL),(55,NULL),(56,NULL),(59,NULL),(60,NULL),(61,NULL),(62,NULL),(63,NULL),(64,NULL),(65,NULL),(67,NULL),(69,NULL),(71,NULL),(73,NULL),(74,NULL),(75,NULL),(76,NULL),(77,NULL),(82,NULL),(83,NULL),(84,NULL),(86,NULL),(87,NULL),(89,NULL),(90,NULL),(91,NULL),(92,NULL),(93,NULL),(94,NULL),(97,NULL),(98,NULL),(99,NULL),(101,NULL),(102,NULL),(107,NULL),(108,NULL),(110,NULL),(112,NULL),(113,NULL),(116,NULL),(117,NULL),(118,NULL),(120,NULL),(123,NULL),(124,NULL),(135,NULL),(136,NULL),(140,NULL),(141,NULL),(144,NULL),(146,NULL),(147,NULL),(148,NULL),(149,NULL),(150,NULL),(155,NULL),(156,NULL),(159,NULL),(161,NULL),(162,NULL),(163,NULL),(164,NULL),(165,NULL),(169,NULL),(170,NULL),(173,NULL),(175,NULL),(176,NULL),(177,NULL),(178,NULL),(179,NULL),(183,NULL),(184,NULL),(187,NULL),(189,NULL),(190,NULL),(191,NULL),(192,NULL),(193,NULL),(195,NULL),(197,NULL),(198,NULL),(199,NULL),(201,NULL),(202,NULL),(203,NULL),(204,NULL),(205,NULL),(206,NULL),(207,NULL),(210,NULL),(213,NULL),(216,NULL),(217,NULL),(220,NULL),(223,NULL),(225,NULL),(231,NULL),(235,NULL),(236,NULL),(239,NULL),(240,NULL),(243,NULL),(246,NULL),(248,NULL),(249,NULL),(251,NULL),(255,NULL),(259,NULL),(264,NULL),(269,NULL),(273,NULL),(274,NULL),(276,NULL),(280,NULL),(281,NULL),(284,NULL),(285,NULL),(288,NULL),(289,NULL),(290,NULL),(294,NULL),(298,NULL),(301,NULL),(302,NULL),(303,NULL),(307,NULL),(309,NULL),(311,NULL),(313,NULL),(315,NULL),(318,NULL),(321,NULL),(322,NULL),(324,NULL),(328,NULL),(333,NULL),(340,NULL),(342,NULL),(343,NULL),(345,NULL),(347,NULL),(348,NULL),(349,NULL),(351,NULL),(352,NULL),(355,NULL),(357,NULL),(359,NULL),(360,NULL),(362,NULL),(364,NULL),(365,NULL),(367,NULL),(368,NULL),(369,NULL),(370,NULL),(373,NULL),(374,NULL),(375,NULL),(376,NULL),(377,NULL),(378,NULL),(380,NULL),(381,NULL),(382,NULL),(383,NULL),(384,NULL),(385,NULL),(388,NULL),(390,NULL),(391,NULL),(394,NULL),(395,NULL),(396,NULL),(397,NULL),(398,NULL),(399,NULL),(401,NULL),(402,NULL),(403,NULL),(405,NULL),(407,NULL),(408,NULL),(410,NULL),(411,NULL),(412,NULL),(413,NULL),(416,NULL),(419,NULL),(421,NULL),(424,NULL),(426,NULL),(429,NULL),(430,NULL),(431,NULL),(433,NULL),(434,NULL),(440,NULL),(441,NULL),(443,NULL),(444,NULL),(445,NULL),(447,NULL),(448,NULL),(449,NULL);

/*Table structure for table `dyextn_table_properties` */

DROP TABLE IF EXISTS `dyextn_table_properties`;

CREATE TABLE `dyextn_table_properties` (
  `IDENTIFIER` bigint(20) NOT NULL default '0',
  `ENTITY_ID` bigint(20) default NULL,
  PRIMARY KEY  (`IDENTIFIER`),
  KEY `FKE608E08179F466F7` (`ENTITY_ID`),
  KEY `FKE608E081BC7298A9` (`IDENTIFIER`),
  CONSTRAINT `FKE608E081BC7298A9` FOREIGN KEY (`IDENTIFIER`) REFERENCES `dyextn_database_properties` (`IDENTIFIER`),
  CONSTRAINT `FKE608E08179F466F7` FOREIGN KEY (`ENTITY_ID`) REFERENCES `dyextn_entity` (`IDENTIFIER`)
) ENGINE=InnoDB DEFAULT CHARSET=latin1;

/*Data for the table `dyextn_table_properties` */

insert into `dyextn_table_properties` (`IDENTIFIER`,`ENTITY_ID`) values (1,2),(3,4),(65,40),(81,53),(102,70),(124,89),(132,97),(148,112),(152,116),(161,125),(164,128),(167,131),(170,134),(178,142),(182,146),(193,157),(202,166),(213,177),(229,192),(242,203),(245,206),(247,208),(250,211),(253,214),(256,217),(259,220),(263,224),(326,261),(388,297),(450,333),(512,369),(516,373),(527,379),(565,411),(569,415),(580,425),(592,436),(603,446),(616,458),(633,474),(645,485),(657,496),(668,506),(686,523),(702,538),(715,550),(727,561),(739,572),(744,577),(756,588),(768,599),(781,611),(794,623),(805,633),(818,645),(828,655),(831,658),(838,662),(845,668),(848,671),(856,676),(859,679),(871,690),(885,703),(894,711),(898,714),(904,719),(907,722),(919,729),(930,740),(944,754),(953,762),(970,770),(982,781),(996,794),(1015,812),(1034,830),(1044,840),(1048,844),(1063,857),(1074,868),(1092,886),(1109,902),(1118,911),(1122,915),(1129,921),(1136,926),(1142,932),(1154,944),(1159,949),(1175,965),(1185,975),(1191,981);

/*Table structure for table `dyextn_tagged_value` */

DROP TABLE IF EXISTS `dyextn_tagged_value`;

CREATE TABLE `dyextn_tagged_value` (
  `IDENTIFIER` bigint(20) NOT NULL auto_increment,
  `T_KEY` varchar(255) default NULL,
  `T_VALUE` varchar(255) default NULL,
  `ABSTRACT_METADATA_ID` bigint(20) default NULL,
  PRIMARY KEY  (`IDENTIFIER`),
  KEY `FKF79D055B7D7A9B8E` (`ABSTRACT_METADATA_ID`),
  CONSTRAINT `FKF79D055B7D7A9B8E` FOREIGN KEY (`ABSTRACT_METADATA_ID`) REFERENCES `dyextn_abstract_metadata` (`IDENTIFIER`)
) ENGINE=InnoDB DEFAULT CHARSET=latin1;

/*Data for the table `dyextn_tagged_value` */

insert into `dyextn_tagged_value` (`IDENTIFIER`,`T_KEY`,`T_VALUE`,`ABSTRACT_METADATA_ID`) values (1,'ProjectVersion','1.1',1),(2,'caB2BEntityGroup','caB2BEntityGroup',1),(3,'actualAssociationPointer','edu.wustl.catissuecore.domain.Specimen_specimenCollection_specimenCollectionGroup_edu.wustl.catissuecore.domain.AbstractSpecimenCollectionGroup',5),(4,'derived','derived',5),(5,'actualAssociationPointer','edu.wustl.catissuecore.domain.Specimen_specimenCollection_specimenCollectionGroup_edu.wustl.catissuecore.domain.AbstractSpecimenCollectionGroup',6),(6,'derived','derived',6),(7,'actualAssociationPointer','edu.wustl.catissuecore.domain.Specimen_parentSpecimen_childrenSpecimen_edu.wustl.catissuecore.domain.Specimen',9),(8,'derived','derived',9),(9,'actualAssociationPointer','edu.wustl.catissuecore.domain.Specimen_parentSpecimen_childrenSpecimen_edu.wustl.catissuecore.domain.Specimen',10),(10,'derived','derived',10),(11,'actualAssociationPointer','edu.wustl.catissuecore.domain.Specimen_parentSpecimen_childrenSpecimen_edu.wustl.catissuecore.domain.Specimen',11),(12,'derived','derived',11),(13,'actualAssociationPointer','edu.wustl.catissuecore.domain.Specimen_parentSpecimen_childrenSpecimen_edu.wustl.catissuecore.domain.Specimen',12),(14,'derived','derived',12),(16,'actualAssociationPointer','edu.wustl.catissuecore.domain.Specimen_null_availableQuantity_edu.wustl.catissuecore.domain.Quantity',30),(17,'derived','derived',30),(18,'actualAssociationPointer','edu.wustl.catissuecore.domain.Specimen_null_availableQuantity_edu.wustl.catissuecore.domain.Quantity',31),(19,'derived','derived',31),(20,'actualAssociationPointer','edu.wustl.catissuecore.domain.Specimen_null_availableQuantity_edu.wustl.catissuecore.domain.Quantity',32),(21,'derived','derived',32),(22,'actualAssociationPointer','edu.wustl.catissuecore.domain.Specimen_null_availableQuantity_edu.wustl.catissuecore.domain.Quantity',33),(23,'derived','derived',33),(24,'actualAssociationPointer','edu.wustl.catissuecore.domain.Specimen_null_initialQuantity_edu.wustl.catissuecore.domain.Quantity',35),(25,'derived','derived',35),(26,'actualAssociationPointer','edu.wustl.catissuecore.domain.Specimen_null_initialQuantity_edu.wustl.catissuecore.domain.Quantity',36),(27,'derived','derived',36),(28,'actualAssociationPointer','edu.wustl.catissuecore.domain.Specimen_null_initialQuantity_edu.wustl.catissuecore.domain.Quantity',37),(29,'derived','derived',37),(30,'actualAssociationPointer','edu.wustl.catissuecore.domain.Specimen_null_initialQuantity_edu.wustl.catissuecore.domain.Quantity',38),(31,'derived','derived',38),(32,'actualAssociationPointer','edu.wustl.catissuecore.domain.Container_children_parent_edu.wustl.catissuecore.domain.Container',42),(33,'derived','derived',42),(34,'actualAssociationPointer','edu.wustl.catissuecore.domain.Container_children_parent_edu.wustl.catissuecore.domain.Container',43),(35,'derived','derived',43),(37,'actualAssociationPointer','edu.wustl.catissuecore.domain.Container_null_capacity_edu.wustl.catissuecore.domain.Capacity',54),(38,'derived','derived',54),(39,'derived','derived',57),(40,'derived','derived',58),(41,'derived','derived',59),(42,'derived','derived',61),(43,'derived','derived',62),(44,'derived','derived',63),(45,'derived','derived',64),(46,'derived','derived',65),(47,'actualAssociationPointer','edu.wustl.catissuecore.domain.Container_children_parent_edu.wustl.catissuecore.domain.Container',67),(48,'derived','derived',67),(49,'actualAssociationPointer','edu.wustl.catissuecore.domain.Container_children_parent_edu.wustl.catissuecore.domain.Container',68),(50,'derived','derived',68),(51,'actualAssociationPointer','edu.wustl.catissuecore.domain.Container_children_parent_edu.wustl.catissuecore.domain.Container',69),(52,'derived','derived',69),(53,'actualAssociationPointer','edu.wustl.catissuecore.domain.Container_null_capacity_edu.wustl.catissuecore.domain.Capacity',71),(54,'derived','derived',71),(55,'actualAssociationPointer','edu.wustl.catissuecore.domain.Container_children_parent_edu.wustl.catissuecore.domain.Container',75),(56,'derived','derived',75),(57,'derived','derived',76),(58,'derived','derived',77),(59,'derived','derived',78),(60,'derived','derived',79),(61,'derived','derived',80),(62,'derived','derived',81),(63,'derived','derived',82),(64,'derived','derived',83),(65,'actualAssociationPointer','edu.wustl.catissuecore.domain.Container_children_parent_edu.wustl.catissuecore.domain.Container',87),(66,'derived','derived',87),(67,'actualAssociationPointer','edu.wustl.catissuecore.domain.Container_children_parent_edu.wustl.catissuecore.domain.Container',88),(68,'derived','derived',88),(78,'actualAssociationPointer','edu.wustl.catissuecore.domain.ContainerType_null_capacity_edu.wustl.catissuecore.domain.Capacity',148),(79,'derived','derived',148),(80,'derived','derived',150),(81,'derived','derived',151),(82,'derived','derived',152),(83,'derived','derived',154),(84,'derived','derived',155),(85,'derived','derived',156),(86,'actualAssociationPointer','edu.wustl.catissuecore.domain.ContainerType_null_capacity_edu.wustl.catissuecore.domain.Capacity',158),(87,'derived','derived',158),(88,'derived','derived',159),(89,'derived','derived',160),(90,'derived','derived',161),(91,'derived','derived',162),(92,'derived','derived',164),(93,'derived','derived',165),(95,'derived','derived',179),(96,'derived','derived',180),(97,'derived','derived',181),(98,'derived','derived',182),(99,'derived','derived',183),(100,'derived','derived',184),(101,'derived','derived',186),(102,'derived','derived',187),(103,'derived','derived',188),(104,'actualAssociationPointer','edu.wustl.catissuecore.domain.SpecimenProtocol_null_principalInvestigator_edu.wustl.catissuecore.domain.User',189),(105,'derived','derived',189),(106,'actualAssociationPointer','edu.wustl.catissuecore.domain.SpecimenProtocol_null_principalInvestigator_edu.wustl.catissuecore.domain.User',193),(107,'derived','derived',193),(108,'derived','derived',194),(109,'derived','derived',195),(110,'derived','derived',196),(111,'derived','derived',197),(112,'derived','derived',198),(113,'derived','derived',199),(114,'derived','derived',200),(115,'derived','derived',201),(116,'derived','derived',202),(119,'derived','derived',210),(120,'derived','derived',213),(121,'derived','derived',216),(122,'derived','derived',219),(124,'actualAssociationPointer','edu.wustl.catissuecore.domain.Specimen_specimenCollection_specimenCollectionGroup_edu.wustl.catissuecore.domain.AbstractSpecimenCollectionGroup',225),(125,'derived','derived',225),(126,'actualAssociationPointer','edu.wustl.catissuecore.domain.Specimen_specimenCollection_specimenCollectionGroup_edu.wustl.catissuecore.domain.AbstractSpecimenCollectionGroup',226),(127,'derived','derived',226),(128,'actualAssociationPointer','edu.wustl.catissuecore.domain.Specimen_specimenCollection_specimenCollectionGroup_edu.wustl.catissuecore.domain.AbstractSpecimenCollectionGroup',227),(129,'derived','derived',227),(130,'actualAssociationPointer','edu.wustl.catissuecore.domain.Specimen_null_consentTierStatusCollection_edu.wustl.catissuecore.domain.ConsentTierStatus',228),(131,'derived','derived',228),(132,'actualAssociationPointer','edu.wustl.catissuecore.domain.Specimen_parentSpecimen_childrenSpecimen_edu.wustl.catissuecore.domain.Specimen',229),(133,'derived','derived',229),(134,'actualAssociationPointer','edu.wustl.catissuecore.domain.Specimen_parentSpecimen_childrenSpecimen_edu.wustl.catissuecore.domain.Specimen',230),(135,'derived','derived',230),(136,'actualAssociationPointer','edu.wustl.catissuecore.domain.Specimen_parentSpecimen_childrenSpecimen_edu.wustl.catissuecore.domain.Specimen',231),(137,'derived','derived',231),(138,'actualAssociationPointer','edu.wustl.catissuecore.domain.Specimen_parentSpecimen_childrenSpecimen_edu.wustl.catissuecore.domain.Specimen',232),(139,'derived','derived',232),(140,'actualAssociationPointer','edu.wustl.catissuecore.domain.Specimen_parentSpecimen_childrenSpecimen_edu.wustl.catissuecore.domain.Specimen',233),(141,'derived','derived',233),(142,'actualAssociationPointer','edu.wustl.catissuecore.domain.Specimen_null_specimenCharacteristics_edu.wustl.catissuecore.domain.SpecimenCharacteristics',234),(143,'derived','derived',234),(144,'actualAssociationPointer','edu.wustl.catissuecore.domain.Specimen_specimenCollection_storageContainer_edu.wustl.catissuecore.domain.StorageContainer',235),(145,'derived','derived',235),(146,'derived','derived',236),(147,'derived','derived',237),(148,'derived','derived',238),(149,'derived','derived',239),(150,'derived','derived',240),(151,'derived','derived',241),(152,'derived','derived',242),(153,'derived','derived',243),(154,'derived','derived',244),(155,'derived','derived',245),(156,'derived','derived',246),(157,'derived','derived',247),(158,'derived','derived',248),(159,'derived','derived',250),(160,'actualAssociationPointer','edu.wustl.catissuecore.domain.Specimen_null_availableQuantity_edu.wustl.catissuecore.domain.Quantity',251),(161,'derived','derived',251),(162,'actualAssociationPointer','edu.wustl.catissuecore.domain.Specimen_null_availableQuantity_edu.wustl.catissuecore.domain.Quantity',252),(163,'derived','derived',252),(164,'actualAssociationPointer','edu.wustl.catissuecore.domain.Specimen_null_availableQuantity_edu.wustl.catissuecore.domain.Quantity',253),(165,'derived','derived',253),(166,'actualAssociationPointer','edu.wustl.catissuecore.domain.Specimen_null_availableQuantity_edu.wustl.catissuecore.domain.Quantity',254),(167,'derived','derived',254),(168,'actualAssociationPointer','edu.wustl.catissuecore.domain.Specimen_null_availableQuantity_edu.wustl.catissuecore.domain.Quantity',255),(169,'derived','derived',255),(170,'actualAssociationPointer','edu.wustl.catissuecore.domain.Specimen_null_initialQuantity_edu.wustl.catissuecore.domain.Quantity',256),(171,'derived','derived',256),(172,'actualAssociationPointer','edu.wustl.catissuecore.domain.Specimen_null_initialQuantity_edu.wustl.catissuecore.domain.Quantity',257),(173,'derived','derived',257),(174,'actualAssociationPointer','edu.wustl.catissuecore.domain.Specimen_null_initialQuantity_edu.wustl.catissuecore.domain.Quantity',258),(175,'derived','derived',258),(176,'actualAssociationPointer','edu.wustl.catissuecore.domain.Specimen_null_initialQuantity_edu.wustl.catissuecore.domain.Quantity',259),(177,'derived','derived',259),(178,'actualAssociationPointer','edu.wustl.catissuecore.domain.Specimen_null_initialQuantity_edu.wustl.catissuecore.domain.Quantity',260),(179,'derived','derived',260),(180,'actualAssociationPointer','edu.wustl.catissuecore.domain.Specimen_specimenCollection_specimenCollectionGroup_edu.wustl.catissuecore.domain.AbstractSpecimenCollectionGroup',262),(181,'derived','derived',262),(182,'actualAssociationPointer','edu.wustl.catissuecore.domain.Specimen_specimenCollection_specimenCollectionGroup_edu.wustl.catissuecore.domain.AbstractSpecimenCollectionGroup',263),(183,'derived','derived',263),(184,'actualAssociationPointer','edu.wustl.catissuecore.domain.Specimen_specimenCollection_specimenCollectionGroup_edu.wustl.catissuecore.domain.AbstractSpecimenCollectionGroup',264),(185,'derived','derived',264),(186,'actualAssociationPointer','edu.wustl.catissuecore.domain.Specimen_null_consentTierStatusCollection_edu.wustl.catissuecore.domain.ConsentTierStatus',265),(187,'derived','derived',265),(188,'actualAssociationPointer','edu.wustl.catissuecore.domain.Specimen_parentSpecimen_childrenSpecimen_edu.wustl.catissuecore.domain.Specimen',266),(189,'derived','derived',266),(190,'actualAssociationPointer','edu.wustl.catissuecore.domain.Specimen_parentSpecimen_childrenSpecimen_edu.wustl.catissuecore.domain.Specimen',267),(191,'derived','derived',267),(192,'actualAssociationPointer','edu.wustl.catissuecore.domain.Specimen_parentSpecimen_childrenSpecimen_edu.wustl.catissuecore.domain.Specimen',268),(193,'derived','derived',268),(194,'actualAssociationPointer','edu.wustl.catissuecore.domain.Specimen_parentSpecimen_childrenSpecimen_edu.wustl.catissuecore.domain.Specimen',269),(195,'derived','derived',269),(196,'actualAssociationPointer','edu.wustl.catissuecore.domain.Specimen_parentSpecimen_childrenSpecimen_edu.wustl.catissuecore.domain.Specimen',270),(197,'derived','derived',270),(198,'actualAssociationPointer','edu.wustl.catissuecore.domain.Specimen_null_specimenCharacteristics_edu.wustl.catissuecore.domain.SpecimenCharacteristics',271),(199,'derived','derived',271),(200,'derived','derived',272),(201,'derived','derived',273),(202,'derived','derived',274),(203,'derived','derived',275),(204,'derived','derived',276),(205,'derived','derived',277),(206,'derived','derived',278),(207,'derived','derived',279),(208,'derived','derived',280),(209,'derived','derived',281),(210,'derived','derived',282),(211,'derived','derived',283),(212,'derived','derived',284),(213,'derived','derived',285),(214,'actualAssociationPointer','edu.wustl.catissuecore.domain.Specimen_null_availableQuantity_edu.wustl.catissuecore.domain.Quantity',286),(215,'derived','derived',286),(216,'actualAssociationPointer','edu.wustl.catissuecore.domain.Specimen_null_availableQuantity_edu.wustl.catissuecore.domain.Quantity',287),(217,'derived','derived',287),(218,'actualAssociationPointer','edu.wustl.catissuecore.domain.Specimen_null_availableQuantity_edu.wustl.catissuecore.domain.Quantity',288),(219,'derived','derived',288),(220,'actualAssociationPointer','edu.wustl.catissuecore.domain.Specimen_null_availableQuantity_edu.wustl.catissuecore.domain.Quantity',289),(221,'derived','derived',289),(222,'actualAssociationPointer','edu.wustl.catissuecore.domain.Specimen_null_availableQuantity_edu.wustl.catissuecore.domain.Quantity',290),(223,'derived','derived',290),(224,'actualAssociationPointer','edu.wustl.catissuecore.domain.Specimen_null_initialQuantity_edu.wustl.catissuecore.domain.Quantity',291),(225,'derived','derived',291),(226,'actualAssociationPointer','edu.wustl.catissuecore.domain.Specimen_null_initialQuantity_edu.wustl.catissuecore.domain.Quantity',292),(227,'derived','derived',292),(228,'actualAssociationPointer','edu.wustl.catissuecore.domain.Specimen_null_initialQuantity_edu.wustl.catissuecore.domain.Quantity',293),(229,'derived','derived',293),(230,'actualAssociationPointer','edu.wustl.catissuecore.domain.Specimen_null_initialQuantity_edu.wustl.catissuecore.domain.Quantity',294),(231,'derived','derived',294),(232,'actualAssociationPointer','edu.wustl.catissuecore.domain.Specimen_null_initialQuantity_edu.wustl.catissuecore.domain.Quantity',295),(233,'derived','derived',295),(234,'actualAssociationPointer','edu.wustl.catissuecore.domain.Specimen_specimenCollection_storageContainer_edu.wustl.catissuecore.domain.StorageContainer',296),(235,'derived','derived',296),(236,'actualAssociationPointer','edu.wustl.catissuecore.domain.Specimen_specimenCollection_specimenCollectionGroup_edu.wustl.catissuecore.domain.AbstractSpecimenCollectionGroup',298),(237,'derived','derived',298),(238,'actualAssociationPointer','edu.wustl.catissuecore.domain.Specimen_specimenCollection_specimenCollectionGroup_edu.wustl.catissuecore.domain.AbstractSpecimenCollectionGroup',299),(239,'derived','derived',299),(240,'actualAssociationPointer','edu.wustl.catissuecore.domain.Specimen_specimenCollection_specimenCollectionGroup_edu.wustl.catissuecore.domain.AbstractSpecimenCollectionGroup',300),(241,'derived','derived',300),(242,'actualAssociationPointer','edu.wustl.catissuecore.domain.Specimen_null_consentTierStatusCollection_edu.wustl.catissuecore.domain.ConsentTierStatus',301),(243,'derived','derived',301),(244,'actualAssociationPointer','edu.wustl.catissuecore.domain.Specimen_parentSpecimen_childrenSpecimen_edu.wustl.catissuecore.domain.Specimen',302),(245,'derived','derived',302),(246,'actualAssociationPointer','edu.wustl.catissuecore.domain.Specimen_parentSpecimen_childrenSpecimen_edu.wustl.catissuecore.domain.Specimen',303),(247,'derived','derived',303),(248,'actualAssociationPointer','edu.wustl.catissuecore.domain.Specimen_parentSpecimen_childrenSpecimen_edu.wustl.catissuecore.domain.Specimen',304),(249,'derived','derived',304),(250,'actualAssociationPointer','edu.wustl.catissuecore.domain.Specimen_parentSpecimen_childrenSpecimen_edu.wustl.catissuecore.domain.Specimen',305),(251,'derived','derived',305),(252,'actualAssociationPointer','edu.wustl.catissuecore.domain.Specimen_parentSpecimen_childrenSpecimen_edu.wustl.catissuecore.domain.Specimen',306),(253,'derived','derived',306),(254,'actualAssociationPointer','edu.wustl.catissuecore.domain.Specimen_null_specimenCharacteristics_edu.wustl.catissuecore.domain.SpecimenCharacteristics',307),(255,'derived','derived',307),(256,'derived','derived',308),(257,'derived','derived',309),(258,'derived','derived',310),(259,'derived','derived',311),(260,'derived','derived',312),(261,'derived','derived',313),(262,'derived','derived',314),(263,'derived','derived',315),(264,'derived','derived',316),(265,'derived','derived',317),(266,'derived','derived',318),(267,'derived','derived',319),(268,'derived','derived',320),(269,'derived','derived',321),(270,'actualAssociationPointer','edu.wustl.catissuecore.domain.Specimen_null_availableQuantity_edu.wustl.catissuecore.domain.Quantity',322),(271,'derived','derived',322),(272,'actualAssociationPointer','edu.wustl.catissuecore.domain.Specimen_null_availableQuantity_edu.wustl.catissuecore.domain.Quantity',323),(273,'derived','derived',323),(274,'actualAssociationPointer','edu.wustl.catissuecore.domain.Specimen_null_availableQuantity_edu.wustl.catissuecore.domain.Quantity',324),(275,'derived','derived',324),(276,'actualAssociationPointer','edu.wustl.catissuecore.domain.Specimen_null_availableQuantity_edu.wustl.catissuecore.domain.Quantity',325),(277,'derived','derived',325),(278,'actualAssociationPointer','edu.wustl.catissuecore.domain.Specimen_null_availableQuantity_edu.wustl.catissuecore.domain.Quantity',326),(279,'derived','derived',326),(280,'actualAssociationPointer','edu.wustl.catissuecore.domain.Specimen_null_initialQuantity_edu.wustl.catissuecore.domain.Quantity',327),(281,'derived','derived',327),(282,'actualAssociationPointer','edu.wustl.catissuecore.domain.Specimen_null_initialQuantity_edu.wustl.catissuecore.domain.Quantity',328),(283,'derived','derived',328),(284,'actualAssociationPointer','edu.wustl.catissuecore.domain.Specimen_null_initialQuantity_edu.wustl.catissuecore.domain.Quantity',329),(285,'derived','derived',329),(286,'actualAssociationPointer','edu.wustl.catissuecore.domain.Specimen_null_initialQuantity_edu.wustl.catissuecore.domain.Quantity',330),(287,'derived','derived',330),(288,'actualAssociationPointer','edu.wustl.catissuecore.domain.Specimen_null_initialQuantity_edu.wustl.catissuecore.domain.Quantity',331),(289,'derived','derived',331),(290,'actualAssociationPointer','edu.wustl.catissuecore.domain.Specimen_specimenCollection_storageContainer_edu.wustl.catissuecore.domain.StorageContainer',332),(291,'derived','derived',332),(292,'actualAssociationPointer','edu.wustl.catissuecore.domain.Specimen_specimenCollection_specimenCollectionGroup_edu.wustl.catissuecore.domain.AbstractSpecimenCollectionGroup',334),(293,'derived','derived',334),(294,'actualAssociationPointer','edu.wustl.catissuecore.domain.Specimen_specimenCollection_specimenCollectionGroup_edu.wustl.catissuecore.domain.AbstractSpecimenCollectionGroup',335),(295,'derived','derived',335),(296,'actualAssociationPointer','edu.wustl.catissuecore.domain.Specimen_specimenCollection_specimenCollectionGroup_edu.wustl.catissuecore.domain.AbstractSpecimenCollectionGroup',336),(297,'derived','derived',336),(298,'actualAssociationPointer','edu.wustl.catissuecore.domain.Specimen_null_consentTierStatusCollection_edu.wustl.catissuecore.domain.ConsentTierStatus',337),(299,'derived','derived',337),(300,'actualAssociationPointer','edu.wustl.catissuecore.domain.Specimen_parentSpecimen_childrenSpecimen_edu.wustl.catissuecore.domain.Specimen',338),(301,'derived','derived',338),(302,'actualAssociationPointer','edu.wustl.catissuecore.domain.Specimen_parentSpecimen_childrenSpecimen_edu.wustl.catissuecore.domain.Specimen',339),(303,'derived','derived',339),(304,'actualAssociationPointer','edu.wustl.catissuecore.domain.Specimen_parentSpecimen_childrenSpecimen_edu.wustl.catissuecore.domain.Specimen',340),(305,'derived','derived',340),(306,'actualAssociationPointer','edu.wustl.catissuecore.domain.Specimen_parentSpecimen_childrenSpecimen_edu.wustl.catissuecore.domain.Specimen',341),(307,'derived','derived',341),(308,'actualAssociationPointer','edu.wustl.catissuecore.domain.Specimen_parentSpecimen_childrenSpecimen_edu.wustl.catissuecore.domain.Specimen',342),(309,'derived','derived',342),(310,'actualAssociationPointer','edu.wustl.catissuecore.domain.Specimen_null_specimenCharacteristics_edu.wustl.catissuecore.domain.SpecimenCharacteristics',343),(311,'derived','derived',343),(312,'derived','derived',344),(313,'derived','derived',345),(314,'derived','derived',346),(315,'derived','derived',347),(316,'derived','derived',348),(317,'derived','derived',349),(318,'derived','derived',350),(319,'derived','derived',351),(320,'derived','derived',352),(321,'derived','derived',353),(322,'derived','derived',354),(323,'derived','derived',355),(324,'derived','derived',356),(325,'derived','derived',357),(326,'actualAssociationPointer','edu.wustl.catissuecore.domain.Specimen_null_availableQuantity_edu.wustl.catissuecore.domain.Quantity',358),(327,'derived','derived',358),(328,'actualAssociationPointer','edu.wustl.catissuecore.domain.Specimen_null_availableQuantity_edu.wustl.catissuecore.domain.Quantity',359),(329,'derived','derived',359),(330,'actualAssociationPointer','edu.wustl.catissuecore.domain.Specimen_null_availableQuantity_edu.wustl.catissuecore.domain.Quantity',360),(331,'derived','derived',360),(332,'actualAssociationPointer','edu.wustl.catissuecore.domain.Specimen_null_availableQuantity_edu.wustl.catissuecore.domain.Quantity',361),(333,'derived','derived',361),(334,'actualAssociationPointer','edu.wustl.catissuecore.domain.Specimen_null_availableQuantity_edu.wustl.catissuecore.domain.Quantity',362),(335,'derived','derived',362),(336,'actualAssociationPointer','edu.wustl.catissuecore.domain.Specimen_null_initialQuantity_edu.wustl.catissuecore.domain.Quantity',363),(337,'derived','derived',363),(338,'actualAssociationPointer','edu.wustl.catissuecore.domain.Specimen_null_initialQuantity_edu.wustl.catissuecore.domain.Quantity',364),(339,'derived','derived',364),(340,'actualAssociationPointer','edu.wustl.catissuecore.domain.Specimen_null_initialQuantity_edu.wustl.catissuecore.domain.Quantity',365),(341,'derived','derived',365),(342,'actualAssociationPointer','edu.wustl.catissuecore.domain.Specimen_null_initialQuantity_edu.wustl.catissuecore.domain.Quantity',366),(343,'derived','derived',366),(344,'actualAssociationPointer','edu.wustl.catissuecore.domain.Specimen_null_initialQuantity_edu.wustl.catissuecore.domain.Quantity',367),(345,'derived','derived',367),(346,'actualAssociationPointer','edu.wustl.catissuecore.domain.Specimen_specimenCollection_storageContainer_edu.wustl.catissuecore.domain.StorageContainer',368),(347,'derived','derived',368),(350,'actualAssociationPointer','edu.wustl.catissuecore.domain.AbstractSpecimenCollectionGroup_abstractSpecimenCollectionGroupCollection_specimenCollectionSite_edu.wustl.catissuecore.domain.Site',380),(351,'derived','derived',380),(352,'actualAssociationPointer','edu.wustl.catissuecore.domain.SpecimenCollectionGroup_specimenCollectionGroup_specimenEventParametersCollection_edu.wustl.catissuecore.domain.SpecimenEventParameters',383),(353,'derived','derived',383),(354,'actualAssociationPointer','edu.wustl.catissuecore.domain.SpecimenCollectionGroup_specimenCollectionGroup_specimenEventParametersCollection_edu.wustl.catissuecore.domain.SpecimenEventParameters',384),(355,'derived','derived',384),(356,'actualAssociationPointer','edu.wustl.catissuecore.domain.SpecimenCollectionGroup_specimenCollectionGroup_specimenEventParametersCollection_edu.wustl.catissuecore.domain.SpecimenEventParameters',385),(357,'derived','derived',385),(358,'actualAssociationPointer','edu.wustl.catissuecore.domain.SpecimenCollectionGroup_specimenCollectionGroup_specimenEventParametersCollection_edu.wustl.catissuecore.domain.SpecimenEventParameters',386),(359,'derived','derived',386),(360,'actualAssociationPointer','edu.wustl.catissuecore.domain.SpecimenCollectionGroup_specimenCollectionGroup_specimenEventParametersCollection_edu.wustl.catissuecore.domain.SpecimenEventParameters',387),(361,'derived','derived',387),(362,'actualAssociationPointer','edu.wustl.catissuecore.domain.SpecimenCollectionGroup_specimenCollectionGroup_specimenEventParametersCollection_edu.wustl.catissuecore.domain.SpecimenEventParameters',388),(363,'derived','derived',388),(364,'derived','derived',391),(365,'derived','derived',393),(366,'derived','derived',397),(367,'derived','derived',398),(368,'actualAssociationPointer','edu.wustl.catissuecore.domain.SpecimenCollectionGroup_specimenCollectionGroup_specimenEventParametersCollection_edu.wustl.catissuecore.domain.SpecimenEventParameters',399),(369,'derived','derived',399),(370,'actualAssociationPointer','edu.wustl.catissuecore.domain.SpecimenCollectionGroup_specimenCollectionGroup_specimenEventParametersCollection_edu.wustl.catissuecore.domain.SpecimenEventParameters',400),(371,'derived','derived',400),(372,'actualAssociationPointer','edu.wustl.catissuecore.domain.SpecimenCollectionGroup_specimenCollectionGroup_specimenEventParametersCollection_edu.wustl.catissuecore.domain.SpecimenEventParameters',401),(373,'derived','derived',401),(374,'actualAssociationPointer','edu.wustl.catissuecore.domain.SpecimenCollectionGroup_specimenCollectionGroup_specimenEventParametersCollection_edu.wustl.catissuecore.domain.SpecimenEventParameters',402),(375,'derived','derived',402),(376,'actualAssociationPointer','edu.wustl.catissuecore.domain.SpecimenCollectionGroup_specimenCollectionGroup_specimenEventParametersCollection_edu.wustl.catissuecore.domain.SpecimenEventParameters',403),(377,'derived','derived',403),(378,'actualAssociationPointer','edu.wustl.catissuecore.domain.SpecimenCollectionGroup_specimenCollectionGroup_specimenEventParametersCollection_edu.wustl.catissuecore.domain.SpecimenEventParameters',404),(379,'derived','derived',404),(380,'actualAssociationPointer','edu.wustl.catissuecore.domain.SpecimenCollectionGroup_specimenCollectionGroup_specimenEventParametersCollection_edu.wustl.catissuecore.domain.SpecimenEventParameters',405),(381,'derived','derived',405),(382,'actualAssociationPointer','edu.wustl.catissuecore.domain.SpecimenCollectionGroup_specimenCollectionGroup_specimenEventParametersCollection_edu.wustl.catissuecore.domain.SpecimenEventParameters',406),(383,'derived','derived',406),(384,'actualAssociationPointer','edu.wustl.catissuecore.domain.SpecimenCollectionGroup_specimenCollectionGroup_specimenEventParametersCollection_edu.wustl.catissuecore.domain.SpecimenEventParameters',407),(385,'derived','derived',407),(386,'actualAssociationPointer','edu.wustl.catissuecore.domain.SpecimenCollectionGroup_specimenCollectionGroup_specimenEventParametersCollection_edu.wustl.catissuecore.domain.SpecimenEventParameters',408),(387,'derived','derived',408),(388,'actualAssociationPointer','edu.wustl.catissuecore.domain.SpecimenCollectionGroup_specimenCollectionGroup_specimenEventParametersCollection_edu.wustl.catissuecore.domain.SpecimenEventParameters',409),(389,'derived','derived',409),(390,'actualAssociationPointer','edu.wustl.catissuecore.domain.SpecimenCollectionGroup_specimenCollectionGroup_specimenEventParametersCollection_edu.wustl.catissuecore.domain.SpecimenEventParameters',410),(391,'derived','derived',410),(392,'derived','derived',414),(393,'actualAssociationPointer','edu.wustl.catissuecore.domain.SpecimenEventParameters_specimenEventCollection_specimen_edu.wustl.catissuecore.domain.Specimen',416),(394,'derived','derived',416),(395,'actualAssociationPointer','edu.wustl.catissuecore.domain.SpecimenEventParameters_specimenEventCollection_specimen_edu.wustl.catissuecore.domain.Specimen',417),(396,'derived','derived',417),(397,'actualAssociationPointer','edu.wustl.catissuecore.domain.SpecimenEventParameters_specimenEventCollection_specimen_edu.wustl.catissuecore.domain.Specimen',418),(398,'derived','derived',418),(399,'actualAssociationPointer','edu.wustl.catissuecore.domain.SpecimenEventParameters_specimenEventCollection_specimen_edu.wustl.catissuecore.domain.Specimen',419),(400,'derived','derived',419),(404,'actualAssociationPointer','edu.wustl.catissuecore.domain.SpecimenEventParameters_specimenEventCollection_specimen_edu.wustl.catissuecore.domain.Specimen',426),(405,'derived','derived',426),(406,'actualAssociationPointer','edu.wustl.catissuecore.domain.SpecimenEventParameters_specimenEventCollection_specimen_edu.wustl.catissuecore.domain.Specimen',427),(407,'derived','derived',427),(408,'actualAssociationPointer','edu.wustl.catissuecore.domain.SpecimenEventParameters_specimenEventCollection_specimen_edu.wustl.catissuecore.domain.Specimen',428),(409,'derived','derived',428),(410,'actualAssociationPointer','edu.wustl.catissuecore.domain.SpecimenEventParameters_specimenEventCollection_specimen_edu.wustl.catissuecore.domain.Specimen',429),(411,'derived','derived',429),(412,'actualAssociationPointer','edu.wustl.catissuecore.domain.SpecimenEventParameters_specimenEventCollection_specimen_edu.wustl.catissuecore.domain.Specimen',430),(413,'derived','derived',430),(414,'actualAssociationPointer','edu.wustl.catissuecore.domain.SpecimenEventParameters_null_user_edu.wustl.catissuecore.domain.User',431),(415,'derived','derived',431),(416,'derived','derived',432),(417,'derived','derived',434),(418,'derived','derived',435),(419,'actualAssociationPointer','edu.wustl.catissuecore.domain.SpecimenEventParameters_specimenEventCollection_specimen_edu.wustl.catissuecore.domain.Specimen',437),(420,'derived','derived',437),(421,'actualAssociationPointer','edu.wustl.catissuecore.domain.SpecimenEventParameters_specimenEventCollection_specimen_edu.wustl.catissuecore.domain.Specimen',438),(422,'derived','derived',438),(423,'actualAssociationPointer','edu.wustl.catissuecore.domain.SpecimenEventParameters_specimenEventCollection_specimen_edu.wustl.catissuecore.domain.Specimen',439),(424,'derived','derived',439),(425,'actualAssociationPointer','edu.wustl.catissuecore.domain.SpecimenEventParameters_specimenEventCollection_specimen_edu.wustl.catissuecore.domain.Specimen',440),(426,'derived','derived',440),(427,'actualAssociationPointer','edu.wustl.catissuecore.domain.SpecimenEventParameters_specimenEventCollection_specimen_edu.wustl.catissuecore.domain.Specimen',441),(428,'derived','derived',441),(429,'actualAssociationPointer','edu.wustl.catissuecore.domain.SpecimenEventParameters_null_user_edu.wustl.catissuecore.domain.User',442),(430,'derived','derived',442),(431,'derived','derived',443),(432,'derived','derived',444),(433,'derived','derived',445),(434,'actualAssociationPointer','edu.wustl.catissuecore.domain.SpecimenEventParameters_specimenEventCollection_specimen_edu.wustl.catissuecore.domain.Specimen',447),(435,'derived','derived',447),(436,'actualAssociationPointer','edu.wustl.catissuecore.domain.SpecimenEventParameters_specimenEventCollection_specimen_edu.wustl.catissuecore.domain.Specimen',448),(437,'derived','derived',448),(438,'actualAssociationPointer','edu.wustl.catissuecore.domain.SpecimenEventParameters_specimenEventCollection_specimen_edu.wustl.catissuecore.domain.Specimen',449),(439,'derived','derived',449),(440,'actualAssociationPointer','edu.wustl.catissuecore.domain.SpecimenEventParameters_specimenEventCollection_specimen_edu.wustl.catissuecore.domain.Specimen',450),(441,'derived','derived',450),(442,'actualAssociationPointer','edu.wustl.catissuecore.domain.SpecimenEventParameters_specimenEventCollection_specimen_edu.wustl.catissuecore.domain.Specimen',451),(443,'derived','derived',451),(444,'actualAssociationPointer','edu.wustl.catissuecore.domain.SpecimenEventParameters_null_user_edu.wustl.catissuecore.domain.User',452),(445,'derived','derived',452),(446,'derived','derived',453),(447,'derived','derived',456),(448,'derived','derived',457),(449,'actualAssociationPointer','edu.wustl.catissuecore.domain.SpecimenEventParameters_specimenEventCollection_specimen_edu.wustl.catissuecore.domain.Specimen',459),(450,'derived','derived',459),(451,'actualAssociationPointer','edu.wustl.catissuecore.domain.SpecimenEventParameters_specimenEventCollection_specimen_edu.wustl.catissuecore.domain.Specimen',460),(452,'derived','derived',460),(453,'derived','derived',461),(454,'derived','derived',465),(455,'derived','derived',467),(456,'actualAssociationPointer','edu.wustl.catissuecore.domain.SpecimenEventParameters_null_user_edu.wustl.catissuecore.domain.User',470),(457,'derived','derived',470),(458,'actualAssociationPointer','edu.wustl.catissuecore.domain.SpecimenEventParameters_specimenEventCollection_specimen_edu.wustl.catissuecore.domain.Specimen',471),(459,'derived','derived',471),(460,'actualAssociationPointer','edu.wustl.catissuecore.domain.SpecimenEventParameters_specimenEventCollection_specimen_edu.wustl.catissuecore.domain.Specimen',472),(461,'derived','derived',472),(462,'actualAssociationPointer','edu.wustl.catissuecore.domain.SpecimenEventParameters_specimenEventCollection_specimen_edu.wustl.catissuecore.domain.Specimen',473),(463,'derived','derived',473),(464,'actualAssociationPointer','edu.wustl.catissuecore.domain.SpecimenEventParameters_specimenEventCollection_specimen_edu.wustl.catissuecore.domain.Specimen',475),(465,'derived','derived',475),(466,'actualAssociationPointer','edu.wustl.catissuecore.domain.SpecimenEventParameters_specimenEventCollection_specimen_edu.wustl.catissuecore.domain.Specimen',476),(467,'derived','derived',476),(468,'actualAssociationPointer','edu.wustl.catissuecore.domain.SpecimenEventParameters_specimenEventCollection_specimen_edu.wustl.catissuecore.domain.Specimen',477),(469,'derived','derived',477),(470,'actualAssociationPointer','edu.wustl.catissuecore.domain.SpecimenEventParameters_specimenEventCollection_specimen_edu.wustl.catissuecore.domain.Specimen',478),(471,'derived','derived',478),(472,'actualAssociationPointer','edu.wustl.catissuecore.domain.SpecimenEventParameters_specimenEventCollection_specimen_edu.wustl.catissuecore.domain.Specimen',479),(473,'derived','derived',479),(474,'actualAssociationPointer','edu.wustl.catissuecore.domain.SpecimenEventParameters_null_user_edu.wustl.catissuecore.domain.User',480),(475,'derived','derived',480),(476,'derived','derived',481),(477,'derived','derived',483),(478,'derived','derived',484),(479,'actualAssociationPointer','edu.wustl.catissuecore.domain.SpecimenEventParameters_specimenEventCollection_specimen_edu.wustl.catissuecore.domain.Specimen',486),(480,'derived','derived',486),(481,'actualAssociationPointer','edu.wustl.catissuecore.domain.SpecimenEventParameters_specimenEventCollection_specimen_edu.wustl.catissuecore.domain.Specimen',487),(482,'derived','derived',487),(483,'actualAssociationPointer','edu.wustl.catissuecore.domain.SpecimenEventParameters_specimenEventCollection_specimen_edu.wustl.catissuecore.domain.Specimen',488),(484,'derived','derived',488),(485,'actualAssociationPointer','edu.wustl.catissuecore.domain.SpecimenEventParameters_specimenEventCollection_specimen_edu.wustl.catissuecore.domain.Specimen',489),(486,'derived','derived',489),(487,'actualAssociationPointer','edu.wustl.catissuecore.domain.SpecimenEventParameters_specimenEventCollection_specimen_edu.wustl.catissuecore.domain.Specimen',490),(488,'derived','derived',490),(489,'actualAssociationPointer','edu.wustl.catissuecore.domain.SpecimenEventParameters_null_user_edu.wustl.catissuecore.domain.User',491),(490,'derived','derived',491),(491,'derived','derived',492),(492,'derived','derived',493),(493,'derived','derived',495),(494,'actualAssociationPointer','edu.wustl.catissuecore.domain.SpecimenEventParameters_specimenEventCollection_specimen_edu.wustl.catissuecore.domain.Specimen',497),(495,'derived','derived',497),(496,'actualAssociationPointer','edu.wustl.catissuecore.domain.SpecimenEventParameters_specimenEventCollection_specimen_edu.wustl.catissuecore.domain.Specimen',498),(497,'derived','derived',498),(498,'actualAssociationPointer','edu.wustl.catissuecore.domain.SpecimenEventParameters_specimenEventCollection_specimen_edu.wustl.catissuecore.domain.Specimen',499),(499,'derived','derived',499),(500,'actualAssociationPointer','edu.wustl.catissuecore.domain.SpecimenEventParameters_specimenEventCollection_specimen_edu.wustl.catissuecore.domain.Specimen',500),(501,'derived','derived',500),(502,'actualAssociationPointer','edu.wustl.catissuecore.domain.SpecimenEventParameters_specimenEventCollection_specimen_edu.wustl.catissuecore.domain.Specimen',501),(503,'derived','derived',501),(504,'actualAssociationPointer','edu.wustl.catissuecore.domain.SpecimenEventParameters_null_user_edu.wustl.catissuecore.domain.User',502),(505,'derived','derived',502),(506,'derived','derived',503),(507,'derived','derived',504),(508,'derived','derived',505),(509,'actualAssociationPointer','edu.wustl.catissuecore.domain.SpecimenEventParameters_specimenEventCollection_specimen_edu.wustl.catissuecore.domain.Specimen',507),(510,'derived','derived',507),(511,'actualAssociationPointer','edu.wustl.catissuecore.domain.SpecimenEventParameters_specimenEventCollection_specimen_edu.wustl.catissuecore.domain.Specimen',508),(512,'derived','derived',508),(513,'actualAssociationPointer','edu.wustl.catissuecore.domain.SpecimenEventParameters_specimenEventCollection_specimen_edu.wustl.catissuecore.domain.Specimen',509),(514,'derived','derived',509),(515,'derived','derived',510),(516,'derived','derived',513),(517,'derived','derived',519),(518,'actualAssociationPointer','edu.wustl.catissuecore.domain.SpecimenEventParameters_null_user_edu.wustl.catissuecore.domain.User',520),(519,'derived','derived',520),(520,'actualAssociationPointer','edu.wustl.catissuecore.domain.SpecimenEventParameters_specimenEventCollection_specimen_edu.wustl.catissuecore.domain.Specimen',521),(521,'derived','derived',521),(522,'actualAssociationPointer','edu.wustl.catissuecore.domain.SpecimenEventParameters_specimenEventCollection_specimen_edu.wustl.catissuecore.domain.Specimen',522),(523,'derived','derived',522),(524,'actualAssociationPointer','edu.wustl.catissuecore.domain.SpecimenEventParameters_specimenEventCollection_specimen_edu.wustl.catissuecore.domain.Specimen',524),(525,'derived','derived',524),(526,'derived','derived',526),(527,'derived','derived',529),(528,'derived','derived',532),(529,'actualAssociationPointer','edu.wustl.catissuecore.domain.SpecimenEventParameters_null_user_edu.wustl.catissuecore.domain.User',533),(530,'derived','derived',533),(531,'actualAssociationPointer','edu.wustl.catissuecore.domain.SpecimenEventParameters_specimenEventCollection_specimen_edu.wustl.catissuecore.domain.Specimen',534),(532,'derived','derived',534),(533,'actualAssociationPointer','edu.wustl.catissuecore.domain.SpecimenEventParameters_specimenEventCollection_specimen_edu.wustl.catissuecore.domain.Specimen',535),(534,'derived','derived',535),(535,'actualAssociationPointer','edu.wustl.catissuecore.domain.SpecimenEventParameters_specimenEventCollection_specimen_edu.wustl.catissuecore.domain.Specimen',536),(536,'derived','derived',536),(537,'actualAssociationPointer','edu.wustl.catissuecore.domain.SpecimenEventParameters_specimenEventCollection_specimen_edu.wustl.catissuecore.domain.Specimen',537),(538,'derived','derived',537),(539,'actualAssociationPointer','edu.wustl.catissuecore.domain.SpecimenEventParameters_specimenEventCollection_specimen_edu.wustl.catissuecore.domain.Specimen',539),(540,'derived','derived',539),(541,'actualAssociationPointer','edu.wustl.catissuecore.domain.SpecimenEventParameters_specimenEventCollection_specimen_edu.wustl.catissuecore.domain.Specimen',540),(542,'derived','derived',540),(543,'actualAssociationPointer','edu.wustl.catissuecore.domain.SpecimenEventParameters_specimenEventCollection_specimen_edu.wustl.catissuecore.domain.Specimen',541),(544,'derived','derived',541),(545,'actualAssociationPointer','edu.wustl.catissuecore.domain.SpecimenEventParameters_specimenEventCollection_specimen_edu.wustl.catissuecore.domain.Specimen',542),(546,'derived','derived',542),(547,'actualAssociationPointer','edu.wustl.catissuecore.domain.SpecimenEventParameters_specimenEventCollection_specimen_edu.wustl.catissuecore.domain.Specimen',543),(548,'derived','derived',543),(549,'actualAssociationPointer','edu.wustl.catissuecore.domain.SpecimenEventParameters_null_user_edu.wustl.catissuecore.domain.User',544),(550,'derived','derived',544),(551,'derived','derived',545),(552,'derived','derived',546),(553,'derived','derived',549),(554,'actualAssociationPointer','edu.wustl.catissuecore.domain.SpecimenEventParameters_specimenEventCollection_specimen_edu.wustl.catissuecore.domain.Specimen',551),(555,'derived','derived',551),(556,'actualAssociationPointer','edu.wustl.catissuecore.domain.SpecimenEventParameters_specimenEventCollection_specimen_edu.wustl.catissuecore.domain.Specimen',552),(557,'derived','derived',552),(558,'actualAssociationPointer','edu.wustl.catissuecore.domain.SpecimenEventParameters_specimenEventCollection_specimen_edu.wustl.catissuecore.domain.Specimen',553),(559,'derived','derived',553),(560,'actualAssociationPointer','edu.wustl.catissuecore.domain.SpecimenEventParameters_specimenEventCollection_specimen_edu.wustl.catissuecore.domain.Specimen',554),(561,'derived','derived',554),(562,'actualAssociationPointer','edu.wustl.catissuecore.domain.SpecimenEventParameters_specimenEventCollection_specimen_edu.wustl.catissuecore.domain.Specimen',555),(563,'derived','derived',555),(564,'actualAssociationPointer','edu.wustl.catissuecore.domain.SpecimenEventParameters_null_user_edu.wustl.catissuecore.domain.User',556),(565,'derived','derived',556),(566,'derived','derived',557),(567,'derived','derived',558),(568,'derived','derived',560),(569,'actualAssociationPointer','edu.wustl.catissuecore.domain.SpecimenEventParameters_specimenEventCollection_specimen_edu.wustl.catissuecore.domain.Specimen',562),(570,'derived','derived',562),(571,'actualAssociationPointer','edu.wustl.catissuecore.domain.SpecimenEventParameters_specimenEventCollection_specimen_edu.wustl.catissuecore.domain.Specimen',563),(572,'derived','derived',563),(573,'actualAssociationPointer','edu.wustl.catissuecore.domain.SpecimenEventParameters_specimenEventCollection_specimen_edu.wustl.catissuecore.domain.Specimen',564),(574,'derived','derived',564),(575,'actualAssociationPointer','edu.wustl.catissuecore.domain.SpecimenEventParameters_specimenEventCollection_specimen_edu.wustl.catissuecore.domain.Specimen',565),(576,'derived','derived',565),(577,'actualAssociationPointer','edu.wustl.catissuecore.domain.SpecimenEventParameters_specimenEventCollection_specimen_edu.wustl.catissuecore.domain.Specimen',566),(578,'derived','derived',566),(579,'actualAssociationPointer','edu.wustl.catissuecore.domain.SpecimenEventParameters_null_user_edu.wustl.catissuecore.domain.User',567),(580,'derived','derived',567),(581,'derived','derived',568),(582,'derived','derived',570),(583,'derived','derived',571),(585,'actualAssociationPointer','edu.wustl.catissuecore.domain.SpecimenEventParameters_specimenEventCollection_specimen_edu.wustl.catissuecore.domain.Specimen',578),(586,'derived','derived',578),(587,'actualAssociationPointer','edu.wustl.catissuecore.domain.SpecimenEventParameters_specimenEventCollection_specimen_edu.wustl.catissuecore.domain.Specimen',579),(588,'derived','derived',579),(589,'actualAssociationPointer','edu.wustl.catissuecore.domain.SpecimenEventParameters_specimenEventCollection_specimen_edu.wustl.catissuecore.domain.Specimen',580),(590,'derived','derived',580),(591,'actualAssociationPointer','edu.wustl.catissuecore.domain.SpecimenEventParameters_specimenEventCollection_specimen_edu.wustl.catissuecore.domain.Specimen',581),(592,'derived','derived',581),(593,'actualAssociationPointer','edu.wustl.catissuecore.domain.SpecimenEventParameters_specimenEventCollection_specimen_edu.wustl.catissuecore.domain.Specimen',582),(594,'derived','derived',582),(595,'actualAssociationPointer','edu.wustl.catissuecore.domain.SpecimenEventParameters_null_user_edu.wustl.catissuecore.domain.User',583),(596,'derived','derived',583),(597,'derived','derived',584),(598,'derived','derived',585),(599,'derived','derived',587),(600,'actualAssociationPointer','edu.wustl.catissuecore.domain.SpecimenEventParameters_specimenEventCollection_specimen_edu.wustl.catissuecore.domain.Specimen',589),(601,'derived','derived',589),(602,'actualAssociationPointer','edu.wustl.catissuecore.domain.SpecimenEventParameters_specimenEventCollection_specimen_edu.wustl.catissuecore.domain.Specimen',590),(603,'derived','derived',590),(604,'actualAssociationPointer','edu.wustl.catissuecore.domain.SpecimenEventParameters_specimenEventCollection_specimen_edu.wustl.catissuecore.domain.Specimen',591),(605,'derived','derived',591),(606,'actualAssociationPointer','edu.wustl.catissuecore.domain.SpecimenEventParameters_specimenEventCollection_specimen_edu.wustl.catissuecore.domain.Specimen',592),(607,'derived','derived',592),(608,'actualAssociationPointer','edu.wustl.catissuecore.domain.SpecimenEventParameters_specimenEventCollection_specimen_edu.wustl.catissuecore.domain.Specimen',593),(609,'derived','derived',593),(610,'actualAssociationPointer','edu.wustl.catissuecore.domain.SpecimenEventParameters_null_user_edu.wustl.catissuecore.domain.User',594),(611,'derived','derived',594),(612,'derived','derived',595),(613,'derived','derived',596),(614,'derived','derived',598),(615,'actualAssociationPointer','edu.wustl.catissuecore.domain.SpecimenEventParameters_specimenEventCollection_specimen_edu.wustl.catissuecore.domain.Specimen',600),(616,'derived','derived',600),(617,'actualAssociationPointer','edu.wustl.catissuecore.domain.SpecimenEventParameters_specimenEventCollection_specimen_edu.wustl.catissuecore.domain.Specimen',601),(618,'derived','derived',601),(619,'actualAssociationPointer','edu.wustl.catissuecore.domain.SpecimenEventParameters_specimenEventCollection_specimen_edu.wustl.catissuecore.domain.Specimen',602),(620,'derived','derived',602),(621,'actualAssociationPointer','edu.wustl.catissuecore.domain.SpecimenEventParameters_specimenEventCollection_specimen_edu.wustl.catissuecore.domain.Specimen',603),(622,'derived','derived',603),(623,'actualAssociationPointer','edu.wustl.catissuecore.domain.SpecimenEventParameters_specimenEventCollection_specimen_edu.wustl.catissuecore.domain.Specimen',604),(624,'derived','derived',604),(625,'actualAssociationPointer','edu.wustl.catissuecore.domain.SpecimenEventParameters_null_user_edu.wustl.catissuecore.domain.User',605),(626,'derived','derived',605),(627,'derived','derived',606),(628,'derived','derived',609),(629,'derived','derived',610),(630,'actualAssociationPointer','edu.wustl.catissuecore.domain.SpecimenEventParameters_specimenEventCollection_specimen_edu.wustl.catissuecore.domain.Specimen',612),(631,'derived','derived',612),(632,'actualAssociationPointer','edu.wustl.catissuecore.domain.SpecimenEventParameters_specimenEventCollection_specimen_edu.wustl.catissuecore.domain.Specimen',613),(633,'derived','derived',613),(634,'actualAssociationPointer','edu.wustl.catissuecore.domain.SpecimenEventParameters_specimenEventCollection_specimen_edu.wustl.catissuecore.domain.Specimen',614),(635,'derived','derived',614),(636,'actualAssociationPointer','edu.wustl.catissuecore.domain.SpecimenEventParameters_specimenEventCollection_specimen_edu.wustl.catissuecore.domain.Specimen',615),(637,'derived','derived',615),(638,'actualAssociationPointer','edu.wustl.catissuecore.domain.SpecimenEventParameters_specimenEventCollection_specimen_edu.wustl.catissuecore.domain.Specimen',616),(639,'derived','derived',616),(640,'actualAssociationPointer','edu.wustl.catissuecore.domain.SpecimenEventParameters_null_user_edu.wustl.catissuecore.domain.User',617),(641,'derived','derived',617),(642,'derived','derived',618),(643,'derived','derived',620),(644,'derived','derived',622),(645,'actualAssociationPointer','edu.wustl.catissuecore.domain.SpecimenEventParameters_specimenEventCollection_specimen_edu.wustl.catissuecore.domain.Specimen',624),(646,'derived','derived',624),(647,'actualAssociationPointer','edu.wustl.catissuecore.domain.SpecimenEventParameters_specimenEventCollection_specimen_edu.wustl.catissuecore.domain.Specimen',625),(648,'derived','derived',625),(649,'actualAssociationPointer','edu.wustl.catissuecore.domain.SpecimenEventParameters_specimenEventCollection_specimen_edu.wustl.catissuecore.domain.Specimen',626),(650,'derived','derived',626),(651,'actualAssociationPointer','edu.wustl.catissuecore.domain.SpecimenEventParameters_specimenEventCollection_specimen_edu.wustl.catissuecore.domain.Specimen',627),(652,'derived','derived',627),(653,'actualAssociationPointer','edu.wustl.catissuecore.domain.SpecimenEventParameters_specimenEventCollection_specimen_edu.wustl.catissuecore.domain.Specimen',628),(654,'derived','derived',628),(655,'actualAssociationPointer','edu.wustl.catissuecore.domain.SpecimenEventParameters_null_user_edu.wustl.catissuecore.domain.User',629),(656,'derived','derived',629),(657,'derived','derived',630),(658,'derived','derived',631),(659,'derived','derived',632),(660,'actualAssociationPointer','edu.wustl.catissuecore.domain.SpecimenEventParameters_specimenEventCollection_specimen_edu.wustl.catissuecore.domain.Specimen',634),(661,'derived','derived',634),(662,'actualAssociationPointer','edu.wustl.catissuecore.domain.SpecimenEventParameters_specimenEventCollection_specimen_edu.wustl.catissuecore.domain.Specimen',635),(663,'derived','derived',635),(664,'actualAssociationPointer','edu.wustl.catissuecore.domain.SpecimenEventParameters_specimenEventCollection_specimen_edu.wustl.catissuecore.domain.Specimen',636),(665,'derived','derived',636),(666,'actualAssociationPointer','edu.wustl.catissuecore.domain.SpecimenEventParameters_specimenEventCollection_specimen_edu.wustl.catissuecore.domain.Specimen',637),(667,'derived','derived',637),(668,'actualAssociationPointer','edu.wustl.catissuecore.domain.SpecimenEventParameters_specimenEventCollection_specimen_edu.wustl.catissuecore.domain.Specimen',638),(669,'derived','derived',638),(670,'actualAssociationPointer','edu.wustl.catissuecore.domain.SpecimenEventParameters_null_user_edu.wustl.catissuecore.domain.User',639),(671,'derived','derived',639),(672,'derived','derived',640),(673,'derived','derived',641),(674,'derived','derived',644),(677,'derived','derived',660),(678,'derived','derived',661),(680,'derived','derived',669),(681,'derived','derived',670),(685,'derived','derived',677),(686,'derived','derived',678),(687,'actualAssociationPointer','edu.wustl.catissuecore.domain.pathology.SurgicalPathologyReport_null_xmlContent_edu.wustl.catissuecore.domain.pathology.XMLContent',680),(688,'derived','derived',680),(689,'actualAssociationPointer','edu.wustl.catissuecore.domain.pathology.SurgicalPathologyReport_surgicalPathologyReport_pathologyReportReviewParameterCollection_edu.wustl.catissuecore.domain.pathology.PathologyReportReviewParameter',681),(690,'derived','derived',681),(691,'actualAssociationPointer','edu.wustl.catissuecore.domain.pathology.SurgicalPathologyReport_null_binaryContent_edu.wustl.catissuecore.domain.pathology.BinaryContent',682),(692,'derived','derived',682),(693,'actualAssociationPointer','edu.wustl.catissuecore.domain.pathology.SurgicalPathologyReport_surgicalPathologyReport_textContent_edu.wustl.catissuecore.domain.pathology.TextContent',683),(694,'derived','derived',683),(695,'actualAssociationPointer','edu.wustl.catissuecore.domain.pathology.SurgicalPathologyReport_null_reportSource_edu.wustl.catissuecore.domain.Site',685),(696,'derived','derived',685),(697,'derived','derived',686),(698,'derived','derived',687),(699,'derived','derived',688),(700,'derived','derived',689),(701,'actualAssociationPointer','edu.wustl.catissuecore.domain.pathology.SurgicalPathologyReport_null_xmlContent_edu.wustl.catissuecore.domain.pathology.XMLContent',692),(702,'derived','derived',692),(703,'actualAssociationPointer','edu.wustl.catissuecore.domain.pathology.SurgicalPathologyReport_surgicalPathologyReport_pathologyReportReviewParameterCollection_edu.wustl.catissuecore.domain.pathology.PathologyReportReviewParameter',693),(704,'derived','derived',693),(705,'actualAssociationPointer','edu.wustl.catissuecore.domain.pathology.SurgicalPathologyReport_null_binaryContent_edu.wustl.catissuecore.domain.pathology.BinaryContent',694),(706,'derived','derived',694),(707,'actualAssociationPointer','edu.wustl.catissuecore.domain.pathology.SurgicalPathologyReport_surgicalPathologyReport_textContent_edu.wustl.catissuecore.domain.pathology.TextContent',696),(708,'derived','derived',696),(709,'actualAssociationPointer','edu.wustl.catissuecore.domain.pathology.SurgicalPathologyReport_null_reportSource_edu.wustl.catissuecore.domain.Site',697),(710,'derived','derived',697),(711,'derived','derived',698),(712,'derived','derived',699),(713,'derived','derived',701),(714,'derived','derived',702),(719,'actualAssociationPointer','edu.wustl.catissuecore.domain.AbstractSpecimenCollectionGroup_abstractSpecimenCollectionGroupCollection_specimenCollectionSite_edu.wustl.catissuecore.domain.Site',723),(720,'derived','derived',723),(721,'derived','derived',725),(722,'derived','derived',726),(723,'derived','derived',727),(724,'derived','derived',728),(725,'actualAssociationPointer','edu.wustl.catissuecore.domain.OrderItem_null_requestedQuantity_edu.wustl.catissuecore.domain.Quantity',730),(726,'derived','derived',730),(727,'actualAssociationPointer','edu.wustl.catissuecore.domain.OrderItem_null_requestedQuantity_edu.wustl.catissuecore.domain.Quantity',731),(728,'derived','derived',731),(729,'actualAssociationPointer','edu.wustl.catissuecore.domain.OrderItem_null_requestedQuantity_edu.wustl.catissuecore.domain.Quantity',732),(730,'derived','derived',732),(731,'actualAssociationPointer','edu.wustl.catissuecore.domain.OrderItem_null_requestedQuantity_edu.wustl.catissuecore.domain.Quantity',733),(732,'derived','derived',733),(735,'actualAssociationPointer','edu.wustl.catissuecore.domain.DistributedItem_null_quantity_edu.wustl.catissuecore.domain.Quantity',744),(736,'derived','derived',744),(737,'actualAssociationPointer','edu.wustl.catissuecore.domain.DistributedItem_null_quantity_edu.wustl.catissuecore.domain.Quantity',745),(738,'derived','derived',745),(739,'actualAssociationPointer','edu.wustl.catissuecore.domain.DistributedItem_null_quantity_edu.wustl.catissuecore.domain.Quantity',746),(740,'derived','derived',746),(741,'actualAssociationPointer','edu.wustl.catissuecore.domain.DistributedItem_null_quantity_edu.wustl.catissuecore.domain.Quantity',747),(742,'derived','derived',747),(743,'actualAssociationPointer','edu.wustl.catissuecore.domain.DistributedItem_null_specimen_edu.wustl.catissuecore.domain.Specimen',749),(744,'derived','derived',749),(745,'actualAssociationPointer','edu.wustl.catissuecore.domain.DistributedItem_null_specimen_edu.wustl.catissuecore.domain.Specimen',750),(746,'derived','derived',750),(747,'actualAssociationPointer','edu.wustl.catissuecore.domain.DistributedItem_null_specimen_edu.wustl.catissuecore.domain.Specimen',751),(748,'derived','derived',751),(749,'actualAssociationPointer','edu.wustl.catissuecore.domain.DistributedItem_null_specimen_edu.wustl.catissuecore.domain.Specimen',752),(750,'derived','derived',752),(753,'actualAssociationPointer','edu.wustl.catissuecore.domain.OrderItem_null_requestedQuantity_edu.wustl.catissuecore.domain.Quantity',771),(754,'derived','derived',771),(755,'actualAssociationPointer','edu.wustl.catissuecore.domain.OrderItem_null_requestedQuantity_edu.wustl.catissuecore.domain.Quantity',772),(756,'derived','derived',772),(757,'actualAssociationPointer','edu.wustl.catissuecore.domain.OrderItem_null_requestedQuantity_edu.wustl.catissuecore.domain.Quantity',773),(758,'derived','derived',773),(759,'actualAssociationPointer','edu.wustl.catissuecore.domain.OrderItem_null_requestedQuantity_edu.wustl.catissuecore.domain.Quantity',774),(760,'derived','derived',774),(761,'actualAssociationPointer','edu.wustl.catissuecore.domain.OrderItem_null_requestedQuantity_edu.wustl.catissuecore.domain.Quantity',775),(762,'derived','derived',775),(763,'actualAssociationPointer','edu.wustl.catissuecore.domain.OrderItem_orderItemCollection_orderDetails_edu.wustl.catissuecore.domain.OrderDetails',776),(764,'derived','derived',776),(765,'actualAssociationPointer','edu.wustl.catissuecore.domain.OrderItem_null_distributedItem_edu.wustl.catissuecore.domain.DistributedItem',777),(766,'derived','derived',777),(767,'derived','derived',778),(768,'derived','derived',779),(769,'derived','derived',780),(770,'actualAssociationPointer','edu.wustl.catissuecore.domain.OrderItem_null_requestedQuantity_edu.wustl.catissuecore.domain.Quantity',782),(771,'derived','derived',782),(772,'actualAssociationPointer','edu.wustl.catissuecore.domain.OrderItem_null_requestedQuantity_edu.wustl.catissuecore.domain.Quantity',783),(773,'derived','derived',783),(774,'actualAssociationPointer','edu.wustl.catissuecore.domain.OrderItem_null_requestedQuantity_edu.wustl.catissuecore.domain.Quantity',784),(775,'derived','derived',784),(776,'actualAssociationPointer','edu.wustl.catissuecore.domain.OrderItem_null_requestedQuantity_edu.wustl.catissuecore.domain.Quantity',785),(777,'derived','derived',785),(778,'actualAssociationPointer','edu.wustl.catissuecore.domain.OrderItem_null_requestedQuantity_edu.wustl.catissuecore.domain.Quantity',786),(779,'derived','derived',786),(780,'actualAssociationPointer','edu.wustl.catissuecore.domain.OrderItem_orderItemCollection_orderDetails_edu.wustl.catissuecore.domain.OrderDetails',787),(781,'derived','derived',787),(782,'actualAssociationPointer','edu.wustl.catissuecore.domain.OrderItem_null_distributedItem_edu.wustl.catissuecore.domain.DistributedItem',788),(783,'derived','derived',788),(784,'derived','derived',789),(785,'derived','derived',792),(786,'derived','derived',793),(787,'actualAssociationPointer','edu.wustl.catissuecore.domain.OrderItem_null_requestedQuantity_edu.wustl.catissuecore.domain.Quantity',795),(788,'derived','derived',795),(789,'actualAssociationPointer','edu.wustl.catissuecore.domain.OrderItem_null_requestedQuantity_edu.wustl.catissuecore.domain.Quantity',796),(790,'derived','derived',796),(791,'actualAssociationPointer','edu.wustl.catissuecore.domain.OrderItem_null_requestedQuantity_edu.wustl.catissuecore.domain.Quantity',797),(792,'derived','derived',797),(793,'actualAssociationPointer','edu.wustl.catissuecore.domain.OrderItem_null_requestedQuantity_edu.wustl.catissuecore.domain.Quantity',798),(794,'derived','derived',798),(795,'derived','derived',799),(796,'derived','derived',800),(797,'derived','derived',802),(798,'derived','derived',803),(799,'derived','derived',804),(800,'actualAssociationPointer','edu.wustl.catissuecore.domain.OrderItem_null_distributedItem_edu.wustl.catissuecore.domain.DistributedItem',806),(801,'derived','derived',806),(802,'actualAssociationPointer','edu.wustl.catissuecore.domain.OrderItem_orderItemCollection_orderDetails_edu.wustl.catissuecore.domain.OrderDetails',807),(803,'derived','derived',807),(804,'actualAssociationPointer','edu.wustl.catissuecore.domain.PathologicalCaseOrderItem_null_specimenCollectionGroup_edu.wustl.catissuecore.domain.AbstractSpecimenCollectionGroup',809),(805,'derived','derived',809),(806,'actualAssociationPointer','edu.wustl.catissuecore.domain.PathologicalCaseOrderItem_null_specimenCollectionGroup_edu.wustl.catissuecore.domain.AbstractSpecimenCollectionGroup',810),(807,'derived','derived',810),(808,'actualAssociationPointer','edu.wustl.catissuecore.domain.OrderItem_null_requestedQuantity_edu.wustl.catissuecore.domain.Quantity',811),(809,'derived','derived',811),(810,'actualAssociationPointer','edu.wustl.catissuecore.domain.OrderItem_null_requestedQuantity_edu.wustl.catissuecore.domain.Quantity',813),(811,'derived','derived',813),(812,'actualAssociationPointer','edu.wustl.catissuecore.domain.OrderItem_null_requestedQuantity_edu.wustl.catissuecore.domain.Quantity',814),(813,'derived','derived',814),(814,'actualAssociationPointer','edu.wustl.catissuecore.domain.OrderItem_null_requestedQuantity_edu.wustl.catissuecore.domain.Quantity',815),(815,'derived','derived',815),(816,'actualAssociationPointer','edu.wustl.catissuecore.domain.OrderItem_null_requestedQuantity_edu.wustl.catissuecore.domain.Quantity',816),(817,'derived','derived',816),(818,'derived','derived',817),(819,'derived','derived',818),(820,'derived','derived',819),(821,'derived','derived',820),(822,'derived','derived',821),(823,'actualAssociationPointer','edu.wustl.catissuecore.domain.OrderItem_null_distributedItem_edu.wustl.catissuecore.domain.DistributedItem',822),(824,'derived','derived',822),(825,'actualAssociationPointer','edu.wustl.catissuecore.domain.OrderItem_orderItemCollection_orderDetails_edu.wustl.catissuecore.domain.OrderDetails',823),(826,'derived','derived',823),(827,'actualAssociationPointer','edu.wustl.catissuecore.domain.DerivedSpecimenOrderItem_null_parentSpecimen_edu.wustl.catissuecore.domain.Specimen',825),(828,'derived','derived',825),(829,'actualAssociationPointer','edu.wustl.catissuecore.domain.DerivedSpecimenOrderItem_null_parentSpecimen_edu.wustl.catissuecore.domain.Specimen',826),(830,'derived','derived',826),(831,'actualAssociationPointer','edu.wustl.catissuecore.domain.DerivedSpecimenOrderItem_null_parentSpecimen_edu.wustl.catissuecore.domain.Specimen',827),(832,'derived','derived',827),(833,'actualAssociationPointer','edu.wustl.catissuecore.domain.DerivedSpecimenOrderItem_null_parentSpecimen_edu.wustl.catissuecore.domain.Specimen',828),(834,'derived','derived',828),(835,'actualAssociationPointer','edu.wustl.catissuecore.domain.OrderItem_null_requestedQuantity_edu.wustl.catissuecore.domain.Quantity',829),(836,'derived','derived',829),(840,'actualAssociationPointer','edu.wustl.catissuecore.domain.OrderItem_null_requestedQuantity_edu.wustl.catissuecore.domain.Quantity',858),(841,'derived','derived',858),(842,'actualAssociationPointer','edu.wustl.catissuecore.domain.OrderItem_null_requestedQuantity_edu.wustl.catissuecore.domain.Quantity',859),(843,'derived','derived',859),(844,'actualAssociationPointer','edu.wustl.catissuecore.domain.OrderItem_null_requestedQuantity_edu.wustl.catissuecore.domain.Quantity',860),(845,'derived','derived',860),(846,'actualAssociationPointer','edu.wustl.catissuecore.domain.OrderItem_null_requestedQuantity_edu.wustl.catissuecore.domain.Quantity',861),(847,'derived','derived',861),(848,'actualAssociationPointer','edu.wustl.catissuecore.domain.OrderItem_null_requestedQuantity_edu.wustl.catissuecore.domain.Quantity',862),(849,'derived','derived',862),(850,'actualAssociationPointer','edu.wustl.catissuecore.domain.OrderItem_orderItemCollection_orderDetails_edu.wustl.catissuecore.domain.OrderDetails',863),(851,'derived','derived',863),(852,'actualAssociationPointer','edu.wustl.catissuecore.domain.OrderItem_null_distributedItem_edu.wustl.catissuecore.domain.DistributedItem',864),(853,'derived','derived',864),(854,'derived','derived',865),(855,'derived','derived',866),(856,'derived','derived',867),(857,'actualAssociationPointer','edu.wustl.catissuecore.domain.OrderItem_null_requestedQuantity_edu.wustl.catissuecore.domain.Quantity',869),(858,'derived','derived',869),(859,'actualAssociationPointer','edu.wustl.catissuecore.domain.OrderItem_null_requestedQuantity_edu.wustl.catissuecore.domain.Quantity',870),(860,'derived','derived',870),(861,'actualAssociationPointer','edu.wustl.catissuecore.domain.OrderItem_null_requestedQuantity_edu.wustl.catissuecore.domain.Quantity',871),(862,'derived','derived',871),(863,'actualAssociationPointer','edu.wustl.catissuecore.domain.OrderItem_null_requestedQuantity_edu.wustl.catissuecore.domain.Quantity',872),(864,'derived','derived',872),(865,'derived','derived',873),(866,'derived','derived',874),(867,'derived','derived',875),(868,'actualAssociationPointer','edu.wustl.catissuecore.domain.OrderItem_null_distributedItem_edu.wustl.catissuecore.domain.DistributedItem',877),(869,'derived','derived',877),(870,'actualAssociationPointer','edu.wustl.catissuecore.domain.NewSpecimenArrayOrderItem_newSpecimenArrayOrderItem_specimenOrderItemCollection_edu.wustl.catissuecore.domain.SpecimenOrderItem',879),(871,'derived','derived',879),(872,'actualAssociationPointer','edu.wustl.catissuecore.domain.NewSpecimenArrayOrderItem_newSpecimenArrayOrderItem_specimenOrderItemCollection_edu.wustl.catissuecore.domain.SpecimenOrderItem',880),(873,'derived','derived',880),(874,'actualAssociationPointer','edu.wustl.catissuecore.domain.NewSpecimenArrayOrderItem_newSpecimenArrayOrderItem_specimenOrderItemCollection_edu.wustl.catissuecore.domain.SpecimenOrderItem',881),(875,'derived','derived',881),(876,'actualAssociationPointer','edu.wustl.catissuecore.domain.NewSpecimenArrayOrderItem_newSpecimenArrayOrderItem_specimenOrderItemCollection_edu.wustl.catissuecore.domain.SpecimenOrderItem',882),(877,'derived','derived',882),(878,'actualAssociationPointer','edu.wustl.catissuecore.domain.OrderItem_orderItemCollection_orderDetails_edu.wustl.catissuecore.domain.OrderDetails',883),(879,'derived','derived',883),(880,'actualAssociationPointer','edu.wustl.catissuecore.domain.OrderItem_null_requestedQuantity_edu.wustl.catissuecore.domain.Quantity',885),(881,'derived','derived',885),(882,'actualAssociationPointer','edu.wustl.catissuecore.domain.OrderItem_null_requestedQuantity_edu.wustl.catissuecore.domain.Quantity',887),(883,'derived','derived',887),(884,'actualAssociationPointer','edu.wustl.catissuecore.domain.OrderItem_null_requestedQuantity_edu.wustl.catissuecore.domain.Quantity',888),(885,'derived','derived',888),(886,'derived','derived',889),(887,'derived','derived',890),(888,'derived','derived',891),(889,'actualAssociationPointer','edu.wustl.catissuecore.domain.ExistingSpecimenOrderItem_null_specimen_edu.wustl.catissuecore.domain.Specimen',893),(890,'derived','derived',893),(891,'actualAssociationPointer','edu.wustl.catissuecore.domain.ExistingSpecimenOrderItem_null_specimen_edu.wustl.catissuecore.domain.Specimen',894),(892,'derived','derived',894),(893,'actualAssociationPointer','edu.wustl.catissuecore.domain.ExistingSpecimenOrderItem_null_specimen_edu.wustl.catissuecore.domain.Specimen',895),(894,'derived','derived',895),(895,'actualAssociationPointer','edu.wustl.catissuecore.domain.ExistingSpecimenOrderItem_null_specimen_edu.wustl.catissuecore.domain.Specimen',896),(896,'derived','derived',896),(897,'actualAssociationPointer','edu.wustl.catissuecore.domain.OrderItem_null_distributedItem_edu.wustl.catissuecore.domain.DistributedItem',897),(898,'derived','derived',897),(899,'actualAssociationPointer','edu.wustl.catissuecore.domain.OrderItem_orderItemCollection_orderDetails_edu.wustl.catissuecore.domain.OrderDetails',898),(900,'derived','derived',898),(901,'actualAssociationPointer','edu.wustl.catissuecore.domain.OrderItem_null_requestedQuantity_edu.wustl.catissuecore.domain.Quantity',899),(902,'derived','derived',899),(903,'actualAssociationPointer','edu.wustl.catissuecore.domain.OrderItem_null_requestedQuantity_edu.wustl.catissuecore.domain.Quantity',900),(904,'derived','derived',900),(905,'actualAssociationPointer','edu.wustl.catissuecore.domain.OrderItem_null_requestedQuantity_edu.wustl.catissuecore.domain.Quantity',901),(906,'derived','derived',901),(907,'actualAssociationPointer','edu.wustl.catissuecore.domain.ExternalIdentifier_externalIdentifierCollection_specimen_edu.wustl.catissuecore.domain.Specimen',903),(908,'derived','derived',903),(909,'actualAssociationPointer','edu.wustl.catissuecore.domain.ExternalIdentifier_externalIdentifierCollection_specimen_edu.wustl.catissuecore.domain.Specimen',904),(910,'derived','derived',904),(911,'actualAssociationPointer','edu.wustl.catissuecore.domain.ExternalIdentifier_externalIdentifierCollection_specimen_edu.wustl.catissuecore.domain.Specimen',905),(912,'derived','derived',905),(913,'actualAssociationPointer','edu.wustl.catissuecore.domain.ExternalIdentifier_externalIdentifierCollection_specimen_edu.wustl.catissuecore.domain.Specimen',906),(914,'derived','derived',906),(916,'derived','derived',920),(917,'derived','derived',924),(921,'actualAssociationPointer','edu.wustl.catissuecore.domain.SpecimenRequirement_null_quantity_edu.wustl.catissuecore.domain.Quantity',934),(922,'derived','derived',934),(923,'actualAssociationPointer','edu.wustl.catissuecore.domain.SpecimenRequirement_null_quantity_edu.wustl.catissuecore.domain.Quantity',935),(924,'derived','derived',935),(925,'actualAssociationPointer','edu.wustl.catissuecore.domain.SpecimenRequirement_null_quantity_edu.wustl.catissuecore.domain.Quantity',936),(926,'derived','derived',936),(927,'actualAssociationPointer','edu.wustl.catissuecore.domain.SpecimenRequirement_null_quantity_edu.wustl.catissuecore.domain.Quantity',937),(928,'derived','derived',937),(931,'actualAssociationPointer','edu.wustl.catissuecore.domain.SpecimenArrayContent_null_specimen_edu.wustl.catissuecore.domain.Specimen',951),(932,'derived','derived',951),(934,'actualAssociationPointer','edu.wustl.catissuecore.domain.SpecimenArrayContent_null_initialQuantity_edu.wustl.catissuecore.domain.Quantity',957),(935,'derived','derived',957),(936,'actualAssociationPointer','edu.wustl.catissuecore.domain.SpecimenArrayContent_null_initialQuantity_edu.wustl.catissuecore.domain.Quantity',958),(937,'derived','derived',958),(938,'actualAssociationPointer','edu.wustl.catissuecore.domain.SpecimenArrayContent_null_initialQuantity_edu.wustl.catissuecore.domain.Quantity',959),(939,'derived','derived',959),(940,'actualAssociationPointer','edu.wustl.catissuecore.domain.SpecimenArrayContent_null_initialQuantity_edu.wustl.catissuecore.domain.Quantity',960),(941,'derived','derived',960),(942,'actualAssociationPointer','edu.wustl.catissuecore.domain.SpecimenArrayContent_null_specimen_edu.wustl.catissuecore.domain.Specimen',962),(943,'derived','derived',962),(944,'actualAssociationPointer','edu.wustl.catissuecore.domain.SpecimenArrayContent_null_specimen_edu.wustl.catissuecore.domain.Specimen',963),(945,'derived','derived',963),(946,'actualAssociationPointer','edu.wustl.catissuecore.domain.SpecimenArrayContent_null_specimen_edu.wustl.catissuecore.domain.Specimen',964),(947,'derived','derived',964),(948,'actualAssociationPointer','edu.wustl.catissuecore.domain.Biohazard_biohazardCollection_specimenCollection_edu.wustl.catissuecore.domain.Specimen',966),(949,'derived','derived',966),(950,'actualAssociationPointer','edu.wustl.catissuecore.domain.Biohazard_biohazardCollection_specimenCollection_edu.wustl.catissuecore.domain.Specimen',967),(951,'derived','derived',967),(952,'actualAssociationPointer','edu.wustl.catissuecore.domain.Biohazard_biohazardCollection_specimenCollection_edu.wustl.catissuecore.domain.Specimen',968),(953,'derived','derived',968),(954,'actualAssociationPointer','edu.wustl.catissuecore.domain.Biohazard_biohazardCollection_specimenCollection_edu.wustl.catissuecore.domain.Specimen',969),(955,'derived','derived',969),(957,'derived','derived',979),(958,'actualAssociationPointer','edu.wustl.catissuecore.domain.OrderItem_null_requestedQuantity_edu.wustl.catissuecore.domain.Quantity',982),(959,'derived','derived',982),(960,'actualAssociationPointer','edu.wustl.catissuecore.domain.OrderItem_null_requestedQuantity_edu.wustl.catissuecore.domain.Quantity',983),(961,'derived','derived',983),(962,'actualAssociationPointer','edu.wustl.catissuecore.domain.OrderItem_null_requestedQuantity_edu.wustl.catissuecore.domain.Quantity',984),(963,'derived','derived',984),(964,'actualAssociationPointer','edu.wustl.catissuecore.domain.OrderItem_null_requestedQuantity_edu.wustl.catissuecore.domain.Quantity',985),(965,'derived','derived',985),(966,'actualAssociationPointer','edu.wustl.catissuecore.domain.OrderItem_null_requestedQuantity_edu.wustl.catissuecore.domain.Quantity',986),(967,'derived','derived',986),(968,'actualAssociationPointer','edu.wustl.catissuecore.domain.OrderItem_orderItemCollection_orderDetails_edu.wustl.catissuecore.domain.OrderDetails',988),(969,'derived','derived',988),(970,'actualAssociationPointer','edu.wustl.catissuecore.domain.OrderItem_null_distributedItem_edu.wustl.catissuecore.domain.DistributedItem',989),(971,'derived','derived',989),(972,'derived','derived',990),(973,'derived','derived',991),(974,'derived','derived',992),(975,'derived','derived',995),(976,'actualAssociationPointer','edu.wustl.catissuecore.domain.SpecimenEventParameters_specimenEventCollection_specimen_edu.wustl.catissuecore.domain.Specimen',995),(977,'derived','derived',996),(978,'actualAssociationPointer','edu.wustl.catissuecore.domain.SpecimenEventParameters_specimenEventCollection_specimen_edu.wustl.catissuecore.domain.Specimen',996),(979,'derived','derived',997),(980,'actualAssociationPointer','edu.wustl.catissuecore.domain.SpecimenEventParameters_specimenEventCollection_specimen_edu.wustl.catissuecore.domain.Specimen',997),(981,'derived','derived',998),(982,'actualAssociationPointer','edu.wustl.catissuecore.domain.SpecimenEventParameters_specimenEventCollection_specimen_edu.wustl.catissuecore.domain.Specimen',998),(983,'derived','derived',999),(984,'actualAssociationPointer','edu.wustl.catissuecore.domain.SpecimenEventParameters_specimenEventCollection_specimen_edu.wustl.catissuecore.domain.Specimen',999),(985,'derived','derived',1000),(986,'actualAssociationPointer','edu.wustl.catissuecore.domain.SpecimenEventParameters_specimenEventCollection_specimen_edu.wustl.catissuecore.domain.Specimen',1000),(987,'derived','derived',1001),(988,'actualAssociationPointer','edu.wustl.catissuecore.domain.SpecimenEventParameters_specimenEventCollection_specimen_edu.wustl.catissuecore.domain.Specimen',1001),(989,'derived','derived',1002),(990,'actualAssociationPointer','edu.wustl.catissuecore.domain.SpecimenEventParameters_specimenEventCollection_specimen_edu.wustl.catissuecore.domain.Specimen',1002),(991,'derived','derived',1003),(992,'actualAssociationPointer','edu.wustl.catissuecore.domain.SpecimenEventParameters_specimenEventCollection_specimen_edu.wustl.catissuecore.domain.Specimen',1003),(993,'derived','derived',1004),(994,'actualAssociationPointer','edu.wustl.catissuecore.domain.SpecimenEventParameters_specimenEventCollection_specimen_edu.wustl.catissuecore.domain.Specimen',1004),(995,'derived','derived',1006),(996,'actualAssociationPointer','edu.wustl.catissuecore.domain.Specimen_parentSpecimen_childrenSpecimen_edu.wustl.catissuecore.domain.Specimen',1006),(997,'derived','derived',1006),(998,'actualAssociationPointer','edu.wustl.catissuecore.domain.Specimen_parentSpecimen_childrenSpecimen_edu.wustl.catissuecore.domain.Specimen',1006),(999,'derived','derived',1007),(1000,'actualAssociationPointer','edu.wustl.catissuecore.domain.Specimen_parentSpecimen_childrenSpecimen_edu.wustl.catissuecore.domain.Specimen',1007),(1001,'derived','derived',1008),(1002,'actualAssociationPointer','edu.wustl.catissuecore.domain.Specimen_parentSpecimen_childrenSpecimen_edu.wustl.catissuecore.domain.Specimen',1008),(1003,'derived','derived',1009),(1004,'actualAssociationPointer','edu.wustl.catissuecore.domain.Specimen_parentSpecimen_childrenSpecimen_edu.wustl.catissuecore.domain.Specimen',1009),(1005,'derived','derived',1011),(1006,'actualAssociationPointer','edu.wustl.catissuecore.domain.SpecimenEventParameters_specimenEventCollection_specimen_edu.wustl.catissuecore.domain.Specimen',1011),(1007,'derived','derived',1012),(1008,'actualAssociationPointer','edu.wustl.catissuecore.domain.SpecimenEventParameters_specimenEventCollection_specimen_edu.wustl.catissuecore.domain.Specimen',1012),(1009,'derived','derived',1013),(1010,'actualAssociationPointer','edu.wustl.catissuecore.domain.SpecimenEventParameters_specimenEventCollection_specimen_edu.wustl.catissuecore.domain.Specimen',1013),(1011,'derived','derived',1014),(1012,'actualAssociationPointer','edu.wustl.catissuecore.domain.SpecimenEventParameters_specimenEventCollection_specimen_edu.wustl.catissuecore.domain.Specimen',1014),(1013,'derived','derived',1015),(1014,'actualAssociationPointer','edu.wustl.catissuecore.domain.SpecimenEventParameters_specimenEventCollection_specimen_edu.wustl.catissuecore.domain.Specimen',1015),(1015,'derived','derived',1016),(1016,'actualAssociationPointer','edu.wustl.catissuecore.domain.SpecimenEventParameters_specimenEventCollection_specimen_edu.wustl.catissuecore.domain.Specimen',1016),(1017,'derived','derived',1017),(1018,'actualAssociationPointer','edu.wustl.catissuecore.domain.SpecimenEventParameters_specimenEventCollection_specimen_edu.wustl.catissuecore.domain.Specimen',1017),(1019,'derived','derived',1018),(1020,'actualAssociationPointer','edu.wustl.catissuecore.domain.SpecimenEventParameters_specimenEventCollection_specimen_edu.wustl.catissuecore.domain.Specimen',1018),(1021,'derived','derived',1019),(1022,'actualAssociationPointer','edu.wustl.catissuecore.domain.Container_children_parent_edu.wustl.catissuecore.domain.Container',1019),(1023,'derived','derived',1020),(1024,'actualAssociationPointer','edu.wustl.catissuecore.domain.Container_children_parent_edu.wustl.catissuecore.domain.Container',1020),(1025,'derived','derived',1020),(1026,'actualAssociationPointer','edu.wustl.catissuecore.domain.Container_children_parent_edu.wustl.catissuecore.domain.Container',1020),(1027,'derived','derived',1023),(1028,'actualAssociationPointer','edu.wustl.catissuecore.domain.Container_children_parent_edu.wustl.catissuecore.domain.Container',1023),(1029,'derived','derived',1024),(1030,'actualAssociationPointer','edu.wustl.catissuecore.domain.Container_children_parent_edu.wustl.catissuecore.domain.Container',1024),(1031,'derived','derived',1025),(1032,'actualAssociationPointer','edu.wustl.catissuecore.domain.Container_children_parent_edu.wustl.catissuecore.domain.Container',1025),(1033,'derived','derived',1025),(1034,'actualAssociationPointer','edu.wustl.catissuecore.domain.Container_children_parent_edu.wustl.catissuecore.domain.Container',1025),(1035,'derived','derived',1026),(1036,'actualAssociationPointer','edu.wustl.catissuecore.domain.Container_children_parent_edu.wustl.catissuecore.domain.Container',1026),(1037,'derived','derived',1027),(1038,'actualAssociationPointer','edu.wustl.catissuecore.domain.Container_children_parent_edu.wustl.catissuecore.domain.Container',1027),(1039,'derived','derived',1028),(1040,'actualAssociationPointer','edu.wustl.catissuecore.domain.Container_children_parent_edu.wustl.catissuecore.domain.Container',1028),(1041,'derived','derived',1028),(1042,'actualAssociationPointer','edu.wustl.catissuecore.domain.Container_children_parent_edu.wustl.catissuecore.domain.Container',1028),(1043,'derived','derived',1033),(1044,'actualAssociationPointer','edu.wustl.catissuecore.domain.Biohazard_biohazardCollection_specimenCollection_edu.wustl.catissuecore.domain.Specimen',1033),(1045,'derived','derived',1034),(1046,'actualAssociationPointer','edu.wustl.catissuecore.domain.ExternalIdentifier_externalIdentifierCollection_specimen_edu.wustl.catissuecore.domain.Specimen',1034),(1047,'derived','derived',1035),(1048,'actualAssociationPointer','edu.wustl.catissuecore.domain.Specimen_parentSpecimen_childrenSpecimen_edu.wustl.catissuecore.domain.Specimen',1035),(1049,'derived','derived',1036),(1050,'actualAssociationPointer','edu.wustl.catissuecore.domain.SpecimenEventParameters_specimenEventCollection_specimen_edu.wustl.catissuecore.domain.Specimen',1036),(1051,'derived','derived',1037),(1052,'actualAssociationPointer','edu.wustl.catissuecore.domain.SpecimenEventParameters_specimenEventCollection_specimen_edu.wustl.catissuecore.domain.Specimen',1037),(1053,'derived','derived',1038),(1054,'actualAssociationPointer','edu.wustl.catissuecore.domain.SpecimenEventParameters_specimenEventCollection_specimen_edu.wustl.catissuecore.domain.Specimen',1038),(1055,'derived','derived',1039),(1056,'actualAssociationPointer','edu.wustl.catissuecore.domain.SpecimenEventParameters_specimenEventCollection_specimen_edu.wustl.catissuecore.domain.Specimen',1039),(1057,'derived','derived',1040),(1058,'actualAssociationPointer','edu.wustl.catissuecore.domain.SpecimenEventParameters_specimenEventCollection_specimen_edu.wustl.catissuecore.domain.Specimen',1040),(1059,'derived','derived',1041),(1060,'actualAssociationPointer','edu.wustl.catissuecore.domain.SpecimenEventParameters_specimenEventCollection_specimen_edu.wustl.catissuecore.domain.Specimen',1041),(1061,'derived','derived',1042),(1062,'actualAssociationPointer','edu.wustl.catissuecore.domain.SpecimenEventParameters_specimenEventCollection_specimen_edu.wustl.catissuecore.domain.Specimen',1042),(1063,'derived','derived',1043),(1064,'actualAssociationPointer','edu.wustl.catissuecore.domain.SpecimenEventParameters_specimenEventCollection_specimen_edu.wustl.catissuecore.domain.Specimen',1043),(1065,'derived','derived',1044),(1066,'actualAssociationPointer','edu.wustl.catissuecore.domain.SpecimenEventParameters_specimenEventCollection_specimen_edu.wustl.catissuecore.domain.Specimen',1044),(1067,'derived','derived',1045),(1068,'actualAssociationPointer','edu.wustl.catissuecore.domain.SpecimenEventParameters_specimenEventCollection_specimen_edu.wustl.catissuecore.domain.Specimen',1045),(1069,'derived','derived',1046),(1070,'actualAssociationPointer','edu.wustl.catissuecore.domain.Specimen_parentSpecimen_childrenSpecimen_edu.wustl.catissuecore.domain.Specimen',1046),(1071,'derived','derived',1046),(1072,'actualAssociationPointer','edu.wustl.catissuecore.domain.Specimen_parentSpecimen_childrenSpecimen_edu.wustl.catissuecore.domain.Specimen',1046),(1073,'derived','derived',1047),(1074,'actualAssociationPointer','edu.wustl.catissuecore.domain.Specimen_parentSpecimen_childrenSpecimen_edu.wustl.catissuecore.domain.Specimen',1047),(1075,'derived','derived',1048),(1076,'actualAssociationPointer','edu.wustl.catissuecore.domain.Specimen_parentSpecimen_childrenSpecimen_edu.wustl.catissuecore.domain.Specimen',1048),(1077,'derived','derived',1049),(1078,'actualAssociationPointer','edu.wustl.catissuecore.domain.Specimen_parentSpecimen_childrenSpecimen_edu.wustl.catissuecore.domain.Specimen',1049),(1079,'derived','derived',1050),(1080,'actualAssociationPointer','edu.wustl.catissuecore.domain.SpecimenEventParameters_specimenEventCollection_specimen_edu.wustl.catissuecore.domain.Specimen',1050),(1081,'derived','derived',1051),(1082,'actualAssociationPointer','edu.wustl.catissuecore.domain.SpecimenEventParameters_specimenEventCollection_specimen_edu.wustl.catissuecore.domain.Specimen',1051),(1083,'derived','derived',1052),(1084,'actualAssociationPointer','edu.wustl.catissuecore.domain.SpecimenEventParameters_specimenEventCollection_specimen_edu.wustl.catissuecore.domain.Specimen',1052),(1085,'derived','derived',1053),(1086,'actualAssociationPointer','edu.wustl.catissuecore.domain.SpecimenEventParameters_specimenEventCollection_specimen_edu.wustl.catissuecore.domain.Specimen',1053),(1087,'derived','derived',1054),(1088,'actualAssociationPointer','edu.wustl.catissuecore.domain.SpecimenEventParameters_specimenEventCollection_specimen_edu.wustl.catissuecore.domain.Specimen',1054),(1089,'derived','derived',1055),(1090,'actualAssociationPointer','edu.wustl.catissuecore.domain.SpecimenEventParameters_specimenEventCollection_specimen_edu.wustl.catissuecore.domain.Specimen',1055),(1091,'derived','derived',1056),(1092,'actualAssociationPointer','edu.wustl.catissuecore.domain.SpecimenEventParameters_specimenEventCollection_specimen_edu.wustl.catissuecore.domain.Specimen',1056),(1093,'derived','derived',1057),(1094,'actualAssociationPointer','edu.wustl.catissuecore.domain.SpecimenEventParameters_specimenEventCollection_specimen_edu.wustl.catissuecore.domain.Specimen',1057),(1095,'derived','derived',1058),(1096,'actualAssociationPointer','edu.wustl.catissuecore.domain.SpecimenEventParameters_specimenEventCollection_specimen_edu.wustl.catissuecore.domain.Specimen',1058),(1097,'derived','derived',1059),(1098,'actualAssociationPointer','edu.wustl.catissuecore.domain.Biohazard_biohazardCollection_specimenCollection_edu.wustl.catissuecore.domain.Specimen',1059),(1099,'derived','derived',1060),(1100,'actualAssociationPointer','edu.wustl.catissuecore.domain.ExternalIdentifier_externalIdentifierCollection_specimen_edu.wustl.catissuecore.domain.Specimen',1060),(1101,'derived','derived',1061),(1102,'actualAssociationPointer','edu.wustl.catissuecore.domain.Specimen_parentSpecimen_childrenSpecimen_edu.wustl.catissuecore.domain.Specimen',1061),(1103,'derived','derived',1062),(1104,'actualAssociationPointer','edu.wustl.catissuecore.domain.Specimen_parentSpecimen_childrenSpecimen_edu.wustl.catissuecore.domain.Specimen',1062),(1105,'derived','derived',1062),(1106,'actualAssociationPointer','edu.wustl.catissuecore.domain.Specimen_parentSpecimen_childrenSpecimen_edu.wustl.catissuecore.domain.Specimen',1062),(1107,'derived','derived',1063),(1108,'actualAssociationPointer','edu.wustl.catissuecore.domain.SpecimenEventParameters_specimenEventCollection_specimen_edu.wustl.catissuecore.domain.Specimen',1063),(1109,'derived','derived',1064),(1110,'actualAssociationPointer','edu.wustl.catissuecore.domain.SpecimenEventParameters_specimenEventCollection_specimen_edu.wustl.catissuecore.domain.Specimen',1064),(1111,'derived','derived',1065),(1112,'actualAssociationPointer','edu.wustl.catissuecore.domain.SpecimenEventParameters_specimenEventCollection_specimen_edu.wustl.catissuecore.domain.Specimen',1065),(1113,'derived','derived',1066),(1114,'actualAssociationPointer','edu.wustl.catissuecore.domain.SpecimenEventParameters_specimenEventCollection_specimen_edu.wustl.catissuecore.domain.Specimen',1066),(1115,'derived','derived',1067),(1116,'actualAssociationPointer','edu.wustl.catissuecore.domain.SpecimenEventParameters_specimenEventCollection_specimen_edu.wustl.catissuecore.domain.Specimen',1067),(1117,'derived','derived',1068),(1118,'actualAssociationPointer','edu.wustl.catissuecore.domain.SpecimenEventParameters_specimenEventCollection_specimen_edu.wustl.catissuecore.domain.Specimen',1068),(1119,'derived','derived',1069),(1120,'actualAssociationPointer','edu.wustl.catissuecore.domain.SpecimenEventParameters_specimenEventCollection_specimen_edu.wustl.catissuecore.domain.Specimen',1069),(1121,'derived','derived',1070),(1122,'actualAssociationPointer','edu.wustl.catissuecore.domain.SpecimenEventParameters_specimenEventCollection_specimen_edu.wustl.catissuecore.domain.Specimen',1070),(1123,'derived','derived',1071),(1124,'actualAssociationPointer','edu.wustl.catissuecore.domain.Specimen_parentSpecimen_childrenSpecimen_edu.wustl.catissuecore.domain.Specimen',1071),(1125,'derived','derived',1072),(1126,'actualAssociationPointer','edu.wustl.catissuecore.domain.Specimen_parentSpecimen_childrenSpecimen_edu.wustl.catissuecore.domain.Specimen',1072),(1127,'derived','derived',1073),(1128,'actualAssociationPointer','edu.wustl.catissuecore.domain.Specimen_parentSpecimen_childrenSpecimen_edu.wustl.catissuecore.domain.Specimen',1073),(1129,'derived','derived',1074),(1130,'actualAssociationPointer','edu.wustl.catissuecore.domain.SpecimenEventParameters_specimenEventCollection_specimen_edu.wustl.catissuecore.domain.Specimen',1074),(1131,'derived','derived',1075),(1132,'actualAssociationPointer','edu.wustl.catissuecore.domain.SpecimenEventParameters_specimenEventCollection_specimen_edu.wustl.catissuecore.domain.Specimen',1075),(1133,'derived','derived',1076),(1134,'actualAssociationPointer','edu.wustl.catissuecore.domain.SpecimenEventParameters_specimenEventCollection_specimen_edu.wustl.catissuecore.domain.Specimen',1076),(1135,'derived','derived',1077),(1136,'actualAssociationPointer','edu.wustl.catissuecore.domain.SpecimenEventParameters_specimenEventCollection_specimen_edu.wustl.catissuecore.domain.Specimen',1077),(1137,'derived','derived',1078),(1138,'actualAssociationPointer','edu.wustl.catissuecore.domain.SpecimenEventParameters_specimenEventCollection_specimen_edu.wustl.catissuecore.domain.Specimen',1078),(1139,'derived','derived',1079),(1140,'actualAssociationPointer','edu.wustl.catissuecore.domain.SpecimenEventParameters_specimenEventCollection_specimen_edu.wustl.catissuecore.domain.Specimen',1079),(1141,'derived','derived',1080),(1142,'actualAssociationPointer','edu.wustl.catissuecore.domain.SpecimenEventParameters_specimenEventCollection_specimen_edu.wustl.catissuecore.domain.Specimen',1080),(1143,'derived','derived',1081),(1144,'actualAssociationPointer','edu.wustl.catissuecore.domain.SpecimenEventParameters_specimenEventCollection_specimen_edu.wustl.catissuecore.domain.Specimen',1081),(1145,'derived','derived',1082),(1146,'actualAssociationPointer','edu.wustl.catissuecore.domain.SpecimenEventParameters_specimenEventCollection_specimen_edu.wustl.catissuecore.domain.Specimen',1082),(1147,'derived','derived',1083),(1148,'actualAssociationPointer','edu.wustl.catissuecore.domain.SpecimenEventParameters_specimenEventCollection_specimen_edu.wustl.catissuecore.domain.Specimen',1083),(1149,'derived','derived',1084),(1150,'actualAssociationPointer','edu.wustl.catissuecore.domain.SpecimenEventParameters_specimenEventCollection_specimen_edu.wustl.catissuecore.domain.Specimen',1084),(1151,'derived','derived',1085),(1152,'actualAssociationPointer','edu.wustl.catissuecore.domain.Biohazard_biohazardCollection_specimenCollection_edu.wustl.catissuecore.domain.Specimen',1085),(1153,'derived','derived',1086),(1154,'actualAssociationPointer','edu.wustl.catissuecore.domain.ExternalIdentifier_externalIdentifierCollection_specimen_edu.wustl.catissuecore.domain.Specimen',1086),(1155,'derived','derived',1087),(1156,'actualAssociationPointer','edu.wustl.catissuecore.domain.Specimen_parentSpecimen_childrenSpecimen_edu.wustl.catissuecore.domain.Specimen',1087),(1157,'derived','derived',1088),(1158,'actualAssociationPointer','edu.wustl.catissuecore.domain.Specimen_parentSpecimen_childrenSpecimen_edu.wustl.catissuecore.domain.Specimen',1088),(1159,'derived','derived',1088),(1160,'actualAssociationPointer','edu.wustl.catissuecore.domain.Specimen_parentSpecimen_childrenSpecimen_edu.wustl.catissuecore.domain.Specimen',1088),(1161,'derived','derived',1089),(1162,'actualAssociationPointer','edu.wustl.catissuecore.domain.Specimen_parentSpecimen_childrenSpecimen_edu.wustl.catissuecore.domain.Specimen',1089),(1163,'derived','derived',1090),(1164,'actualAssociationPointer','edu.wustl.catissuecore.domain.SpecimenEventParameters_specimenEventCollection_specimen_edu.wustl.catissuecore.domain.Specimen',1090),(1165,'derived','derived',1091),(1166,'actualAssociationPointer','edu.wustl.catissuecore.domain.SpecimenEventParameters_specimenEventCollection_specimen_edu.wustl.catissuecore.domain.Specimen',1091),(1167,'derived','derived',1092),(1168,'actualAssociationPointer','edu.wustl.catissuecore.domain.SpecimenEventParameters_specimenEventCollection_specimen_edu.wustl.catissuecore.domain.Specimen',1092),(1169,'derived','derived',1093),(1170,'actualAssociationPointer','edu.wustl.catissuecore.domain.SpecimenEventParameters_specimenEventCollection_specimen_edu.wustl.catissuecore.domain.Specimen',1093),(1171,'derived','derived',1094),(1172,'actualAssociationPointer','edu.wustl.catissuecore.domain.SpecimenEventParameters_specimenEventCollection_specimen_edu.wustl.catissuecore.domain.Specimen',1094),(1173,'derived','derived',1095),(1174,'actualAssociationPointer','edu.wustl.catissuecore.domain.SpecimenEventParameters_specimenEventCollection_specimen_edu.wustl.catissuecore.domain.Specimen',1095),(1175,'derived','derived',1096),(1176,'actualAssociationPointer','edu.wustl.catissuecore.domain.SpecimenEventParameters_specimenEventCollection_specimen_edu.wustl.catissuecore.domain.Specimen',1096),(1177,'derived','derived',1097),(1178,'actualAssociationPointer','edu.wustl.catissuecore.domain.Specimen_parentSpecimen_childrenSpecimen_edu.wustl.catissuecore.domain.Specimen',1097),(1179,'derived','derived',1098),(1180,'actualAssociationPointer','edu.wustl.catissuecore.domain.Specimen_parentSpecimen_childrenSpecimen_edu.wustl.catissuecore.domain.Specimen',1098),(1181,'derived','derived',1099),(1182,'actualAssociationPointer','edu.wustl.catissuecore.domain.SpecimenEventParameters_specimenEventCollection_specimen_edu.wustl.catissuecore.domain.Specimen',1099),(1183,'derived','derived',1100),(1184,'actualAssociationPointer','edu.wustl.catissuecore.domain.SpecimenEventParameters_specimenEventCollection_specimen_edu.wustl.catissuecore.domain.Specimen',1100),(1185,'derived','derived',1101),(1186,'actualAssociationPointer','edu.wustl.catissuecore.domain.SpecimenEventParameters_specimenEventCollection_specimen_edu.wustl.catissuecore.domain.Specimen',1101),(1187,'derived','derived',1102),(1188,'actualAssociationPointer','edu.wustl.catissuecore.domain.SpecimenEventParameters_specimenEventCollection_specimen_edu.wustl.catissuecore.domain.Specimen',1102),(1189,'derived','derived',1103),(1190,'actualAssociationPointer','edu.wustl.catissuecore.domain.SpecimenEventParameters_specimenEventCollection_specimen_edu.wustl.catissuecore.domain.Specimen',1103),(1191,'derived','derived',1104),(1192,'actualAssociationPointer','edu.wustl.catissuecore.domain.SpecimenEventParameters_specimenEventCollection_specimen_edu.wustl.catissuecore.domain.Specimen',1104),(1193,'derived','derived',1105),(1194,'actualAssociationPointer','edu.wustl.catissuecore.domain.SpecimenEventParameters_specimenEventCollection_specimen_edu.wustl.catissuecore.domain.Specimen',1105),(1195,'derived','derived',1106),(1196,'actualAssociationPointer','edu.wustl.catissuecore.domain.SpecimenEventParameters_specimenEventCollection_specimen_edu.wustl.catissuecore.domain.Specimen',1106),(1197,'derived','derived',1107),(1198,'actualAssociationPointer','edu.wustl.catissuecore.domain.SpecimenEventParameters_specimenEventCollection_specimen_edu.wustl.catissuecore.domain.Specimen',1107),(1199,'derived','derived',1108),(1200,'actualAssociationPointer','edu.wustl.catissuecore.domain.SpecimenEventParameters_specimenEventCollection_specimen_edu.wustl.catissuecore.domain.Specimen',1108),(1201,'derived','derived',1109),(1202,'actualAssociationPointer','edu.wustl.catissuecore.domain.SpecimenEventParameters_specimenEventCollection_specimen_edu.wustl.catissuecore.domain.Specimen',1109),(1203,'derived','derived',1110),(1204,'actualAssociationPointer','edu.wustl.catissuecore.domain.SpecimenEventParameters_specimenEventCollection_specimen_edu.wustl.catissuecore.domain.Specimen',1110),(1205,'derived','derived',1111),(1206,'actualAssociationPointer','edu.wustl.catissuecore.domain.Biohazard_biohazardCollection_specimenCollection_edu.wustl.catissuecore.domain.Specimen',1111),(1207,'derived','derived',1112),(1208,'actualAssociationPointer','edu.wustl.catissuecore.domain.ExternalIdentifier_externalIdentifierCollection_specimen_edu.wustl.catissuecore.domain.Specimen',1112),(1209,'derived','derived',1113),(1210,'actualAssociationPointer','edu.wustl.catissuecore.domain.Specimen_parentSpecimen_childrenSpecimen_edu.wustl.catissuecore.domain.Specimen',1113),(1211,'derived','derived',1114),(1212,'actualAssociationPointer','edu.wustl.catissuecore.domain.Specimen_parentSpecimen_childrenSpecimen_edu.wustl.catissuecore.domain.Specimen',1114),(1213,'derived','derived',1114),(1214,'actualAssociationPointer','edu.wustl.catissuecore.domain.Specimen_parentSpecimen_childrenSpecimen_edu.wustl.catissuecore.domain.Specimen',1114),(1215,'derived','derived',1115),(1216,'actualAssociationPointer','edu.wustl.catissuecore.domain.Specimen_parentSpecimen_childrenSpecimen_edu.wustl.catissuecore.domain.Specimen',1115),(1217,'derived','derived',1116),(1218,'actualAssociationPointer','edu.wustl.catissuecore.domain.Specimen_parentSpecimen_childrenSpecimen_edu.wustl.catissuecore.domain.Specimen',1116),(1219,'derived','derived',1117),(1220,'actualAssociationPointer','edu.wustl.catissuecore.domain.SpecimenEventParameters_specimenEventCollection_specimen_edu.wustl.catissuecore.domain.Specimen',1117),(1221,'derived','derived',1118),(1222,'actualAssociationPointer','edu.wustl.catissuecore.domain.SpecimenEventParameters_specimenEventCollection_specimen_edu.wustl.catissuecore.domain.Specimen',1118),(1223,'derived','derived',1119),(1224,'actualAssociationPointer','edu.wustl.catissuecore.domain.SpecimenEventParameters_specimenEventCollection_specimen_edu.wustl.catissuecore.domain.Specimen',1119),(1225,'derived','derived',1120),(1226,'actualAssociationPointer','edu.wustl.catissuecore.domain.SpecimenEventParameters_specimenEventCollection_specimen_edu.wustl.catissuecore.domain.Specimen',1120),(1227,'derived','derived',1121),(1228,'actualAssociationPointer','edu.wustl.catissuecore.domain.SpecimenEventParameters_specimenEventCollection_specimen_edu.wustl.catissuecore.domain.Specimen',1121),(1229,'derived','derived',1122),(1230,'actualAssociationPointer','edu.wustl.catissuecore.domain.SpecimenEventParameters_specimenEventCollection_specimen_edu.wustl.catissuecore.domain.Specimen',1122),(1231,'derived','derived',1123),(1232,'actualAssociationPointer','edu.wustl.catissuecore.domain.Specimen_parentSpecimen_childrenSpecimen_edu.wustl.catissuecore.domain.Specimen',1123),(1233,'derived','derived',1124),(1234,'actualAssociationPointer','edu.wustl.catissuecore.domain.SpecimenEventParameters_specimenEventCollection_specimen_edu.wustl.catissuecore.domain.Specimen',1124),(1235,'derived','derived',1125),(1236,'actualAssociationPointer','edu.wustl.catissuecore.domain.SpecimenEventParameters_specimenEventCollection_specimen_edu.wustl.catissuecore.domain.Specimen',1125),(1237,'derived','derived',1126),(1238,'actualAssociationPointer','edu.wustl.catissuecore.domain.SpecimenEventParameters_specimenEventCollection_specimen_edu.wustl.catissuecore.domain.Specimen',1126),(1239,'derived','derived',1127),(1240,'actualAssociationPointer','edu.wustl.catissuecore.domain.SpecimenEventParameters_specimenEventCollection_specimen_edu.wustl.catissuecore.domain.Specimen',1127),(1241,'derived','derived',1128),(1242,'actualAssociationPointer','edu.wustl.catissuecore.domain.SpecimenEventParameters_specimenEventCollection_specimen_edu.wustl.catissuecore.domain.Specimen',1128),(1243,'derived','derived',1129),(1244,'actualAssociationPointer','edu.wustl.catissuecore.domain.SpecimenEventParameters_specimenEventCollection_specimen_edu.wustl.catissuecore.domain.Specimen',1129),(1245,'derived','derived',1130),(1246,'actualAssociationPointer','edu.wustl.catissuecore.domain.SpecimenEventParameters_specimenEventCollection_specimen_edu.wustl.catissuecore.domain.Specimen',1130),(1247,'derived','derived',1131),(1248,'actualAssociationPointer','edu.wustl.catissuecore.domain.SpecimenEventParameters_specimenEventCollection_specimen_edu.wustl.catissuecore.domain.Specimen',1131),(1249,'derived','derived',1132),(1250,'actualAssociationPointer','edu.wustl.catissuecore.domain.SpecimenEventParameters_specimenEventCollection_specimen_edu.wustl.catissuecore.domain.Specimen',1132),(1251,'derived','derived',1133),(1252,'actualAssociationPointer','edu.wustl.catissuecore.domain.SpecimenEventParameters_specimenEventCollection_specimen_edu.wustl.catissuecore.domain.Specimen',1133),(1253,'derived','derived',1134),(1254,'actualAssociationPointer','edu.wustl.catissuecore.domain.SpecimenEventParameters_specimenEventCollection_specimen_edu.wustl.catissuecore.domain.Specimen',1134),(1255,'derived','derived',1135),(1256,'actualAssociationPointer','edu.wustl.catissuecore.domain.SpecimenEventParameters_specimenEventCollection_specimen_edu.wustl.catissuecore.domain.Specimen',1135),(1257,'derived','derived',1136),(1258,'actualAssociationPointer','edu.wustl.catissuecore.domain.SpecimenEventParameters_specimenEventCollection_specimen_edu.wustl.catissuecore.domain.Specimen',1136),(1259,'derived','derived',1138),(1260,'actualAssociationPointer','edu.wustl.catissuecore.domain.Specimen_specimenCollection_specimenCollectionGroup_edu.wustl.catissuecore.domain.AbstractSpecimenCollectionGroup',1138),(1261,'derived','derived',1138),(1262,'actualAssociationPointer','edu.wustl.catissuecore.domain.Specimen_specimenCollection_specimenCollectionGroup_edu.wustl.catissuecore.domain.AbstractSpecimenCollectionGroup',1138),(1263,'derived','derived',1139),(1264,'actualAssociationPointer','edu.wustl.catissuecore.domain.Specimen_specimenCollection_specimenCollectionGroup_edu.wustl.catissuecore.domain.AbstractSpecimenCollectionGroup',1139),(1265,'derived','derived',1140),(1266,'actualAssociationPointer','edu.wustl.catissuecore.domain.Specimen_specimenCollection_specimenCollectionGroup_edu.wustl.catissuecore.domain.AbstractSpecimenCollectionGroup',1140),(1267,'derived','derived',1141),(1268,'actualAssociationPointer','edu.wustl.catissuecore.domain.Specimen_specimenCollection_specimenCollectionGroup_edu.wustl.catissuecore.domain.AbstractSpecimenCollectionGroup',1141),(1269,'derived','derived',1142),(1270,'actualAssociationPointer','edu.wustl.catissuecore.domain.Specimen_specimenCollection_specimenCollectionGroup_edu.wustl.catissuecore.domain.AbstractSpecimenCollectionGroup',1142),(1271,'derived','derived',1143),(1272,'actualAssociationPointer','edu.wustl.catissuecore.domain.Specimen_specimenCollection_specimenCollectionGroup_edu.wustl.catissuecore.domain.AbstractSpecimenCollectionGroup',1143),(1273,'derived','derived',1143),(1274,'actualAssociationPointer','edu.wustl.catissuecore.domain.Specimen_specimenCollection_specimenCollectionGroup_edu.wustl.catissuecore.domain.AbstractSpecimenCollectionGroup',1143),(1275,'derived','derived',1144),(1276,'actualAssociationPointer','edu.wustl.catissuecore.domain.Specimen_specimenCollection_specimenCollectionGroup_edu.wustl.catissuecore.domain.AbstractSpecimenCollectionGroup',1144),(1277,'derived','derived',1145),(1278,'actualAssociationPointer','edu.wustl.catissuecore.domain.Specimen_specimenCollection_specimenCollectionGroup_edu.wustl.catissuecore.domain.AbstractSpecimenCollectionGroup',1145),(1279,'derived','derived',1146),(1280,'actualAssociationPointer','edu.wustl.catissuecore.domain.Specimen_specimenCollection_specimenCollectionGroup_edu.wustl.catissuecore.domain.AbstractSpecimenCollectionGroup',1146),(1281,'derived','derived',1149),(1282,'actualAssociationPointer','edu.wustl.catissuecore.domain.SpecimenCollectionGroup_specimenCollectionGroup_specimenEventParametersCollection_edu.wustl.catissuecore.domain.SpecimenEventParameters',1149),(1283,'derived','derived',1150),(1284,'actualAssociationPointer','edu.wustl.catissuecore.domain.SpecimenCollectionGroup_specimenCollectionGroup_specimenEventParametersCollection_edu.wustl.catissuecore.domain.SpecimenEventParameters',1150),(1285,'derived','derived',1151),(1286,'actualAssociationPointer','edu.wustl.catissuecore.domain.SpecimenCollectionGroup_specimenCollectionGroup_specimenEventParametersCollection_edu.wustl.catissuecore.domain.SpecimenEventParameters',1151),(1287,'derived','derived',1152),(1288,'actualAssociationPointer','edu.wustl.catissuecore.domain.SpecimenCollectionGroup_specimenCollectionGroup_specimenEventParametersCollection_edu.wustl.catissuecore.domain.SpecimenEventParameters',1152),(1289,'derived','derived',1153),(1290,'actualAssociationPointer','edu.wustl.catissuecore.domain.SpecimenCollectionGroup_specimenCollectionGroup_specimenEventParametersCollection_edu.wustl.catissuecore.domain.SpecimenEventParameters',1153),(1291,'derived','derived',1154),(1292,'actualAssociationPointer','edu.wustl.catissuecore.domain.SpecimenCollectionGroup_specimenCollectionGroup_specimenEventParametersCollection_edu.wustl.catissuecore.domain.SpecimenEventParameters',1154),(1293,'derived','derived',1155),(1294,'actualAssociationPointer','edu.wustl.catissuecore.domain.SpecimenCollectionGroup_specimenCollectionGroup_specimenEventParametersCollection_edu.wustl.catissuecore.domain.SpecimenEventParameters',1155),(1295,'derived','derived',1156),(1296,'actualAssociationPointer','edu.wustl.catissuecore.domain.SpecimenCollectionGroup_specimenCollectionGroup_specimenEventParametersCollection_edu.wustl.catissuecore.domain.SpecimenEventParameters',1156),(1297,'derived','derived',1157),(1298,'actualAssociationPointer','edu.wustl.catissuecore.domain.SpecimenCollectionGroup_specimenCollectionGroup_specimenEventParametersCollection_edu.wustl.catissuecore.domain.SpecimenEventParameters',1157),(1299,'derived','derived',1158),(1300,'actualAssociationPointer','edu.wustl.catissuecore.domain.SpecimenCollectionGroup_specimenCollectionGroup_specimenEventParametersCollection_edu.wustl.catissuecore.domain.SpecimenEventParameters',1158),(1301,'derived','derived',1159),(1302,'actualAssociationPointer','edu.wustl.catissuecore.domain.SpecimenCollectionGroup_specimenCollectionGroup_specimenEventParametersCollection_edu.wustl.catissuecore.domain.SpecimenEventParameters',1159),(1303,'derived','derived',1160),(1304,'actualAssociationPointer','edu.wustl.catissuecore.domain.SpecimenCollectionGroup_specimenCollectionGroup_specimenEventParametersCollection_edu.wustl.catissuecore.domain.SpecimenEventParameters',1160),(1305,'derived','derived',1161),(1306,'actualAssociationPointer','edu.wustl.catissuecore.domain.SpecimenCollectionGroup_specimenCollectionGroup_specimenEventParametersCollection_edu.wustl.catissuecore.domain.SpecimenEventParameters',1161),(1307,'derived','derived',1162),(1308,'actualAssociationPointer','edu.wustl.catissuecore.domain.SpecimenCollectionGroup_specimenCollectionGroup_specimenEventParametersCollection_edu.wustl.catissuecore.domain.SpecimenEventParameters',1162),(1309,'derived','derived',1163),(1310,'actualAssociationPointer','edu.wustl.catissuecore.domain.SpecimenCollectionGroup_specimenCollectionGroup_specimenEventParametersCollection_edu.wustl.catissuecore.domain.SpecimenEventParameters',1163),(1311,'derived','derived',1164),(1312,'actualAssociationPointer','edu.wustl.catissuecore.domain.SpecimenCollectionGroup_specimenCollectionGroup_specimenEventParametersCollection_edu.wustl.catissuecore.domain.SpecimenEventParameters',1164),(1313,'derived','derived',1165),(1314,'actualAssociationPointer','edu.wustl.catissuecore.domain.SpecimenCollectionGroup_specimenCollectionGroup_specimenEventParametersCollection_edu.wustl.catissuecore.domain.SpecimenEventParameters',1165),(1315,'derived','derived',1166),(1316,'actualAssociationPointer','edu.wustl.catissuecore.domain.SpecimenCollectionGroup_specimenCollectionGroup_specimenEventParametersCollection_edu.wustl.catissuecore.domain.SpecimenEventParameters',1166),(1317,'derived','derived',1167),(1318,'actualAssociationPointer','edu.wustl.catissuecore.domain.pathology.SurgicalPathologyReport_surgicalPathologyReport_textContent_edu.wustl.catissuecore.domain.pathology.TextContent',1167),(1319,'derived','derived',1168),(1320,'actualAssociationPointer','edu.wustl.catissuecore.domain.pathology.SurgicalPathologyReport_surgicalPathologyReport_textContent_edu.wustl.catissuecore.domain.pathology.TextContent',1168),(1321,'derived','derived',1171),(1322,'actualAssociationPointer','edu.wustl.catissuecore.domain.pathology.SurgicalPathologyReport_surgicalPathologyReport_pathologyReportReviewParameterCollection_edu.wustl.catissuecore.domain.pathology.PathologyReportReviewParameter',1171),(1323,'derived','derived',1172),(1324,'actualAssociationPointer','edu.wustl.catissuecore.domain.pathology.SurgicalPathologyReport_surgicalPathologyReport_pathologyReportReviewParameterCollection_edu.wustl.catissuecore.domain.pathology.PathologyReportReviewParameter',1172),(1325,'derived','derived',1179),(1326,'actualAssociationPointer','edu.wustl.catissuecore.domain.Specimen_specimenCollection_specimenCollectionGroup_edu.wustl.catissuecore.domain.AbstractSpecimenCollectionGroup',1179),(1327,'derived','derived',1180),(1328,'actualAssociationPointer','edu.wustl.catissuecore.domain.Specimen_specimenCollection_specimenCollectionGroup_edu.wustl.catissuecore.domain.AbstractSpecimenCollectionGroup',1180),(1329,'derived','derived',1180),(1330,'actualAssociationPointer','edu.wustl.catissuecore.domain.Specimen_specimenCollection_specimenCollectionGroup_edu.wustl.catissuecore.domain.AbstractSpecimenCollectionGroup',1180),(1331,'derived','derived',1181),(1332,'actualAssociationPointer','edu.wustl.catissuecore.domain.Specimen_specimenCollection_specimenCollectionGroup_edu.wustl.catissuecore.domain.AbstractSpecimenCollectionGroup',1181),(1333,'derived','derived',1182),(1334,'actualAssociationPointer','edu.wustl.catissuecore.domain.Specimen_specimenCollection_specimenCollectionGroup_edu.wustl.catissuecore.domain.AbstractSpecimenCollectionGroup',1182),(1335,'derived','derived',1183),(1336,'actualAssociationPointer','edu.wustl.catissuecore.domain.Specimen_specimenCollection_specimenCollectionGroup_edu.wustl.catissuecore.domain.AbstractSpecimenCollectionGroup',1183),(1337,'derived','derived',1185),(1338,'actualAssociationPointer','edu.wustl.catissuecore.domain.OrderItem_orderItemCollection_orderDetails_edu.wustl.catissuecore.domain.OrderDetails',1185),(1339,'derived','derived',1186),(1340,'actualAssociationPointer','edu.wustl.catissuecore.domain.OrderItem_orderItemCollection_orderDetails_edu.wustl.catissuecore.domain.OrderDetails',1186),(1341,'derived','derived',1187),(1342,'actualAssociationPointer','edu.wustl.catissuecore.domain.OrderItem_orderItemCollection_orderDetails_edu.wustl.catissuecore.domain.OrderDetails',1187),(1343,'derived','derived',1189),(1344,'actualAssociationPointer','edu.wustl.catissuecore.domain.OrderItem_orderItemCollection_orderDetails_edu.wustl.catissuecore.domain.OrderDetails',1189),(1345,'derived','derived',1190),(1346,'actualAssociationPointer','edu.wustl.catissuecore.domain.OrderItem_orderItemCollection_orderDetails_edu.wustl.catissuecore.domain.OrderDetails',1190),(1347,'derived','derived',1191),(1348,'actualAssociationPointer','edu.wustl.catissuecore.domain.OrderItem_orderItemCollection_orderDetails_edu.wustl.catissuecore.domain.OrderDetails',1191),(1349,'derived','derived',1192),(1350,'actualAssociationPointer','edu.wustl.catissuecore.domain.OrderItem_orderItemCollection_orderDetails_edu.wustl.catissuecore.domain.OrderDetails',1192),(1351,'derived','derived',1193),(1352,'actualAssociationPointer','edu.wustl.catissuecore.domain.OrderItem_orderItemCollection_orderDetails_edu.wustl.catissuecore.domain.OrderDetails',1193),(1353,'derived','derived',1195),(1354,'actualAssociationPointer','edu.wustl.catissuecore.domain.NewSpecimenArrayOrderItem_newSpecimenArrayOrderItem_specimenOrderItemCollection_edu.wustl.catissuecore.domain.SpecimenOrderItem',1195),(1355,'derived','derived',1196),(1356,'actualAssociationPointer','edu.wustl.catissuecore.domain.NewSpecimenArrayOrderItem_newSpecimenArrayOrderItem_specimenOrderItemCollection_edu.wustl.catissuecore.domain.SpecimenOrderItem',1196),(1357,'derived','derived',1197),(1358,'actualAssociationPointer','edu.wustl.catissuecore.domain.NewSpecimenArrayOrderItem_newSpecimenArrayOrderItem_specimenOrderItemCollection_edu.wustl.catissuecore.domain.SpecimenOrderItem',1197),(1359,'derived','derived',1200),(1360,'actualAssociationPointer','edu.wustl.catissuecore.domain.NewSpecimenArrayOrderItem_newSpecimenArrayOrderItem_specimenOrderItemCollection_edu.wustl.catissuecore.domain.SpecimenOrderItem',1200),(1361,'derived','derived',1206),(1362,'derived','derived',1207),(1363,'derived','derived',1208),(1364,'derived','derived',1209),(1365,'derived','derived',1210),(1366,'derived','derived',1211),(1367,'derived','derived',1212),(1368,'derived','derived',1213);

/*Table structure for table `dyextn_textarea` */

DROP TABLE IF EXISTS `dyextn_textarea`;

CREATE TABLE `dyextn_textarea` (
  `IDENTIFIER` bigint(20) NOT NULL default '0',
  `TEXTAREA_COLUMNS` int(11) default NULL,
  `TEXTAREA_ROWS` int(11) default NULL,
  PRIMARY KEY  (`IDENTIFIER`),
  KEY `FK946EE257BC7298A9` (`IDENTIFIER`),
  CONSTRAINT `FK946EE257BC7298A9` FOREIGN KEY (`IDENTIFIER`) REFERENCES `dyextn_control` (`IDENTIFIER`)
) ENGINE=InnoDB DEFAULT CHARSET=latin1;

/*Data for the table `dyextn_textarea` */

/*Table structure for table `dyextn_textfield` */

DROP TABLE IF EXISTS `dyextn_textfield`;

CREATE TABLE `dyextn_textfield` (
  `IDENTIFIER` bigint(20) NOT NULL default '0',
  `NO_OF_COLUMNS` int(11) default NULL,
  `IS_PASSWORD` tinyint(1) default NULL,
  `IS_URL` tinyint(1) default NULL,
  PRIMARY KEY  (`IDENTIFIER`),
  KEY `FKF9AFC850BC7298A9` (`IDENTIFIER`),
  CONSTRAINT `FKF9AFC850BC7298A9` FOREIGN KEY (`IDENTIFIER`) REFERENCES `dyextn_control` (`IDENTIFIER`)
) ENGINE=InnoDB DEFAULT CHARSET=latin1;

/*Data for the table `dyextn_textfield` */

/*Table structure for table `dyextn_userdefined_de` */

DROP TABLE IF EXISTS `dyextn_userdefined_de`;

CREATE TABLE `dyextn_userdefined_de` (
  `IDENTIFIER` bigint(20) NOT NULL default '0',
  PRIMARY KEY  (`IDENTIFIER`),
  KEY `FK630761FFBC7298A9` (`IDENTIFIER`),
  CONSTRAINT `FK630761FFBC7298A9` FOREIGN KEY (`IDENTIFIER`) REFERENCES `dyextn_data_element` (`IDENTIFIER`)
) ENGINE=InnoDB DEFAULT CHARSET=latin1;

/*Data for the table `dyextn_userdefined_de` */

insert into `dyextn_userdefined_de` (`IDENTIFIER`) values (1),(2),(3),(4),(5),(6),(7),(8),(9),(10),(11),(12),(13),(14),(15),(16),(17),(18),(19),(20),(21),(22),(23),(24);

/*Table structure for table `dyextn_view` */

DROP TABLE IF EXISTS `dyextn_view`;

CREATE TABLE `dyextn_view` (
  `IDENTIFIER` bigint(20) NOT NULL auto_increment,
  `NAME` varchar(255) default NULL,
  PRIMARY KEY  (`IDENTIFIER`)
) ENGINE=InnoDB DEFAULT CHARSET=latin1;

/*Data for the table `dyextn_view` */

/*Table structure for table `id_table` */

DROP TABLE IF EXISTS `id_table`;

CREATE TABLE `id_table` (
  `NEXT_ASSOCIATION_ID` bigint(20) NOT NULL default '0',
  PRIMARY KEY  (`NEXT_ASSOCIATION_ID`)
) ENGINE=InnoDB DEFAULT CHARSET=latin1;

/*Data for the table `id_table` */

insert into `id_table` (`NEXT_ASSOCIATION_ID`) values (1),(660);

/*Table structure for table `inter_model_association` */

DROP TABLE IF EXISTS `inter_model_association`;

CREATE TABLE `inter_model_association` (
  `ASSOCIATION_ID` bigint(20) NOT NULL default '0',
  `LEFT_ENTITY_ID` bigint(20) NOT NULL default '0',
  `LEFT_ATTRIBUTE_ID` bigint(20) NOT NULL default '0',
  `RIGHT_ENTITY_ID` bigint(20) NOT NULL default '0',
  `RIGHT_ATTRIBUTE_ID` bigint(20) NOT NULL default '0',
  PRIMARY KEY  (`ASSOCIATION_ID`)
) ENGINE=InnoDB DEFAULT CHARSET=latin1;

/*Data for the table `inter_model_association` */

/*Table structure for table `intra_model_association` */

DROP TABLE IF EXISTS `intra_model_association`;

CREATE TABLE `intra_model_association` (
  `ASSOCIATION_ID` bigint(20) NOT NULL default '0',
  `DE_ASSOCIATION_ID` bigint(20) NOT NULL default '0',
  PRIMARY KEY  (`ASSOCIATION_ID`)
) ENGINE=InnoDB DEFAULT CHARSET=latin1;

/*Data for the table `intra_model_association` */

insert into `intra_model_association` (`ASSOCIATION_ID`,`DE_ASSOCIATION_ID`) values (1,1014),(2,735),(3,1161),(4,287),(5,544),(6,907),(7,31),(8,993),(9,1049),(10,1112),(11,1175),(12,863),(13,86),(14,601),(15,1106),(16,798),(17,1163),(18,1047),(19,1057),(20,480),(21,905),(22,29),(23,542),(24,460),(25,257),(26,1173),(27,882),(28,501),(29,796),(30,603),(31,1045),(32,995),(33,1108),(34,859),(35,540),(36,259),(37,733),(38,605),(39,989),(40,1012),(41,1051),(42,861),(43,1041),(44,1110),(45,232),(46,1120),(47,536),(48,771),(49,1098),(50,263),(51,35),(52,1061),(53,149),(54,888),(55,1155),(56,499),(57,324),(58,33),(59,1183),(60,1132),(61,1059),(62,88),(63,364),(64,409),(65,1181),(66,968),(67,823),(68,167),(69,330),(70,108),(71,1124),(72,773),(73,970),(74,1039),(75,420),(76,1118),(77,783),(78,74),(79,1100),(80,1069),(81,871),(82,368),(83,497),(84,43),(85,1130),(86,553),(87,1177),(88,271),(89,1185),(90,41),(91,1067),(92,507),(93,966),(94,555),(95,777),(96,592),(97,442),(98,1165),(99,418),(100,731),(101,786),(102,1010),(103,359),(104,431),(105,1122),(106,303),(107,616),(108,98),(109,869),(110,815),(111,806),(112,1191),(113,934),(114,37),(115,340),(116,1063),(117,269),(118,614),(119,1179),(120,691),(121,696),(122,1189),(123,612),(124,438),(125,1022),(126,296),(127,590),(128,1016),(129,593),(130,788),(131,534),(132,1104),(133,265),(134,945),(135,178),(136,1065),(137,1148),(138,1126),(139,808),(140,951),(141,1145),(142,1018),(143,1102),(144,267),(145,509),(146,880),(147,649),(148,39),(149,1043),(150,573),(151,1167),(152,1026),(153,551),(154,1128),(155,429),(156,366),(157,1020),(158,440),(159,878),(160,491),(161,1088),(162,982),(163,1004),(164,960),(165,635),(166,190),(167,684),(168,832),(169,470),(170,1085),(171,342),(172,704),(173,958),(174,682),(175,1195),(176,1151),(177,937),(178,747),(179,1142),(180,234),(181,68),(182,828),(183,401),(184,338),(185,226),(186,626),(187,1138),(188,757),(189,407),(190,693),(191,428),(192,1201),(193,448),(194,565),(195,468),(196,1083),(197,962),(198,755),(199,405),(200,899),(201,617),(202,1149),(203,964),(204,1144),(205,7),(206,579),(207,291),(208,745),(209,1187),(210,1002),(211,489),(212,388),(213,1079),(214,1027),(215,381),(216,289),(217,449),(218,639),(219,383),(220,55),(221,1008),(222,1081),(223,749),(224,895),(225,1029),(226,567),(227,451),(228,362),(229,1090),(230,826),(231,1071),(232,637),(233,1006),(234,751),(235,301),(236,814),(237,5),(238,893),(239,400),(240,1197),(241,1033),(242,763),(243,581),(244,524),(245,299),(246,251),(247,230),(248,335),(249,743),(250,1035),(251,1096),(252,810),(253,988),(254,775),(255,1037),(256,903),(257,976),(258,386),(259,1140),(260,1094),(261,487),(262,1134),(263,648),(264,1000),(265,520),(266,66),(267,1092),(268,264),(269,13),(270,1159),(271,998),(272,1136),(273,834),(274,228),(275,1073),(276,628),(277,1031),(278,822),(279,1056),(280,478),(281,1077),(282,390),(283,72),(284,327),(285,563),(286,1113),(287,135),(288,996),(289,1170),(290,403),(291,9),(292,1153),(293,646),(294,253),(295,472),(296,723),(297,1172),(298,897),(299,1193),(300,1157),(301,11),(302,255),(303,306),(304,986),(305,91),(306,148),(307,1054),(308,984),(309,476),(310,1075),(311,901),(312,583),(313,522),(314,1199),(315,1115),(316,325),(317,110),(318,543),(319,30),(320,158),(321,864),(322,502),(323,374),(324,927),(325,1176),(326,1162),(327,736),(328,1048),(329,286),(330,34),(331,32),(332,1060),(333,1050),(334,1111),(335,85),(336,416),(337,881),(338,288),(339,715),(340,994),(341,659),(342,459),(343,437),(344,1101),(345,946),(346,258),(347,1052),(348,887),(349,1015),(350,594),(351,1107),(352,1058),(353,541),(354,1192),(355,1064),(356,1174),(357,38),(358,1013),(359,885),(360,1046),(361,797),(362,1164),(363,479),(364,1105),(365,1184),(366,1097),(367,262),(368,950),(369,835),(370,87),(371,600),(372,883),(373,419),(374,1011),(375,772),(376,824),(377,537),(378,193),(379,1121),(380,1123),(381,862),(382,260),(383,1119),(384,774),(385,1109),(386,1040),(387,969),(388,417),(389,841),(390,500),(391,410),(392,967),(393,833),(394,36),(395,1062),(396,539),(397,370),(398,1038),(399,1156),(400,705),(401,680),(402,795),(403,323),(404,1117),(405,784),(406,498),(407,1182),(408,302),(409,1072),(410,935),(411,1009),(412,1019),(413,358),(414,807),(415,304),(416,556),(417,363),(418,441),(419,1125),(420,508),(421,1131),(422,554),(423,753),(424,329),(425,1178),(426,270),(427,785),(428,782),(429,268),(430,1180),(431,613),(432,331),(433,1186),(434,1188),(435,872),(436,1070),(437,816),(438,787),(439,44),(440,1103),(441,933),(442,615),(443,293),(444,956),(445,591),(446,421),(447,870),(448,1203),(449,589),(450,1066),(451,535),(452,360),(453,339),(454,1017),(455,1042),(456,734),(457,42),(458,1068),(459,1168),(460,860),(461,1023),(462,295),(463,1025),(464,426),(465,1166),(466,695),(467,636),(468,1044),(469,552),(470,367),(471,858),(472,732),(473,430),(474,1146),(475,266),(476,650),(477,879),(478,1021),(479,439),(480,692),(481,877),(482,1147),(483,1127),(484,533),(485,730),(486,365),(487,1190),(488,469),(489,1152),(490,427),(491,341),(492,235),(493,748),(494,896),(495,1141),(496,827),(497,681),(498,1086),(499,938),(500,225),(501,625),(502,825),(503,380),(504,634),(505,1087),(506,189),(507,683),(508,1024),(509,337),(510,447),(511,290),(512,450),(513,1084),(514,959),(515,831),(516,402),(517,191),(518,1202),(519,756),(520,1137),(521,629),(522,294),(523,963),(524,627),(525,580),(526,1080),(527,406),(528,900),(529,382),(530,54),(531,694),(532,1007),(533,1150),(534,488),(535,1143),(536,361),(537,1091),(538,746),(539,452),(540,6),(541,233),(542,1001),(543,1129),(544,332),(545,752),(546,961),(547,813),(548,67),(549,1003),(550,490),(551,936),(552,750),(553,343),(554,1082),(555,1028),(556,957),(557,894),(558,292),(559,638),(560,384),(561,56),(562,1005),(563,486),(564,326),(565,999),(566,336),(567,1034),(568,399),(569,73),(570,1099),(571,985),(572,1160),(573,1089),(574,697),(575,1032),(576,252),(577,475),(578,14),(579,385),(580,582),(581,1158),(582,809),(583,322),(584,987),(585,300),(586,1030),(587,75),(588,231),(589,744),(590,776),(591,1198),(592,387),(593,811),(594,12),(595,562),(596,904),(597,1135),(598,647),(599,997),(600,884),(601,578),(602,742),(603,566),(604,229),(605,1074),(606,1169),(607,898),(608,1036),(609,254),(610,227),(611,305),(612,1133),(613,8),(614,983),(615,477),(616,1194),(617,1139),(618,71),(619,298),(620,1114),(621,916),(622,334),(623,307),(624,147),(625,724),(626,1055),(627,1196),(628,1078),(629,408),(630,90),(631,111),(632,1093),(633,624),(634,564),(635,1116),(636,1053),(637,473),(638,1076),(639,521),(640,1171),(641,685),(642,912),(643,764),(644,604),(645,1154),(646,906),(647,471),(648,328),(649,109),(650,256),(651,602),(652,389),(653,404),(654,1095),(655,829),(656,10),(657,1200),(658,892),(659,69);

/*Table structure for table `path` */

DROP TABLE IF EXISTS `path`;

CREATE TABLE `path` (
  `PATH_ID` bigint(20) NOT NULL default '0',
  `FIRST_ENTITY_ID` bigint(20) default NULL,
  `INTERMEDIATE_PATH` text,
  `LAST_ENTITY_ID` bigint(20) default NULL,
  PRIMARY KEY  (`PATH_ID`),
  KEY `INDEX1` (`FIRST_ENTITY_ID`,`LAST_ENTITY_ID`)
) ENGINE=InnoDB DEFAULT CHARSET=latin1;

/*Data for the table `path` */

insert into `path` (`PATH_ID`,`FIRST_ENTITY_ID`,`INTERMEDIATE_PATH`,`LAST_ENTITY_ID`) values (622,812,'437',217),(656,333,'421',496),(2113,261,'126_13',89),(2332,740,'178',208),(2877,662,'289_606_598',671),(4131,577,'525',261),(4248,690,'190',671),(4720,868,'600',157),(4796,415,'336',333),(6685,577,'243',224),(6753,658,'151',679),(6830,379,'629',446),(7210,53,'220',70),(7211,53,'659',70),(7212,53,'463',70),(7381,485,'160',97),(7681,224,'41',425),(7711,297,'351',506),(8311,261,'458',577),(8763,679,'356',379),(9436,4,'349_20',97),(11024,944,'134',89),(12050,561,'603',4),(12712,379,'482_120_400',711),(12796,97,'70',128),(13463,379,'474',333),(13541,886,'348',208),(15504,436,'533',379),(15513,224,'567',902),(15897,333,'60',506),(15966,561,'572',379),(16927,333,'380',333),(16928,333,'184',333),(17380,297,'170',965),(17444,224,'279',485),(18096,373,'617',261),(18671,981,'584',53),(19428,333,'138',436),(19466,4,'542',561),(19815,729,'327_493_613',369),(19939,261,'213',474),(20559,4,'264',577),(21615,857,'381',206),(21631,297,'235',369),(22291,794,'252',722),(22292,506,'313',224),(22293,599,'651',261),(22592,523,'377',297),(22788,297,'432',208),(22789,297,'564',208),(25005,297,'385',538),(25459,97,'108',131),(26363,261,'50',379),(26364,588,'127',297),(26782,333,'334',965),(27210,840,'389',203),(28061,379,'503',89),(29713,474,'363',4),(30000,379,'189',458),(30912,333,'154',458),(31380,297,'619',722),(31397,690,'11',926),(31438,729,'327',740),(31475,658,'459_531',668),(31814,485,'550',4),(32123,981,'253',762),(32304,297,'235_397',203),(32352,436,'124',297),(33279,373,'323',89),(33598,830,'515',177),(33640,4,'102',415),(34192,662,'289',658),(34239,333,'509_397',203),(35460,886,'54',211),(36182,868,'372',762),(37716,4,'40_97',97),(38015,911,'642',915),(38741,658,'459_480',676),(39290,538,'318',4),(39763,373,'187',224),(40189,224,'347',436),(40484,415,'446',97),(41768,868,'435',217),(42668,458,'342',333),(42919,379,'258',599),(43425,224,'386',588),(43481,981,'308',214),(44440,588,'326',379),(45549,722,'430_650',206),(45550,722,'430_246',206),(45882,921,'518',975),(46816,886,'238',224),(47233,224,'333',415),(47687,379,'529_397',203),(48261,4,'565',588),(48346,297,'79',425),(48355,703,'325_11',926),(48573,577,'3',379),(48828,781,'175',868),(48829,722,'296',89),(48832,333,'46',599),(48833,762,'487',781),(49355,261,'207',206),(49356,261,'329',206),(49357,4,'205',373),(49629,224,'31',523),(50261,886,'557',261),(50609,53,'125_197',224),(50612,70,'62',53),(50613,70,'214',53),(50635,496,'322',97),(51418,379,'215_167_120_172_339',719),(52179,379,'204',261),(52202,496,'28',4),(54465,70,'569',146),(54466,70,'335',146),(55218,844,'314_273',840),(55316,633,'218',97),(56457,224,'398',611),(56501,224,'626',474),(56546,740,'223',224),(56887,4,'394',214),(56888,4,'7',214),(57385,261,'52',4),(57386,261,'426',4),(57516,297,'344',436),(57656,523,'131',4),(57681,261,'116',633),(58339,711,'87_325_11',926),(58357,4,'330',206),(58358,4,'22',206),(58609,379,'215_167_120',703),(59196,4,'128_160',97),(59952,373,'495',333),(60115,671,'297',690),(60265,224,'492_13',89),(60564,868,'481',740),(61125,679,'174',668),(61188,949,'546',4),(61841,711,'87_325_466_215',679),(61846,297,'15',496),(62011,711,'87_325_466',379),(62609,4,'148_13',89),(63067,506,'145',261),(63173,224,'346',214),(63174,224,'294',214),(63543,379,'482_120',703),(63851,53,'125_203_623',220),(64745,333,'597',550),(65418,379,'183',550),(66398,633,'165',297),(66999,645,'147',658),(67204,485,'645',379),(67365,633,'232',224),(69180,729,'327_234_623',220),(69740,671,'640',679),(69922,658,'151_174',668),(70390,781,'130',740),(70426,458,'637',261),(70427,965,'387',224),(71400,224,'25',217),(71401,224,'576',217),(72310,89,'630',116),(73152,261,'605',415),(73175,729,'327_223',224),(73768,97,'317',116),(73950,261,'268',373),(74526,261,'443',214),(74527,261,'338',214),(74709,224,'250',4),(74710,224,'541',4),(75958,53,'266',157),(76068,4,'32',633),(76167,645,'263',668),(77385,261,'91',588),(77613,740,'589',217),(77836,415,'388',297),(78036,886,'494',333),(79195,830,'515_135',203),(79564,261,'355',623),(80069,40,'439',40),(80070,40,'478',40),(80541,379,'535',224),(80699,794,'402',208),(81626,4,'264_312',97),(82844,333,'620',224),(82845,333,'491',224),(83143,4,'128',485),(83419,436,'343',333),(83649,857,'460',214),(84710,722,'65_207',206),(84711,722,'65_329',206),(84715,658,'459',690),(84831,770,'375',211),(85364,658,'459_190',671),(85877,224,'255',623),(86947,261,'136',611),(87455,4,'102_446',97),(88219,485,'211',224),(88501,902,'596',297),(88859,981,'571',217),(89000,868,'337',812),(89694,623,'186',261),(90945,446,'539',97),(91264,561,'285',297),(91370,379,'653',506),(91485,4,'288_521',97),(91499,812,'278',740),(91958,4,'288',623),(92807,40,'90',142),(92858,4,'163',523),(93042,297,'251',561),(93053,379,'282',572),(94853,523,'244',333),(95770,658,'606',645),(95847,333,'63',217),(95848,333,'103',217),(95879,506,'92',333),(95880,794,'29',211),(96462,333,'82_78_517',192),(96486,333,'553',220),(96863,4,'549_5',97),(97592,671,'26_147',658),(98280,762,'643',192),(98845,722,'119_330',206),(98846,722,'119_22',206),(99892,538,'23',224),(100147,297,'544_78_517',192),(100196,662,'289_606',645),(100240,949,'523',261),(100500,506,'399',379),(100501,812,'496',297),(100976,379,'516',538),(101133,224,'185',379),(101461,690,'121_341',662),(101589,523,'451',224),(104200,868,'447',211),(104201,902,'256',333),(104227,333,'635',297),(104228,333,'453',297),(104340,53,'530',142),(104945,192,'575',177),(106268,740,'249',206),(106303,4,'210_416',97),(106648,474,'577',333),(106772,561,'226',97),(106794,261,'50_503',89),(107909,690,'531',668),(108347,868,'477',886),(109221,577,'312',97),(109479,690,'466',379),(109480,446,'193',297),(109901,224,'650',206),(109902,224,'246',206),(110692,458,'488',70),(110693,458,'195',70),(110932,711,'87',703),(110948,4,'599',611),(110949,261,'526',485),(111034,981,'162',208),(112141,297,'161',224),(112142,297,'611',224),(112143,474,'615',261),(112706,611,'107',4),(113921,436,'158',224),(114116,690,'480',676),(114369,830,'393',379),(115250,333,'262',538),(115533,794,'627',868),(115866,297,'573',261),(115867,297,'415',261),(115868,379,'239',496),(115881,754,'519',97),(115984,711,'87_172',714),(116184,474,'280',224),(116349,762,'209',868),(118165,53,'125_140_553',220),(118383,4,'358_539',97),(118392,4,'562',4),(118393,4,'269',4),(118895,658,'606_263',668),(119792,485,'563',333),(119827,333,'622',722),(119979,812,'230',261),(120007,729,'327_589',217),(120020,297,'544_78',177),(120299,868,'146',781),(120313,224,'610',373),(120321,134,'287',142),(120996,722,'625',572),(121287,623,'524',224),(121288,485,'534',261),(122249,729,'327_493',4),(123470,658,'151_497',671),(124435,415,'99',261),(124683,4,'374_104',97),(125874,379,'535_180',220),(126896,261,'332',902),(127533,474,'292',379),(127609,4,'454',496),(127854,902,'21',261),(128764,4,'51',217),(128765,4,'319',217),(129455,949,'197',224),(129935,679,'167_120_400',711),(129976,588,'129',4),(130342,146,'306',142),(130413,333,'248_503',89),(130503,550,'86',261),(130608,658,'606_293',676),(130924,4,'540_503',89),(131752,932,'113',208),(132945,671,'26',645),(133293,857,'12',762),(133377,690,'120_400',711),(133483,70,'370',40),(133484,70,'152',40),(133721,623,'633',333),(133984,4,'454_322',97),(134071,379,'64',436),(134072,844,'314',830),(134398,868,'27',794),(134504,297,'544',70),(134712,333,'483',446),(134884,690,'120_172_339',719),(135191,4,'374',425),(135193,261,'196',523),(135269,857,'42',217),(135270,4,'340',902),(136049,886,'657',868),(136153,297,'69',211),(136154,297,'316',211),(137334,740,'602',53),(137392,261,'558',217),(137393,261,'4',217),(138064,703,'325',690),(138502,812,'236',211),(138896,224,'455',561),(139897,729,'327_208',214),(140014,722,'430',224),(140016,333,'315',261),(140017,333,'115',261),(140033,572,'150',177),(140390,446,'176',379),(140391,485,'261',297),(140577,794,'111',740),(142502,70,'13',89),(142589,297,'632',599),(143236,714,'425_325_466_215',679),(143545,679,'507',658),(143881,599,'14',297),(143928,146,'624',157),(144131,949,'556',217),(144293,425,'473',4),(145030,436,'479',261),(145038,844,'591',944),(146234,506,'265',97),(146242,561,'194',224),(147018,902,'646',224),(148159,379,'215_167_120_400',711),(148544,812,'502',224),(149428,599,'17',379),(150406,599,'38',97),(150999,781,'428',208),(151646,4,'542_226',97),(151698,658,'151_401',676),(152334,714,'425_400',711),(152357,577,'580',4),(153550,261,'462',208),(153551,261,'511',208),(153587,633,'467',261),(153867,261,'310',425),(154185,224,'608',633),(154196,722,'65',261),(154325,415,'137',379),(156437,781,'77',211),(156438,633,'504',333),(156530,379,'179_578',220),(156871,297,'44',550),(157404,690,'574',89),(157649,177,'135',203),(157697,770,'616',868),(157698,679,'641',89),(157774,224,'636',446),(158070,812,'182',333),(158993,844,'314_393',379),(159290,949,'164',208),(159779,679,'167_120',703),(160249,369,'397',203),(160383,932,'410',211),(160384,722,'59',333),(161731,812,'655',206),(161949,714,'425_325',690),(162427,4,'549',538),(162433,4,'40',436),(163026,4,'613',369),(163934,224,'9',333),(163935,224,'604',333),(164481,812,'110',214),(165837,932,'441',192),(165996,297,'544_13',89),(166211,425,'202',379),(166300,714,'425',703),(166613,261,'638',436),(168288,711,'87_172_339',719),(168345,224,'36',211),(168346,224,'609',211),(168432,224,'360',224),(168433,224,'45',224),(168479,177,'586',572),(168654,729,'327_493_578',220),(168905,658,'606_598',671),(170009,333,'71',415),(171164,379,'204_88',220),(171393,333,'612',523),(171401,53,'125',949),(171462,297,'229',633),(171722,4,'565_350',97),(172138,599,'30',224),(172139,224,'18',261),(172140,224,'588',261),(172265,611,'362',379),(172266,458,'24',297),(172401,333,'419',425),(172692,379,'482_11',926),(173740,379,'482',690),(173813,4,'148',70),(173920,4,'357',208),(173921,4,'58',208),(173952,729,'327_552_88',220),(174861,425,'490',297),(175307,729,'37',217),(175594,496,'390',224),(176212,781,'405',214),(176794,729,'327_545',333),(177427,333,'76',623),(177522,729,'2',762),(177752,425,'104',97),(178502,981,'39',740),(178785,902,'6',4),(178899,762,'112',794),(178913,830,'369',97),(179001,703,'172',714),(179219,379,'215',679),(179468,261,'450',599),(179585,770,'590',762),(180949,679,'497',671),(181106,261,'126',70),(182342,690,'120_172',714),(182481,446,'510',333),(183255,857,'471',208),(183816,949,'514',211),(184078,297,'245',379),(184540,379,'290',523),(184924,166,'68',97),(185169,550,'422',224),(185170,538,'353',261),(185361,770,'384',217),(185967,333,'272',561),(186241,740,'493',4),(186377,53,'561',97),(186566,658,'606_476',89),(186708,794,'593',206),(187020,333,'379',588),(187151,722,'59_417',206),(187152,722,'59_413',206),(187432,588,'445',261),(187689,261,'436',550),(188010,781,'427',217),(188074,523,'47',261),(188804,379,'560',623),(188954,379,'482_120_172',714),(189324,297,'623',220),(190037,415,'75',4),(190310,662,'289_606_476',89),(190347,611,'201',97),(191415,224,'43',577),(191608,714,'425_325_11',926),(192027,297,'260',588),(192118,70,'618',142),(193066,740,'208',214),(193854,261,'222',496),(195808,379,'529',369),(195861,261,'133',369),(196498,224,'328',297),(196499,224,'247',297),(196882,754,'198',192),(197076,561,'634',261),(197077,446,'512',224),(197614,754,'188',89),(198436,550,'469',297),(199221,932,'177',217),(199429,224,'307',458),(199626,40,'457',70),(199627,40,'157',70),(200021,561,'595',333),(200217,333,'82_78',177),(200480,333,'248',379),(200966,662,'289_606_293',676),(203358,446,'217',261),(203629,729,'485',208),(204180,373,'520',4),(204410,261,'395',224),(204411,261,'117',224),(204412,4,'237',722),(204674,538,'396',333),(205108,623,'501',297),(205519,261,'61',965),(205628,4,'233',224),(205629,4,'594',224),(206401,4,'271_38',97),(206826,812,'376',4),(207743,53,'125_546',4),(207804,261,'231',261),(207805,261,'429',261),(208253,224,'180',220),(208388,857,'321',740),(209106,812,'240',868),(210025,762,'242',754),(210231,379,'219',633),(210425,458,'647',4),(210997,588,'449',333),(210998,261,'522',211),(210999,261,'216',211),(211050,722,'407_284',206),(211051,722,'407_583',206),(211442,868,'359',206),(212149,4,'1_169',97),(212938,506,'420',297),(212939,794,'582',379),(213841,4,'205_323',89),(214081,886,'224',297),(214145,297,'654',577),(214568,4,'142_265',97),(214899,703,'172_339',719),(215196,770,'95',740),(215994,944,'345',844),(216420,89,'305',97),(216595,645,'598',671),(217151,333,'566',373),(217152,932,'499',206),(217792,599,'644',4),(218296,379,'199',485),(218502,868,'81',214),(218715,297,'440',458),(219204,679,'401',676),(219374,868,'159',770),(219926,224,'468',538),(220419,781,'438',762),(221680,729,'327_249',206),(223116,857,'34',211),(223686,297,'143',446),(223693,261,'513',538),(223694,4,'8',965),(223970,662,'289_459',690),(224149,70,'283',157),(224213,261,'554',506),(225023,729,'327_223_180',220),(225276,762,'433',886),(225530,192,'277',932),(225754,379,'482_120_172_339',719),(226374,623,'521',97),(226403,915,'192',911),(226404,379,'391',425),(226888,70,'78',177),(228152,679,'507_341',662),(228414,379,'215_167_11',926),(228592,415,'373',224),(228763,4,'210',550),(229585,690,'121',658),(230650,4,'142',506),(230822,379,'179',4),(231572,844,'314_515',177),(232227,965,'73',4),(232281,722,'119',4),(232588,333,'82_13',89),(232880,770,'48',208),(233285,53,'181',53),(233286,53,'508',53),(233423,679,'167_11',926),(233903,703,'325_466_215',679),(233909,550,'153',333),(233948,379,'579',611),(234730,729,'327_234',297),(235834,662,'289_151',679),(235915,577,'206',297),(236658,224,'352',506),(236770,297,'49',333),(236771,297,'408',333),(239555,297,'284',206),(239556,297,'583',206),(240393,975,'257_448',915),(241041,4,'271',599),(241463,794,'361',214),(241482,599,'371',333),(241598,53,'125_197_180',220),(242213,550,'94',4),(243196,812,'547',208),(244401,333,'85',485),(245362,762,'434',729),(245515,379,'592',588),(245671,446,'227',4),(246979,729,'327_545_553',220),(248530,436,'97',97),(249313,949,'444',206),(249750,261,'80',561),(250117,868,'109',208),(250427,224,'19',496),(250442,740,'545',333),(251269,538,'581',379),(251617,611,'123',333),(251681,333,'470',208),(251682,333,'228',208),(252764,4,'613_397',203),(252795,506,'639',4),(252928,192,'277_499',206),(253296,379,'212',577),(254103,965,'93',333),(254742,177,'517',192),(255264,679,'167_120_172',714),(255270,458,'295',224),(255778,690,'120',703),(255884,886,'528',217),(256342,781,'101',206),(256748,633,'465',379),(257541,261,'281',446),(257603,97,'649',125),(259837,261,'628',458),(260388,830,'168',844),(260919,297,'648',217),(260920,297,'403',217),(261226,645,'147_341',662),(262197,333,'156',211),(262198,333,'536',211),(262936,379,'652',415),(263184,740,'538',211),(263336,588,'96',224),(263337,4,'532',261),(263338,4,'301',261),(263339,261,'367',722),(263730,794,'414',762),(264414,812,'67',762),(264542,297,'245_503',89),(264720,333,'417',206),(264721,333,'413',206),(264919,921,'448',915),(265317,671,'297_121',658),(265695,729,'100',211),(265956,729,'327_178',208),(266247,623,'98',379),(266249,538,'35',297),(266277,53,'125_523_88',220),(267661,523,'484',97),(268059,611,'442',224),(268334,915,'621',921),(268385,926,'324',690),(268743,949,'173',214),(269268,770,'254',206),(269883,224,'185_503',89),(269885,611,'118',261),(270648,679,'167',690),(271957,679,'167_120_172_339',719),(272188,297,'585',373),(272218,333,'509',369),(272278,379,'474_553',220),(272765,224,'500',722),(275056,373,'259',297),(275421,645,'293',676),(275792,729,'456',206),(276204,762,'122',770),(276702,623,'276',4),(277100,436,'418',4),(277380,662,'289_606_263',668),(277945,297,'424',214),(277946,297,'57',214),(278215,333,'82',70),(278222,297,'537',623),(278369,949,'368',53),(278588,53,'125_444',206),(279186,588,'350',97),(279233,794,'16',217),(279280,550,'270',379),(279282,474,'309',297),(279485,224,'492',70),(279632,886,'298',740),(279889,794,'139',373),(280093,333,'10',902),(280162,981,'304',206),(280430,729,'327_538',211),(281280,886,'607',762),(283613,297,'132',474),(283622,4,'32_218',97),(283936,70,'587',70),(283937,70,'555',70),(284068,261,'133_397',203),(284708,425,'464',333),(285543,4,'411',333),(285544,4,'291',333),(285648,932,'551',214),(286036,297,'505',4),(286037,297,'303',4),(286366,379,'568',561),(286604,425,'155',224),(287091,4,'540',379),(287092,261,'409',297),(287093,261,'144',297),(287351,224,'241',965),(288058,611,'431',297),(288160,297,'267',611),(288585,379,'141',297),(288694,297,'366',297),(288695,297,'106',297),(289243,4,'358',446),(289419,97,'631',112),(289741,177,'166',97),(289742,177,'506',97),(290688,729,'327_552',261),(291621,886,'658',4),(291956,830,'273',840),(292154,949,'203',297),(292568,192,'378',97),(292902,981,'614',211),(292903,496,'83',333),(293190,886,'200',206),(294208,740,'234',297),(294564,703,'400',711),(294642,762,'299',857),(295835,224,'274',369),(296180,770,'72',214),(297390,671,'26_147_341',662),(297434,965,'66',261),(297700,711,'87_325',690),(298138,4,'163_484',97),(298489,949,'140',333),(298738,658,'341',662),(298939,333,'286',4),(298940,333,'171',4),(299077,523,'300',379),(301286,379,'282_150',177),(301461,4,'349',474),(301695,224,'274_397',203),(301773,379,'215_167_120_172',714),(301777,53,'125_546_578',220),(301798,333,'105',577),(302070,157,'320',142),(302130,297,'364',485),(302572,224,'74',599),(302794,425,'191',261),(303633,975,'257',921),(304399,458,'169',97),(305017,729,'472',214),(305515,550,'416',97),(305763,754,'365',740),(305829,965,'392',297),(305834,577,'601',333),(307075,4,'221',297),(307076,4,'656',297),(307423,714,'339',719),(308231,671,'640_507',658),(308533,4,'1',458),(308615,671,'297_121_341',662),(308643,4,'114',211),(308644,4,'331',211),(308646,261,'275',333),(308647,261,'475',333),(308767,740,'552',261),(310076,538,'5',97),(310161,844,'314_273_389',203),(310819,496,'56',261),(311133,722,'407',297),(311300,379,'141_623',220),(311358,333,'486',214),(311359,333,'452',214),(312345,496,'406',297),(312359,458,'489',379),(312407,762,'89',981),(312408,333,'404',633),(312661,671,'640_507_341',662),(313068,146,'53',146),(313305,4,'578',220),(313828,261,'88',220),(314565,886,'311',214),(315105,379,'527',474),(316561,474,'20',97),(316563,297,'570',415),(317104,333,'383',611),(317714,333,'543',474),(317993,40,'412',53),(317994,40,'84',53),(318593,496,'55',379),(318632,714,'425_325_466',379),(319376,297,'498',902),(319605,729,'327_493_613_397',203),(319606,224,'149',550),(319778,53,'548',40),(319779,53,'461',40),(319780,740,'423',754),(320297,762,'354',812),(320465,297,'33',523),(320688,633,'559',4),(320723,224,'382',208),(320724,224,'302',208),(321720,4,'599_201',97),(322207,645,'476',89),(322208,844,'314_393_179',4),(322209,844,'314_393_535',224),(322210,844,'314_393_474_',333),(322211,844,'314_393_204',261),(322212,844,'314_393_141',297);

/*Table structure for table `query` */

DROP TABLE IF EXISTS `query`;

CREATE TABLE `query` (
  `IDENTIFIER` bigint(20) NOT NULL auto_increment,
  `QUERY_CONSTRAINTS_ID` bigint(20) default NULL,
  PRIMARY KEY  (`IDENTIFIER`),
  UNIQUE KEY `QUERY_CONSTRAINTS_ID` (`QUERY_CONSTRAINTS_ID`),
  KEY `FK49D20A8251EDC5B` (`QUERY_CONSTRAINTS_ID`),
  CONSTRAINT `FK49D20A8251EDC5B` FOREIGN KEY (`QUERY_CONSTRAINTS_ID`) REFERENCES `query_constraints` (`IDENTIFIER`)
) ENGINE=InnoDB DEFAULT CHARSET=latin1;

/*Data for the table `query` */

/*Table structure for table `query_condition` */

DROP TABLE IF EXISTS `query_condition`;

CREATE TABLE `query_condition` (
  `IDENTIFIER` bigint(20) NOT NULL auto_increment,
  `ATTRIBUTE_ID` bigint(20) NOT NULL default '0',
  `RELATIONAL_OPERATOR` varchar(255) default NULL,
  `QUERY_RULE_ID` bigint(20) default NULL,
  `POSITION` int(11) default NULL,
  PRIMARY KEY  (`IDENTIFIER`),
  KEY `FKACCE6246104CA7` (`QUERY_RULE_ID`),
  CONSTRAINT `FKACCE6246104CA7` FOREIGN KEY (`QUERY_RULE_ID`) REFERENCES `query_rule` (`IDENTIFIER`)
) ENGINE=InnoDB DEFAULT CHARSET=latin1;

/*Data for the table `query_condition` */

/*Table structure for table `query_condition_values` */

DROP TABLE IF EXISTS `query_condition_values`;

CREATE TABLE `query_condition_values` (
  `QUERY_CONDITION_ID` bigint(20) NOT NULL default '0',
  `VALUE_LIST` varchar(255) default NULL,
  `POSITION` int(11) NOT NULL default '0',
  PRIMARY KEY  (`QUERY_CONDITION_ID`,`POSITION`),
  KEY `FK9997379DDA532516` (`QUERY_CONDITION_ID`),
  CONSTRAINT `FK9997379DDA532516` FOREIGN KEY (`QUERY_CONDITION_ID`) REFERENCES `query_condition` (`IDENTIFIER`)
) ENGINE=InnoDB DEFAULT CHARSET=latin1;

/*Data for the table `query_condition_values` */

/*Table structure for table `query_constraints` */

DROP TABLE IF EXISTS `query_constraints`;

CREATE TABLE `query_constraints` (
  `IDENTIFIER` bigint(20) NOT NULL auto_increment,
  `QUERY_JOIN_GRAPH_ID` bigint(20) default NULL,
  PRIMARY KEY  (`IDENTIFIER`),
  UNIQUE KEY `QUERY_JOIN_GRAPH_ID` (`QUERY_JOIN_GRAPH_ID`),
  KEY `FKE364FCFFD3C625EA` (`QUERY_JOIN_GRAPH_ID`),
  CONSTRAINT `FKE364FCFFD3C625EA` FOREIGN KEY (`QUERY_JOIN_GRAPH_ID`) REFERENCES `query_join_graph` (`IDENTIFIER`)
) ENGINE=InnoDB DEFAULT CHARSET=latin1;

/*Data for the table `query_constraints` */

/*Table structure for table `query_expression` */

DROP TABLE IF EXISTS `query_expression`;

CREATE TABLE `query_expression` (
  `IDENTIFIER` bigint(20) NOT NULL auto_increment,
  `QUERY_EXPRESSIONID_ID` bigint(20) default NULL,
  `QUERY_QUERY_ENTITY_ID` bigint(20) NOT NULL default '0',
  `IS_IN_VIEW` tinyint(1) default NULL,
  `IS_VISIBLE` tinyint(1) default NULL,
  `QUERY_CONSTRAINT_ID` bigint(20) default NULL,
  PRIMARY KEY  (`IDENTIFIER`),
  UNIQUE KEY `QUERY_EXPRESSIONID_ID` (`QUERY_EXPRESSIONID_ID`),
  KEY `FK1B473A8FCA571190` (`QUERY_EXPRESSIONID_ID`),
  KEY `FK1B473A8F9E19EF66` (`QUERY_CONSTRAINT_ID`),
  KEY `FK1B473A8F1CF7F689` (`QUERY_QUERY_ENTITY_ID`),
  CONSTRAINT `FK1B473A8F1CF7F689` FOREIGN KEY (`QUERY_QUERY_ENTITY_ID`) REFERENCES `query_query_entity` (`IDENTIFIER`),
  CONSTRAINT `FK1B473A8F9E19EF66` FOREIGN KEY (`QUERY_CONSTRAINT_ID`) REFERENCES `query_constraints` (`IDENTIFIER`),
  CONSTRAINT `FK1B473A8FCA571190` FOREIGN KEY (`QUERY_EXPRESSIONID_ID`) REFERENCES `query_expressionid` (`IDENTIFIER`)
) ENGINE=InnoDB DEFAULT CHARSET=latin1;

/*Data for the table `query_expression` */

/*Table structure for table `query_expression_operand` */

DROP TABLE IF EXISTS `query_expression_operand`;

CREATE TABLE `query_expression_operand` (
  `IDENTIFIER` bigint(20) NOT NULL auto_increment,
  `QUERY_EXPRESSION_ID` bigint(20) default NULL,
  `POSITION` int(11) default NULL,
  PRIMARY KEY  (`IDENTIFIER`),
  KEY `FKA3B976F965F8F4CB` (`QUERY_EXPRESSION_ID`),
  CONSTRAINT `FKA3B976F965F8F4CB` FOREIGN KEY (`QUERY_EXPRESSION_ID`) REFERENCES `query_expression` (`IDENTIFIER`)
) ENGINE=InnoDB DEFAULT CHARSET=latin1;

/*Data for the table `query_expression_operand` */

/*Table structure for table `query_expressionid` */

DROP TABLE IF EXISTS `query_expressionid`;

CREATE TABLE `query_expressionid` (
  `IDENTIFIER` bigint(20) NOT NULL default '0',
  `SUB_EXPRESSION_ID` int(11) NOT NULL default '0',
  PRIMARY KEY  (`IDENTIFIER`),
  KEY `FK6662DBEABC7298A9` (`IDENTIFIER`),
  CONSTRAINT `FK6662DBEABC7298A9` FOREIGN KEY (`IDENTIFIER`) REFERENCES `query_expression_operand` (`IDENTIFIER`)
) ENGINE=InnoDB DEFAULT CHARSET=latin1;

/*Data for the table `query_expressionid` */

/*Table structure for table `query_graph_entry` */

DROP TABLE IF EXISTS `query_graph_entry`;

CREATE TABLE `query_graph_entry` (
  `IDENTIFIER` bigint(20) NOT NULL auto_increment,
  `QUERY_MODEL_ASSOCIATION_ID` bigint(20) default NULL,
  `SOURCE_EXPRESSIONID_ID` bigint(20) default NULL,
  `TARGET_EXPRESSIONID_ID` bigint(20) default NULL,
  `QUERY_JOIN_GRAPH_ID` bigint(20) default NULL,
  PRIMARY KEY  (`IDENTIFIER`),
  KEY `FKF055E4EA955C60E6` (`QUERY_MODEL_ASSOCIATION_ID`),
  KEY `FKF055E4EAD3C625EA` (`QUERY_JOIN_GRAPH_ID`),
  KEY `FKF055E4EA7A5E6479` (`TARGET_EXPRESSIONID_ID`),
  KEY `FKF055E4EAEE560703` (`SOURCE_EXPRESSIONID_ID`),
  CONSTRAINT `FKF055E4EAEE560703` FOREIGN KEY (`SOURCE_EXPRESSIONID_ID`) REFERENCES `query_expressionid` (`IDENTIFIER`),
  CONSTRAINT `FKF055E4EA7A5E6479` FOREIGN KEY (`TARGET_EXPRESSIONID_ID`) REFERENCES `query_expressionid` (`IDENTIFIER`),
  CONSTRAINT `FKF055E4EA955C60E6` FOREIGN KEY (`QUERY_MODEL_ASSOCIATION_ID`) REFERENCES `query_model_association` (`IDENTIFIER`),
  CONSTRAINT `FKF055E4EAD3C625EA` FOREIGN KEY (`QUERY_JOIN_GRAPH_ID`) REFERENCES `query_join_graph` (`IDENTIFIER`)
) ENGINE=InnoDB DEFAULT CHARSET=latin1;

/*Data for the table `query_graph_entry` */

/*Table structure for table `query_inter_model_association` */

DROP TABLE IF EXISTS `query_inter_model_association`;

CREATE TABLE `query_inter_model_association` (
  `IDENTIFIER` bigint(20) NOT NULL default '0',
  `SOURCE_SERVICE_URL` text NOT NULL,
  `TARGET_SERVICE_URL` text NOT NULL,
  `SOURCE_ATTRIBUTE_ID` bigint(20) NOT NULL default '0',
  `TARGET_ATTRIBUTE_ID` bigint(20) NOT NULL default '0',
  PRIMARY KEY  (`IDENTIFIER`),
  KEY `FKD70658D1BC7298A9` (`IDENTIFIER`),
  CONSTRAINT `FKD70658D1BC7298A9` FOREIGN KEY (`IDENTIFIER`) REFERENCES `query_model_association` (`IDENTIFIER`)
) ENGINE=InnoDB DEFAULT CHARSET=latin1;

/*Data for the table `query_inter_model_association` */

/*Table structure for table `query_intra_model_association` */

DROP TABLE IF EXISTS `query_intra_model_association`;

CREATE TABLE `query_intra_model_association` (
  `IDENTIFIER` bigint(20) NOT NULL default '0',
  `DE_ASSOCIATION_ID` bigint(20) NOT NULL default '0',
  PRIMARY KEY  (`IDENTIFIER`),
  KEY `FKF1EDBDD3BC7298A9` (`IDENTIFIER`),
  CONSTRAINT `FKF1EDBDD3BC7298A9` FOREIGN KEY (`IDENTIFIER`) REFERENCES `query_model_association` (`IDENTIFIER`)
) ENGINE=InnoDB DEFAULT CHARSET=latin1;

/*Data for the table `query_intra_model_association` */

/*Table structure for table `query_join_graph` */

DROP TABLE IF EXISTS `query_join_graph`;

CREATE TABLE `query_join_graph` (
  `IDENTIFIER` bigint(20) NOT NULL auto_increment,
  PRIMARY KEY  (`IDENTIFIER`)
) ENGINE=InnoDB DEFAULT CHARSET=latin1;

/*Data for the table `query_join_graph` */

/*Table structure for table `query_logical_connector` */

DROP TABLE IF EXISTS `query_logical_connector`;

CREATE TABLE `query_logical_connector` (
  `IDENTIFIER` bigint(20) NOT NULL auto_increment,
  `LOGICAL_OPERATOR` varchar(255) default NULL,
  `NESTING_NUMBER` int(11) default NULL,
  `QUERY_EXPRESSION_ID` bigint(20) default NULL,
  `POSITION` int(11) default NULL,
  PRIMARY KEY  (`IDENTIFIER`),
  KEY `FKCF30478065F8F4CB` (`QUERY_EXPRESSION_ID`),
  CONSTRAINT `FKCF30478065F8F4CB` FOREIGN KEY (`QUERY_EXPRESSION_ID`) REFERENCES `query_expression` (`IDENTIFIER`)
) ENGINE=InnoDB DEFAULT CHARSET=latin1;

/*Data for the table `query_logical_connector` */

/*Table structure for table `query_model_association` */

DROP TABLE IF EXISTS `query_model_association`;

CREATE TABLE `query_model_association` (
  `IDENTIFIER` bigint(20) NOT NULL auto_increment,
  PRIMARY KEY  (`IDENTIFIER`)
) ENGINE=InnoDB DEFAULT CHARSET=latin1;

/*Data for the table `query_model_association` */

/*Table structure for table `query_output_attribute` */

DROP TABLE IF EXISTS `query_output_attribute`;

CREATE TABLE `query_output_attribute` (
  `IDENTIFIER` bigint(20) NOT NULL auto_increment,
  `EXPRESSIONID_ID` bigint(20) default NULL,
  `ATTRIBUTE_ID` bigint(20) NOT NULL default '0',
  `PARAMETERIZED_QUERY_ID` bigint(20) default NULL,
  `POSITION` int(11) default NULL,
  PRIMARY KEY  (`IDENTIFIER`),
  UNIQUE KEY `EXPRESSIONID_ID` (`EXPRESSIONID_ID`),
  KEY `FK22C9DB75BF5EEB27` (`EXPRESSIONID_ID`),
  KEY `FK22C9DB75C4E818F8` (`PARAMETERIZED_QUERY_ID`),
  CONSTRAINT `FK22C9DB75C4E818F8` FOREIGN KEY (`PARAMETERIZED_QUERY_ID`) REFERENCES `query_parameterized_query` (`IDENTIFIER`),
  CONSTRAINT `FK22C9DB75BF5EEB27` FOREIGN KEY (`EXPRESSIONID_ID`) REFERENCES `query_expressionid` (`IDENTIFIER`)
) ENGINE=InnoDB DEFAULT CHARSET=latin1;

/*Data for the table `query_output_attribute` */

/*Table structure for table `query_parameterized_condition` */

DROP TABLE IF EXISTS `query_parameterized_condition`;

CREATE TABLE `query_parameterized_condition` (
  `IDENTIFIER` bigint(20) NOT NULL default '0',
  `CONDITION_INDEX` int(11) default NULL,
  `CONDITION_NAME` varchar(255) default NULL,
  PRIMARY KEY  (`IDENTIFIER`),
  KEY `FK9BE75A3EBC7298A9` (`IDENTIFIER`),
  CONSTRAINT `FK9BE75A3EBC7298A9` FOREIGN KEY (`IDENTIFIER`) REFERENCES `query_condition` (`IDENTIFIER`)
) ENGINE=InnoDB DEFAULT CHARSET=latin1;

/*Data for the table `query_parameterized_condition` */

/*Table structure for table `query_parameterized_query` */

DROP TABLE IF EXISTS `query_parameterized_query`;

CREATE TABLE `query_parameterized_query` (
  `IDENTIFIER` bigint(20) NOT NULL default '0',
  `QUERY_NAME` varchar(255) default NULL,
  `DESCRIPTION` text,
  PRIMARY KEY  (`IDENTIFIER`),
  UNIQUE KEY `QUERY_NAME` (`QUERY_NAME`),
  KEY `FKA272176BBC7298A9` (`IDENTIFIER`),
  CONSTRAINT `FKA272176BBC7298A9` FOREIGN KEY (`IDENTIFIER`) REFERENCES `query` (`IDENTIFIER`)
) ENGINE=InnoDB DEFAULT CHARSET=latin1;

/*Data for the table `query_parameterized_query` */

/*Table structure for table `query_query_entity` */

DROP TABLE IF EXISTS `query_query_entity`;

CREATE TABLE `query_query_entity` (
  `IDENTIFIER` bigint(20) NOT NULL auto_increment,
  `ENTITY_ID` bigint(20) NOT NULL default '0',
  PRIMARY KEY  (`IDENTIFIER`)
) ENGINE=InnoDB DEFAULT CHARSET=latin1;

/*Data for the table `query_query_entity` */

/*Table structure for table `query_rule` */

DROP TABLE IF EXISTS `query_rule`;

CREATE TABLE `query_rule` (
  `IDENTIFIER` bigint(20) NOT NULL default '0',
  `QUERY_EXPRESSION_ID` bigint(20) NOT NULL default '0',
  PRIMARY KEY  (`IDENTIFIER`),
  KEY `FK14A6503365F8F4CB` (`QUERY_EXPRESSION_ID`),
  KEY `FK14A65033BC7298A9` (`IDENTIFIER`),
  CONSTRAINT `FK14A65033BC7298A9` FOREIGN KEY (`IDENTIFIER`) REFERENCES `query_expression_operand` (`IDENTIFIER`),
  CONSTRAINT `FK14A6503365F8F4CB` FOREIGN KEY (`QUERY_EXPRESSION_ID`) REFERENCES `query_expression` (`IDENTIFIER`)
) ENGINE=InnoDB DEFAULT CHARSET=latin1;

/*Data for the table `query_rule` */

SET SQL_MODE=@OLD_SQL_MODE;
SET FOREIGN_KEY_CHECKS = 1;