-- MySQL dump 10.9
--
-- Host: localhost    Database: virender
-- ------------------------------------------------------
-- Server version	4.1.14-nt

/*!40101 SET @OLD_CHARACTER_SET_CLIENT=@@CHARACTER_SET_CLIENT */;
/*!40101 SET @OLD_CHARACTER_SET_RESULTS=@@CHARACTER_SET_RESULTS */;
/*!40101 SET @OLD_COLLATION_CONNECTION=@@COLLATION_CONNECTION */;
/*!40101 SET NAMES utf8 */;
/*!40014 SET @OLD_UNIQUE_CHECKS=@@UNIQUE_CHECKS, UNIQUE_CHECKS=0 */;
/*!40014 SET @OLD_FOREIGN_KEY_CHECKS=@@FOREIGN_KEY_CHECKS, FOREIGN_KEY_CHECKS=0 */;
/*!40101 SET @OLD_SQL_MODE=@@SQL_MODE, SQL_MODE='NO_AUTO_VALUE_ON_ZERO' */;
/*!40111 SET @OLD_SQL_NOTES=@@SQL_NOTES, SQL_NOTES=0 */;

--
-- Current Database: `virender`
--

CREATE DATABASE /*!32312 IF NOT EXISTS*/ `virender` /*!40100 DEFAULT CHARACTER SET latin1 */;

USE `virender`;

--
-- Current Database: `catissuetest`
--

CREATE DATABASE /*!32312 IF NOT EXISTS*/ `catissuetest` /*!40100 DEFAULT CHARACTER SET latin1 */;

USE `catissuetest`;

--
-- Table structure for table `association`
--

DROP TABLE IF EXISTS `association`;
CREATE TABLE `association` (
  `ASSOCIATION_ID` bigint(20) NOT NULL default '0',
  `ASSOCIATION_TYPE` int(8) NOT NULL default '0',
  PRIMARY KEY  (`ASSOCIATION_ID`)
) ENGINE=InnoDB DEFAULT CHARSET=latin1;

--
-- Dumping data for table `association`
--


/*!40000 ALTER TABLE `association` DISABLE KEYS */;
LOCK TABLES `association` WRITE;
INSERT INTO `association` VALUES (1,2),(2,2),(3,2),(4,2),(5,2),(6,2),(7,2),(8,2),(9,2),(10,2),(11,2),(12,2),(13,2),(14,2),(15,2),(16,2),(17,2),(18,2),(19,2),(20,2),(21,2),(22,2),(23,2),(24,2),(25,2),(26,2),(27,2),(28,2),(29,2),(30,2),(31,2),(32,2),(33,2),(34,2),(35,2),(36,2),(37,2),(38,2),(39,2),(40,2),(41,2),(42,2),(43,2),(44,2),(45,2),(46,2),(47,2),(48,2),(49,2),(50,2),(51,2),(52,2),(53,2),(54,2),(55,2),(56,2),(57,2),(58,2),(59,2),(60,2),(61,2),(62,2),(63,2),(64,2),(65,2),(66,2),(67,2),(68,2),(69,2),(70,2),(71,2),(72,2),(73,2),(74,2),(75,2),(76,2);
UNLOCK TABLES;
/*!40000 ALTER TABLE `association` ENABLE KEYS */;

--
-- Table structure for table `categorial_attribute`
--

DROP TABLE IF EXISTS `categorial_attribute`;
CREATE TABLE `categorial_attribute` (
  `ID` bigint(20) NOT NULL auto_increment,
  `CATEGORIAL_CLASS_ID` bigint(20) NOT NULL default '0',
  `DE_CATEGORY_ATTRIBUTE_ID` bigint(20) NOT NULL default '0',
  `DE_SOURCE_CLASS_ATTRIBUTE_ID` bigint(20) NOT NULL default '0',
  PRIMARY KEY  (`ID`),
  KEY `FK31F77B56E8CBD948` (`CATEGORIAL_CLASS_ID`),
  CONSTRAINT `FK31F77B56E8CBD948` FOREIGN KEY (`CATEGORIAL_CLASS_ID`) REFERENCES `categorial_class` (`ID`)
) ENGINE=InnoDB DEFAULT CHARSET=latin1;

--
-- Dumping data for table `categorial_attribute`
--


/*!40000 ALTER TABLE `categorial_attribute` DISABLE KEYS */;
LOCK TABLES `categorial_attribute` WRITE;
UNLOCK TABLES;
/*!40000 ALTER TABLE `categorial_attribute` ENABLE KEYS */;

--
-- Table structure for table `categorial_class`
--

DROP TABLE IF EXISTS `categorial_class`;
CREATE TABLE `categorial_class` (
  `ID` bigint(20) NOT NULL auto_increment,
  `DE_ENTITY_ID` bigint(20) default NULL,
  `PATH_FROM_PARENT_ID` bigint(20) default NULL,
  `PARENT_CATEGORIAL_CLASS_ID` bigint(20) default NULL,
  PRIMARY KEY  (`ID`),
  KEY `FK9651EF32D8D56A33` (`PARENT_CATEGORIAL_CLASS_ID`),
  CONSTRAINT `FK9651EF32D8D56A33` FOREIGN KEY (`PARENT_CATEGORIAL_CLASS_ID`) REFERENCES `categorial_class` (`ID`)
) ENGINE=InnoDB DEFAULT CHARSET=latin1;

--
-- Dumping data for table `categorial_class`
--


/*!40000 ALTER TABLE `categorial_class` DISABLE KEYS */;
LOCK TABLES `categorial_class` WRITE;
UNLOCK TABLES;
/*!40000 ALTER TABLE `categorial_class` ENABLE KEYS */;

--
-- Table structure for table `category`
--

DROP TABLE IF EXISTS `category`;
CREATE TABLE `category` (
  `ID` bigint(20) NOT NULL auto_increment,
  `DE_ENTITY_ID` bigint(20) NOT NULL default '0',
  `PARENT_CATEGORY_ID` bigint(20) default NULL,
  `ROOT_CATEGORIAL_CLASS_ID` bigint(20) NOT NULL default '0',
  PRIMARY KEY  (`ID`),
  UNIQUE KEY `ROOT_CATEGORIAL_CLASS_ID` (`ROOT_CATEGORIAL_CLASS_ID`),
  KEY `FK31A8ACFE2D0F63E7` (`PARENT_CATEGORY_ID`),
  KEY `FK31A8ACFE211D9A6B` (`ROOT_CATEGORIAL_CLASS_ID`),
  CONSTRAINT `FK31A8ACFE211D9A6B` FOREIGN KEY (`ROOT_CATEGORIAL_CLASS_ID`) REFERENCES `categorial_class` (`ID`),
  CONSTRAINT `FK31A8ACFE2D0F63E7` FOREIGN KEY (`PARENT_CATEGORY_ID`) REFERENCES `category` (`ID`)
) ENGINE=InnoDB DEFAULT CHARSET=latin1;

--
-- Dumping data for table `category`
--


/*!40000 ALTER TABLE `category` DISABLE KEYS */;
LOCK TABLES `category` WRITE;
UNLOCK TABLES;
/*!40000 ALTER TABLE `category` ENABLE KEYS */;

--
-- Table structure for table `catissue_address`
--

DROP TABLE IF EXISTS `catissue_address`;
CREATE TABLE `catissue_address` (
  `IDENTIFIER` bigint(20) NOT NULL auto_increment,
  `STREET` varchar(255) default NULL,
  `CITY` varchar(50) default NULL,
  `STATE` varchar(50) default NULL,
  `COUNTRY` varchar(50) default NULL,
  `ZIPCODE` varchar(30) default NULL,
  `PHONE_NUMBER` varchar(50) default NULL,
  `FAX_NUMBER` varchar(50) default NULL,
  PRIMARY KEY  (`IDENTIFIER`)
) ENGINE=InnoDB DEFAULT CHARSET=latin1;

--
-- Dumping data for table `catissue_address`
--


/*!40000 ALTER TABLE `catissue_address` DISABLE KEYS */;
LOCK TABLES `catissue_address` WRITE;
INSERT INTO `catissue_address` VALUES (1,NULL,NULL,NULL,NULL,NULL,NULL,NULL),(2,'Main street','New hampshier','D.C.','United States','12345','21222324','21222324'),(3,'Main street','New hampshier','D.C.','United States','12345','21222324','21222324'),(4,'Main street','New hampshier','D.C.','United States','12345','21222324','21222324'),(5,'Main street','New hampshier','D.C.','United States','12345','21222324','21222324'),(6,'Main street','New hampshier','D.C.','United States','12345','21222324','21222324'),(7,'Main street','New hampshier','D.C.','United States','12345','21222324','21222324'),(8,'Main street','New hampshier','D.C.','United States','12345','21222324','21222324'),(9,'Main street','New hampshier','D.C.','United States','12345','21222324','21222324'),(10,'Main street','New hampshier','D.C.','United States','12345','21222324','21222324'),(11,'Main street','New hampshier','D.C.','United States','12345','21222324','21222324');
UNLOCK TABLES;
/*!40000 ALTER TABLE `catissue_address` ENABLE KEYS */;

--
-- Table structure for table `catissue_audit_event`
--

DROP TABLE IF EXISTS `catissue_audit_event`;
CREATE TABLE `catissue_audit_event` (
  `IDENTIFIER` bigint(20) NOT NULL auto_increment,
  `IP_ADDRESS` varchar(20) default NULL,
  `EVENT_TIMESTAMP` datetime default NULL,
  `USER_ID` bigint(20) default NULL,
  `COMMENTS` text,
  PRIMARY KEY  (`IDENTIFIER`),
  KEY `FKACAF697A2206F20F` (`USER_ID`),
  CONSTRAINT `FKACAF697A2206F20F` FOREIGN KEY (`USER_ID`) REFERENCES `catissue_user` (`IDENTIFIER`)
) ENGINE=InnoDB DEFAULT CHARSET=latin1;

--
-- Dumping data for table `catissue_audit_event`
--


/*!40000 ALTER TABLE `catissue_audit_event` DISABLE KEYS */;
LOCK TABLES `catissue_audit_event` WRITE;
INSERT INTO `catissue_audit_event` VALUES (1,'','2007-02-20 15:58:42',NULL,NULL),(2,'','2007-02-20 15:58:42',NULL,NULL),(3,'','2007-02-20 15:58:42',NULL,NULL),(4,'','2007-02-20 15:58:42',NULL,NULL),(5,'','2007-02-20 15:58:42',NULL,NULL),(6,'','2007-02-20 15:58:43',NULL,NULL),(7,'','2007-02-20 15:58:43',NULL,NULL),(8,'','2007-02-20 15:58:44',NULL,NULL),(9,'','2007-02-20 15:58:45',NULL,NULL),(10,'','2007-02-20 15:58:45',NULL,NULL),(11,'','2007-02-20 15:58:46',NULL,NULL),(12,'','2007-02-20 15:58:47',NULL,NULL),(13,'','2007-02-20 15:58:47',NULL,NULL),(14,'','2007-02-20 15:58:48',NULL,NULL),(15,'','2007-02-20 15:58:48',NULL,NULL),(16,'','2007-02-20 15:58:48',NULL,NULL),(17,'','2007-02-20 15:58:48',NULL,NULL),(18,'','2007-02-20 15:58:48',NULL,NULL),(19,'','2007-02-20 15:58:49',NULL,NULL),(20,'','2007-02-20 15:58:50',NULL,NULL),(21,'','2007-02-20 15:58:51',NULL,NULL),(22,'','2007-02-20 15:58:51',NULL,NULL),(23,'','2007-02-20 15:58:52',NULL,NULL),(24,'','2007-02-20 15:58:52',NULL,NULL),(25,'','2007-02-20 15:58:53',NULL,NULL),(26,'','2007-02-20 15:58:53',NULL,NULL),(27,'','2007-02-20 15:58:53',NULL,NULL),(28,'','2007-02-20 15:58:54',NULL,NULL),(29,'','2007-02-20 15:58:54',NULL,NULL),(30,'','2007-02-20 15:58:55',NULL,NULL),(31,'','2007-02-20 15:58:55',NULL,NULL),(32,'','2007-02-20 15:58:55',NULL,NULL),(33,'','2007-02-20 15:58:56',NULL,NULL),(34,'','2007-02-20 15:58:56',NULL,NULL),(35,'','2007-02-20 15:58:57',NULL,NULL),(36,'','2007-02-20 15:58:57',NULL,NULL),(37,'','2007-02-20 15:58:58',NULL,NULL),(38,'','2007-02-20 15:58:59',NULL,NULL),(39,'','2007-02-20 15:58:59',NULL,NULL),(40,'','2007-02-20 15:59:00',NULL,NULL),(41,'','2007-02-20 15:59:01',NULL,NULL),(42,'','2007-02-20 15:59:01',NULL,NULL),(43,'','2007-02-20 15:59:02',NULL,NULL),(44,'','2007-02-20 15:59:02',NULL,NULL),(45,'','2007-02-20 15:59:03',NULL,NULL),(46,'','2007-02-20 15:59:04',NULL,NULL),(47,'','2007-02-20 15:59:04',NULL,NULL),(48,'','2007-02-20 15:59:05',NULL,NULL),(49,'','2007-02-20 15:59:05',NULL,NULL),(50,'','2007-02-20 15:59:05',NULL,NULL),(51,'','2007-02-20 15:59:06',NULL,NULL),(52,'','2007-02-20 15:59:06',NULL,NULL),(53,'','2007-02-20 15:59:07',NULL,NULL),(54,'','2007-02-20 15:59:07',NULL,NULL),(55,'','2007-02-20 15:59:08',NULL,NULL),(56,'','2007-02-20 15:59:08',NULL,NULL),(57,'','2007-02-20 15:59:09',NULL,NULL),(58,'','2007-02-20 15:59:09',NULL,NULL),(59,'','2007-02-20 15:59:10',NULL,NULL),(60,'','2007-02-20 15:59:10',NULL,NULL),(61,'','2007-02-20 15:59:11',NULL,NULL),(62,'','2007-02-20 15:59:11',NULL,NULL),(63,'','2007-02-20 15:59:12',NULL,NULL),(64,'','2007-02-20 15:59:12',NULL,NULL),(65,'','2007-02-20 15:59:13',NULL,NULL),(66,'','2007-02-20 15:59:13',NULL,NULL),(67,'','2007-02-20 15:59:13',NULL,NULL),(68,'','2007-02-20 15:59:14',NULL,NULL),(69,'','2007-02-20 15:59:14',NULL,NULL),(70,'','2007-02-20 15:59:15',NULL,NULL),(71,'','2007-02-20 15:59:15',NULL,NULL),(72,'','2007-02-20 15:59:15',NULL,NULL),(73,'','2007-02-20 15:59:15',NULL,NULL),(74,'','2007-02-20 15:59:15',NULL,NULL),(75,'','2007-02-20 15:59:16',NULL,NULL),(76,'','2007-02-20 15:59:16',NULL,NULL),(77,'','2007-02-20 15:59:16',NULL,NULL),(78,'','2007-02-20 15:59:17',NULL,NULL),(79,'','2007-02-20 15:59:17',NULL,NULL),(80,'','2007-02-20 15:59:18',NULL,NULL),(81,'','2007-02-20 15:59:18',NULL,NULL),(82,'','2007-02-20 15:59:18',NULL,NULL),(83,'','2007-02-20 15:59:19',NULL,NULL),(84,'','2007-02-20 15:59:19',NULL,NULL),(85,'','2007-02-20 15:59:20',NULL,NULL),(86,'','2007-02-20 15:59:20',NULL,NULL),(87,'','2007-02-20 15:59:21',NULL,NULL),(88,'','2007-02-20 15:59:21',NULL,NULL),(89,'','2007-02-20 15:59:21',NULL,NULL),(90,'','2007-02-20 15:59:22',NULL,NULL),(91,'','2007-02-20 15:59:22',NULL,NULL),(92,'','2007-02-20 15:59:23',NULL,NULL),(93,'','2007-02-20 15:59:23',NULL,NULL),(94,'','2007-02-20 15:59:24',NULL,NULL),(95,'','2007-02-20 15:59:24',NULL,NULL),(96,'','2007-02-20 15:59:25',NULL,NULL),(97,'','2007-02-20 15:59:25',NULL,NULL),(98,'','2007-02-20 15:59:26',NULL,NULL),(99,'','2007-02-20 15:59:26',NULL,NULL),(100,'','2007-02-20 15:59:27',NULL,NULL),(101,'','2007-02-20 15:59:27',NULL,NULL);
UNLOCK TABLES;
/*!40000 ALTER TABLE `catissue_audit_event` ENABLE KEYS */;

--
-- Table structure for table `catissue_audit_event_details`
--

DROP TABLE IF EXISTS `catissue_audit_event_details`;
CREATE TABLE `catissue_audit_event_details` (
  `IDENTIFIER` bigint(20) NOT NULL auto_increment,
  `ELEMENT_NAME` varchar(150) default NULL,
  `PREVIOUS_VALUE` varchar(150) default NULL,
  `CURRENT_VALUE` text,
  `AUDIT_EVENT_LOG_ID` bigint(20) default NULL,
  PRIMARY KEY  (`IDENTIFIER`),
  KEY `FK5C07745D34FFD77F` (`AUDIT_EVENT_LOG_ID`),
  CONSTRAINT `FK5C07745D34FFD77F` FOREIGN KEY (`AUDIT_EVENT_LOG_ID`) REFERENCES `catissue_audit_event_log` (`IDENTIFIER`)
) ENGINE=InnoDB DEFAULT CHARSET=latin1;

--
-- Dumping data for table `catissue_audit_event_details`
--


/*!40000 ALTER TABLE `catissue_audit_event_details` DISABLE KEYS */;
LOCK TABLES `catissue_audit_event_details` WRITE;
INSERT INTO `catissue_audit_event_details` VALUES (1,'IDENTIFIER',NULL,'2',1),(2,'NAME',NULL,'Washington University',1),(3,'IDENTIFIER',NULL,'2',2),(4,'NAME',NULL,'Pathology',2),(5,'IDENTIFIER',NULL,'2',3),(6,'NAME',NULL,'Siteman Cancer Center',3),(7,'TYPE',NULL,'Toxic',4),(8,'IDENTIFIER',NULL,'1',4),(9,'COMMENTS',NULL,'NueroToxicProtein',4),(10,'NAME',NULL,'Toxic Biohazard',4),(11,'FAX_NUMBER',NULL,'21222324',5),(12,'CITY',NULL,'New hampshier',5),(13,'COUNTRY',NULL,'United States',5),(14,'ZIPCODE',NULL,'12345',5),(15,'PHONE_NUMBER',NULL,'21222324',5),(16,'STREET',NULL,'Main street',5),(17,'STATE',NULL,'D.C.',5),(18,'IDENTIFIER',NULL,'2',5),(19,'CANCER_RESEARCH_GROUP_ID',NULL,'2',6),(20,'EMAIL_ADDRESS',NULL,'watsonm@pathology.wustl.edu',6),(21,'FIRST_TIME_LOGIN',NULL,'true',6),(22,'ADDRESS_ID',NULL,'2',6),(23,'CSM_USER_ID',NULL,'2',6),(24,'DEPARTMENT_ID',NULL,'2',6),(25,'LAST_NAME',NULL,'Watson',6),(26,'INSTITUTION_ID',NULL,'2',6),(27,'IDENTIFIER',NULL,'2',6),(28,'LOGIN_NAME',NULL,'watsonm@pathology.wustl.edu',6),(29,'FIRST_NAME',NULL,'Mark',6),(30,'ACTIVITY_STATUS',NULL,'Active',6),(31,'CANCER_RESEARCH_GROUP_ID',NULL,'2',7),(32,'FIRST_TIME_LOGIN',NULL,'true',7),(33,'IDENTIFIER',NULL,'3',7),(34,'DEPARTMENT_ID',NULL,'2',7),(35,'INSTITUTION_ID',NULL,'2',7),(36,'ADDRESS_ID',NULL,'3',7),(37,'LOGIN_NAME',NULL,'rakesh@wustl.edu',7),(38,'CSM_USER_ID',NULL,'3',7),(39,'EMAIL_ADDRESS',NULL,'rakesh@wustl.edu',7),(40,'LAST_NAME',NULL,'Nagarajan',7),(41,'ACTIVITY_STATUS',NULL,'Active',7),(42,'FIRST_NAME',NULL,'Rakesh',7),(43,'FAX_NUMBER',NULL,'21222324',8),(44,'CITY',NULL,'New hampshier',8),(45,'COUNTRY',NULL,'United States',8),(46,'IDENTIFIER',NULL,'3',8),(47,'ZIPCODE',NULL,'12345',8),(48,'PHONE_NUMBER',NULL,'21222324',8),(49,'STREET',NULL,'Main street',8),(50,'STATE',NULL,'D.C.',8),(51,'FAX_NUMBER',NULL,'21222324',9),(52,'IDENTIFIER',NULL,'4',9),(53,'CITY',NULL,'New hampshier',9),(54,'COUNTRY',NULL,'United States',9),(55,'ZIPCODE',NULL,'12345',9),(56,'PHONE_NUMBER',NULL,'21222324',9),(57,'STREET',NULL,'Main street',9),(58,'STATE',NULL,'D.C.',9),(59,'CANCER_RESEARCH_GROUP_ID',NULL,'2',10),(60,'IDENTIFIER',NULL,'4',10),(61,'FIRST_TIME_LOGIN',NULL,'true',10),(62,'DEPARTMENT_ID',NULL,'2',10),(63,'LAST_NAME',NULL,'Stone',10),(64,'LOGIN_NAME',NULL,'jstone@pathology.wustl.edu',10),(65,'INSTITUTION_ID',NULL,'2',10),(66,'EMAIL_ADDRESS',NULL,'jstone@pathology.wustl.edu',10),(67,'CSM_USER_ID',NULL,'4',10),(68,'ACTIVITY_STATUS',NULL,'Active',10),(69,'FIRST_NAME',NULL,'Janet',10),(70,'ADDRESS_ID',NULL,'4',10),(71,'FAX_NUMBER',NULL,'21222324',11),(72,'CITY',NULL,'New hampshier',11),(73,'COUNTRY',NULL,'United States',11),(74,'ZIPCODE',NULL,'12345',11),(75,'IDENTIFIER',NULL,'5',11),(76,'PHONE_NUMBER',NULL,'21222324',11),(77,'STREET',NULL,'Main street',11),(78,'STATE',NULL,'D.C.',11),(79,'CANCER_RESEARCH_GROUP_ID',NULL,'2',12),(80,'FIRST_TIME_LOGIN',NULL,'true',12),(81,'FIRST_NAME',NULL,'Rekha',12),(82,'CSM_USER_ID',NULL,'5',12),(83,'DEPARTMENT_ID',NULL,'2',12),(84,'LOGIN_NAME',NULL,'rmeyer@pathology.wustl.edu',12),(85,'INSTITUTION_ID',NULL,'2',12),(86,'IDENTIFIER',NULL,'5',12),(87,'ADDRESS_ID',NULL,'5',12),(88,'LAST_NAME',NULL,'Meyer',12),(89,'ACTIVITY_STATUS',NULL,'Active',12),(90,'EMAIL_ADDRESS',NULL,'rmeyer@pathology.wustl.edu',12),(91,'CANCER_RESEARCH_GROUP_ID',NULL,'2',13),(92,'LOGIN_NAME',NULL,'schmandtlm@upmc.edu',13),(93,'FIRST_TIME_LOGIN',NULL,'true',13),(94,'DEPARTMENT_ID',NULL,'2',13),(95,'IDENTIFIER',NULL,'6',13),(96,'INSTITUTION_ID',NULL,'2',13),(97,'FIRST_NAME',NULL,'Linda',13),(98,'ADDRESS_ID',NULL,'6',13),(99,'CSM_USER_ID',NULL,'6',13),(100,'EMAIL_ADDRESS',NULL,'schmandtlm@upmc.edu',13),(101,'LAST_NAME',NULL,'Schmandt',13),(102,'ACTIVITY_STATUS',NULL,'Active',13),(103,'FAX_NUMBER',NULL,'21222324',14),(104,'CITY',NULL,'New hampshier',14),(105,'COUNTRY',NULL,'United States',14),(106,'IDENTIFIER',NULL,'6',14),(107,'ZIPCODE',NULL,'12345',14),(108,'PHONE_NUMBER',NULL,'21222324',14),(109,'STREET',NULL,'Main street',14),(110,'STATE',NULL,'D.C.',14),(111,'CANCER_RESEARCH_GROUP_ID',NULL,'2',15),(112,'FIRST_NAME',NULL,'Lisa',15),(113,'FIRST_TIME_LOGIN',NULL,'true',15),(114,'EMAIL_ADDRESS',NULL,'mirandal@uphs.upenn.edu',15),(115,'DEPARTMENT_ID',NULL,'2',15),(116,'INSTITUTION_ID',NULL,'2',15),(117,'LAST_NAME',NULL,'Miranda',15),(118,'LOGIN_NAME',NULL,'mirandal@uphs.upenn.edu',15),(119,'ADDRESS_ID',NULL,'7',15),(120,'IDENTIFIER',NULL,'7',15),(121,'ACTIVITY_STATUS',NULL,'Active',15),(122,'CSM_USER_ID',NULL,'7',15),(123,'FAX_NUMBER',NULL,'21222324',16),(124,'CITY',NULL,'New hampshier',16),(125,'COUNTRY',NULL,'United States',16),(126,'ZIPCODE',NULL,'12345',16),(127,'PHONE_NUMBER',NULL,'21222324',16),(128,'STREET',NULL,'Main street',16),(129,'STATE',NULL,'D.C.',16),(130,'IDENTIFIER',NULL,'7',16),(131,'CANCER_RESEARCH_GROUP_ID',NULL,'2',17),(132,'ADDRESS_ID',NULL,'8',17),(133,'FIRST_TIME_LOGIN',NULL,'true',17),(134,'LAST_NAME',NULL,'London',17),(135,'DEPARTMENT_ID',NULL,'2',17),(136,'FIRST_NAME',NULL,'Jack',17),(137,'EMAIL_ADDRESS',NULL,'Jack.London@mail.jci.tju.edu',17),(138,'INSTITUTION_ID',NULL,'2',17),(139,'LOGIN_NAME',NULL,'Jack.London@mail.jci.tju.edu',17),(140,'CSM_USER_ID',NULL,'8',17),(141,'ACTIVITY_STATUS',NULL,'Active',17),(142,'IDENTIFIER',NULL,'8',17),(143,'FAX_NUMBER',NULL,'21222324',18),(144,'CITY',NULL,'New hampshier',18),(145,'COUNTRY',NULL,'United States',18),(146,'ZIPCODE',NULL,'12345',18),(147,'PHONE_NUMBER',NULL,'21222324',18),(148,'STREET',NULL,'Main street',18),(149,'STATE',NULL,'D.C.',18),(150,'IDENTIFIER',NULL,'8',18),(151,'FAX_NUMBER',NULL,'21222324',19),(152,'CITY',NULL,'New hampshier',19),(153,'COUNTRY',NULL,'United States',19),(154,'ZIPCODE',NULL,'12345',19),(155,'IDENTIFIER',NULL,'9',19),(156,'PHONE_NUMBER',NULL,'21222324',19),(157,'STREET',NULL,'Main street',19),(158,'STATE',NULL,'D.C.',19),(159,'CANCER_RESEARCH_GROUP_ID',NULL,'2',20),(160,'FIRST_TIME_LOGIN',NULL,'true',20),(161,'DEPARTMENT_ID',NULL,'2',20),(162,'FIRST_NAME',NULL,'Gunther',20),(163,'CSM_USER_ID',NULL,'9',20),(164,'INSTITUTION_ID',NULL,'2',20),(165,'LAST_NAME',NULL,'Schadow',20),(166,'IDENTIFIER',NULL,'9',20),(167,'EMAIL_ADDRESS',NULL,'gschadow@regenstrief.org',20),(168,'ACTIVITY_STATUS',NULL,'Active',20),(169,'LOGIN_NAME',NULL,'gschadow@regenstrief.org',20),(170,'ADDRESS_ID',NULL,'9',20),(171,'EMAIL_ADDRESS',NULL,'watsonm@pathology.wustl.edu',21),(172,'IDENTIFIER',NULL,'1',21),(173,'NAME',NULL,'BJH',21),(174,'TYPE',NULL,'Laboratory',21),(175,'USER_ID',NULL,'2',21),(176,'ACTIVITY_STATUS',NULL,'Active',21),(177,'ADDRESS_ID',NULL,'10',21),(178,'FAX_NUMBER',NULL,'21222324',22),(179,'IDENTIFIER',NULL,'10',22),(180,'CITY',NULL,'New hampshier',22),(181,'COUNTRY',NULL,'United States',22),(182,'ZIPCODE',NULL,'12345',22),(183,'PHONE_NUMBER',NULL,'21222324',22),(184,'STREET',NULL,'Main street',22),(185,'STATE',NULL,'D.C.',22),(186,'FAX_NUMBER',NULL,'21222324',23),(187,'CITY',NULL,'New hampshier',23),(188,'COUNTRY',NULL,'United States',23),(189,'ZIPCODE',NULL,'12345',23),(190,'IDENTIFIER',NULL,'11',23),(191,'PHONE_NUMBER',NULL,'21222324',23),(192,'STREET',NULL,'Main street',23),(193,'STATE',NULL,'D.C.',23),(194,'USER_ID',NULL,'9',24),(195,'IDENTIFIER',NULL,'2',24),(196,'TYPE',NULL,'Laboratory',24),(197,'EMAIL_ADDRESS',NULL,'gschadow@regenstrief.org',24),(198,'ACTIVITY_STATUS',NULL,'Active',24),(199,'NAME',NULL,'Indiana',24),(200,'ADDRESS_ID',NULL,'11',24),(201,'IDENTIFIER',NULL,'1',25),(202,'TWO_DIMENSION_CAPACITY',NULL,'5',25),(203,'ONE_DIMENSION_CAPACITY',NULL,'5',25),(204,'IDENTIFIER',NULL,'3',26),(205,'NAME',NULL,'Box',26),(206,'TWO_DIMENSION_LABEL',NULL,'Dimension2',26),(207,'DEFAULT_TEMPERATURE',NULL,'-10.0',26),(208,'CAPACITY_ID',NULL,'1',26),(209,'ACTIVITY_STATUS',NULL,'Active',26),(210,'ONE_DIMENSION_LABEL',NULL,'Dimension1',26),(211,'IDENTIFIER',NULL,'4',27),(212,'CAPACITY_ID',NULL,'2',27),(213,'NAME',NULL,'Rack',27),(214,'TWO_DIMENSION_LABEL',NULL,'Dimension2',27),(215,'DEFAULT_TEMPERATURE',NULL,'-10.0',27),(216,'ACTIVITY_STATUS',NULL,'Active',27),(217,'ONE_DIMENSION_LABEL',NULL,'Dimension1',27),(218,'ONE_DIMENSION_CAPACITY',NULL,'2',28),(219,'IDENTIFIER',NULL,'2',28),(220,'TWO_DIMENSION_CAPACITY',NULL,'3',28),(221,'IDENTIFIER',NULL,'5',29),(222,'NAME',NULL,'Freezer',29),(223,'TWO_DIMENSION_LABEL',NULL,'Dimension2',29),(224,'DEFAULT_TEMPERATURE',NULL,'-10.0',29),(225,'ACTIVITY_STATUS',NULL,'Active',29),(226,'ONE_DIMENSION_LABEL',NULL,'Dimension1',29),(227,'CAPACITY_ID',NULL,'3',29),(228,'IDENTIFIER',NULL,'3',30),(229,'ONE_DIMENSION_CAPACITY',NULL,'1',30),(230,'TWO_DIMENSION_CAPACITY',NULL,'3',30),(231,'IDENTIFIER',NULL,'1',31),(232,'PATHOLOGY_STATUS',NULL,'Not Specified',31),(233,'TISSUE_SITE',NULL,'Not Specified',31),(234,'SPECIMEN_CLASS',NULL,'Tissue',31),(235,'QUANTITY_ID',NULL,'1',31),(236,'SPECIMEN_TYPE',NULL,'Fixed Tissue Block',31),(237,'IDENTIFIER',NULL,'1',32),(238,'STUDY_CALENDAR_EVENT_POINT',NULL,'0.0',32),(239,'COLLECTION_PROTOCOL_ID',NULL,'1',32),(240,'CLINICAL_STATUS',NULL,'Not Specified',32),(241,'DESCRIPTION_URL',NULL,'',33),(242,'IDENTIFIER',NULL,'1',33),(243,'START_DATE',NULL,'Fri Aug 15 00:00:00 GMT+05:30 1975',33),(244,'SHORT_TITLE',NULL,'Aids Study Collection Protocol',33),(245,'IRB_IDENTIFIER',NULL,'1111',33),(246,'CONSENTS_WAIVED',NULL,'false',33),(247,'PRINCIPAL_INVESTIGATOR_ID',NULL,'8',33),(248,'ALIQUOT_IN_SAME_CONTAINER',NULL,'false',33),(249,'ACTIVITY_STATUS',NULL,'Active',33),(250,'TITLE',NULL,'Aids Study Collection Protocol',33),(251,'DESCRIPTION_URL',NULL,'',34),(252,'START_DATE',NULL,'Fri Aug 15 00:00:00 GMT+05:30 1975',34),(253,'IRB_IDENTIFIER',NULL,'1111',34),(254,'IDENTIFIER',NULL,'2',34),(255,'SHORT_TITLE',NULL,'Cancer Study Collection Protocol',34),(256,'CONSENTS_WAIVED',NULL,'false',34),(257,'PRINCIPAL_INVESTIGATOR_ID',NULL,'8',34),(258,'ALIQUOT_IN_SAME_CONTAINER',NULL,'false',34),(259,'TITLE',NULL,'Cancer Study Collection Protocol',34),(260,'ACTIVITY_STATUS',NULL,'Active',34),(261,'PATHOLOGY_STATUS',NULL,'Not Specified',35),(262,'TISSUE_SITE',NULL,'Not Specified',35),(263,'SPECIMEN_CLASS',NULL,'Tissue',35),(264,'IDENTIFIER',NULL,'2',35),(265,'QUANTITY_ID',NULL,'2',35),(266,'SPECIMEN_TYPE',NULL,'Fixed Tissue Block',35),(267,'COLLECTION_PROTOCOL_ID',NULL,'2',36),(268,'STUDY_CALENDAR_EVENT_POINT',NULL,'0.0',36),(269,'IDENTIFIER',NULL,'2',36),(270,'CLINICAL_STATUS',NULL,'Not Specified',36),(271,'IDENTIFIER',NULL,'3',37),(272,'PATHOLOGY_STATUS',NULL,'Not Specified',37),(273,'QUANTITY_ID',NULL,'3',37),(274,'TISSUE_SITE',NULL,'Not Specified',37),(275,'SPECIMEN_CLASS',NULL,'Tissue',37),(276,'SPECIMEN_TYPE',NULL,'Fixed Tissue Block',37),(277,'IDENTIFIER',NULL,'3',38),(278,'STUDY_CALENDAR_EVENT_POINT',NULL,'0.0',38),(279,'COLLECTION_PROTOCOL_ID',NULL,'3',38),(280,'CLINICAL_STATUS',NULL,'Not Specified',38),(281,'DESCRIPTION_URL',NULL,'',39),(282,'START_DATE',NULL,'Fri Aug 15 00:00:00 GMT+05:30 1975',39),(283,'IDENTIFIER',NULL,'3',39),(284,'TITLE',NULL,'Generic Collection Protocol',39),(285,'IRB_IDENTIFIER',NULL,'1111',39),(286,'CONSENTS_WAIVED',NULL,'false',39),(287,'PRINCIPAL_INVESTIGATOR_ID',NULL,'8',39),(288,'ALIQUOT_IN_SAME_CONTAINER',NULL,'false',39),(289,'ACTIVITY_STATUS',NULL,'Active',39),(290,'SHORT_TITLE',NULL,'Generic Collection Protocol',39),(291,'IDENTIFIER',NULL,'1',40),(292,'CAPACITY_ID',NULL,'4',40),(293,'ACTIVITY_STATUS',NULL,'Active',40),(294,'TEMPERATURE',NULL,'-10.0',40),(295,'STORAGE_TYPE_ID',NULL,'5',40),(296,'NAME',NULL,'BJH_Freezer_1',40),(297,'SITE_ID',NULL,'1',40),(298,'IDENTIFIER',NULL,'4',41),(299,'ONE_DIMENSION_CAPACITY',NULL,'1',41),(300,'TWO_DIMENSION_CAPACITY',NULL,'3',41),(301,'IDENTIFIER',NULL,'5',42),(302,'ONE_DIMENSION_CAPACITY',NULL,'1',42),(303,'TWO_DIMENSION_CAPACITY',NULL,'3',42),(304,'IDENTIFIER',NULL,'2',43),(305,'NAME',NULL,'BJH_Freezer_2',43),(306,'ACTIVITY_STATUS',NULL,'Active',43),(307,'CAPACITY_ID',NULL,'5',43),(308,'TEMPERATURE',NULL,'-10.0',43),(309,'STORAGE_TYPE_ID',NULL,'5',43),(310,'SITE_ID',NULL,'1',43),(311,'PARENT_CONTAINER_ID',NULL,'1',44),(312,'IDENTIFIER',NULL,'3',44),(313,'POSITION_DIMENSION_TWO',NULL,'1',44),(314,'CAPACITY_ID',NULL,'6',44),(315,'NAME',NULL,'BJH_Rack_1',44),(316,'STORAGE_TYPE_ID',NULL,'4',44),(317,'POSITION_DIMENSION_ONE',NULL,'1',44),(318,'ACTIVITY_STATUS',NULL,'Active',44),(319,'TEMPERATURE',NULL,'-10.0',44),(320,'SITE_ID',NULL,'1',44),(321,'IDENTIFIER',NULL,'6',45),(322,'ONE_DIMENSION_CAPACITY',NULL,'2',45),(323,'TWO_DIMENSION_CAPACITY',NULL,'3',45),(324,'IDENTIFIER',NULL,'4',46),(325,'PARENT_CONTAINER_ID',NULL,'1',46),(326,'NAME',NULL,'BJH_Rack_2',46),(327,'POSITION_DIMENSION_TWO',NULL,'2',46),(328,'STORAGE_TYPE_ID',NULL,'4',46),(329,'POSITION_DIMENSION_ONE',NULL,'1',46),(330,'CAPACITY_ID',NULL,'7',46),(331,'ACTIVITY_STATUS',NULL,'Active',46),(332,'TEMPERATURE',NULL,'-10.0',46),(333,'SITE_ID',NULL,'1',46),(334,'ONE_DIMENSION_CAPACITY',NULL,'2',47),(335,'TWO_DIMENSION_CAPACITY',NULL,'3',47),(336,'IDENTIFIER',NULL,'7',47),(337,'PARENT_CONTAINER_ID',NULL,'1',48),(338,'IDENTIFIER',NULL,'5',48),(339,'CAPACITY_ID',NULL,'8',48),(340,'STORAGE_TYPE_ID',NULL,'4',48),(341,'POSITION_DIMENSION_ONE',NULL,'1',48),(342,'POSITION_DIMENSION_TWO',NULL,'3',48),(343,'ACTIVITY_STATUS',NULL,'Active',48),(344,'NAME',NULL,'BJH_Rack_3',48),(345,'TEMPERATURE',NULL,'-10.0',48),(346,'SITE_ID',NULL,'1',48),(347,'ONE_DIMENSION_CAPACITY',NULL,'2',49),(348,'TWO_DIMENSION_CAPACITY',NULL,'3',49),(349,'IDENTIFIER',NULL,'8',49),(350,'IDENTIFIER',NULL,'9',50),(351,'ONE_DIMENSION_CAPACITY',NULL,'2',50),(352,'TWO_DIMENSION_CAPACITY',NULL,'3',50),(353,'CAPACITY_ID',NULL,'9',51),(354,'POSITION_DIMENSION_TWO',NULL,'1',51),(355,'IDENTIFIER',NULL,'6',51),(356,'NAME',NULL,'BJH_Rack_4',51),(357,'PARENT_CONTAINER_ID',NULL,'2',51),(358,'STORAGE_TYPE_ID',NULL,'4',51),(359,'POSITION_DIMENSION_ONE',NULL,'1',51),(360,'ACTIVITY_STATUS',NULL,'Active',51),(361,'TEMPERATURE',NULL,'-10.0',51),(362,'SITE_ID',NULL,'1',51),(363,'CAPACITY_ID',NULL,'10',52),(364,'POSITION_DIMENSION_TWO',NULL,'2',52),(365,'PARENT_CONTAINER_ID',NULL,'2',52),(366,'STORAGE_TYPE_ID',NULL,'4',52),(367,'POSITION_DIMENSION_ONE',NULL,'1',52),(368,'IDENTIFIER',NULL,'7',52),(369,'ACTIVITY_STATUS',NULL,'Active',52),(370,'NAME',NULL,'BJH_Rack_5',52),(371,'TEMPERATURE',NULL,'-10.0',52),(372,'SITE_ID',NULL,'1',52),(373,'IDENTIFIER',NULL,'10',53),(374,'ONE_DIMENSION_CAPACITY',NULL,'2',53),(375,'TWO_DIMENSION_CAPACITY',NULL,'3',53),(376,'NAME',NULL,'BJH_Rack_6',54),(377,'CAPACITY_ID',NULL,'11',54),(378,'PARENT_CONTAINER_ID',NULL,'2',54),(379,'STORAGE_TYPE_ID',NULL,'4',54),(380,'POSITION_DIMENSION_ONE',NULL,'1',54),(381,'POSITION_DIMENSION_TWO',NULL,'3',54),(382,'ACTIVITY_STATUS',NULL,'Active',54),(383,'IDENTIFIER',NULL,'8',54),(384,'TEMPERATURE',NULL,'-10.0',54),(385,'SITE_ID',NULL,'1',54),(386,'IDENTIFIER',NULL,'11',55),(387,'ONE_DIMENSION_CAPACITY',NULL,'2',55),(388,'TWO_DIMENSION_CAPACITY',NULL,'3',55),(389,'POSITION_DIMENSION_TWO',NULL,'1',56),(390,'NAME',NULL,'BJH_Box_1',56),(391,'IDENTIFIER',NULL,'9',56),(392,'POSITION_DIMENSION_ONE',NULL,'1',56),(393,'STORAGE_TYPE_ID',NULL,'3',56),(394,'ACTIVITY_STATUS',NULL,'Active',56),(395,'TEMPERATURE',NULL,'-10.0',56),(396,'CAPACITY_ID',NULL,'12',56),(397,'PARENT_CONTAINER_ID',NULL,'3',56),(398,'SITE_ID',NULL,'1',56),(399,'TWO_DIMENSION_CAPACITY',NULL,'5',57),(400,'ONE_DIMENSION_CAPACITY',NULL,'5',57),(401,'IDENTIFIER',NULL,'12',57),(402,'IDENTIFIER',NULL,'13',58),(403,'TWO_DIMENSION_CAPACITY',NULL,'5',58),(404,'ONE_DIMENSION_CAPACITY',NULL,'5',58),(405,'IDENTIFIER',NULL,'10',59),(406,'CAPACITY_ID',NULL,'13',59),(407,'POSITION_DIMENSION_TWO',NULL,'2',59),(408,'POSITION_DIMENSION_ONE',NULL,'1',59),(409,'STORAGE_TYPE_ID',NULL,'3',59),(410,'NAME',NULL,'BJH_Box_2',59),(411,'ACTIVITY_STATUS',NULL,'Active',59),(412,'TEMPERATURE',NULL,'-10.0',59),(413,'PARENT_CONTAINER_ID',NULL,'3',59),(414,'SITE_ID',NULL,'1',59),(415,'NAME',NULL,'BJH_Box_3',60),(416,'IDENTIFIER',NULL,'11',60),(417,'POSITION_DIMENSION_ONE',NULL,'1',60),(418,'STORAGE_TYPE_ID',NULL,'3',60),(419,'POSITION_DIMENSION_TWO',NULL,'3',60),(420,'ACTIVITY_STATUS',NULL,'Active',60),(421,'CAPACITY_ID',NULL,'14',60),(422,'TEMPERATURE',NULL,'-10.0',60),(423,'PARENT_CONTAINER_ID',NULL,'3',60),(424,'SITE_ID',NULL,'1',60),(425,'TWO_DIMENSION_CAPACITY',NULL,'5',61),(426,'ONE_DIMENSION_CAPACITY',NULL,'5',61),(427,'IDENTIFIER',NULL,'14',61),(428,'IDENTIFIER',NULL,'15',62),(429,'TWO_DIMENSION_CAPACITY',NULL,'5',62),(430,'ONE_DIMENSION_CAPACITY',NULL,'5',62),(431,'POSITION_DIMENSION_TWO',NULL,'1',63),(432,'CAPACITY_ID',NULL,'15',63),(433,'STORAGE_TYPE_ID',NULL,'3',63),(434,'ACTIVITY_STATUS',NULL,'Active',63),(435,'NAME',NULL,'BJH_Box_4',63),(436,'TEMPERATURE',NULL,'-10.0',63),(437,'POSITION_DIMENSION_ONE',NULL,'2',63),(438,'IDENTIFIER',NULL,'12',63),(439,'PARENT_CONTAINER_ID',NULL,'3',63),(440,'SITE_ID',NULL,'1',63),(441,'TWO_DIMENSION_CAPACITY',NULL,'5',64),(442,'IDENTIFIER',NULL,'16',64),(443,'ONE_DIMENSION_CAPACITY',NULL,'5',64),(444,'IDENTIFIER',NULL,'13',65),(445,'NAME',NULL,'BJH_Box_5',65),(446,'POSITION_DIMENSION_TWO',NULL,'2',65),(447,'CAPACITY_ID',NULL,'16',65),(448,'STORAGE_TYPE_ID',NULL,'3',65),(449,'ACTIVITY_STATUS',NULL,'Active',65),(450,'TEMPERATURE',NULL,'-10.0',65),(451,'POSITION_DIMENSION_ONE',NULL,'2',65),(452,'PARENT_CONTAINER_ID',NULL,'3',65),(453,'SITE_ID',NULL,'1',65),(454,'IDENTIFIER',NULL,'17',66),(455,'TWO_DIMENSION_CAPACITY',NULL,'5',66),(456,'ONE_DIMENSION_CAPACITY',NULL,'5',66),(457,'CAPACITY_ID',NULL,'17',67),(458,'NAME',NULL,'BJH_Box_6',67),(459,'STORAGE_TYPE_ID',NULL,'3',67),(460,'POSITION_DIMENSION_TWO',NULL,'3',67),(461,'ACTIVITY_STATUS',NULL,'Active',67),(462,'TEMPERATURE',NULL,'-10.0',67),(463,'POSITION_DIMENSION_ONE',NULL,'2',67),(464,'IDENTIFIER',NULL,'14',67),(465,'PARENT_CONTAINER_ID',NULL,'3',67),(466,'SITE_ID',NULL,'1',67),(467,'IDENTIFIER',NULL,'15',68),(468,'POSITION_DIMENSION_TWO',NULL,'1',68),(469,'PARENT_CONTAINER_ID',NULL,'4',68),(470,'NAME',NULL,'BJH_Box_7',68),(471,'POSITION_DIMENSION_ONE',NULL,'1',68),(472,'STORAGE_TYPE_ID',NULL,'3',68),(473,'CAPACITY_ID',NULL,'18',68),(474,'ACTIVITY_STATUS',NULL,'Active',68),(475,'TEMPERATURE',NULL,'-10.0',68),(476,'SITE_ID',NULL,'1',68),(477,'IDENTIFIER',NULL,'18',69),(478,'TWO_DIMENSION_CAPACITY',NULL,'5',69),(479,'ONE_DIMENSION_CAPACITY',NULL,'5',69),(480,'PARENT_CONTAINER_ID',NULL,'4',70),(481,'POSITION_DIMENSION_TWO',NULL,'2',70),(482,'IDENTIFIER',NULL,'16',70),(483,'CAPACITY_ID',NULL,'19',70),(484,'POSITION_DIMENSION_ONE',NULL,'1',70),(485,'STORAGE_TYPE_ID',NULL,'3',70),(486,'ACTIVITY_STATUS',NULL,'Active',70),(487,'TEMPERATURE',NULL,'-10.0',70),(488,'NAME',NULL,'BJH_Box_8',70),(489,'SITE_ID',NULL,'1',70),(490,'IDENTIFIER',NULL,'19',71),(491,'TWO_DIMENSION_CAPACITY',NULL,'5',71),(492,'ONE_DIMENSION_CAPACITY',NULL,'5',71),(493,'IDENTIFIER',NULL,'17',72),(494,'CAPACITY_ID',NULL,'20',72),(495,'PARENT_CONTAINER_ID',NULL,'4',72),(496,'NAME',NULL,'BJH_Box_9',72),(497,'POSITION_DIMENSION_ONE',NULL,'1',72),(498,'STORAGE_TYPE_ID',NULL,'3',72),(499,'POSITION_DIMENSION_TWO',NULL,'3',72),(500,'ACTIVITY_STATUS',NULL,'Active',72),(501,'TEMPERATURE',NULL,'-10.0',72),(502,'SITE_ID',NULL,'1',72),(503,'TWO_DIMENSION_CAPACITY',NULL,'5',73),(504,'IDENTIFIER',NULL,'20',73),(505,'ONE_DIMENSION_CAPACITY',NULL,'5',73),(506,'TWO_DIMENSION_CAPACITY',NULL,'5',74),(507,'IDENTIFIER',NULL,'21',74),(508,'ONE_DIMENSION_CAPACITY',NULL,'5',74),(509,'NAME',NULL,'BJH_Box_10',75),(510,'POSITION_DIMENSION_TWO',NULL,'1',75),(511,'CAPACITY_ID',NULL,'21',75),(512,'IDENTIFIER',NULL,'18',75),(513,'PARENT_CONTAINER_ID',NULL,'4',75),(514,'STORAGE_TYPE_ID',NULL,'3',75),(515,'ACTIVITY_STATUS',NULL,'Active',75),(516,'TEMPERATURE',NULL,'-10.0',75),(517,'POSITION_DIMENSION_ONE',NULL,'2',75),(518,'SITE_ID',NULL,'1',75),(519,'IDENTIFIER',NULL,'22',76),(520,'TWO_DIMENSION_CAPACITY',NULL,'5',76),(521,'ONE_DIMENSION_CAPACITY',NULL,'5',76),(522,'IDENTIFIER',NULL,'19',77),(523,'PARENT_CONTAINER_ID',NULL,'4',77),(524,'POSITION_DIMENSION_TWO',NULL,'2',77),(525,'NAME',NULL,'BJH_Box_11',77),(526,'STORAGE_TYPE_ID',NULL,'3',77),(527,'CAPACITY_ID',NULL,'22',77),(528,'ACTIVITY_STATUS',NULL,'Active',77),(529,'TEMPERATURE',NULL,'-10.0',77),(530,'POSITION_DIMENSION_ONE',NULL,'2',77),(531,'SITE_ID',NULL,'1',77),(532,'NAME',NULL,'BJH_Box_12',78),(533,'PARENT_CONTAINER_ID',NULL,'4',78),(534,'CAPACITY_ID',NULL,'23',78),(535,'IDENTIFIER',NULL,'20',78),(536,'STORAGE_TYPE_ID',NULL,'3',78),(537,'POSITION_DIMENSION_TWO',NULL,'3',78),(538,'ACTIVITY_STATUS',NULL,'Active',78),(539,'TEMPERATURE',NULL,'-10.0',78),(540,'POSITION_DIMENSION_ONE',NULL,'2',78),(541,'SITE_ID',NULL,'1',78),(542,'TWO_DIMENSION_CAPACITY',NULL,'5',79),(543,'ONE_DIMENSION_CAPACITY',NULL,'5',79),(544,'IDENTIFIER',NULL,'23',79),(545,'IDENTIFIER',NULL,'24',80),(546,'TWO_DIMENSION_CAPACITY',NULL,'5',80),(547,'ONE_DIMENSION_CAPACITY',NULL,'5',80),(548,'POSITION_DIMENSION_TWO',NULL,'1',81),(549,'IDENTIFIER',NULL,'21',81),(550,'POSITION_DIMENSION_ONE',NULL,'1',81),(551,'STORAGE_TYPE_ID',NULL,'3',81),(552,'NAME',NULL,'BJH_Box_13',81),(553,'CAPACITY_ID',NULL,'24',81),(554,'ACTIVITY_STATUS',NULL,'Active',81),(555,'PARENT_CONTAINER_ID',NULL,'5',81),(556,'TEMPERATURE',NULL,'-10.0',81),(557,'SITE_ID',NULL,'1',81),(558,'IDENTIFIER',NULL,'22',82),(559,'CAPACITY_ID',NULL,'25',82),(560,'POSITION_DIMENSION_TWO',NULL,'2',82),(561,'NAME',NULL,'BJH_Box_14',82),(562,'POSITION_DIMENSION_ONE',NULL,'1',82),(563,'STORAGE_TYPE_ID',NULL,'3',82),(564,'ACTIVITY_STATUS',NULL,'Active',82),(565,'PARENT_CONTAINER_ID',NULL,'5',82),(566,'TEMPERATURE',NULL,'-10.0',82),(567,'SITE_ID',NULL,'1',82),(568,'TWO_DIMENSION_CAPACITY',NULL,'5',83),(569,'IDENTIFIER',NULL,'25',83),(570,'ONE_DIMENSION_CAPACITY',NULL,'5',83),(571,'TWO_DIMENSION_CAPACITY',NULL,'5',84),(572,'IDENTIFIER',NULL,'26',84),(573,'ONE_DIMENSION_CAPACITY',NULL,'5',84),(574,'NAME',NULL,'BJH_Box_15',85),(575,'POSITION_DIMENSION_ONE',NULL,'1',85),(576,'IDENTIFIER',NULL,'23',85),(577,'STORAGE_TYPE_ID',NULL,'3',85),(578,'CAPACITY_ID',NULL,'26',85),(579,'POSITION_DIMENSION_TWO',NULL,'3',85),(580,'ACTIVITY_STATUS',NULL,'Active',85),(581,'PARENT_CONTAINER_ID',NULL,'5',85),(582,'TEMPERATURE',NULL,'-10.0',85),(583,'SITE_ID',NULL,'1',85),(584,'IDENTIFIER',NULL,'27',86),(585,'TWO_DIMENSION_CAPACITY',NULL,'5',86),(586,'ONE_DIMENSION_CAPACITY',NULL,'5',86),(587,'POSITION_DIMENSION_TWO',NULL,'1',87),(588,'IDENTIFIER',NULL,'24',87),(589,'NAME',NULL,'BJH_Box_16',87),(590,'STORAGE_TYPE_ID',NULL,'3',87),(591,'CAPACITY_ID',NULL,'27',87),(592,'ACTIVITY_STATUS',NULL,'Active',87),(593,'PARENT_CONTAINER_ID',NULL,'5',87),(594,'TEMPERATURE',NULL,'-10.0',87),(595,'POSITION_DIMENSION_ONE',NULL,'2',87),(596,'SITE_ID',NULL,'1',87),(597,'NAME',NULL,'BJH_Box_17',88),(598,'POSITION_DIMENSION_TWO',NULL,'2',88),(599,'IDENTIFIER',NULL,'25',88),(600,'CAPACITY_ID',NULL,'28',88),(601,'STORAGE_TYPE_ID',NULL,'3',88),(602,'ACTIVITY_STATUS',NULL,'Active',88),(603,'PARENT_CONTAINER_ID',NULL,'5',88),(604,'TEMPERATURE',NULL,'-10.0',88),(605,'POSITION_DIMENSION_ONE',NULL,'2',88),(606,'SITE_ID',NULL,'1',88),(607,'TWO_DIMENSION_CAPACITY',NULL,'5',89),(608,'IDENTIFIER',NULL,'28',89),(609,'ONE_DIMENSION_CAPACITY',NULL,'5',89),(610,'CAPACITY_ID',NULL,'29',90),(611,'IDENTIFIER',NULL,'26',90),(612,'STORAGE_TYPE_ID',NULL,'3',90),(613,'NAME',NULL,'BJH_Box_18',90),(614,'POSITION_DIMENSION_TWO',NULL,'3',90),(615,'ACTIVITY_STATUS',NULL,'Active',90),(616,'PARENT_CONTAINER_ID',NULL,'5',90),(617,'TEMPERATURE',NULL,'-10.0',90),(618,'POSITION_DIMENSION_ONE',NULL,'2',90),(619,'SITE_ID',NULL,'1',90),(620,'IDENTIFIER',NULL,'29',91),(621,'TWO_DIMENSION_CAPACITY',NULL,'5',91),(622,'ONE_DIMENSION_CAPACITY',NULL,'5',91),(623,'TWO_DIMENSION_CAPACITY',NULL,'5',92),(624,'ONE_DIMENSION_CAPACITY',NULL,'5',92),(625,'IDENTIFIER',NULL,'30',92),(626,'CAPACITY_ID',NULL,'30',93),(627,'IDENTIFIER',NULL,'27',93),(628,'POSITION_DIMENSION_TWO',NULL,'1',93),(629,'NAME',NULL,'BJH_Box_19',93),(630,'PARENT_CONTAINER_ID',NULL,'6',93),(631,'POSITION_DIMENSION_ONE',NULL,'1',93),(632,'STORAGE_TYPE_ID',NULL,'3',93),(633,'ACTIVITY_STATUS',NULL,'Active',93),(634,'TEMPERATURE',NULL,'-10.0',93),(635,'SITE_ID',NULL,'1',93),(636,'PARENT_CONTAINER_ID',NULL,'6',94),(637,'POSITION_DIMENSION_TWO',NULL,'2',94),(638,'IDENTIFIER',NULL,'28',94),(639,'POSITION_DIMENSION_ONE',NULL,'1',94),(640,'STORAGE_TYPE_ID',NULL,'3',94),(641,'ACTIVITY_STATUS',NULL,'Active',94),(642,'NAME',NULL,'BJH_Box_20',94),(643,'TEMPERATURE',NULL,'-10.0',94),(644,'CAPACITY_ID',NULL,'31',94),(645,'SITE_ID',NULL,'1',94),(646,'IDENTIFIER',NULL,'31',95),(647,'TWO_DIMENSION_CAPACITY',NULL,'5',95),(648,'ONE_DIMENSION_CAPACITY',NULL,'5',95),(649,'IDENTIFIER',NULL,'29',96),(650,'NAME',NULL,'BJH_Box_21',96),(651,'PARENT_CONTAINER_ID',NULL,'6',96),(652,'CAPACITY_ID',NULL,'32',96),(653,'POSITION_DIMENSION_ONE',NULL,'1',96),(654,'STORAGE_TYPE_ID',NULL,'3',96),(655,'POSITION_DIMENSION_TWO',NULL,'3',96),(656,'ACTIVITY_STATUS',NULL,'Active',96),(657,'TEMPERATURE',NULL,'-10.0',96),(658,'SITE_ID',NULL,'1',96),(659,'TWO_DIMENSION_CAPACITY',NULL,'5',97),(660,'ONE_DIMENSION_CAPACITY',NULL,'5',97),(661,'IDENTIFIER',NULL,'32',97),(662,'POSITION_DIMENSION_TWO',NULL,'1',98),(663,'CAPACITY_ID',NULL,'33',98),(664,'PARENT_CONTAINER_ID',NULL,'6',98),(665,'NAME',NULL,'BJH_Box_22',98),(666,'IDENTIFIER',NULL,'30',98),(667,'STORAGE_TYPE_ID',NULL,'3',98),(668,'ACTIVITY_STATUS',NULL,'Active',98),(669,'TEMPERATURE',NULL,'-10.0',98),(670,'POSITION_DIMENSION_ONE',NULL,'2',98),(671,'SITE_ID',NULL,'1',98),(672,'TWO_DIMENSION_CAPACITY',NULL,'5',99),(673,'ONE_DIMENSION_CAPACITY',NULL,'5',99),(674,'IDENTIFIER',NULL,'33',99),(675,'IDENTIFIER',NULL,'34',100),(676,'TWO_DIMENSION_CAPACITY',NULL,'5',100),(677,'ONE_DIMENSION_CAPACITY',NULL,'5',100),(678,'IDENTIFIER',NULL,'31',101),(679,'NAME',NULL,'BJH_Box_23',101),(680,'CAPACITY_ID',NULL,'34',101),(681,'PARENT_CONTAINER_ID',NULL,'6',101),(682,'POSITION_DIMENSION_TWO',NULL,'2',101),(683,'STORAGE_TYPE_ID',NULL,'3',101),(684,'ACTIVITY_STATUS',NULL,'Active',101),(685,'TEMPERATURE',NULL,'-10.0',101),(686,'POSITION_DIMENSION_ONE',NULL,'2',101),(687,'SITE_ID',NULL,'1',101),(688,'TWO_DIMENSION_CAPACITY',NULL,'5',102),(689,'ONE_DIMENSION_CAPACITY',NULL,'5',102),(690,'IDENTIFIER',NULL,'35',102),(691,'PARENT_CONTAINER_ID',NULL,'6',103),(692,'STORAGE_TYPE_ID',NULL,'3',103),(693,'CAPACITY_ID',NULL,'35',103),(694,'POSITION_DIMENSION_TWO',NULL,'3',103),(695,'ACTIVITY_STATUS',NULL,'Active',103),(696,'IDENTIFIER',NULL,'32',103),(697,'TEMPERATURE',NULL,'-10.0',103),(698,'POSITION_DIMENSION_ONE',NULL,'2',103),(699,'NAME',NULL,'BJH_Box_24',103),(700,'SITE_ID',NULL,'1',103),(701,'POSITION_DIMENSION_TWO',NULL,'1',104),(702,'CAPACITY_ID',NULL,'36',104),(703,'PARENT_CONTAINER_ID',NULL,'7',104),(704,'POSITION_DIMENSION_ONE',NULL,'1',104),(705,'NAME',NULL,'BJH_Box_25',104),(706,'STORAGE_TYPE_ID',NULL,'3',104),(707,'ACTIVITY_STATUS',NULL,'Active',104),(708,'IDENTIFIER',NULL,'33',104),(709,'TEMPERATURE',NULL,'-10.0',104),(710,'SITE_ID',NULL,'1',104),(711,'IDENTIFIER',NULL,'36',105),(712,'TWO_DIMENSION_CAPACITY',NULL,'5',105),(713,'ONE_DIMENSION_CAPACITY',NULL,'5',105),(714,'TWO_DIMENSION_CAPACITY',NULL,'5',106),(715,'ONE_DIMENSION_CAPACITY',NULL,'5',106),(716,'IDENTIFIER',NULL,'37',106),(717,'IDENTIFIER',NULL,'34',107),(718,'NAME',NULL,'BJH_Box_26',107),(719,'POSITION_DIMENSION_TWO',NULL,'2',107),(720,'PARENT_CONTAINER_ID',NULL,'7',107),(721,'POSITION_DIMENSION_ONE',NULL,'1',107),(722,'STORAGE_TYPE_ID',NULL,'3',107),(723,'CAPACITY_ID',NULL,'37',107),(724,'ACTIVITY_STATUS',NULL,'Active',107),(725,'TEMPERATURE',NULL,'-10.0',107),(726,'SITE_ID',NULL,'1',107),(727,'CAPACITY_ID',NULL,'38',108),(728,'PARENT_CONTAINER_ID',NULL,'7',108),(729,'NAME',NULL,'BJH_Box_27',108),(730,'POSITION_DIMENSION_ONE',NULL,'1',108),(731,'IDENTIFIER',NULL,'35',108),(732,'STORAGE_TYPE_ID',NULL,'3',108),(733,'POSITION_DIMENSION_TWO',NULL,'3',108),(734,'ACTIVITY_STATUS',NULL,'Active',108),(735,'TEMPERATURE',NULL,'-10.0',108),(736,'SITE_ID',NULL,'1',108),(737,'TWO_DIMENSION_CAPACITY',NULL,'5',109),(738,'IDENTIFIER',NULL,'38',109),(739,'ONE_DIMENSION_CAPACITY',NULL,'5',109),(740,'IDENTIFIER',NULL,'36',110),(741,'POSITION_DIMENSION_TWO',NULL,'1',110),(742,'NAME',NULL,'BJH_Box_28',110),(743,'PARENT_CONTAINER_ID',NULL,'7',110),(744,'CAPACITY_ID',NULL,'39',110),(745,'STORAGE_TYPE_ID',NULL,'3',110),(746,'ACTIVITY_STATUS',NULL,'Active',110),(747,'TEMPERATURE',NULL,'-10.0',110),(748,'POSITION_DIMENSION_ONE',NULL,'2',110),(749,'SITE_ID',NULL,'1',110),(750,'TWO_DIMENSION_CAPACITY',NULL,'5',111),(751,'ONE_DIMENSION_CAPACITY',NULL,'5',111),(752,'IDENTIFIER',NULL,'39',111),(753,'IDENTIFIER',NULL,'40',112),(754,'TWO_DIMENSION_CAPACITY',NULL,'5',112),(755,'ONE_DIMENSION_CAPACITY',NULL,'5',112),(756,'POSITION_DIMENSION_TWO',NULL,'2',113),(757,'PARENT_CONTAINER_ID',NULL,'7',113),(758,'CAPACITY_ID',NULL,'40',113),(759,'NAME',NULL,'BJH_Box_29',113),(760,'STORAGE_TYPE_ID',NULL,'3',113),(761,'IDENTIFIER',NULL,'37',113),(762,'ACTIVITY_STATUS',NULL,'Active',113),(763,'TEMPERATURE',NULL,'-10.0',113),(764,'POSITION_DIMENSION_ONE',NULL,'2',113),(765,'SITE_ID',NULL,'1',113),(766,'TWO_DIMENSION_CAPACITY',NULL,'5',114),(767,'IDENTIFIER',NULL,'41',114),(768,'ONE_DIMENSION_CAPACITY',NULL,'5',114),(769,'CAPACITY_ID',NULL,'41',115),(770,'IDENTIFIER',NULL,'38',115),(771,'NAME',NULL,'BJH_Box_30',115),(772,'PARENT_CONTAINER_ID',NULL,'7',115),(773,'STORAGE_TYPE_ID',NULL,'3',115),(774,'POSITION_DIMENSION_TWO',NULL,'3',115),(775,'ACTIVITY_STATUS',NULL,'Active',115),(776,'TEMPERATURE',NULL,'-10.0',115),(777,'POSITION_DIMENSION_ONE',NULL,'2',115),(778,'SITE_ID',NULL,'1',115),(779,'IDENTIFIER',NULL,'42',116),(780,'TWO_DIMENSION_CAPACITY',NULL,'5',116),(781,'ONE_DIMENSION_CAPACITY',NULL,'5',116),(782,'PARENT_CONTAINER_ID',NULL,'8',117),(783,'POSITION_DIMENSION_TWO',NULL,'1',117),(784,'POSITION_DIMENSION_ONE',NULL,'1',117),(785,'STORAGE_TYPE_ID',NULL,'3',117),(786,'ACTIVITY_STATUS',NULL,'Active',117),(787,'IDENTIFIER',NULL,'39',117),(788,'CAPACITY_ID',NULL,'42',117),(789,'TEMPERATURE',NULL,'-10.0',117),(790,'NAME',NULL,'BJH_Box_31',117),(791,'SITE_ID',NULL,'1',117),(792,'TWO_DIMENSION_CAPACITY',NULL,'5',118),(793,'ONE_DIMENSION_CAPACITY',NULL,'5',118),(794,'IDENTIFIER',NULL,'43',118),(795,'IDENTIFIER',NULL,'40',119),(796,'PARENT_CONTAINER_ID',NULL,'8',119),(797,'CAPACITY_ID',NULL,'43',119),(798,'POSITION_DIMENSION_TWO',NULL,'2',119),(799,'POSITION_DIMENSION_ONE',NULL,'1',119),(800,'STORAGE_TYPE_ID',NULL,'3',119),(801,'NAME',NULL,'BJH_Box_32',119),(802,'ACTIVITY_STATUS',NULL,'Active',119),(803,'TEMPERATURE',NULL,'-10.0',119),(804,'SITE_ID',NULL,'1',119),(805,'TWO_DIMENSION_CAPACITY',NULL,'5',120),(806,'IDENTIFIER',NULL,'44',120),(807,'ONE_DIMENSION_CAPACITY',NULL,'5',120),(808,'PARENT_CONTAINER_ID',NULL,'8',121),(809,'IDENTIFIER',NULL,'41',121),(810,'NAME',NULL,'BJH_Box_33',121),(811,'POSITION_DIMENSION_ONE',NULL,'1',121),(812,'STORAGE_TYPE_ID',NULL,'3',121),(813,'CAPACITY_ID',NULL,'44',121),(814,'POSITION_DIMENSION_TWO',NULL,'3',121),(815,'ACTIVITY_STATUS',NULL,'Active',121),(816,'TEMPERATURE',NULL,'-10.0',121),(817,'SITE_ID',NULL,'1',121),(818,'IDENTIFIER',NULL,'45',122),(819,'TWO_DIMENSION_CAPACITY',NULL,'5',122),(820,'ONE_DIMENSION_CAPACITY',NULL,'5',122),(821,'PARENT_CONTAINER_ID',NULL,'8',123),(822,'NAME',NULL,'BJH_Box_34',123),(823,'POSITION_DIMENSION_TWO',NULL,'1',123),(824,'IDENTIFIER',NULL,'42',123),(825,'CAPACITY_ID',NULL,'45',123),(826,'STORAGE_TYPE_ID',NULL,'3',123),(827,'ACTIVITY_STATUS',NULL,'Active',123),(828,'TEMPERATURE',NULL,'-10.0',123),(829,'POSITION_DIMENSION_ONE',NULL,'2',123),(830,'SITE_ID',NULL,'1',123),(831,'PARENT_CONTAINER_ID',NULL,'8',124),(832,'CAPACITY_ID',NULL,'46',124),(833,'POSITION_DIMENSION_TWO',NULL,'2',124),(834,'NAME',NULL,'BJH_Box_35',124),(835,'STORAGE_TYPE_ID',NULL,'3',124),(836,'ACTIVITY_STATUS',NULL,'Active',124),(837,'IDENTIFIER',NULL,'43',124),(838,'TEMPERATURE',NULL,'-10.0',124),(839,'POSITION_DIMENSION_ONE',NULL,'2',124),(840,'SITE_ID',NULL,'1',124),(841,'TWO_DIMENSION_CAPACITY',NULL,'5',125),(842,'IDENTIFIER',NULL,'46',125),(843,'ONE_DIMENSION_CAPACITY',NULL,'5',125),(844,'PARENT_CONTAINER_ID',NULL,'8',126),(845,'CAPACITY_ID',NULL,'47',126),(846,'NAME',NULL,'BJH_Box_36',126),(847,'IDENTIFIER',NULL,'44',126),(848,'STORAGE_TYPE_ID',NULL,'3',126),(849,'POSITION_DIMENSION_TWO',NULL,'3',126),(850,'ACTIVITY_STATUS',NULL,'Active',126),(851,'TEMPERATURE',NULL,'-10.0',126),(852,'POSITION_DIMENSION_ONE',NULL,'2',126),(853,'SITE_ID',NULL,'1',126),(854,'IDENTIFIER',NULL,'47',127),(855,'TWO_DIMENSION_CAPACITY',NULL,'5',127),(856,'ONE_DIMENSION_CAPACITY',NULL,'5',127),(857,'ONE_DIMENSION_CAPACITY',NULL,'12',128),(858,'TWO_DIMENSION_CAPACITY',NULL,'8',128),(859,'IDENTIFIER',NULL,'48',128),(860,'IDENTIFIER',NULL,'6',129),(861,'COMMENTS',NULL,'',129),(862,'SPECIMEN_CLASS',NULL,'Molecular',129),(863,'CAPACITY_ID',NULL,'48',129),(864,'ACTIVITY_STATUS',NULL,'Active',129),(865,'NAME',NULL,'Molecular_SAT',129),(866,'CAPACITY_ID',NULL,'49',130),(867,'COMMENTS',NULL,'',130),(868,'NAME',NULL,'Tissue_SAT',130),(869,'SPECIMEN_CLASS',NULL,'Tissue',130),(870,'IDENTIFIER',NULL,'7',130),(871,'ACTIVITY_STATUS',NULL,'Active',130),(872,'IDENTIFIER',NULL,'49',131),(873,'TWO_DIMENSION_CAPACITY',NULL,'3',131),(874,'ONE_DIMENSION_CAPACITY',NULL,'4',131),(875,'IDENTIFIER',NULL,'4',132),(876,'PATHOLOGY_STATUS',NULL,'Not Specified',132),(877,'TISSUE_SITE',NULL,'Not Specified',132),(878,'SPECIMEN_CLASS',NULL,'Tissue',132),(879,'QUANTITY_ID',NULL,'4',132),(880,'SPECIMEN_TYPE',NULL,'Fixed Tissue Block',132),(881,'DESCRIPTION_URL',NULL,'',133),(882,'IDENTIFIER',NULL,'4',133),(883,'START_DATE',NULL,'Fri Aug 15 00:00:00 GMT+05:30 1975',133),(884,'IRB_IDENTIFIER',NULL,'1111',133),(885,'PRINCIPAL_INVESTIGATOR_ID',NULL,'6',133),(886,'SHORT_TITLE',NULL,'Generic Distribution Protocol',133),(887,'TITLE',NULL,'Generic Distribution Protocol',133),(888,'ACTIVITY_STATUS',NULL,'Active',133),(889,'PATHOLOGY_STATUS',NULL,'Not Specified',134),(890,'QUANTITY_ID',NULL,'5',134),(891,'IDENTIFIER',NULL,'5',134),(892,'TISSUE_SITE',NULL,'Not Specified',134),(893,'SPECIMEN_CLASS',NULL,'Tissue',134),(894,'SPECIMEN_TYPE',NULL,'Fixed Tissue Block',134),(895,'DESCRIPTION_URL',NULL,'',135),(896,'PRINCIPAL_INVESTIGATOR_ID',NULL,'7',135),(897,'START_DATE',NULL,'Fri Aug 15 00:00:00 GMT+05:30 1975',135),(898,'IDENTIFIER',NULL,'5',135),(899,'IRB_IDENTIFIER',NULL,'1111',135),(900,'SHORT_TITLE',NULL,'Cancer Study Distribution Protocol',135),(901,'TITLE',NULL,'Cancer Study Distribution Protocol',135),(902,'ACTIVITY_STATUS',NULL,'Active',135),(903,'IDENTIFIER',NULL,'1',136),(904,'BIRTH_DATE',NULL,'Fri Sep 20 00:00:00 GMT+05:30 1968',136),(905,'LAST_NAME',NULL,'Nash',136),(906,'VITAL_STATUS',NULL,'Alive',136),(907,'FIRST_NAME',NULL,'Linda',136),(908,'ETHNICITY',NULL,'Not Hispanic or Latino',136),(909,'GENDER',NULL,'Female',136),(910,'SOCIAL_SECURITY_NUMBER',NULL,'222-22-2222',136),(911,'GENOTYPE',NULL,'Penta X Syndrome',136),(912,'ACTIVITY_STATUS',NULL,'Active',136),(913,'MIDDLE_NAME',NULL,'Stephen',136),(914,'IDENTIFIER',NULL,'1',137),(915,'MEDICAL_RECORD_NUMBER',NULL,'1111',137),(916,'PARTICIPANT_ID',NULL,'1',137),(917,'SITE_ID',NULL,'1',137),(918,'GENOTYPE',NULL,'XX',138),(919,'ETHNICITY',NULL,'Hispanic or Latino',138),(920,'MIDDLE_NAME',NULL,'Nichol',138),(921,'VITAL_STATUS',NULL,'Alive',138),(922,'SOCIAL_SECURITY_NUMBER',NULL,'111-11-1111',138),(923,'FIRST_NAME',NULL,'John',138),(924,'IDENTIFIER',NULL,'2',138),(925,'GENDER',NULL,'Male',138),(926,'LAST_NAME',NULL,'Smith',138),(927,'ACTIVITY_STATUS',NULL,'Active',138),(928,'BIRTH_DATE',NULL,'Fri Aug 15 00:00:00 GMT+05:30 1975',138),(929,'PARTICIPANT_ID',NULL,'2',139),(930,'IDENTIFIER',NULL,'2',139),(931,'IDENTIFIER',NULL,'3',140),(932,'PARTICIPANT_ID',NULL,'3',140),(933,'SOCIAL_SECURITY_NUMBER',NULL,'333-33-3333',141),(934,'BIRTH_DATE',NULL,'Sat Apr 11 00:00:00 GMT+05:30 1959',141),(935,'IDENTIFIER',NULL,'3',141),(936,'LAST_NAME',NULL,'Williams',141),(937,'GENDER',NULL,'Unknown',141),(938,'GENOTYPE',NULL,'XXX',141),(939,'MIDDLE_NAME',NULL,'Shane',141),(940,'ETHNICITY',NULL,'Unknown',141),(941,'ACTIVITY_STATUS',NULL,'Active',141),(942,'VITAL_STATUS',NULL,'Unknown',141),(943,'FIRST_NAME',NULL,'Cruise',141),(944,'ETHNICITY',NULL,'Not Reported',142),(945,'BIRTH_DATE',NULL,'Sat Apr 11 00:00:00 GMT+05:30 1959',142),(946,'IDENTIFIER',NULL,'4',142),(947,'SOCIAL_SECURITY_NUMBER',NULL,'444-44-4444',142),(948,'VITAL_STATUS',NULL,'Dead',142),(949,'FIRST_NAME',NULL,'Peter',142),(950,'MIDDLE_NAME',NULL,'Rorger',142),(951,'LAST_NAME',NULL,'McConnel',142),(952,'GENOTYPE',NULL,'XY',142),(953,'GENDER',NULL,'Unspecified',142),(954,'ACTIVITY_STATUS',NULL,'Active',142),(955,'IDENTIFIER',NULL,'4',143),(956,'PARTICIPANT_ID',NULL,'4',143),(957,'PARTICIPANT_ID',NULL,'5',144),(958,'IDENTIFIER',NULL,'5',144),(959,'BIRTH_DATE',NULL,'Tue Sep 29 00:00:00 GMT+05:30 1981',145),(960,'MIDDLE_NAME',NULL,'Neal',145),(961,'ETHNICITY',NULL,'Hispanic or Latino',145),(962,'LAST_NAME',NULL,'Stephen',145),(963,'IDENTIFIER',NULL,'5',145),(964,'VITAL_STATUS',NULL,'Alive',145),(965,'SOCIAL_SECURITY_NUMBER',NULL,'555-55-5555',145),(966,'GENOTYPE',NULL,'XY',145),(967,'GENDER',NULL,'Male',145),(968,'FIRST_NAME',NULL,'Ricky',145),(969,'ACTIVITY_STATUS',NULL,'Active',145),(970,'IDENTIFIER',NULL,'1',146),(971,'REGISTRATION_DATE',NULL,'Sun Aug 15 00:00:00 GMT+05:30 1999',146),(972,'COLLECTION_PROTOCOL_ID',NULL,'3',146),(973,'PROTOCOL_PARTICIPANT_ID',NULL,'',146),(974,'PARTICIPANT_ID',NULL,'1',146),(975,'ACTIVITY_STATUS',NULL,'Active',146),(976,'COLLECTION_PROTOCOL_ID',NULL,'2',147),(977,'REGISTRATION_DATE',NULL,'Sun Aug 15 00:00:00 GMT+05:30 1999',147),(978,'PARTICIPANT_ID',NULL,'2',147),(979,'IDENTIFIER',NULL,'2',147),(980,'PROTOCOL_PARTICIPANT_ID',NULL,'',147),(981,'ACTIVITY_STATUS',NULL,'Active',147),(982,'COLLECTION_PROTOCOL_ID',NULL,'2',148),(983,'IDENTIFIER',NULL,'3',148),(984,'REGISTRATION_DATE',NULL,'Sun Aug 15 00:00:00 GMT+05:30 1999',148),(985,'PROTOCOL_PARTICIPANT_ID',NULL,'',148),(986,'PARTICIPANT_ID',NULL,'1',148),(987,'ACTIVITY_STATUS',NULL,'Active',148),(988,'IDENTIFIER',NULL,'4',149),(989,'PARTICIPANT_ID',NULL,'3',149),(990,'REGISTRATION_DATE',NULL,'Sun Aug 15 00:00:00 GMT+05:30 1999',149),(991,'COLLECTION_PROTOCOL_ID',NULL,'3',149),(992,'PROTOCOL_PARTICIPANT_ID',NULL,'',149),(993,'ACTIVITY_STATUS',NULL,'Active',149),(994,'CONSENT_WITNESS',NULL,'9',150),(995,'CONSENT_DOC_URL',NULL,'E:\\sitename\\collectionProtocol_participant1.pdf',150),(996,'REGISTRATION_DATE',NULL,'Sun Aug 15 00:00:00 GMT+05:30 1999',150),(997,'IDENTIFIER',NULL,'5',150),(998,'CONSENT_SIGN_DATE',NULL,'Tue Feb 21 00:00:00 GMT+05:30 2006',150),(999,'COLLECTION_PROTOCOL_ID',NULL,'1',150),(1000,'PARTICIPANT_ID',NULL,'4',150),(1001,'PROTOCOL_PARTICIPANT_ID',NULL,'',150),(1002,'ACTIVITY_STATUS',NULL,'Active',150),(1003,'IDENTIFIER',NULL,'1',151),(1004,'SURGICAL_PATHOLOGICAL_NUMBER',NULL,'',151),(1005,'IDENTIFIER',NULL,'1',152),(1006,'COLLECTION_PROTOCOL_REG_ID',NULL,'1',152),(1007,'CLINICAL_DIAGNOSIS',NULL,'Abdominal fibromatosis',152),(1008,'NAME',NULL,'scg1',152),(1009,'COLLECTION_PROTOCOL_EVENT_ID',NULL,'3',152),(1010,'ACTIVITY_STATUS',NULL,'Active',152),(1011,'CLINICAL_STATUS',NULL,'Operative',152),(1012,'SITE_ID',NULL,'1',152),(1013,'IDENTIFIER',NULL,'2',153),(1014,'COLLECTION_PROTOCOL_REG_ID',NULL,'2',153),(1015,'COLLECTION_PROTOCOL_EVENT_ID',NULL,'2',153),(1016,'CLINICAL_STATUS',NULL,'New Diagnosis',153),(1017,'CLINICAL_DIAGNOSIS',NULL,'Not Specified',153),(1018,'ACTIVITY_STATUS',NULL,'Active',153),(1019,'NAME',NULL,'scg2',153),(1020,'SITE_ID',NULL,'1',153),(1021,'IDENTIFIER',NULL,'2',154),(1022,'SURGICAL_PATHOLOGICAL_NUMBER',NULL,'',154),(1023,'CLINICAL_DIAGNOSIS',NULL,'Papillary adenocarcinoma, NOS',155),(1024,'IDENTIFIER',NULL,'3',155),(1025,'NAME',NULL,'scg3',155),(1026,'COLLECTION_PROTOCOL_REG_ID',NULL,'3',155),(1027,'COLLECTION_PROTOCOL_EVENT_ID',NULL,'2',155),(1028,'CLINICAL_STATUS',NULL,'New Diagnosis',155),(1029,'ACTIVITY_STATUS',NULL,'Active',155),(1030,'SITE_ID',NULL,'1',155),(1031,'IDENTIFIER',NULL,'3',156),(1032,'SURGICAL_PATHOLOGICAL_NUMBER',NULL,'',156),(1033,'IDENTIFIER',NULL,'4',157),(1034,'CLINICAL_DIAGNOSIS',NULL,'Pacinian tumor',157),(1035,'COLLECTION_PROTOCOL_REG_ID',NULL,'4',157),(1036,'COLLECTION_PROTOCOL_EVENT_ID',NULL,'3',157),(1037,'CLINICAL_STATUS',NULL,'New Diagnosis',157),(1038,'ACTIVITY_STATUS',NULL,'Active',157),(1039,'NAME',NULL,'scg4',157),(1040,'SITE_ID',NULL,'1',157),(1041,'IDENTIFIER',NULL,'4',158),(1042,'SURGICAL_PATHOLOGICAL_NUMBER',NULL,'',158),(1043,'IDENTIFIER',NULL,'5',159),(1044,'NAME',NULL,'scg5',159),(1045,'COLLECTION_PROTOCOL_EVENT_ID',NULL,'1',159),(1046,'CLINICAL_DIAGNOSIS',NULL,'Neuroendocrine carcinoma',159),(1047,'COLLECTION_PROTOCOL_REG_ID',NULL,'5',159),(1048,'CLINICAL_STATUS',NULL,'New Diagnosis',159),(1049,'ACTIVITY_STATUS',NULL,'Active',159),(1050,'SITE_ID',NULL,'1',159),(1051,'IDENTIFIER',NULL,'5',160),(1052,'SURGICAL_PATHOLOGICAL_NUMBER',NULL,'',160),(1053,'IDENTIFIER',NULL,'1',161),(1054,'TISSUE_SITE',NULL,'Placenta',161),(1055,'TISSUE_SIDE',NULL,'Left',161),(1056,'IDENTIFIER',NULL,'1',162),(1057,'PATHOLOGICAL_STATUS',NULL,'Malignant',162),(1058,'LABEL',NULL,'Sp1',162),(1059,'TYPE',NULL,'Fixed Tissue',162),(1060,'AVAILABLE',NULL,'true',162),(1061,'COMMENTS',NULL,'',162),(1062,'BARCODE',NULL,'Sp1',162),(1063,'SPECIMEN_COLLECTION_GROUP_ID',NULL,'1',162),(1064,'SPECIMEN_CHARACTERISTICS_ID',NULL,'1',162),(1065,'LINEAGE',NULL,'New',162),(1066,'ACTIVITY_STATUS',NULL,'Active',162),(1067,'IDENTIFIER',NULL,'2',163),(1068,'TISSUE_SITE',NULL,'Placenta',163),(1069,'TISSUE_SIDE',NULL,'Left',163),(1070,'SPECIMEN_CHARACTERISTICS_ID',NULL,'2',164),(1071,'TYPE',NULL,'Microdissected',164),(1072,'LABEL',NULL,'Sp2',164),(1073,'AVAILABLE',NULL,'true',164),(1074,'COMMENTS',NULL,'',164),(1075,'SPECIMEN_COLLECTION_GROUP_ID',NULL,'1',164),(1076,'IDENTIFIER',NULL,'2',164),(1077,'BARCODE',NULL,'Sp2',164),(1078,'LINEAGE',NULL,'New',164),(1079,'ACTIVITY_STATUS',NULL,'Active',164),(1080,'PATHOLOGICAL_STATUS',NULL,'Not Specified',164),(1081,'IDENTIFIER',NULL,'3',165),(1082,'TISSUE_SITE',NULL,'Placenta',165),(1083,'TISSUE_SIDE',NULL,'Left',165),(1084,'IDENTIFIER',NULL,'3',166),(1085,'BARCODE',NULL,'Sp3',166),(1086,'PATHOLOGICAL_STATUS',NULL,'Malignant, Invasive',166),(1087,'SPECIMEN_CHARACTERISTICS_ID',NULL,'3',166),(1088,'AVAILABLE',NULL,'true',166),(1089,'TYPE',NULL,'Fresh Tissue',166),(1090,'COMMENTS',NULL,'',166),(1091,'SPECIMEN_COLLECTION_GROUP_ID',NULL,'1',166),(1092,'LABEL',NULL,'Sp3',166),(1093,'LINEAGE',NULL,'New',166),(1094,'ACTIVITY_STATUS',NULL,'Active',166),(1095,'IDENTIFIER',NULL,'4',167),(1096,'TISSUE_SITE',NULL,'Placenta',167),(1097,'TISSUE_SIDE',NULL,'Left',167),(1098,'IDENTIFIER',NULL,'4',168),(1099,'LABEL',NULL,'Sp4',168),(1100,'AVAILABLE',NULL,'true',168),(1101,'COMMENTS',NULL,'',168),(1102,'TYPE',NULL,'Cryopreserved Cells',168),(1103,'SPECIMEN_COLLECTION_GROUP_ID',NULL,'1',168),(1104,'BARCODE',NULL,'Sp4',168),(1105,'SPECIMEN_CHARACTERISTICS_ID',NULL,'4',168),(1106,'LINEAGE',NULL,'New',168),(1107,'ACTIVITY_STATUS',NULL,'Active',168),(1108,'PATHOLOGICAL_STATUS',NULL,'Not Specified',168),(1109,'BARCODE',NULL,'Sp5',169),(1110,'PATHOLOGICAL_STATUS',NULL,'Malignant',169),(1111,'TYPE',NULL,'Fixed Tissue',169),(1112,'AVAILABLE',NULL,'true',169),(1113,'IDENTIFIER',NULL,'5',169),(1114,'COMMENTS',NULL,'',169),(1115,'LABEL',NULL,'Sp5',169),(1116,'SPECIMEN_CHARACTERISTICS_ID',NULL,'5',169),(1117,'LINEAGE',NULL,'New',169),(1118,'ACTIVITY_STATUS',NULL,'Active',169),(1119,'SPECIMEN_COLLECTION_GROUP_ID',NULL,'5',169),(1120,'IDENTIFIER',NULL,'5',170),(1121,'TISSUE_SITE',NULL,'Placenta',170),(1122,'TISSUE_SIDE',NULL,'Left',170),(1123,'BARCODE',NULL,'Sp6',171),(1124,'TYPE',NULL,'Microdissected',171),(1125,'IDENTIFIER',NULL,'6',171),(1126,'LABEL',NULL,'Sp6',171),(1127,'AVAILABLE',NULL,'true',171),(1128,'SPECIMEN_CHARACTERISTICS_ID',NULL,'6',171),(1129,'COMMENTS',NULL,'',171),(1130,'LINEAGE',NULL,'New',171),(1131,'ACTIVITY_STATUS',NULL,'Active',171),(1132,'PATHOLOGICAL_STATUS',NULL,'Not Specified',171),(1133,'SPECIMEN_COLLECTION_GROUP_ID',NULL,'5',171),(1134,'IDENTIFIER',NULL,'6',172),(1135,'TISSUE_SITE',NULL,'Placenta',172),(1136,'TISSUE_SIDE',NULL,'Left',172),(1137,'TISSUE_SITE',NULL,'Placenta',173),(1138,'IDENTIFIER',NULL,'7',173),(1139,'TISSUE_SIDE',NULL,'Left',173),(1140,'PATHOLOGICAL_STATUS',NULL,'Malignant, Invasive',174),(1141,'AVAILABLE',NULL,'true',174),(1142,'TYPE',NULL,'Fresh Tissue',174),(1143,'COMMENTS',NULL,'',174),(1144,'BARCODE',NULL,'Sp7',174),(1145,'SPECIMEN_CHARACTERISTICS_ID',NULL,'7',174),(1146,'IDENTIFIER',NULL,'7',174),(1147,'LINEAGE',NULL,'New',174),(1148,'LABEL',NULL,'Sp7',174),(1149,'ACTIVITY_STATUS',NULL,'Active',174),(1150,'SPECIMEN_COLLECTION_GROUP_ID',NULL,'5',174),(1151,'TISSUE_SITE',NULL,'Placenta',175),(1152,'IDENTIFIER',NULL,'8',175),(1153,'TISSUE_SIDE',NULL,'Left',175),(1154,'BARCODE',NULL,'Sp8',176),(1155,'AVAILABLE',NULL,'true',176),(1156,'COMMENTS',NULL,'',176),(1157,'TYPE',NULL,'Cryopreserved Cells',176),(1158,'LABEL',NULL,'Sp8',176),(1159,'SPECIMEN_CHARACTERISTICS_ID',NULL,'8',176),(1160,'LINEAGE',NULL,'New',176),(1161,'ACTIVITY_STATUS',NULL,'Active',176),(1162,'IDENTIFIER',NULL,'8',176),(1163,'PATHOLOGICAL_STATUS',NULL,'Not Specified',176),(1164,'SPECIMEN_COLLECTION_GROUP_ID',NULL,'5',176),(1165,'PARENT_SPECIMEN_ID',NULL,'1',177),(1166,'LINEAGE',NULL,'Derived',177),(1167,'PATHOLOGICAL_STATUS',NULL,'Malignant',177),(1168,'SPECIMEN_CHARACTERISTICS_ID',NULL,'9',177),(1169,'AVAILABLE',NULL,'true',177),(1170,'COMMENTS',NULL,'',177),(1171,'IDENTIFIER',NULL,'9',177),(1172,'SPECIMEN_COLLECTION_GROUP_ID',NULL,'1',177),(1173,'TYPE',NULL,'Serum',177),(1174,'ACTIVITY_STATUS',NULL,'Active',177),(1175,'LABEL',NULL,'Sp1_Sp1',177),(1176,'BARCODE',NULL,'Sp1_Sp1',177),(1177,'IDENTIFIER',NULL,'9',178),(1178,'TISSUE_SITE',NULL,'Placenta',178),(1179,'TISSUE_SIDE',NULL,'Left',178),(1180,'IDENTIFIER',NULL,'10',179),(1181,'TISSUE_SITE',NULL,'Placenta',179),(1182,'TISSUE_SIDE',NULL,'Left',179),(1183,'IDENTIFIER',NULL,'10',180),(1184,'LINEAGE',NULL,'Derived',180),(1185,'TYPE',NULL,'cDNA',180),(1186,'BARCODE',NULL,'Sp2_Sp1',180),(1187,'AVAILABLE',NULL,'true',180),(1188,'COMMENTS',NULL,'',180),(1189,'LABEL',NULL,'Sp2_Sp1',180),(1190,'SPECIMEN_COLLECTION_GROUP_ID',NULL,'1',180),(1191,'PARENT_SPECIMEN_ID',NULL,'2',180),(1192,'SPECIMEN_CHARACTERISTICS_ID',NULL,'10',180),(1193,'ACTIVITY_STATUS',NULL,'Active',180),(1194,'PATHOLOGICAL_STATUS',NULL,'Not Specified',180),(1195,'IDENTIFIER',NULL,'11',181),(1196,'TISSUE_SITE',NULL,'Placenta',181),(1197,'TISSUE_SIDE',NULL,'Left',181),(1198,'LINEAGE',NULL,'Derived',182),(1199,'LABEL',NULL,'Sp2_Sp2',182),(1200,'TYPE',NULL,'DNA',182),(1201,'PATHOLOGICAL_STATUS',NULL,'Malignant, Invasive',182),(1202,'AVAILABLE',NULL,'true',182),(1203,'COMMENTS',NULL,'',182),(1204,'IDENTIFIER',NULL,'11',182),(1205,'SPECIMEN_COLLECTION_GROUP_ID',NULL,'1',182),(1206,'PARENT_SPECIMEN_ID',NULL,'2',182),(1207,'SPECIMEN_CHARACTERISTICS_ID',NULL,'11',182),(1208,'ACTIVITY_STATUS',NULL,'Active',182),(1209,'BARCODE',NULL,'Sp2_Sp2',182),(1210,'TISSUE_SITE',NULL,'Placenta',183),(1211,'TISSUE_SIDE',NULL,'Left',183),(1212,'IDENTIFIER',NULL,'12',183),(1213,'LINEAGE',NULL,'Derived',184),(1214,'TYPE',NULL,'DNA',184),(1215,'SPECIMEN_CHARACTERISTICS_ID',NULL,'12',184),(1216,'PARENT_SPECIMEN_ID',NULL,'3',184),(1217,'AVAILABLE',NULL,'true',184),(1218,'COMMENTS',NULL,'',184),(1219,'LABEL',NULL,'Sp3_Sp1',184),(1220,'SPECIMEN_COLLECTION_GROUP_ID',NULL,'1',184),(1221,'BARCODE',NULL,'Sp3_Sp1',184),(1222,'ACTIVITY_STATUS',NULL,'Active',184),(1223,'PATHOLOGICAL_STATUS',NULL,'Not Specified',184),(1224,'IDENTIFIER',NULL,'12',184),(1225,'IDENTIFIER',NULL,'13',185),(1226,'TISSUE_SITE',NULL,'Placenta',185),(1227,'TISSUE_SIDE',NULL,'Left',185),(1228,'LINEAGE',NULL,'Derived',186),(1229,'LABEL',NULL,'Sp3_Sp2',186),(1230,'SPECIMEN_CHARACTERISTICS_ID',NULL,'13',186),(1231,'TYPE',NULL,'protein',186),(1232,'IDENTIFIER',NULL,'13',186),(1233,'PARENT_SPECIMEN_ID',NULL,'3',186),(1234,'BARCODE',NULL,'Sp3_Sp2',186),(1235,'AVAILABLE',NULL,'true',186),(1236,'COMMENTS',NULL,'',186),(1237,'SPECIMEN_COLLECTION_GROUP_ID',NULL,'1',186),(1238,'ACTIVITY_STATUS',NULL,'Active',186),(1239,'PATHOLOGICAL_STATUS',NULL,'Not Specified',186),(1240,'LINEAGE',NULL,'Derived',187),(1241,'LABEL',NULL,'Sp3_Sp3',187),(1242,'PARENT_SPECIMEN_ID',NULL,'3',187),(1243,'AVAILABLE',NULL,'true',187),(1244,'COMMENTS',NULL,'',187),(1245,'SPECIMEN_CHARACTERISTICS_ID',NULL,'14',187),(1246,'SPECIMEN_COLLECTION_GROUP_ID',NULL,'1',187),(1247,'BARCODE',NULL,'Sp3_Sp3',187),(1248,'ACTIVITY_STATUS',NULL,'Active',187),(1249,'TYPE',NULL,'RNA',187),(1250,'PATHOLOGICAL_STATUS',NULL,'Not Specified',187),(1251,'IDENTIFIER',NULL,'14',187),(1252,'TISSUE_SITE',NULL,'Placenta',188),(1253,'TISSUE_SIDE',NULL,'Left',188),(1254,'IDENTIFIER',NULL,'14',188),(1255,'IDENTIFIER',NULL,'15',189),(1256,'TISSUE_SITE',NULL,'Placenta',189),(1257,'TISSUE_SIDE',NULL,'Left',189),(1258,'LINEAGE',NULL,'Derived',190),(1259,'IDENTIFIER',NULL,'15',190),(1260,'BARCODE',NULL,'Sp4_Sp1',190),(1261,'PARENT_SPECIMEN_ID',NULL,'4',190),(1262,'AVAILABLE',NULL,'true',190),(1263,'LABEL',NULL,'Sp4_Sp1',190),(1264,'SPECIMEN_CHARACTERISTICS_ID',NULL,'15',190),(1265,'COMMENTS',NULL,'',190),(1266,'TYPE',NULL,'Cryopreserved Cells',190),(1267,'SPECIMEN_COLLECTION_GROUP_ID',NULL,'1',190),(1268,'ACTIVITY_STATUS',NULL,'Active',190),(1269,'PATHOLOGICAL_STATUS',NULL,'Not Specified',190),(1270,'LINEAGE',NULL,'Derived',191),(1271,'TYPE',NULL,'DNA',191),(1272,'PATHOLOGICAL_STATUS',NULL,'Malignant, Invasive',191),(1273,'LABEL',NULL,'Sp3_Sp1_Sp1',191),(1274,'AVAILABLE',NULL,'true',191),(1275,'COMMENTS',NULL,'',191),(1276,'SPECIMEN_COLLECTION_GROUP_ID',NULL,'1',191),(1277,'BARCODE',NULL,'Sp3_Sp1_Sp1',191),(1278,'IDENTIFIER',NULL,'16',191),(1279,'ACTIVITY_STATUS',NULL,'Active',191),(1280,'PARENT_SPECIMEN_ID',NULL,'12',191),(1281,'SPECIMEN_CHARACTERISTICS_ID',NULL,'16',191),(1282,'IDENTIFIER',NULL,'16',192),(1283,'TISSUE_SITE',NULL,'Placenta',192),(1284,'TISSUE_SIDE',NULL,'Left',192),(1285,'IDENTIFIER',NULL,'1',193),(1286,'REQUESTED_DATE',NULL,'Mon Apr 02 00:00:00 GMT+05:30 1984',193),(1287,'NAME',NULL,'Request1 ',193),(1288,'COMMENTS',NULL,'Comment',193),(1289,'DISTRIBUTION_PROTOCOL_ID',NULL,'4',193),(1290,'STATUS',NULL,'New',193),(1291,'REQUESTED_DATE',NULL,'Wed May 02 00:00:00 GMT+05:30 1984',194),(1292,'STATUS',NULL,'Pending',194),(1293,'IDENTIFIER',NULL,'2',194),(1294,'DISTRIBUTION_PROTOCOL_ID',NULL,'4',194),(1295,'COMMENTS',NULL,'UpdatedComment',194),(1296,'NAME',NULL,'Updated Request Name',194);
UNLOCK TABLES;
/*!40000 ALTER TABLE `catissue_audit_event_details` ENABLE KEYS */;

--
-- Table structure for table `catissue_audit_event_log`
--

DROP TABLE IF EXISTS `catissue_audit_event_log`;
CREATE TABLE `catissue_audit_event_log` (
  `IDENTIFIER` bigint(20) NOT NULL auto_increment,
  `OBJECT_IDENTIFIER` bigint(20) default NULL,
  `OBJECT_NAME` varchar(50) default NULL,
  `EVENT_TYPE` varchar(50) default NULL,
  `AUDIT_EVENT_ID` bigint(20) default NULL,
  PRIMARY KEY  (`IDENTIFIER`),
  KEY `FK8BB672DF77F0B904` (`AUDIT_EVENT_ID`),
  CONSTRAINT `FK8BB672DF77F0B904` FOREIGN KEY (`AUDIT_EVENT_ID`) REFERENCES `catissue_audit_event` (`IDENTIFIER`)
) ENGINE=InnoDB DEFAULT CHARSET=latin1;

--
-- Dumping data for table `catissue_audit_event_log`
--


/*!40000 ALTER TABLE `catissue_audit_event_log` DISABLE KEYS */;
LOCK TABLES `catissue_audit_event_log` WRITE;
INSERT INTO `catissue_audit_event_log` VALUES (1,2,'CATISSUE_INSTITUTION','INSERT',1),(2,2,'CATISSUE_DEPARTMENT','INSERT',2),(3,2,'CATISSUE_CANCER_RESEARCH_GROUP','INSERT',3),(4,1,'CATISSUE_BIOHAZARD','INSERT',4),(5,2,'CATISSUE_ADDRESS','INSERT',5),(6,2,'CATISSUE_USER','INSERT',5),(7,3,'CATISSUE_USER','INSERT',6),(8,3,'CATISSUE_ADDRESS','INSERT',6),(9,4,'CATISSUE_ADDRESS','INSERT',7),(10,4,'CATISSUE_USER','INSERT',7),(11,5,'CATISSUE_ADDRESS','INSERT',8),(12,5,'CATISSUE_USER','INSERT',8),(13,6,'CATISSUE_USER','INSERT',9),(14,6,'CATISSUE_ADDRESS','INSERT',9),(15,7,'CATISSUE_USER','INSERT',10),(16,7,'CATISSUE_ADDRESS','INSERT',10),(17,8,'CATISSUE_USER','INSERT',11),(18,8,'CATISSUE_ADDRESS','INSERT',11),(19,9,'CATISSUE_ADDRESS','INSERT',12),(20,9,'CATISSUE_USER','INSERT',12),(21,1,'CATISSUE_SITE','INSERT',13),(22,10,'CATISSUE_ADDRESS','INSERT',13),(23,11,'CATISSUE_ADDRESS','INSERT',14),(24,2,'CATISSUE_SITE','INSERT',14),(25,1,'CATISSUE_CAPACITY','INSERT',15),(26,3,'CATISSUE_STORAGE_TYPE','INSERT',15),(27,4,'CATISSUE_STORAGE_TYPE','INSERT',16),(28,2,'CATISSUE_CAPACITY','INSERT',16),(29,5,'CATISSUE_STORAGE_TYPE','INSERT',17),(30,3,'CATISSUE_CAPACITY','INSERT',17),(31,1,'CATISSUE_SPECIMEN_REQUIREMENT','INSERT',18),(32,1,'CATISSUE_COLL_PROT_EVENT','INSERT',18),(33,1,'CATISSUE_COLLECTION_PROTOCOL','INSERT',18),(34,2,'CATISSUE_COLLECTION_PROTOCOL','INSERT',19),(35,2,'CATISSUE_SPECIMEN_REQUIREMENT','INSERT',19),(36,2,'CATISSUE_COLL_PROT_EVENT','INSERT',19),(37,3,'CATISSUE_SPECIMEN_REQUIREMENT','INSERT',20),(38,3,'CATISSUE_COLL_PROT_EVENT','INSERT',20),(39,3,'CATISSUE_COLLECTION_PROTOCOL','INSERT',20),(40,1,'CATISSUE_STORAGE_CONTAINER','INSERT',21),(41,4,'CATISSUE_CAPACITY','INSERT',21),(42,5,'CATISSUE_CAPACITY','INSERT',22),(43,2,'CATISSUE_STORAGE_CONTAINER','INSERT',22),(44,3,'CATISSUE_STORAGE_CONTAINER','INSERT',23),(45,6,'CATISSUE_CAPACITY','INSERT',23),(46,4,'CATISSUE_STORAGE_CONTAINER','INSERT',24),(47,7,'CATISSUE_CAPACITY','INSERT',24),(48,5,'CATISSUE_STORAGE_CONTAINER','INSERT',25),(49,8,'CATISSUE_CAPACITY','INSERT',25),(50,9,'CATISSUE_CAPACITY','INSERT',26),(51,6,'CATISSUE_STORAGE_CONTAINER','INSERT',26),(52,7,'CATISSUE_STORAGE_CONTAINER','INSERT',27),(53,10,'CATISSUE_CAPACITY','INSERT',27),(54,8,'CATISSUE_STORAGE_CONTAINER','INSERT',28),(55,11,'CATISSUE_CAPACITY','INSERT',28),(56,9,'CATISSUE_STORAGE_CONTAINER','INSERT',29),(57,12,'CATISSUE_CAPACITY','INSERT',29),(58,13,'CATISSUE_CAPACITY','INSERT',30),(59,10,'CATISSUE_STORAGE_CONTAINER','INSERT',30),(60,11,'CATISSUE_STORAGE_CONTAINER','INSERT',31),(61,14,'CATISSUE_CAPACITY','INSERT',31),(62,15,'CATISSUE_CAPACITY','INSERT',32),(63,12,'CATISSUE_STORAGE_CONTAINER','INSERT',32),(64,16,'CATISSUE_CAPACITY','INSERT',33),(65,13,'CATISSUE_STORAGE_CONTAINER','INSERT',33),(66,17,'CATISSUE_CAPACITY','INSERT',34),(67,14,'CATISSUE_STORAGE_CONTAINER','INSERT',34),(68,15,'CATISSUE_STORAGE_CONTAINER','INSERT',35),(69,18,'CATISSUE_CAPACITY','INSERT',35),(70,16,'CATISSUE_STORAGE_CONTAINER','INSERT',36),(71,19,'CATISSUE_CAPACITY','INSERT',36),(72,17,'CATISSUE_STORAGE_CONTAINER','INSERT',37),(73,20,'CATISSUE_CAPACITY','INSERT',37),(74,21,'CATISSUE_CAPACITY','INSERT',38),(75,18,'CATISSUE_STORAGE_CONTAINER','INSERT',38),(76,22,'CATISSUE_CAPACITY','INSERT',39),(77,19,'CATISSUE_STORAGE_CONTAINER','INSERT',39),(78,20,'CATISSUE_STORAGE_CONTAINER','INSERT',40),(79,23,'CATISSUE_CAPACITY','INSERT',40),(80,24,'CATISSUE_CAPACITY','INSERT',41),(81,21,'CATISSUE_STORAGE_CONTAINER','INSERT',41),(82,22,'CATISSUE_STORAGE_CONTAINER','INSERT',42),(83,25,'CATISSUE_CAPACITY','INSERT',42),(84,26,'CATISSUE_CAPACITY','INSERT',43),(85,23,'CATISSUE_STORAGE_CONTAINER','INSERT',43),(86,27,'CATISSUE_CAPACITY','INSERT',44),(87,24,'CATISSUE_STORAGE_CONTAINER','INSERT',44),(88,25,'CATISSUE_STORAGE_CONTAINER','INSERT',45),(89,28,'CATISSUE_CAPACITY','INSERT',45),(90,26,'CATISSUE_STORAGE_CONTAINER','INSERT',46),(91,29,'CATISSUE_CAPACITY','INSERT',46),(92,30,'CATISSUE_CAPACITY','INSERT',47),(93,27,'CATISSUE_STORAGE_CONTAINER','INSERT',47),(94,28,'CATISSUE_STORAGE_CONTAINER','INSERT',48),(95,31,'CATISSUE_CAPACITY','INSERT',48),(96,29,'CATISSUE_STORAGE_CONTAINER','INSERT',49),(97,32,'CATISSUE_CAPACITY','INSERT',49),(98,30,'CATISSUE_STORAGE_CONTAINER','INSERT',50),(99,33,'CATISSUE_CAPACITY','INSERT',50),(100,34,'CATISSUE_CAPACITY','INSERT',51),(101,31,'CATISSUE_STORAGE_CONTAINER','INSERT',51),(102,35,'CATISSUE_CAPACITY','INSERT',52),(103,32,'CATISSUE_STORAGE_CONTAINER','INSERT',52),(104,33,'CATISSUE_STORAGE_CONTAINER','INSERT',53),(105,36,'CATISSUE_CAPACITY','INSERT',53),(106,37,'CATISSUE_CAPACITY','INSERT',54),(107,34,'CATISSUE_STORAGE_CONTAINER','INSERT',54),(108,35,'CATISSUE_STORAGE_CONTAINER','INSERT',55),(109,38,'CATISSUE_CAPACITY','INSERT',55),(110,36,'CATISSUE_STORAGE_CONTAINER','INSERT',56),(111,39,'CATISSUE_CAPACITY','INSERT',56),(112,40,'CATISSUE_CAPACITY','INSERT',57),(113,37,'CATISSUE_STORAGE_CONTAINER','INSERT',57),(114,41,'CATISSUE_CAPACITY','INSERT',58),(115,38,'CATISSUE_STORAGE_CONTAINER','INSERT',58),(116,42,'CATISSUE_CAPACITY','INSERT',59),(117,39,'CATISSUE_STORAGE_CONTAINER','INSERT',59),(118,43,'CATISSUE_CAPACITY','INSERT',60),(119,40,'CATISSUE_STORAGE_CONTAINER','INSERT',60),(120,44,'CATISSUE_CAPACITY','INSERT',61),(121,41,'CATISSUE_STORAGE_CONTAINER','INSERT',61),(122,45,'CATISSUE_CAPACITY','INSERT',62),(123,42,'CATISSUE_STORAGE_CONTAINER','INSERT',62),(124,43,'CATISSUE_STORAGE_CONTAINER','INSERT',63),(125,46,'CATISSUE_CAPACITY','INSERT',63),(126,44,'CATISSUE_STORAGE_CONTAINER','INSERT',64),(127,47,'CATISSUE_CAPACITY','INSERT',64),(128,48,'CATISSUE_CAPACITY','INSERT',65),(129,6,'CATISSUE_SPECIMEN_ARRAY_TYPE','INSERT',65),(130,7,'CATISSUE_SPECIMEN_ARRAY_TYPE','INSERT',66),(131,49,'CATISSUE_CAPACITY','INSERT',66),(132,4,'CATISSUE_SPECIMEN_REQUIREMENT','INSERT',67),(133,4,'CATISSUE_DISTRIBUTION_PROTOCOL','INSERT',67),(134,5,'CATISSUE_SPECIMEN_REQUIREMENT','INSERT',68),(135,5,'CATISSUE_DISTRIBUTION_PROTOCOL','INSERT',68),(136,1,'CATISSUE_PARTICIPANT','INSERT',69),(137,1,'CATISSUE_PART_MEDICAL_ID','INSERT',69),(138,2,'CATISSUE_PARTICIPANT','INSERT',70),(139,2,'CATISSUE_PART_MEDICAL_ID','INSERT',70),(140,3,'CATISSUE_PART_MEDICAL_ID','INSERT',71),(141,3,'CATISSUE_PARTICIPANT','INSERT',71),(142,4,'CATISSUE_PARTICIPANT','INSERT',72),(143,4,'CATISSUE_PART_MEDICAL_ID','INSERT',72),(144,5,'CATISSUE_PART_MEDICAL_ID','INSERT',73),(145,5,'CATISSUE_PARTICIPANT','INSERT',73),(146,1,'CATISSUE_COLL_PROT_REG','INSERT',74),(147,2,'CATISSUE_COLL_PROT_REG','INSERT',75),(148,3,'CATISSUE_COLL_PROT_REG','INSERT',76),(149,4,'CATISSUE_COLL_PROT_REG','INSERT',77),(150,5,'CATISSUE_COLL_PROT_REG','INSERT',78),(151,1,'CATISSUE_CLINICAL_REPORT','INSERT',79),(152,1,'CATISSUE_SPECIMEN_COLL_GROUP','INSERT',79),(153,2,'CATISSUE_SPECIMEN_COLL_GROUP','INSERT',80),(154,2,'CATISSUE_CLINICAL_REPORT','INSERT',80),(155,3,'CATISSUE_SPECIMEN_COLL_GROUP','INSERT',81),(156,3,'CATISSUE_CLINICAL_REPORT','INSERT',81),(157,4,'CATISSUE_SPECIMEN_COLL_GROUP','INSERT',82),(158,4,'CATISSUE_CLINICAL_REPORT','INSERT',82),(159,5,'CATISSUE_SPECIMEN_COLL_GROUP','INSERT',83),(160,5,'CATISSUE_CLINICAL_REPORT','INSERT',83),(161,1,'CATISSUE_SPECIMEN_CHAR','INSERT',84),(162,1,'CATISSUE_SPECIMEN','INSERT',84),(163,2,'CATISSUE_SPECIMEN_CHAR','INSERT',85),(164,2,'CATISSUE_SPECIMEN','INSERT',85),(165,3,'CATISSUE_SPECIMEN_CHAR','INSERT',86),(166,3,'CATISSUE_SPECIMEN','INSERT',86),(167,4,'CATISSUE_SPECIMEN_CHAR','INSERT',87),(168,4,'CATISSUE_SPECIMEN','INSERT',87),(169,5,'CATISSUE_SPECIMEN','INSERT',88),(170,5,'CATISSUE_SPECIMEN_CHAR','INSERT',88),(171,6,'CATISSUE_SPECIMEN','INSERT',89),(172,6,'CATISSUE_SPECIMEN_CHAR','INSERT',89),(173,7,'CATISSUE_SPECIMEN_CHAR','INSERT',90),(174,7,'CATISSUE_SPECIMEN','INSERT',90),(175,8,'CATISSUE_SPECIMEN_CHAR','INSERT',91),(176,8,'CATISSUE_SPECIMEN','INSERT',91),(177,9,'CATISSUE_SPECIMEN','INSERT',92),(178,9,'CATISSUE_SPECIMEN_CHAR','INSERT',92),(179,10,'CATISSUE_SPECIMEN_CHAR','INSERT',93),(180,10,'CATISSUE_SPECIMEN','INSERT',93),(181,11,'CATISSUE_SPECIMEN_CHAR','INSERT',94),(182,11,'CATISSUE_SPECIMEN','INSERT',94),(183,12,'CATISSUE_SPECIMEN_CHAR','INSERT',95),(184,12,'CATISSUE_SPECIMEN','INSERT',95),(185,13,'CATISSUE_SPECIMEN_CHAR','INSERT',96),(186,13,'CATISSUE_SPECIMEN','INSERT',96),(187,14,'CATISSUE_SPECIMEN','INSERT',97),(188,14,'CATISSUE_SPECIMEN_CHAR','INSERT',97),(189,15,'CATISSUE_SPECIMEN_CHAR','INSERT',98),(190,15,'CATISSUE_SPECIMEN','INSERT',98),(191,16,'CATISSUE_SPECIMEN','INSERT',99),(192,16,'CATISSUE_SPECIMEN_CHAR','INSERT',99),(193,1,'CATISSUE_ORDER','INSERT',100),(194,2,'CATISSUE_ORDER','INSERT',101);
UNLOCK TABLES;
/*!40000 ALTER TABLE `catissue_audit_event_log` ENABLE KEYS */;

--
-- Table structure for table `catissue_audit_event_query_log`
--

DROP TABLE IF EXISTS `catissue_audit_event_query_log`;
CREATE TABLE `catissue_audit_event_query_log` (
  `IDENTIFIER` bigint(20) NOT NULL auto_increment,
  `QUERY_DETAILS` longtext,
  `AUDIT_EVENT_ID` bigint(20) default NULL,
  PRIMARY KEY  (`IDENTIFIER`),
  KEY `FK62DC439DBC7298A9` (`AUDIT_EVENT_ID`),
  CONSTRAINT `FK62DC439DBC7298A9` FOREIGN KEY (`AUDIT_EVENT_ID`) REFERENCES `catissue_audit_event` (`IDENTIFIER`)
) ENGINE=InnoDB DEFAULT CHARSET=latin1;

--
-- Dumping data for table `catissue_audit_event_query_log`
--


/*!40000 ALTER TABLE `catissue_audit_event_query_log` DISABLE KEYS */;
LOCK TABLES `catissue_audit_event_query_log` WRITE;
UNLOCK TABLES;
/*!40000 ALTER TABLE `catissue_audit_event_query_log` ENABLE KEYS */;

--
-- Table structure for table `catissue_biohazard`
--

DROP TABLE IF EXISTS `catissue_biohazard`;
CREATE TABLE `catissue_biohazard` (
  `IDENTIFIER` bigint(20) NOT NULL auto_increment,
  `NAME` varchar(255) NOT NULL default '',
  `COMMENTS` text,
  `TYPE` varchar(50) default NULL,
  PRIMARY KEY  (`IDENTIFIER`),
  UNIQUE KEY `NAME` (`NAME`),
  KEY `INDX_CATISSUE_BIOHAZARD_TYPE` (`TYPE`)
) ENGINE=InnoDB DEFAULT CHARSET=latin1;

--
-- Dumping data for table `catissue_biohazard`
--


/*!40000 ALTER TABLE `catissue_biohazard` DISABLE KEYS */;
LOCK TABLES `catissue_biohazard` WRITE;
INSERT INTO `catissue_biohazard` VALUES (1,'Toxic Biohazard','NueroToxicProtein','Toxic');
UNLOCK TABLES;
/*!40000 ALTER TABLE `catissue_biohazard` ENABLE KEYS */;

--
-- Table structure for table `catissue_cancer_research_group`
--

DROP TABLE IF EXISTS `catissue_cancer_research_group`;
CREATE TABLE `catissue_cancer_research_group` (
  `IDENTIFIER` bigint(20) NOT NULL auto_increment,
  `NAME` varchar(255) NOT NULL default '',
  PRIMARY KEY  (`IDENTIFIER`),
  UNIQUE KEY `NAME` (`NAME`)
) ENGINE=InnoDB DEFAULT CHARSET=latin1;

--
-- Dumping data for table `catissue_cancer_research_group`
--


/*!40000 ALTER TABLE `catissue_cancer_research_group` DISABLE KEYS */;
LOCK TABLES `catissue_cancer_research_group` WRITE;
INSERT INTO `catissue_cancer_research_group` VALUES (1,'c'),(2,'Siteman Cancer Center');
UNLOCK TABLES;
/*!40000 ALTER TABLE `catissue_cancer_research_group` ENABLE KEYS */;

--
-- Table structure for table `catissue_capacity`
--

DROP TABLE IF EXISTS `catissue_capacity`;
CREATE TABLE `catissue_capacity` (
  `IDENTIFIER` bigint(20) NOT NULL auto_increment,
  `ONE_DIMENSION_CAPACITY` int(11) default NULL,
  `TWO_DIMENSION_CAPACITY` int(11) default NULL,
  PRIMARY KEY  (`IDENTIFIER`)
) ENGINE=InnoDB DEFAULT CHARSET=latin1;

--
-- Dumping data for table `catissue_capacity`
--


/*!40000 ALTER TABLE `catissue_capacity` DISABLE KEYS */;
LOCK TABLES `catissue_capacity` WRITE;
INSERT INTO `catissue_capacity` VALUES (1,5,5),(2,2,3),(3,1,3),(4,1,3),(5,1,3),(6,2,3),(7,2,3),(8,2,3),(9,2,3),(10,2,3),(11,2,3),(12,5,5),(13,5,5),(14,5,5),(15,5,5),(16,5,5),(17,5,5),(18,5,5),(19,5,5),(20,5,5),(21,5,5),(22,5,5),(23,5,5),(24,5,5),(25,5,5),(26,5,5),(27,5,5),(28,5,5),(29,5,5),(30,5,5),(31,5,5),(32,5,5),(33,5,5),(34,5,5),(35,5,5),(36,5,5),(37,5,5),(38,5,5),(39,5,5),(40,5,5),(41,5,5),(42,5,5),(43,5,5),(44,5,5),(45,5,5),(46,5,5),(47,5,5),(48,12,8),(49,4,3);
UNLOCK TABLES;
/*!40000 ALTER TABLE `catissue_capacity` ENABLE KEYS */;

--
-- Table structure for table `catissue_cde`
--

DROP TABLE IF EXISTS `catissue_cde`;
CREATE TABLE `catissue_cde` (
  `PUBLIC_ID` varchar(30) NOT NULL default '',
  `LONG_NAME` varchar(200) default NULL,
  `DEFINITION` text,
  `VERSION` varchar(50) default NULL,
  `LAST_UPDATED` date default NULL,
  PRIMARY KEY  (`PUBLIC_ID`)
) ENGINE=InnoDB DEFAULT CHARSET=latin1;

--
-- Dumping data for table `catissue_cde`
--


/*!40000 ALTER TABLE `catissue_cde` DISABLE KEYS */;
LOCK TABLES `catissue_cde` WRITE;
INSERT INTO `catissue_cde` VALUES ('2003988','Clinical Status','Clinical status of the participant.','1',NULL),('2003989','Gender','Gender of the participant.','1',NULL),('2003990','Genotype','Genotype of the participant.','1',NULL),('2003991','Specimen','Specimen Class','1',NULL),('2003992','Tissue Side','Tissue Side','1',NULL),('2003993','Pathological Status','Pathological Status','1',NULL),('2003994','Received Quality','Received Quality','1',NULL),('2003995','Fixation Type','Fixation Type','1',NULL),('2003996','Collection Procedure','Collection Procedure','1',NULL),('2003997','Container','Container','1',NULL),('2003998','Method','Method','1',NULL),('2003999','Embedding Medium','Embedding Medium','1',NULL),('2004000','Biohazard','Biohazard','1',NULL),('2004001','VitalStatus','Vital status of the participant.','1',NULL),('2004100','Countries','List of Countries.','1',NULL),('2004200','States','List of States.','1',NULL),('4284','Request Status','Statuses for the ordered requests','1',NULL),('4285','Requested Items Status','Statuses for the individual elements in the ordered request','1',NULL),('Clinical_Diagnosis_PID','Clinical Diagnosis','Clinical Diagnosis','1',NULL),('Ethnicity_PID','Ethnicity','Ethnicity','1',NULL),('Hist_Quality','Histological Quality','Histological Quality','1',NULL),('Race_PID','Race','Race','1',NULL),('Site_Type_PID','Site Type','Site Type','1',NULL),('Specimen_Type_PID','Specimen Type','Specimen Type','1',NULL),('Tissue_Site_PID','Tissue Site','Tissue Site','1',NULL);
UNLOCK TABLES;
/*!40000 ALTER TABLE `catissue_cde` ENABLE KEYS */;

--
-- Table structure for table `catissue_cell_spe_review_param`
--

DROP TABLE IF EXISTS `catissue_cell_spe_review_param`;
CREATE TABLE `catissue_cell_spe_review_param` (
  `IDENTIFIER` bigint(20) NOT NULL default '0',
  `NEOPLASTIC_CELLULARITY_PER` double default NULL,
  `VIABLE_CELL_PERCENTAGE` double default NULL,
  PRIMARY KEY  (`IDENTIFIER`),
  KEY `FK52F40EDEBC7298A9` (`IDENTIFIER`),
  KEY `INDX_CATISSUE_CELLEVT_REVNCP` (`NEOPLASTIC_CELLULARITY_PER`),
  KEY `INDX_CATISSUE_CELLEVT_REVVCP` (`VIABLE_CELL_PERCENTAGE`),
  CONSTRAINT `FK52F40EDEBC7298A9` FOREIGN KEY (`IDENTIFIER`) REFERENCES `catissue_event_param` (`IDENTIFIER`)
) ENGINE=InnoDB DEFAULT CHARSET=latin1;

--
-- Dumping data for table `catissue_cell_spe_review_param`
--


/*!40000 ALTER TABLE `catissue_cell_spe_review_param` DISABLE KEYS */;
LOCK TABLES `catissue_cell_spe_review_param` WRITE;
UNLOCK TABLES;
/*!40000 ALTER TABLE `catissue_cell_spe_review_param` ENABLE KEYS */;

--
-- Table structure for table `catissue_clinical_report`
--

DROP TABLE IF EXISTS `catissue_clinical_report`;
CREATE TABLE `catissue_clinical_report` (
  `IDENTIFIER` bigint(20) NOT NULL auto_increment,
  `SURGICAL_PATHOLOGICAL_NUMBER` varchar(50) default NULL,
  `PARTICIPENT_MEDI_IDENTIFIER_ID` bigint(20) default NULL,
  PRIMARY KEY  (`IDENTIFIER`),
  KEY `FK54A4264515246F7` (`PARTICIPENT_MEDI_IDENTIFIER_ID`),
  KEY `INDX_CLIN_REPO_PATH_NO` (`SURGICAL_PATHOLOGICAL_NUMBER`),
  CONSTRAINT `FK54A4264515246F7` FOREIGN KEY (`PARTICIPENT_MEDI_IDENTIFIER_ID`) REFERENCES `catissue_part_medical_id` (`IDENTIFIER`)
) ENGINE=InnoDB DEFAULT CHARSET=latin1;

--
-- Dumping data for table `catissue_clinical_report`
--


/*!40000 ALTER TABLE `catissue_clinical_report` DISABLE KEYS */;
LOCK TABLES `catissue_clinical_report` WRITE;
INSERT INTO `catissue_clinical_report` VALUES (1,'',NULL),(2,'',NULL),(3,'',NULL),(4,'',NULL),(5,'',NULL);
UNLOCK TABLES;
/*!40000 ALTER TABLE `catissue_clinical_report` ENABLE KEYS */;

--
-- Table structure for table `catissue_coll_coordinators`
--

DROP TABLE IF EXISTS `catissue_coll_coordinators`;
CREATE TABLE `catissue_coll_coordinators` (
  `COLLECTION_PROTOCOL_ID` bigint(20) NOT NULL default '0',
  `USER_ID` bigint(20) NOT NULL default '0',
  PRIMARY KEY  (`COLLECTION_PROTOCOL_ID`,`USER_ID`),
  KEY `FKE490E33A48304401` (`COLLECTION_PROTOCOL_ID`),
  KEY `FKE490E33A2206F20F` (`USER_ID`),
  CONSTRAINT `FKE490E33A2206F20F` FOREIGN KEY (`USER_ID`) REFERENCES `catissue_user` (`IDENTIFIER`),
  CONSTRAINT `FKE490E33A48304401` FOREIGN KEY (`COLLECTION_PROTOCOL_ID`) REFERENCES `catissue_collection_protocol` (`IDENTIFIER`)
) ENGINE=InnoDB DEFAULT CHARSET=latin1;

--
-- Dumping data for table `catissue_coll_coordinators`
--


/*!40000 ALTER TABLE `catissue_coll_coordinators` DISABLE KEYS */;
LOCK TABLES `catissue_coll_coordinators` WRITE;
INSERT INTO `catissue_coll_coordinators` VALUES (1,9),(2,9),(3,9);
UNLOCK TABLES;
/*!40000 ALTER TABLE `catissue_coll_coordinators` ENABLE KEYS */;

--
-- Table structure for table `catissue_coll_distribution_rel`
--

DROP TABLE IF EXISTS `catissue_coll_distribution_rel`;
CREATE TABLE `catissue_coll_distribution_rel` (
  `COLLECTION_PROTOCOL_ID` bigint(20) NOT NULL default '0',
  `DISTRIBUTION_PROTOCOL_ID` bigint(20) NOT NULL default '0',
  PRIMARY KEY  (`COLLECTION_PROTOCOL_ID`,`DISTRIBUTION_PROTOCOL_ID`),
  KEY `FK1483BCB56B1F36E7` (`DISTRIBUTION_PROTOCOL_ID`),
  KEY `FK1483BCB548304401` (`COLLECTION_PROTOCOL_ID`),
  CONSTRAINT `FK1483BCB548304401` FOREIGN KEY (`COLLECTION_PROTOCOL_ID`) REFERENCES `catissue_collection_protocol` (`IDENTIFIER`),
  CONSTRAINT `FK1483BCB56B1F36E7` FOREIGN KEY (`DISTRIBUTION_PROTOCOL_ID`) REFERENCES `catissue_distribution_protocol` (`IDENTIFIER`)
) ENGINE=InnoDB DEFAULT CHARSET=latin1;

--
-- Dumping data for table `catissue_coll_distribution_rel`
--


/*!40000 ALTER TABLE `catissue_coll_distribution_rel` DISABLE KEYS */;
LOCK TABLES `catissue_coll_distribution_rel` WRITE;
UNLOCK TABLES;
/*!40000 ALTER TABLE `catissue_coll_distribution_rel` ENABLE KEYS */;

--
-- Table structure for table `catissue_coll_event_param`
--

DROP TABLE IF EXISTS `catissue_coll_event_param`;
CREATE TABLE `catissue_coll_event_param` (
  `IDENTIFIER` bigint(20) NOT NULL default '0',
  `COLLECTION_PROCEDURE` varchar(50) default NULL,
  `CONTAINER` varchar(50) default NULL,
  PRIMARY KEY  (`IDENTIFIER`),
  KEY `FKF9888F91BC7298A9` (`IDENTIFIER`),
  KEY `INDX_CATISSUE_COLEVT_PROC` (`COLLECTION_PROCEDURE`),
  KEY `INDX_CATISSUE_COLEVT_CONT` (`CONTAINER`),
  CONSTRAINT `FKF9888F91BC7298A9` FOREIGN KEY (`IDENTIFIER`) REFERENCES `catissue_specimen_event_param` (`IDENTIFIER`)
) ENGINE=InnoDB DEFAULT CHARSET=latin1;

--
-- Dumping data for table `catissue_coll_event_param`
--


/*!40000 ALTER TABLE `catissue_coll_event_param` DISABLE KEYS */;
LOCK TABLES `catissue_coll_event_param` WRITE;
INSERT INTO `catissue_coll_event_param` VALUES (2,'Needle Core Biopsy','No Additive Vacutainer'),(4,'Needle Core Biopsy','No Additive Vacutainer'),(6,'Needle Core Biopsy','No Additive Vacutainer'),(8,'Needle Core Biopsy','No Additive Vacutainer'),(9,'Needle Core Biopsy','No Additive Vacutainer'),(11,'Needle Core Biopsy','No Additive Vacutainer'),(13,'Needle Core Biopsy','No Additive Vacutainer'),(16,'Needle Core Biopsy','No Additive Vacutainer'),(18,'Needle Core Biopsy','No Additive Vacutainer'),(20,'Needle Core Biopsy','No Additive Vacutainer'),(21,'Needle Core Biopsy','No Additive Vacutainer'),(23,'Needle Core Biopsy','No Additive Vacutainer'),(26,'Needle Core Biopsy','No Additive Vacutainer'),(27,'Needle Core Biopsy','No Additive Vacutainer'),(30,'Needle Core Biopsy','No Additive Vacutainer'),(32,'Needle Core Biopsy','No Additive Vacutainer');
UNLOCK TABLES;
/*!40000 ALTER TABLE `catissue_coll_event_param` ENABLE KEYS */;

--
-- Table structure for table `catissue_coll_prot_event`
--

DROP TABLE IF EXISTS `catissue_coll_prot_event`;
CREATE TABLE `catissue_coll_prot_event` (
  `IDENTIFIER` bigint(20) NOT NULL auto_increment,
  `CLINICAL_STATUS` varchar(50) default NULL,
  `STUDY_CALENDAR_EVENT_POINT` double default NULL,
  `COLLECTION_PROTOCOL_ID` bigint(20) default NULL,
  PRIMARY KEY  (`IDENTIFIER`),
  KEY `FK7AE7715948304401` (`COLLECTION_PROTOCOL_ID`),
  KEY `INDX_COLPROTO_EVNT_CAL` (`STUDY_CALENDAR_EVENT_POINT`),
  CONSTRAINT `FK7AE7715948304401` FOREIGN KEY (`COLLECTION_PROTOCOL_ID`) REFERENCES `catissue_collection_protocol` (`IDENTIFIER`)
) ENGINE=InnoDB DEFAULT CHARSET=latin1;

--
-- Dumping data for table `catissue_coll_prot_event`
--


/*!40000 ALTER TABLE `catissue_coll_prot_event` DISABLE KEYS */;
LOCK TABLES `catissue_coll_prot_event` WRITE;
INSERT INTO `catissue_coll_prot_event` VALUES (1,'Not Specified',0,1),(2,'Not Specified',0,2),(3,'Not Specified',0,3);
UNLOCK TABLES;
/*!40000 ALTER TABLE `catissue_coll_prot_event` ENABLE KEYS */;

--
-- Table structure for table `catissue_coll_prot_reg`
--

DROP TABLE IF EXISTS `catissue_coll_prot_reg`;
CREATE TABLE `catissue_coll_prot_reg` (
  `IDENTIFIER` bigint(20) NOT NULL auto_increment,
  `PROTOCOL_PARTICIPANT_ID` varchar(255) default NULL,
  `REGISTRATION_DATE` date default NULL,
  `PARTICIPANT_ID` bigint(20) default NULL,
  `COLLECTION_PROTOCOL_ID` bigint(20) default NULL,
  `ACTIVITY_STATUS` varchar(50) default NULL,
  `CONSENT_SIGN_DATE` datetime default NULL,
  `CONSENT_DOC_URL` text,
  `CONSENT_WITNESS` bigint(20) default NULL,
  PRIMARY KEY  (`IDENTIFIER`),
  KEY `FK5EB25F1387E5ADC7` (`PARTICIPANT_ID`),
  KEY `FK5EB25F13A0FF79D4` (`CONSENT_WITNESS`),
  KEY `FK5EB25F1348304401` (`COLLECTION_PROTOCOL_ID`),
  KEY `INDX_COLL_PROT_REGID` (`PROTOCOL_PARTICIPANT_ID`),
  KEY `INDX_COLL_PROT_REG_DATE` (`REGISTRATION_DATE`),
  CONSTRAINT `FK5EB25F1348304401` FOREIGN KEY (`COLLECTION_PROTOCOL_ID`) REFERENCES `catissue_collection_protocol` (`IDENTIFIER`),
  CONSTRAINT `FK5EB25F1387E5ADC7` FOREIGN KEY (`PARTICIPANT_ID`) REFERENCES `catissue_participant` (`IDENTIFIER`),
  CONSTRAINT `FK5EB25F13A0FF79D4` FOREIGN KEY (`CONSENT_WITNESS`) REFERENCES `catissue_user` (`IDENTIFIER`)
) ENGINE=InnoDB DEFAULT CHARSET=latin1;

--
-- Dumping data for table `catissue_coll_prot_reg`
--


/*!40000 ALTER TABLE `catissue_coll_prot_reg` DISABLE KEYS */;
LOCK TABLES `catissue_coll_prot_reg` WRITE;
INSERT INTO `catissue_coll_prot_reg` VALUES (1,'','1999-08-15',1,3,'Active',NULL,NULL,NULL),(2,'','1999-08-15',2,2,'Active',NULL,NULL,NULL),(3,'','1999-08-15',1,2,'Active',NULL,NULL,NULL),(4,'','1999-08-15',3,3,'Active',NULL,NULL,NULL),(5,'','1999-08-15',4,1,'Active','2006-02-21 00:00:00','E:\\sitename\\collectionProtocol_participant1.pdf',9);
UNLOCK TABLES;
/*!40000 ALTER TABLE `catissue_coll_prot_reg` ENABLE KEYS */;

--
-- Table structure for table `catissue_coll_specimen_req`
--

DROP TABLE IF EXISTS `catissue_coll_specimen_req`;
CREATE TABLE `catissue_coll_specimen_req` (
  `COLLECTION_PROTOCOL_EVENT_ID` bigint(20) NOT NULL default '0',
  `SPECIMEN_REQUIREMENT_ID` bigint(20) NOT NULL default '0',
  PRIMARY KEY  (`COLLECTION_PROTOCOL_EVENT_ID`,`SPECIMEN_REQUIREMENT_ID`),
  KEY `FK860E6ABEBE10F0CE` (`SPECIMEN_REQUIREMENT_ID`),
  KEY `FK860E6ABE53B01F66` (`COLLECTION_PROTOCOL_EVENT_ID`),
  CONSTRAINT `FK860E6ABE53B01F66` FOREIGN KEY (`COLLECTION_PROTOCOL_EVENT_ID`) REFERENCES `catissue_coll_prot_event` (`IDENTIFIER`),
  CONSTRAINT `FK860E6ABEBE10F0CE` FOREIGN KEY (`SPECIMEN_REQUIREMENT_ID`) REFERENCES `catissue_specimen_requirement` (`IDENTIFIER`)
) ENGINE=InnoDB DEFAULT CHARSET=latin1;

--
-- Dumping data for table `catissue_coll_specimen_req`
--


/*!40000 ALTER TABLE `catissue_coll_specimen_req` DISABLE KEYS */;
LOCK TABLES `catissue_coll_specimen_req` WRITE;
INSERT INTO `catissue_coll_specimen_req` VALUES (1,1),(2,2),(3,3);
UNLOCK TABLES;
/*!40000 ALTER TABLE `catissue_coll_specimen_req` ENABLE KEYS */;

--
-- Table structure for table `catissue_collection_protocol`
--

DROP TABLE IF EXISTS `catissue_collection_protocol`;
CREATE TABLE `catissue_collection_protocol` (
  `IDENTIFIER` bigint(20) NOT NULL default '0',
  `UNSIGNED_CONSENT_DOC_URL` text,
  `ALIQUOT_IN_SAME_CONTAINER` tinyint(1) default NULL,
  `CONSENTS_WAIVED` tinyint(1) default NULL,
  PRIMARY KEY  (`IDENTIFIER`),
  KEY `FK32DC439DBC7298A9` (`IDENTIFIER`),
  CONSTRAINT `FK32DC439DBC7298A9` FOREIGN KEY (`IDENTIFIER`) REFERENCES `catissue_specimen_protocol` (`IDENTIFIER`)
) ENGINE=InnoDB DEFAULT CHARSET=latin1;

--
-- Dumping data for table `catissue_collection_protocol`
--


/*!40000 ALTER TABLE `catissue_collection_protocol` DISABLE KEYS */;
LOCK TABLES `catissue_collection_protocol` WRITE;
INSERT INTO `catissue_collection_protocol` VALUES (1,NULL,0,0),(2,NULL,0,0),(3,NULL,0,0);
UNLOCK TABLES;
/*!40000 ALTER TABLE `catissue_collection_protocol` ENABLE KEYS */;

--
-- Table structure for table `catissue_concept_referent`
--

DROP TABLE IF EXISTS `catissue_concept_referent`;
CREATE TABLE `catissue_concept_referent` (
  `IDENTIFIER` bigint(20) NOT NULL auto_increment,
  `DEIDENTIFIED_REPORT_ID` bigint(20) default NULL,
  PRIMARY KEY  (`IDENTIFIER`),
  KEY `FK799CCA7E9F96B363` (`DEIDENTIFIED_REPORT_ID`),
  CONSTRAINT `FK799CCA7E9F96B363` FOREIGN KEY (`DEIDENTIFIED_REPORT_ID`) REFERENCES `catissue_deidentified_report` (`IDENTIFIER`)
) ENGINE=InnoDB DEFAULT CHARSET=latin1;

--
-- Dumping data for table `catissue_concept_referent`
--


/*!40000 ALTER TABLE `catissue_concept_referent` DISABLE KEYS */;
LOCK TABLES `catissue_concept_referent` WRITE;
UNLOCK TABLES;
/*!40000 ALTER TABLE `catissue_concept_referent` ENABLE KEYS */;

--
-- Table structure for table `catissue_consent_tier`
--

DROP TABLE IF EXISTS `catissue_consent_tier`;
CREATE TABLE `catissue_consent_tier` (
  `IDENTIFIER` bigint(20) NOT NULL auto_increment,
  `STATEMENT` text,
  `COLL_PROTOCOL_ID` bigint(20) default NULL,
  PRIMARY KEY  (`IDENTIFIER`),
  KEY `FK51725303E36A4B4F` (`COLL_PROTOCOL_ID`),
  CONSTRAINT `FK51725303E36A4B4F` FOREIGN KEY (`COLL_PROTOCOL_ID`) REFERENCES `catissue_collection_protocol` (`IDENTIFIER`)
) ENGINE=InnoDB DEFAULT CHARSET=latin1;

--
-- Dumping data for table `catissue_consent_tier`
--


/*!40000 ALTER TABLE `catissue_consent_tier` DISABLE KEYS */;
LOCK TABLES `catissue_consent_tier` WRITE;
INSERT INTO `catissue_consent_tier` VALUES (1,'Consent for Tb research',1),(2,'Consent for cancer research',1),(3,'Consent for aids research',1);
UNLOCK TABLES;
/*!40000 ALTER TABLE `catissue_consent_tier` ENABLE KEYS */;

--
-- Table structure for table `catissue_consent_tier_response`
--

DROP TABLE IF EXISTS `catissue_consent_tier_response`;
CREATE TABLE `catissue_consent_tier_response` (
  `IDENTIFIER` bigint(20) NOT NULL auto_increment,
  `RESPONSE` varchar(255) default NULL,
  `CONSENT_TIER_ID` bigint(20) default NULL,
  `COLL_PROT_REG_ID` bigint(20) default NULL,
  PRIMARY KEY  (`IDENTIFIER`),
  KEY `FKFB1995FD4AD77FCB` (`COLL_PROT_REG_ID`),
  KEY `FKFB1995FD17B9953` (`CONSENT_TIER_ID`),
  CONSTRAINT `FKFB1995FD17B9953` FOREIGN KEY (`CONSENT_TIER_ID`) REFERENCES `catissue_consent_tier` (`IDENTIFIER`),
  CONSTRAINT `FKFB1995FD4AD77FCB` FOREIGN KEY (`COLL_PROT_REG_ID`) REFERENCES `catissue_coll_prot_reg` (`IDENTIFIER`)
) ENGINE=InnoDB DEFAULT CHARSET=latin1;

--
-- Dumping data for table `catissue_consent_tier_response`
--


/*!40000 ALTER TABLE `catissue_consent_tier_response` DISABLE KEYS */;
LOCK TABLES `catissue_consent_tier_response` WRITE;
INSERT INTO `catissue_consent_tier_response` VALUES (1,'Yes',3,5),(2,'Yes',1,5),(3,'Yes',2,5);
UNLOCK TABLES;
/*!40000 ALTER TABLE `catissue_consent_tier_response` ENABLE KEYS */;

--
-- Table structure for table `catissue_consent_tier_status`
--

DROP TABLE IF EXISTS `catissue_consent_tier_status`;
CREATE TABLE `catissue_consent_tier_status` (
  `IDENTIFIER` bigint(20) NOT NULL auto_increment,
  `CONSENT_TIER_ID` bigint(20) default NULL,
  `STATUS` varchar(255) default NULL,
  `SPECIMEN_ID` bigint(20) default NULL,
  `SPECIMEN_COLL_GROUP_ID` bigint(20) default NULL,
  PRIMARY KEY  (`IDENTIFIER`),
  KEY `FKF74E94AEF69249F7` (`SPECIMEN_COLL_GROUP_ID`),
  KEY `FKF74E94AE60773DB2` (`SPECIMEN_ID`),
  KEY `FKF74E94AE17B9953` (`CONSENT_TIER_ID`),
  CONSTRAINT `FKF74E94AE17B9953` FOREIGN KEY (`CONSENT_TIER_ID`) REFERENCES `catissue_consent_tier` (`IDENTIFIER`),
  CONSTRAINT `FKF74E94AE60773DB2` FOREIGN KEY (`SPECIMEN_ID`) REFERENCES `catissue_specimen` (`IDENTIFIER`),
  CONSTRAINT `FKF74E94AEF69249F7` FOREIGN KEY (`SPECIMEN_COLL_GROUP_ID`) REFERENCES `catissue_specimen_coll_group` (`IDENTIFIER`)
) ENGINE=InnoDB DEFAULT CHARSET=latin1;

--
-- Dumping data for table `catissue_consent_tier_status`
--


/*!40000 ALTER TABLE `catissue_consent_tier_status` DISABLE KEYS */;
LOCK TABLES `catissue_consent_tier_status` WRITE;
INSERT INTO `catissue_consent_tier_status` VALUES (1,3,'Yes',NULL,5),(2,2,'Yes',NULL,5),(3,1,'Yes',NULL,5),(4,2,'Yes',5,NULL),(5,3,'Yes',5,NULL),(6,1,'Yes',5,NULL),(7,1,'Yes',6,NULL),(8,3,'Yes',6,NULL),(9,2,'Yes',6,NULL),(10,1,'Yes',7,NULL),(11,2,'Yes',7,NULL),(12,3,'Yes',7,NULL),(13,2,'Yes',8,NULL),(14,1,'Yes',8,NULL),(15,3,'Yes',8,NULL);
UNLOCK TABLES;
/*!40000 ALTER TABLE `catissue_consent_tier_status` ENABLE KEYS */;

--
-- Table structure for table `catissue_cont_holds_sparrtype`
--

DROP TABLE IF EXISTS `catissue_cont_holds_sparrtype`;
CREATE TABLE `catissue_cont_holds_sparrtype` (
  `STORAGE_CONTAINER_ID` bigint(20) NOT NULL default '0',
  `SPECIMEN_ARRAY_TYPE_ID` bigint(20) NOT NULL default '0',
  PRIMARY KEY  (`STORAGE_CONTAINER_ID`,`SPECIMEN_ARRAY_TYPE_ID`),
  KEY `SPECIMEN_ARRAY_TYPE_ID` (`SPECIMEN_ARRAY_TYPE_ID`),
  KEY `STORAGE_CONTAINER_ID` (`STORAGE_CONTAINER_ID`),
  CONSTRAINT `FKDC7E31E2B3DFB11D` FOREIGN KEY (`STORAGE_CONTAINER_ID`) REFERENCES `catissue_storage_container` (`IDENTIFIER`),
  CONSTRAINT `FKDC7E31E2ECE89343` FOREIGN KEY (`SPECIMEN_ARRAY_TYPE_ID`) REFERENCES `catissue_specimen_array_type` (`IDENTIFIER`)
) ENGINE=InnoDB DEFAULT CHARSET=latin1;

--
-- Dumping data for table `catissue_cont_holds_sparrtype`
--


/*!40000 ALTER TABLE `catissue_cont_holds_sparrtype` DISABLE KEYS */;
LOCK TABLES `catissue_cont_holds_sparrtype` WRITE;
INSERT INTO `catissue_cont_holds_sparrtype` VALUES (2,2),(6,2),(7,2),(8,2);
UNLOCK TABLES;
/*!40000 ALTER TABLE `catissue_cont_holds_sparrtype` ENABLE KEYS */;

--
-- Table structure for table `catissue_container`
--

DROP TABLE IF EXISTS `catissue_container`;
CREATE TABLE `catissue_container` (
  `IDENTIFIER` bigint(20) NOT NULL auto_increment,
  `ACTIVITY_STATUS` varchar(50) default NULL,
  `BARCODE` varchar(255) default NULL,
  `CAPACITY_ID` bigint(20) default NULL,
  `PARENT_CONTAINER_ID` bigint(20) default NULL,
  `COMMENTS` text,
  `FULL` tinyint(1) default NULL,
  `NAME` varchar(255) NOT NULL default '',
  `POSITION_DIMENSION_ONE` int(11) default NULL,
  `POSITION_DIMENSION_TWO` int(11) default NULL,
  PRIMARY KEY  (`IDENTIFIER`),
  UNIQUE KEY `NAME` (`NAME`),
  UNIQUE KEY `BARCODE` (`BARCODE`),
  KEY `FK49B8DE5DB097B2E` (`PARENT_CONTAINER_ID`),
  KEY `FK49B8DE5DAC76C0` (`CAPACITY_ID`),
  CONSTRAINT `FK49B8DE5DAC76C0` FOREIGN KEY (`CAPACITY_ID`) REFERENCES `catissue_capacity` (`IDENTIFIER`),
  CONSTRAINT `FK49B8DE5DB097B2E` FOREIGN KEY (`PARENT_CONTAINER_ID`) REFERENCES `catissue_container` (`IDENTIFIER`)
) ENGINE=InnoDB DEFAULT CHARSET=latin1;

--
-- Dumping data for table `catissue_container`
--


/*!40000 ALTER TABLE `catissue_container` DISABLE KEYS */;
LOCK TABLES `catissue_container` WRITE;
INSERT INTO `catissue_container` VALUES (1,'Active',NULL,4,NULL,NULL,0,'BJH_Freezer_1',NULL,NULL),(2,'Active',NULL,5,NULL,NULL,0,'BJH_Freezer_2',NULL,NULL),(3,'Active',NULL,6,1,NULL,0,'BJH_Rack_1',1,1),(4,'Active',NULL,7,1,NULL,0,'BJH_Rack_2',1,2),(5,'Active',NULL,8,1,NULL,0,'BJH_Rack_3',1,3),(6,'Active',NULL,9,2,NULL,0,'BJH_Rack_4',1,1),(7,'Active',NULL,10,2,NULL,0,'BJH_Rack_5',1,2),(8,'Active',NULL,11,2,NULL,0,'BJH_Rack_6',1,3),(9,'Active',NULL,12,3,NULL,0,'BJH_Box_1',1,1),(10,'Active',NULL,13,3,NULL,0,'BJH_Box_2',1,2),(11,'Active',NULL,14,3,NULL,0,'BJH_Box_3',1,3),(12,'Active',NULL,15,3,NULL,0,'BJH_Box_4',2,1),(13,'Active',NULL,16,3,NULL,0,'BJH_Box_5',2,2),(14,'Active',NULL,17,3,NULL,0,'BJH_Box_6',2,3),(15,'Active',NULL,18,4,NULL,0,'BJH_Box_7',1,1),(16,'Active',NULL,19,4,NULL,0,'BJH_Box_8',1,2),(17,'Active',NULL,20,4,NULL,0,'BJH_Box_9',1,3),(18,'Active',NULL,21,4,NULL,0,'BJH_Box_10',2,1),(19,'Active',NULL,22,4,NULL,0,'BJH_Box_11',2,2),(20,'Active',NULL,23,4,NULL,0,'BJH_Box_12',2,3),(21,'Active',NULL,24,5,NULL,0,'BJH_Box_13',1,1),(22,'Active',NULL,25,5,NULL,0,'BJH_Box_14',1,2),(23,'Active',NULL,26,5,NULL,0,'BJH_Box_15',1,3),(24,'Active',NULL,27,5,NULL,0,'BJH_Box_16',2,1),(25,'Active',NULL,28,5,NULL,0,'BJH_Box_17',2,2),(26,'Active',NULL,29,5,NULL,0,'BJH_Box_18',2,3),(27,'Active',NULL,30,6,NULL,0,'BJH_Box_19',1,1),(28,'Active',NULL,31,6,NULL,0,'BJH_Box_20',1,2),(29,'Active',NULL,32,6,NULL,0,'BJH_Box_21',1,3),(30,'Active',NULL,33,6,NULL,0,'BJH_Box_22',2,1),(31,'Active',NULL,34,6,NULL,0,'BJH_Box_23',2,2),(32,'Active',NULL,35,6,NULL,0,'BJH_Box_24',2,3),(33,'Active',NULL,36,7,NULL,0,'BJH_Box_25',1,1),(34,'Active',NULL,37,7,NULL,0,'BJH_Box_26',1,2),(35,'Active',NULL,38,7,NULL,0,'BJH_Box_27',1,3),(36,'Active',NULL,39,7,NULL,0,'BJH_Box_28',2,1),(37,'Active',NULL,40,7,NULL,0,'BJH_Box_29',2,2),(38,'Active',NULL,41,7,NULL,0,'BJH_Box_30',2,3),(39,'Active',NULL,42,8,NULL,0,'BJH_Box_31',1,1),(40,'Active',NULL,43,8,NULL,0,'BJH_Box_32',1,2),(41,'Active',NULL,44,8,NULL,0,'BJH_Box_33',1,3),(42,'Active',NULL,45,8,NULL,0,'BJH_Box_34',2,1),(43,'Active',NULL,46,8,NULL,0,'BJH_Box_35',2,2),(44,'Active',NULL,47,8,NULL,0,'BJH_Box_36',2,3);
UNLOCK TABLES;
/*!40000 ALTER TABLE `catissue_container` ENABLE KEYS */;

--
-- Table structure for table `catissue_container_type`
--

DROP TABLE IF EXISTS `catissue_container_type`;
CREATE TABLE `catissue_container_type` (
  `IDENTIFIER` bigint(20) NOT NULL auto_increment,
  `CAPACITY_ID` bigint(20) default NULL,
  `NAME` varchar(255) default NULL,
  `ONE_DIMENSION_LABEL` varchar(255) default NULL,
  `TWO_DIMENSION_LABEL` varchar(255) default NULL,
  `COMMENTS` text,
  `ACTIVITY_STATUS` varchar(50) default NULL,
  PRIMARY KEY  (`IDENTIFIER`),
  UNIQUE KEY `NAME` (`NAME`),
  KEY `FKCBBC9954DAC76C0` (`CAPACITY_ID`),
  CONSTRAINT `FKCBBC9954DAC76C0` FOREIGN KEY (`CAPACITY_ID`) REFERENCES `catissue_capacity` (`IDENTIFIER`)
) ENGINE=InnoDB DEFAULT CHARSET=latin1;

--
-- Dumping data for table `catissue_container_type`
--


/*!40000 ALTER TABLE `catissue_container_type` DISABLE KEYS */;
LOCK TABLES `catissue_container_type` WRITE;
INSERT INTO `catissue_container_type` VALUES (1,NULL,'All',NULL,NULL,NULL,'Disabled'),(2,NULL,'Any',NULL,NULL,NULL,'Disabled'),(3,1,'Box','Dimension1','Dimension2',NULL,'Active'),(4,2,'Rack','Dimension1','Dimension2',NULL,'Active'),(5,3,'Freezer','Dimension1','Dimension2',NULL,'Active'),(6,48,'Molecular_SAT',NULL,NULL,'','Active'),(7,49,'Tissue_SAT',NULL,NULL,'','Active');
UNLOCK TABLES;
/*!40000 ALTER TABLE `catissue_container_type` ENABLE KEYS */;

--
-- Table structure for table `catissue_deidentified_report`
--

DROP TABLE IF EXISTS `catissue_deidentified_report`;
CREATE TABLE `catissue_deidentified_report` (
  `IDENTIFIER` bigint(20) NOT NULL default '0',
  `IS_QUARANTINED` tinyint(1) default NULL,
  `SCG_ID` bigint(20) default NULL,
  PRIMARY KEY  (`IDENTIFIER`),
  KEY `FKCDD0DF7BBC7298A9` (`IDENTIFIER`),
  KEY `FKCDD0DF7B91741663` (`SCG_ID`),
  CONSTRAINT `FKCDD0DF7B91741663` FOREIGN KEY (`SCG_ID`) REFERENCES `catissue_specimen_coll_group` (`IDENTIFIER`),
  CONSTRAINT `FKCDD0DF7BBC7298A9` FOREIGN KEY (`IDENTIFIER`) REFERENCES `catissue_pathology_report` (`IDENTIFIER`)
) ENGINE=InnoDB DEFAULT CHARSET=latin1;

--
-- Dumping data for table `catissue_deidentified_report`
--


/*!40000 ALTER TABLE `catissue_deidentified_report` DISABLE KEYS */;
LOCK TABLES `catissue_deidentified_report` WRITE;
UNLOCK TABLES;
/*!40000 ALTER TABLE `catissue_deidentified_report` ENABLE KEYS */;

--
-- Table structure for table `catissue_department`
--

DROP TABLE IF EXISTS `catissue_department`;
CREATE TABLE `catissue_department` (
  `IDENTIFIER` bigint(20) NOT NULL auto_increment,
  `NAME` varchar(255) NOT NULL default '',
  PRIMARY KEY  (`IDENTIFIER`),
  UNIQUE KEY `NAME` (`NAME`)
) ENGINE=InnoDB DEFAULT CHARSET=latin1;

--
-- Dumping data for table `catissue_department`
--


/*!40000 ALTER TABLE `catissue_department` DISABLE KEYS */;
LOCK TABLES `catissue_department` WRITE;
INSERT INTO `catissue_department` VALUES (1,'d'),(2,'Pathology');
UNLOCK TABLES;
/*!40000 ALTER TABLE `catissue_department` ENABLE KEYS */;

--
-- Table structure for table `catissue_derieved_sp_ord_item`
--

DROP TABLE IF EXISTS `catissue_derieved_sp_ord_item`;
CREATE TABLE `catissue_derieved_sp_ord_item` (
  `IDENTIFIER` bigint(20) NOT NULL default '0',
  `SPECIMEN_CLASS` varchar(255) default NULL,
  `SPECIMEN_TYPE` varchar(255) default NULL,
  `SPECIMEN_ID` bigint(20) default NULL,
  PRIMARY KEY  (`IDENTIFIER`),
  KEY `FK3742152B60773DB2` (`SPECIMEN_ID`),
  CONSTRAINT `FK3742152B60773DB2` FOREIGN KEY (`SPECIMEN_ID`) REFERENCES `catissue_specimen` (`IDENTIFIER`)
) ENGINE=InnoDB DEFAULT CHARSET=latin1;

--
-- Dumping data for table `catissue_derieved_sp_ord_item`
--


/*!40000 ALTER TABLE `catissue_derieved_sp_ord_item` DISABLE KEYS */;
LOCK TABLES `catissue_derieved_sp_ord_item` WRITE;
UNLOCK TABLES;
/*!40000 ALTER TABLE `catissue_derieved_sp_ord_item` ENABLE KEYS */;

--
-- Table structure for table `catissue_disposal_event_param`
--

DROP TABLE IF EXISTS `catissue_disposal_event_param`;
CREATE TABLE `catissue_disposal_event_param` (
  `IDENTIFIER` bigint(20) NOT NULL default '0',
  `REASON` varchar(255) default NULL,
  PRIMARY KEY  (`IDENTIFIER`),
  KEY `FK1BC818D6BC7298A9` (`IDENTIFIER`),
  KEY `INDX_CATISSUE_COLEVT_RSN` (`REASON`),
  CONSTRAINT `FK1BC818D6BC7298A9` FOREIGN KEY (`IDENTIFIER`) REFERENCES `catissue_specimen_event_param` (`IDENTIFIER`)
) ENGINE=InnoDB DEFAULT CHARSET=latin1;

--
-- Dumping data for table `catissue_disposal_event_param`
--


/*!40000 ALTER TABLE `catissue_disposal_event_param` DISABLE KEYS */;
LOCK TABLES `catissue_disposal_event_param` WRITE;
UNLOCK TABLES;
/*!40000 ALTER TABLE `catissue_disposal_event_param` ENABLE KEYS */;

--
-- Table structure for table `catissue_distributed_item`
--

DROP TABLE IF EXISTS `catissue_distributed_item`;
CREATE TABLE `catissue_distributed_item` (
  `IDENTIFIER` bigint(20) NOT NULL auto_increment,
  `QUANTITY` double default NULL,
  `SPECIMEN_ID` bigint(20) default NULL,
  `SPECIMEN_ARRAY_ID` bigint(20) default NULL,
  `DISTRIBUTION_ID` bigint(20) default NULL,
  PRIMARY KEY  (`IDENTIFIER`),
  KEY `FKA7C3ED4B60773DB2` (`SPECIMEN_ID`),
  KEY `FKA7C3ED4BF8278B6` (`DISTRIBUTION_ID`),
  CONSTRAINT `FKA7C3ED4BF8278B6` FOREIGN KEY (`DISTRIBUTION_ID`) REFERENCES `catissue_distribution` (`IDENTIFIER`),
  CONSTRAINT `FKA7C3ED4B60773DB2` FOREIGN KEY (`SPECIMEN_ID`) REFERENCES `catissue_specimen` (`IDENTIFIER`)
) ENGINE=InnoDB DEFAULT CHARSET=latin1;

--
-- Dumping data for table `catissue_distributed_item`
--


/*!40000 ALTER TABLE `catissue_distributed_item` DISABLE KEYS */;
LOCK TABLES `catissue_distributed_item` WRITE;
UNLOCK TABLES;
/*!40000 ALTER TABLE `catissue_distributed_item` ENABLE KEYS */;

--
-- Table structure for table `catissue_distribution`
--

DROP TABLE IF EXISTS `catissue_distribution`;
CREATE TABLE `catissue_distribution` (
  `IDENTIFIER` bigint(20) NOT NULL auto_increment,
  `TO_SITE_ID` bigint(20) default NULL,
  `DISTRIBUTION_PROTOCOL_ID` bigint(20) default NULL,
  `ACTIVITY_STATUS` varchar(50) default NULL,
  `SPECIMEN_ID` bigint(20) default NULL,
  `EVENT_TIMESTAMP` datetime default NULL,
  `USER_ID` bigint(20) default NULL,
  `COMMENTS` text,
  `ORDER_ID` bigint(20) default NULL,
  PRIMARY KEY  (`IDENTIFIER`),
  KEY `FK542766802206F20F` (`USER_ID`),
  KEY `FK542766806B1F36E7` (`DISTRIBUTION_PROTOCOL_ID`),
  KEY `FK542766801DBE834F` (`TO_SITE_ID`),
  KEY `FK5427668060773DB2` (`SPECIMEN_ID`),
  KEY `FK54276680783867CC` (`ORDER_ID`),
  CONSTRAINT `FK54276680783867CC` FOREIGN KEY (`ORDER_ID`) REFERENCES `catissue_order` (`IDENTIFIER`),
  CONSTRAINT `FK542766801DBE834F` FOREIGN KEY (`TO_SITE_ID`) REFERENCES `catissue_site` (`IDENTIFIER`),
  CONSTRAINT `FK542766802206F20F` FOREIGN KEY (`USER_ID`) REFERENCES `catissue_user` (`IDENTIFIER`),
  CONSTRAINT `FK5427668060773DB2` FOREIGN KEY (`SPECIMEN_ID`) REFERENCES `catissue_specimen` (`IDENTIFIER`),
  CONSTRAINT `FK542766806B1F36E7` FOREIGN KEY (`DISTRIBUTION_PROTOCOL_ID`) REFERENCES `catissue_distribution_protocol` (`IDENTIFIER`)
) ENGINE=InnoDB DEFAULT CHARSET=latin1;

--
-- Dumping data for table `catissue_distribution`
--


/*!40000 ALTER TABLE `catissue_distribution` DISABLE KEYS */;
LOCK TABLES `catissue_distribution` WRITE;
UNLOCK TABLES;
/*!40000 ALTER TABLE `catissue_distribution` ENABLE KEYS */;

--
-- Table structure for table `catissue_distribution_protocol`
--

DROP TABLE IF EXISTS `catissue_distribution_protocol`;
CREATE TABLE `catissue_distribution_protocol` (
  `IDENTIFIER` bigint(20) NOT NULL default '0',
  PRIMARY KEY  (`IDENTIFIER`),
  KEY `FKC8999977BC7298A9` (`IDENTIFIER`),
  CONSTRAINT `FKC8999977BC7298A9` FOREIGN KEY (`IDENTIFIER`) REFERENCES `catissue_specimen_protocol` (`IDENTIFIER`)
) ENGINE=InnoDB DEFAULT CHARSET=latin1;

--
-- Dumping data for table `catissue_distribution_protocol`
--


/*!40000 ALTER TABLE `catissue_distribution_protocol` DISABLE KEYS */;
LOCK TABLES `catissue_distribution_protocol` WRITE;
INSERT INTO `catissue_distribution_protocol` VALUES (4),(5);
UNLOCK TABLES;
/*!40000 ALTER TABLE `catissue_distribution_protocol` ENABLE KEYS */;

--
-- Table structure for table `catissue_distribution_spe_req`
--

DROP TABLE IF EXISTS `catissue_distribution_spe_req`;
CREATE TABLE `catissue_distribution_spe_req` (
  `DISTRIBUTION_PROTOCOL_ID` bigint(20) NOT NULL default '0',
  `SPECIMEN_REQUIREMENT_ID` bigint(20) NOT NULL default '0',
  PRIMARY KEY  (`DISTRIBUTION_PROTOCOL_ID`,`SPECIMEN_REQUIREMENT_ID`),
  KEY `FKE34A3688BE10F0CE` (`SPECIMEN_REQUIREMENT_ID`),
  KEY `FKE34A36886B1F36E7` (`DISTRIBUTION_PROTOCOL_ID`),
  CONSTRAINT `FKE34A36886B1F36E7` FOREIGN KEY (`DISTRIBUTION_PROTOCOL_ID`) REFERENCES `catissue_distribution_protocol` (`IDENTIFIER`),
  CONSTRAINT `FKE34A3688BE10F0CE` FOREIGN KEY (`SPECIMEN_REQUIREMENT_ID`) REFERENCES `catissue_specimen_requirement` (`IDENTIFIER`)
) ENGINE=InnoDB DEFAULT CHARSET=latin1;

--
-- Dumping data for table `catissue_distribution_spe_req`
--


/*!40000 ALTER TABLE `catissue_distribution_spe_req` DISABLE KEYS */;
LOCK TABLES `catissue_distribution_spe_req` WRITE;
INSERT INTO `catissue_distribution_spe_req` VALUES (4,4),(5,5);
UNLOCK TABLES;
/*!40000 ALTER TABLE `catissue_distribution_spe_req` ENABLE KEYS */;

--
-- Table structure for table `catissue_embedded_event_param`
--

DROP TABLE IF EXISTS `catissue_embedded_event_param`;
CREATE TABLE `catissue_embedded_event_param` (
  `IDENTIFIER` bigint(20) NOT NULL default '0',
  `EMBEDDING_MEDIUM` varchar(50) default NULL,
  PRIMARY KEY  (`IDENTIFIER`),
  KEY `FKD356182FBC7298A9` (`IDENTIFIER`),
  KEY `INDX_CATISSUE_EMBEVT_MEDI` (`EMBEDDING_MEDIUM`),
  CONSTRAINT `FKD356182FBC7298A9` FOREIGN KEY (`IDENTIFIER`) REFERENCES `catissue_specimen_event_param` (`IDENTIFIER`)
) ENGINE=InnoDB DEFAULT CHARSET=latin1;

--
-- Dumping data for table `catissue_embedded_event_param`
--


/*!40000 ALTER TABLE `catissue_embedded_event_param` DISABLE KEYS */;
LOCK TABLES `catissue_embedded_event_param` WRITE;
UNLOCK TABLES;
/*!40000 ALTER TABLE `catissue_embedded_event_param` ENABLE KEYS */;

--
-- Table structure for table `catissue_event_param`
--

DROP TABLE IF EXISTS `catissue_event_param`;
CREATE TABLE `catissue_event_param` (
  `IDENTIFIER` bigint(20) NOT NULL default '0',
  PRIMARY KEY  (`IDENTIFIER`),
  KEY `FK90C79AECBC7298A9` (`IDENTIFIER`),
  CONSTRAINT `FK90C79AECBC7298A9` FOREIGN KEY (`IDENTIFIER`) REFERENCES `catissue_specimen_event_param` (`IDENTIFIER`)
) ENGINE=InnoDB DEFAULT CHARSET=latin1;

--
-- Dumping data for table `catissue_event_param`
--


/*!40000 ALTER TABLE `catissue_event_param` DISABLE KEYS */;
LOCK TABLES `catissue_event_param` WRITE;
UNLOCK TABLES;
/*!40000 ALTER TABLE `catissue_event_param` ENABLE KEYS */;

--
-- Table structure for table `catissue_existing_sp_ord_item`
--

DROP TABLE IF EXISTS `catissue_existing_sp_ord_item`;
CREATE TABLE `catissue_existing_sp_ord_item` (
  `IDENTIFIER` bigint(20) NOT NULL default '0',
  `SPECIMEN_ID` bigint(20) default NULL,
  PRIMARY KEY  (`IDENTIFIER`),
  KEY `FKF8B855EEBC7298A9` (`IDENTIFIER`),
  KEY `FKF8B855EE60773DB2` (`SPECIMEN_ID`),
  CONSTRAINT `FKF8B855EE60773DB2` FOREIGN KEY (`SPECIMEN_ID`) REFERENCES `catissue_specimen` (`IDENTIFIER`),
  CONSTRAINT `FKF8B855EEBC7298A9` FOREIGN KEY (`IDENTIFIER`) REFERENCES `catissue_order_item` (`IDENTIFIER`)
) ENGINE=InnoDB DEFAULT CHARSET=latin1;

--
-- Dumping data for table `catissue_existing_sp_ord_item`
--


/*!40000 ALTER TABLE `catissue_existing_sp_ord_item` DISABLE KEYS */;
LOCK TABLES `catissue_existing_sp_ord_item` WRITE;
UNLOCK TABLES;
/*!40000 ALTER TABLE `catissue_existing_sp_ord_item` ENABLE KEYS */;

--
-- Table structure for table `catissue_external_identifier`
--

DROP TABLE IF EXISTS `catissue_external_identifier`;
CREATE TABLE `catissue_external_identifier` (
  `IDENTIFIER` bigint(20) NOT NULL auto_increment,
  `NAME` varchar(255) default NULL,
  `VALUE` varchar(255) default NULL,
  `SPECIMEN_ID` bigint(20) default NULL,
  PRIMARY KEY  (`IDENTIFIER`),
  KEY `FK5CF2FA2160773DB2` (`SPECIMEN_ID`),
  CONSTRAINT `FK5CF2FA2160773DB2` FOREIGN KEY (`SPECIMEN_ID`) REFERENCES `catissue_specimen` (`IDENTIFIER`)
) ENGINE=InnoDB DEFAULT CHARSET=latin1;

--
-- Dumping data for table `catissue_external_identifier`
--


/*!40000 ALTER TABLE `catissue_external_identifier` DISABLE KEYS */;
LOCK TABLES `catissue_external_identifier` WRITE;
INSERT INTO `catissue_external_identifier` VALUES (1,'Sp1','Sp1',1),(2,'Sp2','Sp2',2),(3,'Sp3','Sp3',3),(4,'Sp4','Sp4',4),(5,'Sp5','Sp5',5),(6,'Sp6','Sp6',6),(7,'Sp7','Sp7',7),(8,'Sp8','Sp8',8),(9,'Sp1_Sp1','Sp1_Sp1',9),(10,'Sp2_Sp1','Sp2_Sp1',10),(11,'Sp2_Sp2','Sp2_Sp2',11),(12,'Sp3_Sp1','Sp3_Sp1',12),(13,'Sp3_Sp2','Sp3_Sp2',13),(14,'Sp3_Sp3','Sp3_Sp3',14),(15,'Sp4_Sp1','Sp4_Sp1',15),(16,'Sp3_Sp1_Sp1','Sp3_Sp1_Sp1',16);
UNLOCK TABLES;
/*!40000 ALTER TABLE `catissue_external_identifier` ENABLE KEYS */;

--
-- Table structure for table `catissue_fixed_event_param`
--

DROP TABLE IF EXISTS `catissue_fixed_event_param`;
CREATE TABLE `catissue_fixed_event_param` (
  `IDENTIFIER` bigint(20) NOT NULL default '0',
  `FIXATION_TYPE` varchar(50) NOT NULL default '',
  `DURATION_IN_MINUTES` int(11) default NULL,
  PRIMARY KEY  (`IDENTIFIER`),
  KEY `FKE0F1781BC7298A9` (`IDENTIFIER`),
  KEY `INDX_CATISSUE_FIXEVT_TYPE` (`FIXATION_TYPE`),
  KEY `INDX_CATISSUE_FIXEVT_MIN` (`DURATION_IN_MINUTES`),
  CONSTRAINT `FKE0F1781BC7298A9` FOREIGN KEY (`IDENTIFIER`) REFERENCES `catissue_specimen_event_param` (`IDENTIFIER`)
) ENGINE=InnoDB DEFAULT CHARSET=latin1;

--
-- Dumping data for table `catissue_fixed_event_param`
--


/*!40000 ALTER TABLE `catissue_fixed_event_param` DISABLE KEYS */;
LOCK TABLES `catissue_fixed_event_param` WRITE;
UNLOCK TABLES;
/*!40000 ALTER TABLE `catissue_fixed_event_param` ENABLE KEYS */;

--
-- Table structure for table `catissue_fluid_spe_event_param`
--

DROP TABLE IF EXISTS `catissue_fluid_spe_event_param`;
CREATE TABLE `catissue_fluid_spe_event_param` (
  `IDENTIFIER` bigint(20) NOT NULL default '0',
  `CELL_COUNT` double default NULL,
  PRIMARY KEY  (`IDENTIFIER`),
  KEY `FK70565D20BC7298A9` (`IDENTIFIER`),
  KEY `INDX_CATISSUE_FLDEVT_CELL` (`CELL_COUNT`),
  CONSTRAINT `FK70565D20BC7298A9` FOREIGN KEY (`IDENTIFIER`) REFERENCES `catissue_event_param` (`IDENTIFIER`)
) ENGINE=InnoDB DEFAULT CHARSET=latin1;

--
-- Dumping data for table `catissue_fluid_spe_event_param`
--


/*!40000 ALTER TABLE `catissue_fluid_spe_event_param` DISABLE KEYS */;
LOCK TABLES `catissue_fluid_spe_event_param` WRITE;
UNLOCK TABLES;
/*!40000 ALTER TABLE `catissue_fluid_spe_event_param` ENABLE KEYS */;

--
-- Table structure for table `catissue_frozen_event_param`
--

DROP TABLE IF EXISTS `catissue_frozen_event_param`;
CREATE TABLE `catissue_frozen_event_param` (
  `IDENTIFIER` bigint(20) NOT NULL default '0',
  `METHOD` varchar(50) default NULL,
  PRIMARY KEY  (`IDENTIFIER`),
  KEY `FK52627245BC7298A9` (`IDENTIFIER`),
  KEY `INDX_CATISSUE_FROZEVT_METH` (`METHOD`),
  CONSTRAINT `FK52627245BC7298A9` FOREIGN KEY (`IDENTIFIER`) REFERENCES `catissue_specimen_event_param` (`IDENTIFIER`)
) ENGINE=InnoDB DEFAULT CHARSET=latin1;

--
-- Dumping data for table `catissue_frozen_event_param`
--


/*!40000 ALTER TABLE `catissue_frozen_event_param` DISABLE KEYS */;
LOCK TABLES `catissue_frozen_event_param` WRITE;
UNLOCK TABLES;
/*!40000 ALTER TABLE `catissue_frozen_event_param` ENABLE KEYS */;

--
-- Table structure for table `catissue_identified_report`
--

DROP TABLE IF EXISTS `catissue_identified_report`;
CREATE TABLE `catissue_identified_report` (
  `IDENTIFIER` bigint(20) NOT NULL default '0',
  `DEID_REPORT` bigint(20) default NULL,
  `SCG_ID` bigint(20) default NULL,
  PRIMARY KEY  (`IDENTIFIER`),
  KEY `FK6A2246DCBC7298A9` (`IDENTIFIER`),
  KEY `FK6A2246DC752DD177` (`DEID_REPORT`),
  KEY `FK6A2246DC91741663` (`SCG_ID`),
  CONSTRAINT `FK6A2246DC91741663` FOREIGN KEY (`SCG_ID`) REFERENCES `catissue_specimen_coll_group` (`IDENTIFIER`),
  CONSTRAINT `FK6A2246DC752DD177` FOREIGN KEY (`DEID_REPORT`) REFERENCES `catissue_deidentified_report` (`IDENTIFIER`),
  CONSTRAINT `FK6A2246DCBC7298A9` FOREIGN KEY (`IDENTIFIER`) REFERENCES `catissue_pathology_report` (`IDENTIFIER`)
) ENGINE=InnoDB DEFAULT CHARSET=latin1;

--
-- Dumping data for table `catissue_identified_report`
--


/*!40000 ALTER TABLE `catissue_identified_report` DISABLE KEYS */;
LOCK TABLES `catissue_identified_report` WRITE;
UNLOCK TABLES;
/*!40000 ALTER TABLE `catissue_identified_report` ENABLE KEYS */;

--
-- Table structure for table `catissue_in_out_event_param`
--

DROP TABLE IF EXISTS `catissue_in_out_event_param`;
CREATE TABLE `catissue_in_out_event_param` (
  `IDENTIFIER` bigint(20) NOT NULL default '0',
  `STORAGE_STATUS` varchar(100) NOT NULL default '',
  PRIMARY KEY  (`IDENTIFIER`),
  KEY `FK4F0FAEB9BC7298A9` (`IDENTIFIER`),
  KEY `INDX_CATISSUE_IOEVT_STATUS` (`STORAGE_STATUS`),
  CONSTRAINT `FK4F0FAEB9BC7298A9` FOREIGN KEY (`IDENTIFIER`) REFERENCES `catissue_specimen_event_param` (`IDENTIFIER`)
) ENGINE=InnoDB DEFAULT CHARSET=latin1;

--
-- Dumping data for table `catissue_in_out_event_param`
--


/*!40000 ALTER TABLE `catissue_in_out_event_param` DISABLE KEYS */;
LOCK TABLES `catissue_in_out_event_param` WRITE;
UNLOCK TABLES;
/*!40000 ALTER TABLE `catissue_in_out_event_param` ENABLE KEYS */;

--
-- Table structure for table `catissue_institution`
--

DROP TABLE IF EXISTS `catissue_institution`;
CREATE TABLE `catissue_institution` (
  `IDENTIFIER` bigint(20) NOT NULL auto_increment,
  `NAME` varchar(255) NOT NULL default '',
  PRIMARY KEY  (`IDENTIFIER`),
  UNIQUE KEY `NAME` (`NAME`)
) ENGINE=InnoDB DEFAULT CHARSET=latin1;

--
-- Dumping data for table `catissue_institution`
--


/*!40000 ALTER TABLE `catissue_institution` DISABLE KEYS */;
LOCK TABLES `catissue_institution` WRITE;
INSERT INTO `catissue_institution` VALUES (1,'i'),(2,'Washington University');
UNLOCK TABLES;
/*!40000 ALTER TABLE `catissue_institution` ENABLE KEYS */;

--
-- Table structure for table `catissue_interface_column_data`
--

DROP TABLE IF EXISTS `catissue_interface_column_data`;
CREATE TABLE `catissue_interface_column_data` (
  `IDENTIFIER` bigint(20) NOT NULL auto_increment,
  `TABLE_ID` bigint(20) NOT NULL default '0',
  `COLUMN_NAME` varchar(50) default NULL,
  `ATTRIBUTE_TYPE` varchar(30) default NULL,
  PRIMARY KEY  (`IDENTIFIER`)
) ENGINE=InnoDB DEFAULT CHARSET=latin1;

--
-- Dumping data for table `catissue_interface_column_data`
--


/*!40000 ALTER TABLE `catissue_interface_column_data` DISABLE KEYS */;
LOCK TABLES `catissue_interface_column_data` WRITE;
INSERT INTO `catissue_interface_column_data` VALUES (1,4,'IDENTIFIER','bigint'),(2,4,'STREET','varchar'),(3,4,'CITY','varchar'),(4,4,'STATE','varchar'),(5,4,'COUNTRY','varchar'),(6,4,'ZIPCODE','varchar'),(7,4,'PHONE_NUMBER','varchar'),(8,4,'FAX_NUMBER','varchar'),(9,39,'IDENTIFIER','bigint'),(10,39,'IP_ADDRESS','varchar'),(11,39,'EVENT_TIMESTAMP','timestamp'),(12,39,'USER_ID','bigint'),(13,39,'COMMENTS','text'),(14,40,'IDENTIFIER','bigint'),(15,40,'ELEMENT_NAME','varchar'),(16,40,'PREVIOUS_VALUE','varchar'),(17,40,'CURRENT_VALUE','varchar'),(18,40,'AUDIT_EVENT_LOG_ID','bigint'),(19,41,'IDENTIFIER','bigint'),(20,41,'OBJECT_IDENTIFIER','bigint'),(21,41,'OBJECT_NAME','varchar'),(22,41,'EVENT_TYPE','varchar'),(23,41,'AUDIT_EVENT_ID','bigint'),(24,8,'IDENTIFIER','bigint'),(25,8,'NAME','varchar'),(26,8,'COMMENTS','text'),(27,8,'TYPE','varchar'),(28,7,'IDENTIFIER','bigint'),(29,7,'NAME','varchar'),(30,42,'PUBLIC_ID','varchar'),(31,42,'LONG_NAME','varchar'),(32,42,'DEFINITION','text'),(33,42,'VERSION','varchar'),(37,12,'QUANTITY_ID','bigint'),(38,12,'SPECIMEN_CLASS','varchar'),(39,43,'IDENTIFIER','bigint'),(40,43,'NEOPLASTIC_CELLULARITY_PER','double'),(41,43,'VIABLE_CELL_PERCENTAGE','double'),(42,44,'IDENTIFIER','bigint'),(43,44,'STORAGE_STATUS','varchar'),(44,26,'IDENTIFIER','bigint'),(45,26,'SURGICAL_PATHOLOGICAL_NUMBER','varchar'),(46,26,'PARTICIPENT_MEDI_IDENTIFIER_ID','bigint'),(47,17,'COLLECTION_PROTOCOL_ID','bigint'),(48,17,'USER_ID','bigint'),(49,45,'COLLECTION_PROTOCOL_ID','bigint'),(50,45,'DISTRIBUTION_PROTOCOL_ID','bigint'),(51,46,'IDENTIFIER','bigint'),(52,46,'COLLECTION_PROCEDURE','varchar'),(53,46,'CONTAINER','varchar'),(54,10,'IDENTIFIER','bigint'),(55,11,'IDENTIFIER','bigint'),(56,11,'CLINICAL_STATUS','varchar'),(57,11,'STUDY_CALENDAR_EVENT_POINT','double'),(58,11,'COLLECTION_PROTOCOL_ID','bigint'),(59,27,'IDENTIFIER','bigint'),(60,27,'PROTOCOL_PARTICIPANT_ID','varchar'),(61,27,'REGISTRATION_DATE','date'),(62,27,'PARTICIPANT_ID','bigint'),(63,27,'COLLECTION_PROTOCOL_ID','bigint'),(64,27,'ACTIVITY_STATUS','varchar'),(65,18,'COLLECTION_PROTOCOL_EVENT_ID','bigint'),(66,18,'SPECIMEN_REQUIREMENT_ID','bigint'),(67,5,'IDENTIFIER','bigint'),(68,5,'NAME','varchar'),(69,47,'IDENTIFIER','bigint'),(70,47,'REASON','varchar'),(71,37,'IDENTIFIER','bigint'),(72,37,'QUANTITY','double'),(73,37,'SPECIMEN_ID','bigint'),(74,37,'DISTRIBUTION_ID','bigint'),(75,38,'IDENTIFIER','bigint'),(76,38,'TO_SITE_ID','bigint'),(78,38,'DISTRIBUTION_PROTOCOL_ID','bigint'),(79,19,'IDENTIFIER','bigint'),(80,20,'DISTRIBUTION_PROTOCOL_ID','bigint'),(81,20,'SPECIMEN_REQUIREMENT_ID','bigint'),(82,48,'IDENTIFIER','bigint'),(83,48,'EMBEDDING_MEDIUM','varchar'),(84,28,'IDENTIFIER','bigint'),(85,28,'NAME','varchar'),(86,28,'VALUE','varchar'),(87,28,'SPECIMEN_ID','bigint'),(88,49,'IDENTIFIER','bigint'),(89,49,'FIXATION_TYPE','varchar'),(90,49,'DURATION_IN_MINUTES','integer'),(96,50,'IDENTIFIER','bigint'),(97,50,'CELL_COUNT','double'),(98,51,'IDENTIFIER','bigint'),(99,51,'METHOD','varchar'),(100,6,'IDENTIFIER','bigint'),(101,6,'NAME','varchar'),(102,33,'SPECIMEN_CLASS','varchar'),(103,33,'QUANTITY','double'),(104,33,'AVAILABLE_QUANTITY','double'),(105,33,'CONCENTRATION','double'),(108,52,'IDENTIFIER','bigint'),(109,52,'GEL_IMAGE_URL','varchar'),(110,52,'QUALITY_INDEX','varchar'),(111,52,'LANE_NUMBER','varchar'),(112,52,'GEL_NUMBER','integer'),(113,52,'ABSORBANCE_AT_260','double'),(114,52,'ABSORBANCE_AT_280','double'),(115,52,'RATIO_28S_TO_18S','double'),(116,31,'IDENTIFIER','bigint'),(117,31,'LAST_NAME','varchar'),(118,31,'FIRST_NAME','varchar'),(119,31,'MIDDLE_NAME','varchar'),(120,31,'BIRTH_DATE','date'),(121,31,'GENDER','varchar'),(122,31,'GENOTYPE','varchar'),(124,31,'ETHNICITY','varchar'),(125,31,'SOCIAL_SECURITY_NUMBER','varchar'),(126,31,'ACTIVITY_STATUS','varchar'),(127,32,'IDENTIFIER','bigint'),(128,32,'MEDICAL_RECORD_NUMBER','varchar'),(129,32,'SITE_ID','bigint'),(130,32,'PARTICIPANT_ID','bigint'),(131,53,'IDENTIFIER','varchar'),(132,53,'CONCEPT_CODE','varchar'),(133,53,'DEFINITION','text'),(134,53,'EVS_CODE','text'),(135,53,'PARENT_IDENTIFIER','varchar'),(136,53,'VALUE','varchar'),(137,53,'PUBLIC_ID','varchar'),(138,54,'IDENTIFIER','bigint'),(139,54,'URL','varchar'),(140,54,'NAME','varchar'),(141,55,'IDENTIFIER','bigint'),(142,55,'TABLE_ID','bigint'),(143,55,'COLUMN_NAME','varchar'),(144,55,'DISPLAY_NAME','varchar'),(145,55,'ATTRIBUTE_TYPE','varchar'),(146,56,'TABLE_ID','bigint'),(147,56,'DISPLAY_NAME','varchar'),(148,56,'TABLE_NAME','varchar'),(149,56,'ALIAS_NAME','varchar'),(150,57,'IDENTIFIER','bigint'),(151,57,'RECEIVED_QUALITY','varchar'),(152,58,'FIRST_TABLE_ID','bigint'),(153,58,'SECOND_TABLE_ID','bigint'),(154,58,'FIRST_TABLE_JOIN_COLUMN','varchar'),(155,58,'SECOND_TABLE_JOIN_COLUMN','varchar'),(156,59,'IDENTIFIER','bigint'),(157,59,'AFFILIATION','varchar'),(158,59,'NAME_OF_REPORTER','varchar'),(159,59,'REPORTERS_EMAIL_ID','varchar'),(160,59,'MESSAGE_BODY','varchar'),(161,59,'SUBJECT','varchar'),(162,59,'REPORTED_DATE','date'),(163,59,'ACTIVITY_STATUS','varchar'),(164,59,'COMMENTS','text'),(165,60,'IDENTIFIER','bigint'),(166,61,'IDENTIFIER','bigint'),(167,61,'FIRST_NAME','varchar'),(168,61,'LAST_NAME','varchar'),(169,61,'LOGIN_NAME','varchar'),(170,61,'EMAIL_ADDRESS','varchar'),(171,61,'START_DATE','date'),(172,61,'ACTIVITY_STATUS','varchar'),(173,61,'DEPARTMENT_ID','bigint'),(174,61,'STREET','varchar'),(175,61,'CITY','varchar'),(176,61,'STATE','varchar'),(177,61,'COUNTRY','varchar'),(178,61,'ZIPCODE','varchar'),(179,61,'PHONE_NUMBER','varchar'),(180,61,'FAX_NUMBER','varchar'),(181,61,'CANCER_RESEARCH_GROUP_ID','bigint'),(182,61,'INSTITUTION_ID','bigint'),(183,61,'STATUS_COMMENT','text'),(184,3,'IDENTIFIER','bigint'),(185,3,'NAME','varchar'),(186,3,'TYPE','varchar'),(187,3,'EMAIL_ADDRESS','varchar'),(188,3,'USER_ID','bigint'),(189,3,'ACTIVITY_STATUS','varchar'),(190,3,'ADDRESS_ID','bigint'),(191,33,'IDENTIFIER','bigint'),(192,33,'TYPE','varchar'),(193,33,'AVAILABLE','tinyint'),(194,33,'POSITION_DIMENSION_ONE','integer'),(195,33,'POSITION_DIMENSION_TWO','integer'),(196,33,'BARCODE','varchar'),(197,33,'COMMENTS','varchar'),(198,33,'ACTIVITY_STATUS','varchar'),(199,33,'PARENT_SPECIMEN_ID','bigint'),(200,33,'STORAGE_CONTAINER_IDENTIFIER','bigint'),(201,33,'SPECIMEN_COLLECTION_GROUP_ID','bigint'),(202,33,'SPECIMEN_CHARACTERISTICS_ID','bigint'),(203,62,'BIOHAZARD_ID','bigint'),(204,62,'SPECIMEN_ID','bigint'),(205,34,'IDENTIFIER','bigint'),(206,34,'TISSUE_SITE','varchar'),(207,34,'TISSUE_SIDE','varchar'),(208,33,'PATHOLOGICAL_STATUS','varchar'),(209,35,'IDENTIFIER','bigint'),(210,35,'CLINICAL_DIAGNOSIS','varchar'),(211,35,'CLINICAL_STATUS','varchar'),(212,35,'ACTIVITY_STATUS','varchar'),(213,35,'SITE_ID','bigint'),(214,35,'COLLECTION_PROTOCOL_EVENT_ID','bigint'),(215,35,'CLINICAL_REPORT_ID','bigint'),(216,35,'COLLECTION_PROTOCOL_REG_ID','bigint'),(217,63,'IDENTIFIER','bigint'),(218,63,'SPECIMEN_ID','bigint'),(219,63,'EVENT_TIMESTAMP','timestamptime'),(220,63,'USER_ID','bigint'),(221,63,'COMMENTS','text'),(222,9,'IDENTIFIER','bigint'),(223,9,'PRINCIPAL_INVESTIGATOR_ID','bigint'),(224,9,'TITLE','varchar'),(225,9,'SHORT_TITLE','varchar'),(226,9,'IRB_IDENTIFIER','varchar'),(227,9,'START_DATE','date'),(228,9,'END_DATE','date'),(229,9,'ENROLLMENT','integer'),(230,9,'DESCRIPTION_URL','varchar'),(231,9,'ACTIVITY_STATUS','varchar'),(232,12,'IDENTIFIER','bigint'),(233,12,'SPECIMEN_TYPE','varchar'),(234,12,'TISSUE_SITE','varchar'),(235,12,'PATHOLOGY_STATUS','varchar'),(236,64,'IDENTIFIER','bigint'),(237,64,'GFORCE','double'),(238,64,'DURATION_IN_MINUTES','integer'),(239,21,'IDENTIFIER','bigint'),(240,70,'NAME','varchar'),(241,21,'TEMPERATURE','double'),(242,70,'FULL','tinyint'),(243,70,'BARCODE','varchar'),(244,70,'ACTIVITY_STATUS','varchar'),(245,21,'STORAGE_TYPE_ID','bigint'),(246,21,'SITE_ID','bigint'),(247,70,'PARENT_CONTAINER_ID','bigint'),(248,70,'CAPACITY_ID','bigint'),(249,70,'POSITION_DIMENSION_ONE','integer'),(250,70,'POSITION_DIMENSION_TWO','integer'),(251,2,'IDENTIFIER','bigint'),(252,2,'ONE_DIMENSION_CAPACITY','integer'),(253,2,'TWO_DIMENSION_CAPACITY','integer'),(258,1,'IDENTIFIER','bigint'),(260,1,'DEFAULT_TEMPERATURE','double'),(261,69,'ONE_DIMENSION_LABEL','varchar'),(262,69,'TWO_DIMENSION_LABEL','varchar'),(263,69,'CAPACITY_ID','bigint'),(264,65,'PARENT_TABLE_ID','bigint'),(265,65,'CHILD_TABLE_ID','bigint'),(266,66,'IDENTIFIER','bigint'),(272,67,'IDENTIFIER','bigint'),(273,67,'NEOPLASTIC_CELLULARITY_PER','double'),(274,67,'NECROSIS_PERCENTAGE','double'),(275,67,'LYMPHOCYTIC_PERCENTAGE','double'),(276,67,'TOTAL_CELLULARITY_PERCENTAGE','double'),(277,67,'HISTOLOGICAL_QUALITY','varchar'),(278,68,'IDENTIFIER','bigint'),(279,68,'FROM_POSITION_DIMENSION_ONE','integer'),(280,68,'FROM_POSITION_DIMENSION_TWO','integer'),(281,68,'TO_POSITION_DIMENSION_ONE','integer'),(282,68,'TO_POSITION_DIMENSION_TWO','integer'),(283,68,'TO_STORAGE_CONTAINER_ID','bigint'),(284,68,'FROM_STORAGE_CONTAINER_ID','bigint'),(285,23,'IDENTIFIER','bigint'),(286,23,'ACTIVITY_STATUS','varchar'),(287,23,'DEPARTMENT_ID','bigint'),(288,23,'CANCER_RESEARCH_GROUP_ID','bigint'),(289,23,'INSTITUTION_ID','bigint'),(290,23,'ADDRESS_ID','bigint'),(291,23,'STATUS_COMMENT','text'),(292,23,'LAST_NAME','varchar'),(293,23,'FIRST_NAME','varchar'),(294,23,'LOGIN_NAME','varchar'),(295,23,'START_DATE','date'),(296,63,'EVENT_TIMESTAMP','timestampdate'),(297,38,'ACTIVITY_STATUS','varchar'),(298,38,'EVENT_TIMESTAMP','timestampdate'),(299,38,'USER_ID','bigint'),(300,38,'COMMENTS','varchar'),(301,38,'SPECIMEN_ID','bigint'),(302,38,'EVENT_TIMESTAMP','timestamptime'),(303,31,'DEATH_DATE','date'),(304,31,'VITAL_STATUS','varchar'),(305,1,'ACTIVITY_STATUS','varchar'),(306,69,'IDENTIFIER','bigint'),(307,69,'NAME','varchar'),(308,69,'COMMENTS','varchar'),(309,70,'IDENTIFIER','bigint'),(310,70,'COMMENTS','varchar'),(311,71,'IDENTIFIER','bigint'),(312,71,'SPECIMEN_CLASS','varchar'),(313,72,'IDENTIFIER','bigint'),(314,72,'CREATED_BY_ID','bigint'),(315,72,'SPECIMEN_ARRAY_TYPE_ID','bigint'),(316,73,'PARTICIPANT_ID','bigint'),(317,73,'RACE_NAME','varchar'),(318,74,'IDENTIFIER','bigint'),(319,74,'QUANTITY','double'),(320,35,'NAME','varchar'),(321,72,'DISTRIBUTION_ID','bigint'),(322,33,'LINEAGE','varchar'),(323,33,'LABEL','varchar'),(324,72,'AVAILABLE','tinyint'),(325,75,'EVENT_TIMESTAMP','timestampdate'),(326,75,'EVENT_TIMESTAMP','timestamptime'),(327,75,'IDENTIFIER','bigint'),(328,79,'IDENTIFIER','bigint');
UNLOCK TABLES;
/*!40000 ALTER TABLE `catissue_interface_column_data` ENABLE KEYS */;

--
-- Table structure for table `catissue_mol_spe_review_param`
--

DROP TABLE IF EXISTS `catissue_mol_spe_review_param`;
CREATE TABLE `catissue_mol_spe_review_param` (
  `IDENTIFIER` bigint(20) NOT NULL default '0',
  `GEL_IMAGE_URL` varchar(255) default NULL,
  `QUALITY_INDEX` varchar(50) default NULL,
  `LANE_NUMBER` varchar(50) default NULL,
  `GEL_NUMBER` int(11) default NULL,
  `ABSORBANCE_AT_260` double default NULL,
  `ABSORBANCE_AT_280` double default NULL,
  `RATIO_28S_TO_18S` double default NULL,
  PRIMARY KEY  (`IDENTIFIER`),
  KEY `FK5280ECEBC7298A9` (`IDENTIFIER`),
  KEY `INDX_CATISSUE_MOLEVT_METH` (`GEL_IMAGE_URL`),
  KEY `INDX_CATISSUE_MOLEVT_LANE` (`LANE_NUMBER`),
  KEY `INDX_CATISSUE_MOLEVT_GEL` (`GEL_NUMBER`),
  KEY `INDX_CATISSUE_MOLEVT_ABS1` (`ABSORBANCE_AT_260`),
  KEY `INDX_CATISSUE_MOLEVT_ABS2` (`ABSORBANCE_AT_280`),
  KEY `INDX_CATISSUE_MOLEVT_RAT` (`RATIO_28S_TO_18S`),
  CONSTRAINT `FK5280ECEBC7298A9` FOREIGN KEY (`IDENTIFIER`) REFERENCES `catissue_event_param` (`IDENTIFIER`)
) ENGINE=InnoDB DEFAULT CHARSET=latin1;

--
-- Dumping data for table `catissue_mol_spe_review_param`
--


/*!40000 ALTER TABLE `catissue_mol_spe_review_param` DISABLE KEYS */;
LOCK TABLES `catissue_mol_spe_review_param` WRITE;
UNLOCK TABLES;
/*!40000 ALTER TABLE `catissue_mol_spe_review_param` ENABLE KEYS */;

--
-- Table structure for table `catissue_new_sp_ar_order_item`
--

DROP TABLE IF EXISTS `catissue_new_sp_ar_order_item`;
CREATE TABLE `catissue_new_sp_ar_order_item` (
  `IDENTIFIER` bigint(20) NOT NULL default '0',
  `ARRAY_TYPE_ID` bigint(20) default NULL,
  `NAME` varchar(255) default NULL,
  `SPECIMEN_ARRAY_ID` bigint(20) default NULL,
  PRIMARY KEY  (`IDENTIFIER`),
  KEY `FKC5C92CCBCE5FBC3A` (`ARRAY_TYPE_ID`),
  KEY `FKC5C92CCBBC7298A9` (`IDENTIFIER`),
  CONSTRAINT `FKC5C92CCBBC7298A9` FOREIGN KEY (`IDENTIFIER`) REFERENCES `catissue_order_item` (`IDENTIFIER`),
  CONSTRAINT `FKC5C92CCBCE5FBC3A` FOREIGN KEY (`ARRAY_TYPE_ID`) REFERENCES `catissue_specimen_array_type` (`IDENTIFIER`)
) ENGINE=InnoDB DEFAULT CHARSET=latin1;

--
-- Dumping data for table `catissue_new_sp_ar_order_item`
--


/*!40000 ALTER TABLE `catissue_new_sp_ar_order_item` DISABLE KEYS */;
LOCK TABLES `catissue_new_sp_ar_order_item` WRITE;
INSERT INTO `catissue_new_sp_ar_order_item` VALUES (1,6,'Array Order',NULL),(3,6,'Array Order',NULL);
UNLOCK TABLES;
/*!40000 ALTER TABLE `catissue_new_sp_ar_order_item` ENABLE KEYS */;

--
-- Table structure for table `catissue_order`
--

DROP TABLE IF EXISTS `catissue_order`;
CREATE TABLE `catissue_order` (
  `IDENTIFIER` bigint(20) NOT NULL auto_increment,
  `COMMENTS` text,
  `DISTRIBUTION_PROTOCOL_ID` bigint(20) default NULL,
  `NAME` text,
  `REQUESTED_DATE` datetime default NULL,
  `STATUS` varchar(50) default NULL,
  PRIMARY KEY  (`IDENTIFIER`),
  KEY `FK543F22B26B1F36E7` (`DISTRIBUTION_PROTOCOL_ID`),
  CONSTRAINT `FK543F22B26B1F36E7` FOREIGN KEY (`DISTRIBUTION_PROTOCOL_ID`) REFERENCES `catissue_distribution_protocol` (`IDENTIFIER`)
) ENGINE=InnoDB DEFAULT CHARSET=latin1;

--
-- Dumping data for table `catissue_order`
--


/*!40000 ALTER TABLE `catissue_order` DISABLE KEYS */;
LOCK TABLES `catissue_order` WRITE;
INSERT INTO `catissue_order` VALUES (1,'Comment',4,'Request1 ','1984-04-02 00:00:00','New'),(2,'UpdatedComment',4,'Updated Request Name','1984-05-02 00:00:00','Pending');
UNLOCK TABLES;
/*!40000 ALTER TABLE `catissue_order` ENABLE KEYS */;

--
-- Table structure for table `catissue_order_item`
--

DROP TABLE IF EXISTS `catissue_order_item`;
CREATE TABLE `catissue_order_item` (
  `IDENTIFIER` bigint(20) NOT NULL auto_increment,
  `DESCRIPTION` text,
  `DISTRIBUTED_ITEM_ID` bigint(20) default NULL,
  `STATUS` varchar(50) default NULL,
  `REQUESTED_QUANTITY` double default NULL,
  `ORDER_ID` bigint(20) default NULL,
  PRIMARY KEY  (`IDENTIFIER`),
  KEY `FKB501E88060975C0B` (`DISTRIBUTED_ITEM_ID`),
  KEY `FKB501E880783867CC` (`ORDER_ID`),
  CONSTRAINT `FKB501E880783867CC` FOREIGN KEY (`ORDER_ID`) REFERENCES `catissue_order` (`IDENTIFIER`),
  CONSTRAINT `FKB501E88060975C0B` FOREIGN KEY (`DISTRIBUTED_ITEM_ID`) REFERENCES `catissue_distributed_item` (`IDENTIFIER`)
) ENGINE=InnoDB DEFAULT CHARSET=latin1;

--
-- Dumping data for table `catissue_order_item`
--


/*!40000 ALTER TABLE `catissue_order_item` DISABLE KEYS */;
LOCK TABLES `catissue_order_item` WRITE;
INSERT INTO `catissue_order_item` VALUES (1,'OrderDetails Item 1 of Order_Id ',NULL,'Pending - For Protocol Review',10,1),(2,NULL,NULL,NULL,NULL,NULL),(3,'Updated OrderDetails Item 1 of Order_Id ',NULL,'Pending - For Specimen Distribution',10,2),(4,NULL,NULL,NULL,NULL,NULL);
UNLOCK TABLES;
/*!40000 ALTER TABLE `catissue_order_item` ENABLE KEYS */;

--
-- Table structure for table `catissue_part_medical_id`
--

DROP TABLE IF EXISTS `catissue_part_medical_id`;
CREATE TABLE `catissue_part_medical_id` (
  `IDENTIFIER` bigint(20) NOT NULL auto_increment,
  `MEDICAL_RECORD_NUMBER` varchar(255) default NULL,
  `SITE_ID` bigint(20) default NULL,
  `PARTICIPANT_ID` bigint(20) default NULL,
  PRIMARY KEY  (`IDENTIFIER`),
  UNIQUE KEY `mrn_site_unique` (`MEDICAL_RECORD_NUMBER`,`SITE_ID`),
  KEY `FK349E77F9A7F77D13` (`SITE_ID`),
  KEY `FK349E77F987E5ADC7` (`PARTICIPANT_ID`),
  KEY `INDX_PART_MEDICAL_RECNO` (`MEDICAL_RECORD_NUMBER`),
  CONSTRAINT `FK349E77F987E5ADC7` FOREIGN KEY (`PARTICIPANT_ID`) REFERENCES `catissue_participant` (`IDENTIFIER`),
  CONSTRAINT `FK349E77F9A7F77D13` FOREIGN KEY (`SITE_ID`) REFERENCES `catissue_site` (`IDENTIFIER`)
) ENGINE=InnoDB DEFAULT CHARSET=latin1;

--
-- Dumping data for table `catissue_part_medical_id`
--


/*!40000 ALTER TABLE `catissue_part_medical_id` DISABLE KEYS */;
LOCK TABLES `catissue_part_medical_id` WRITE;
INSERT INTO `catissue_part_medical_id` VALUES (1,'1111',1,1),(2,NULL,NULL,2),(3,NULL,NULL,3),(4,NULL,NULL,4),(5,NULL,NULL,5);
UNLOCK TABLES;
/*!40000 ALTER TABLE `catissue_part_medical_id` ENABLE KEYS */;

--
-- Table structure for table `catissue_participant`
--

DROP TABLE IF EXISTS `catissue_participant`;
CREATE TABLE `catissue_participant` (
  `IDENTIFIER` bigint(20) NOT NULL auto_increment,
  `LAST_NAME` varchar(255) default NULL,
  `FIRST_NAME` varchar(255) default NULL,
  `MIDDLE_NAME` varchar(255) default NULL,
  `BIRTH_DATE` date default NULL,
  `GENDER` varchar(20) default NULL,
  `GENOTYPE` varchar(50) default NULL,
  `ETHNICITY` varchar(50) default NULL,
  `SOCIAL_SECURITY_NUMBER` varchar(50) default NULL,
  `ACTIVITY_STATUS` varchar(50) default NULL,
  `DEATH_DATE` date default NULL,
  `VITAL_STATUS` varchar(50) default NULL,
  PRIMARY KEY  (`IDENTIFIER`),
  UNIQUE KEY `SOCIAL_SECURITY_NUMBER` (`SOCIAL_SECURITY_NUMBER`),
  KEY `INDX_PARTICIPANT_LNAME` (`LAST_NAME`),
  KEY `INDX_PARTICIPANT_FNAME` (`FIRST_NAME`),
  KEY `INDX_PARTICIPANT_MNAME` (`MIDDLE_NAME`),
  KEY `INDX_PARTICIPANT_BDATE` (`BIRTH_DATE`),
  KEY `INDX_PARTICIPANT_DDATE` (`DEATH_DATE`),
  KEY `INDX_PARTICIPANT_VSTATUS` (`VITAL_STATUS`),
  KEY `INDX_PARTICIPANT_GENDER` (`GENDER`),
  KEY `INDX_PARTICIPANT_GENOTYPE` (`GENOTYPE`),
  KEY `INDX_PARTICIPANT_ETHNICITY` (`ETHNICITY`)
) ENGINE=InnoDB DEFAULT CHARSET=latin1;

--
-- Dumping data for table `catissue_participant`
--


/*!40000 ALTER TABLE `catissue_participant` DISABLE KEYS */;
LOCK TABLES `catissue_participant` WRITE;
INSERT INTO `catissue_participant` VALUES (1,'Nash','Linda','Stephen','1968-09-20','Female','Penta X Syndrome','Not Hispanic or Latino','222-22-2222','Active',NULL,'Alive'),(2,'Smith','John','Nichol','1975-08-15','Male','XX','Hispanic or Latino','111-11-1111','Active',NULL,'Alive'),(3,'Williams','Cruise','Shane','1959-04-11','Unknown','XXX','Unknown','333-33-3333','Active',NULL,'Unknown'),(4,'McConnel','Peter','Rorger','1959-04-11','Unspecified','XY','Not Reported','444-44-4444','Active',NULL,'Dead'),(5,'Stephen','Ricky','Neal','1981-09-29','Male','XY','Hispanic or Latino','555-55-5555','Active',NULL,'Alive');
UNLOCK TABLES;
/*!40000 ALTER TABLE `catissue_participant` ENABLE KEYS */;

--
-- Table structure for table `catissue_password`
--

DROP TABLE IF EXISTS `catissue_password`;
CREATE TABLE `catissue_password` (
  `IDENTIFIER` bigint(20) NOT NULL auto_increment,
  `PASSWORD` varchar(255) default NULL,
  `UPDATE_DATE` date default NULL,
  `USER_ID` bigint(20) default NULL,
  PRIMARY KEY  (`IDENTIFIER`),
  KEY `FKDE1F38972206F20F` (`USER_ID`),
  CONSTRAINT `FKDE1F38972206F20F` FOREIGN KEY (`USER_ID`) REFERENCES `catissue_user` (`IDENTIFIER`)
) ENGINE=InnoDB DEFAULT CHARSET=latin1;

--
-- Dumping data for table `catissue_password`
--


/*!40000 ALTER TABLE `catissue_password` DISABLE KEYS */;
LOCK TABLES `catissue_password` WRITE;
INSERT INTO `catissue_password` VALUES (1,'4c416f576765696c6e63316f326d3365','2007-02-15',1),(2,'504169573365436c6363386f','2007-02-20',2),(3,'444166573365596c7163346f','2007-02-20',3),(4,'594173573165446c7363356f','2007-02-20',4),(5,'4f4178573365566c7163366f','2007-02-20',5),(6,'424162573265436c7163356f','2007-02-20',6),(7,'5741625732654f6c7663346f','2007-02-20',7),(8,'594163573965556c6363386f','2007-02-20',8),(9,'58416f573665416c7163376f','2007-02-20',9);
UNLOCK TABLES;
/*!40000 ALTER TABLE `catissue_password` ENABLE KEYS */;

--
-- Table structure for table `catissue_path_case_order_item`
--

DROP TABLE IF EXISTS `catissue_path_case_order_item`;
CREATE TABLE `catissue_path_case_order_item` (
  `IDENTIFIER` bigint(20) NOT NULL default '0',
  `PATHOLOGICAL_STATUS` varchar(255) default NULL,
  `TISSUE_SITE` varchar(255) default NULL,
  `SPECIMEN_CLASS` varchar(255) default NULL,
  `SPECIMEN_TYPE` varchar(255) default NULL,
  `SPECIMEN_COLL_GROUP_ID` bigint(20) default NULL,
  PRIMARY KEY  (`IDENTIFIER`),
  KEY `FKBD5029D5F69249F7` (`SPECIMEN_COLL_GROUP_ID`),
  KEY `FKBD5029D5BC7298A9` (`IDENTIFIER`),
  CONSTRAINT `FKBD5029D5BC7298A9` FOREIGN KEY (`IDENTIFIER`) REFERENCES `catissue_order_item` (`IDENTIFIER`),
  CONSTRAINT `FKBD5029D5F69249F7` FOREIGN KEY (`SPECIMEN_COLL_GROUP_ID`) REFERENCES `catissue_specimen_coll_group` (`IDENTIFIER`)
) ENGINE=InnoDB DEFAULT CHARSET=latin1;

--
-- Dumping data for table `catissue_path_case_order_item`
--


/*!40000 ALTER TABLE `catissue_path_case_order_item` DISABLE KEYS */;
LOCK TABLES `catissue_path_case_order_item` WRITE;
UNLOCK TABLES;
/*!40000 ALTER TABLE `catissue_path_case_order_item` ENABLE KEYS */;

--
-- Table structure for table `catissue_pathology_report`
--

DROP TABLE IF EXISTS `catissue_pathology_report`;
CREATE TABLE `catissue_pathology_report` (
  `IDENTIFIER` bigint(20) NOT NULL auto_increment,
  `ACCESSION_NUM` varchar(100) default NULL,
  `ACTIVITY_STATUS` varchar(100) default NULL,
  `REVIEW_FLAG` tinyint(1) default NULL,
  `SOURCE_ID` bigint(20) default NULL,
  `REPORT_STATUS` varchar(100) default NULL,
  `COLLECTION_DATE_TIME` date default NULL,
  PRIMARY KEY  (`IDENTIFIER`),
  KEY `FK904EC9F040DCD7BF` (`SOURCE_ID`),
  CONSTRAINT `FK904EC9F040DCD7BF` FOREIGN KEY (`SOURCE_ID`) REFERENCES `catissue_site` (`IDENTIFIER`)
) ENGINE=InnoDB DEFAULT CHARSET=latin1;

--
-- Dumping data for table `catissue_pathology_report`
--


/*!40000 ALTER TABLE `catissue_pathology_report` DISABLE KEYS */;
LOCK TABLES `catissue_pathology_report` WRITE;
UNLOCK TABLES;
/*!40000 ALTER TABLE `catissue_pathology_report` ENABLE KEYS */;

--
-- Table structure for table `catissue_permissible_value`
--

DROP TABLE IF EXISTS `catissue_permissible_value`;
CREATE TABLE `catissue_permissible_value` (
  `IDENTIFIER` bigint(20) NOT NULL auto_increment,
  `CONCEPT_CODE` varchar(40) default NULL,
  `DEFINITION` text,
  `PARENT_IDENTIFIER` bigint(20) default NULL,
  `VALUE` varchar(100) default NULL,
  `PUBLIC_ID` varchar(30) default NULL,
  PRIMARY KEY  (`IDENTIFIER`),
  KEY `FK57DDCE153B5435E` (`PARENT_IDENTIFIER`),
  KEY `FK57DDCE1FC56C2B1` (`PUBLIC_ID`),
  CONSTRAINT `FK57DDCE1FC56C2B1` FOREIGN KEY (`PUBLIC_ID`) REFERENCES `catissue_cde` (`PUBLIC_ID`),
  CONSTRAINT `FK57DDCE153B5435E` FOREIGN KEY (`PARENT_IDENTIFIER`) REFERENCES `catissue_permissible_value` (`IDENTIFIER`)
) ENGINE=InnoDB DEFAULT CHARSET=latin1;

--
-- Dumping data for table `catissue_permissible_value`
--


/*!40000 ALTER TABLE `catissue_permissible_value` DISABLE KEYS */;
LOCK TABLES `catissue_permissible_value` WRITE;
INSERT INTO `catissue_permissible_value` VALUES (1,NULL,NULL,NULL,'Molecular','2003991'),(2,NULL,NULL,NULL,'Cell','2003991'),(3,NULL,NULL,NULL,'Fluid','2003991'),(4,NULL,NULL,NULL,'Tissue','2003991'),(5,NULL,NULL,1,'RNA, poly-A enriched',NULL),(6,NULL,NULL,1,'RNA, nuclear',NULL),(7,NULL,NULL,1,'Not Specified',NULL),(8,NULL,NULL,1,'protein',NULL),(9,NULL,NULL,1,'cDNA',NULL),(10,NULL,NULL,1,'RNA',NULL),(11,NULL,NULL,1,'DNA',NULL),(12,NULL,NULL,1,'RNA, cytoplasmic',NULL),(13,NULL,NULL,2,'Frozen Cell Pellet',NULL),(14,NULL,NULL,2,'Fixed Cell Block',NULL),(15,NULL,NULL,2,'Frozen Cell Block',NULL),(16,NULL,NULL,2,'Not Specified',NULL),(17,NULL,NULL,2,'Cryopreserved Cells',NULL),(18,NULL,NULL,3,'Whole Bone Marrow',NULL),(19,NULL,NULL,3,'Saliva',NULL),(20,NULL,NULL,3,'Plasma',NULL),(21,NULL,NULL,3,'Body Cavity Fluid',NULL),(22,NULL,NULL,3,'Milk',NULL),(23,NULL,NULL,3,'Pericardial Fluid',NULL),(24,NULL,NULL,3,'Lavage',NULL),(25,NULL,NULL,3,'Whole Blood',NULL),(26,NULL,NULL,3,'Vitreous Fluid',NULL),(27,NULL,NULL,3,'Gastric Fluid',NULL),(28,NULL,NULL,3,'Not Specified',NULL),(29,NULL,NULL,3,'Bone Marrow Plasma',NULL),(30,NULL,NULL,3,'Urine',NULL),(31,NULL,NULL,3,'Serum',NULL),(32,NULL,NULL,3,'Amniotic Fluid',NULL),(33,NULL,NULL,3,'Cerebrospinal Fluid',NULL),(34,NULL,NULL,3,'Bile',NULL),(35,NULL,NULL,3,'Synovial Fluid',NULL),(36,NULL,NULL,3,'Sweat',NULL),(37,NULL,NULL,3,'Feces',NULL),(38,NULL,NULL,4,'Fixed Tissue',NULL),(39,NULL,NULL,4,'Fixed Tissue Block',NULL),(40,NULL,NULL,4,'Frozen Tissue Block',NULL),(41,NULL,NULL,4,'Fixed Tissue Slide',NULL),(42,NULL,NULL,4,'Frozen Tissue Slide',NULL),(43,NULL,NULL,4,'Fresh Tissue',NULL),(44,NULL,NULL,4,'Microdissected',NULL),(45,NULL,NULL,4,'Frozen Tissue',NULL),(46,NULL,NULL,4,'Not Specified',NULL),(47,NULL,NULL,NULL,'Relapse, Not Specified','2003988'),(48,NULL,NULL,NULL,'Post-Operative','2003988'),(49,NULL,NULL,NULL,'Not Specified','2003988'),(50,NULL,NULL,NULL,'Operative','2003988'),(51,NULL,NULL,NULL,'Remission','2003988'),(52,NULL,NULL,NULL,'Pre-Operative','2003988'),(53,NULL,NULL,NULL,'Pre-Therapy','2003988'),(54,NULL,NULL,NULL,'Relapse, Distant Site','2003988'),(55,NULL,NULL,NULL,'No Diagnosis / Control','2003988'),(56,NULL,NULL,NULL,'Post-Therapy','2003988'),(57,NULL,NULL,NULL,'New Diagnosis','2003988'),(58,NULL,NULL,NULL,'Relapse, Primary Site','2003988'),(59,NULL,NULL,NULL,'Male','2003989'),(60,NULL,NULL,NULL,'Unspecified','2003989'),(61,NULL,NULL,NULL,'Female','2003989'),(62,NULL,NULL,NULL,'Unknown','2003990'),(63,NULL,NULL,NULL,'XXXY Syndrome','2003990'),(64,NULL,NULL,NULL,'Penta X Syndrome','2003990'),(65,NULL,NULL,NULL,'Mosaic including XXXXY','2003990'),(66,NULL,NULL,NULL,'XY','2003990'),(67,NULL,NULL,NULL,'Klinefelter\'s Syndrome','2003990'),(68,NULL,NULL,NULL,'XX','2003990'),(69,NULL,NULL,NULL,'XXX','2003990'),(70,NULL,NULL,NULL,'XXYY Syndrome','2003990'),(71,NULL,NULL,NULL,'Not Applicable','2003992'),(72,NULL,NULL,NULL,'Right','2003992'),(73,NULL,NULL,NULL,'Left','2003992'),(74,NULL,NULL,NULL,'Not Specified','2003992'),(75,NULL,NULL,NULL,'Malignant, Invasive','2003993'),(76,NULL,NULL,NULL,'Malignant, Pre-Invasive','2003993'),(77,NULL,NULL,NULL,'Non-Malignant','2003993'),(78,NULL,NULL,NULL,'Non-Malignant, Diseased','2003993'),(79,NULL,NULL,NULL,'Pre-Malignant','2003993'),(80,NULL,NULL,NULL,'Not Specified','2003993'),(81,NULL,NULL,NULL,'Malignant','2003993'),(82,NULL,NULL,NULL,'Metastatic','2003993'),(83,NULL,NULL,NULL,'Quantity Not Sufficient','2003994'),(84,NULL,NULL,NULL,'Cauterized','2003994'),(85,NULL,NULL,NULL,'Unacceptable, Not Specified','2003994'),(86,NULL,NULL,NULL,'Hemorrhagic','2003994'),(87,NULL,NULL,NULL,'Lipemic','2003994'),(88,NULL,NULL,NULL,'Frozen','2003994'),(89,NULL,NULL,NULL,'Not Specified','2003994'),(90,NULL,NULL,NULL,'Damaged','2003994'),(91,NULL,NULL,NULL,'Thawed','2003994'),(92,NULL,NULL,NULL,'Clotted','2003994'),(93,NULL,NULL,NULL,'Hemolyzed','2003994'),(94,NULL,NULL,NULL,'Acceptable','2003994'),(95,NULL,NULL,NULL,'Neutral Buffered Formalin','2003995'),(96,NULL,NULL,NULL,'Not Specified','2003995'),(97,NULL,NULL,NULL,'Formaldehyde','2003995'),(98,NULL,NULL,NULL,'Ethanol, 70%','2003995'),(99,NULL,NULL,NULL,'Methacarn','2003995'),(100,NULL,NULL,NULL,'Bouin\'s','2003995'),(101,NULL,NULL,NULL,'RNALater','2003995'),(102,NULL,NULL,NULL,'Methanol','2003995'),(103,NULL,NULL,NULL,'UM-Fix','2003995'),(104,NULL,NULL,NULL,'Surgical Resection','2003996'),(105,NULL,NULL,NULL,'Lavage','2003996'),(106,NULL,NULL,NULL,'Needle Core Biopsy','2003996'),(107,NULL,NULL,NULL,'Needle Aspirate','2003996'),(108,NULL,NULL,NULL,'Indwelling Catheter','2003996'),(109,NULL,NULL,NULL,'Venipuncture','2003996'),(110,NULL,NULL,NULL,'Not Specified','2003996'),(111,NULL,NULL,NULL,'ACD Vacutainer','2003997'),(112,NULL,NULL,NULL,'Heparin Vacutainer','2003997'),(113,NULL,NULL,NULL,'EDTA Vacutainer','2003997'),(114,NULL,NULL,NULL,'Serum Separator Vacutainer','2003997'),(115,NULL,NULL,NULL,'Sterile Specimen Container','2003997'),(116,NULL,NULL,NULL,'No Additive Vacutainer','2003997'),(117,NULL,NULL,NULL,'Citrate Vacutainer','2003997'),(118,NULL,NULL,NULL,'Not Specified','2003997'),(119,NULL,NULL,NULL,'Liquid Nitrogen Vapor','2003998'),(120,NULL,NULL,NULL,'Liquid Notrogen / Isopentane','2003998'),(121,NULL,NULL,NULL,'Liquid Nitrogen','2003998'),(122,NULL,NULL,NULL,'Dry Ice / Hydrocarbon Slurry','2003998'),(123,NULL,NULL,NULL,'Not Specified','2003998'),(124,NULL,NULL,NULL,'Aerosol Spray','2003998'),(125,NULL,NULL,NULL,'Cryostat','2003998'),(126,NULL,NULL,NULL,'Dry Ice','2003998'),(127,NULL,NULL,NULL,'Cryobath','2003998'),(128,NULL,NULL,NULL,'Freezing Media, Not Specified','2003999'),(129,NULL,NULL,NULL,'Paraffin','2003999'),(130,NULL,NULL,NULL,'Low Melting Point Paraffin','2003999'),(131,NULL,NULL,NULL,'Optimal Cutting Temperature Media','2003999'),(132,NULL,NULL,NULL,'Plastic','2003999'),(133,NULL,NULL,NULL,'Not Specified','2003999'),(134,NULL,NULL,NULL,'Toxic','2004000'),(135,NULL,NULL,NULL,'Carcinogen','2004000'),(136,NULL,NULL,NULL,'Infectious','2004000'),(137,NULL,NULL,NULL,'Radioactive','2004000'),(138,NULL,NULL,NULL,'Not Specified','2004000'),(139,NULL,NULL,NULL,'Mutagen','2004000'),(140,NULL,NULL,NULL,'Fair- Definable Tissue Architecture','Hist_Quality'),(141,NULL,NULL,NULL,'Not Specified','Hist_Quality'),(142,NULL,NULL,NULL,'Good- Definable Cellular Detail','Hist_Quality'),(143,NULL,NULL,NULL,'Excellent- Definable Nuclear Detail','Hist_Quality'),(144,NULL,NULL,NULL,'Poor- No Definable Features','Hist_Quality'),(145,NULL,NULL,NULL,'Laboratory','Site_Type_PID'),(146,NULL,NULL,NULL,'Repository','Site_Type_PID'),(147,NULL,NULL,NULL,'Not Specified','Site_Type_PID'),(148,NULL,NULL,NULL,'Collection Site','Site_Type_PID'),(149,NULL,NULL,NULL,'DIGESTIVE ORGANS','Tissue_Site_PID'),(150,NULL,NULL,149,'RECTUM',NULL),(151,NULL,NULL,150,'Rectum, NOS',NULL),(152,NULL,NULL,149,'ESOPHAGUS',NULL),(153,NULL,NULL,152,'Esophagus, NOS',NULL),(154,NULL,NULL,152,'Middle third of esophagus',NULL),(155,NULL,NULL,152,'Lower third of esophagus',NULL),(156,NULL,NULL,152,'Abdominal esophagus',NULL),(157,NULL,NULL,152,'Upper third of esophagus',NULL),(158,NULL,NULL,152,'Thoracic esophagus',NULL),(159,NULL,NULL,152,'Cervical esophagus',NULL),(160,NULL,NULL,152,'Overlapping lesion of esophagus',NULL),(161,NULL,NULL,149,'COLON',NULL),(162,NULL,NULL,161,'Hepatic flexure of colon',NULL),(163,NULL,NULL,161,'Colon, NOS',NULL),(164,NULL,NULL,161,'Descending colon',NULL),(165,NULL,NULL,161,'Cecum',NULL),(166,NULL,NULL,161,'Sigmoid colon',NULL),(167,NULL,NULL,161,'Splenic flexure of colon',NULL),(168,NULL,NULL,161,'Ascending colon',NULL),(169,NULL,NULL,161,'Transverse colon',NULL),(170,NULL,NULL,161,'Overlapping lesion of colon',NULL),(171,NULL,NULL,161,'Appendix',NULL),(172,NULL,NULL,149,'GALLBLADDER',NULL),(173,NULL,NULL,172,'Gallbladder',NULL),(174,NULL,NULL,149,'OTHER AND UNSPECIFIED PARTS OF BILIARY TRACT',NULL),(175,NULL,NULL,174,'Ampulla of Vater',NULL),(176,NULL,NULL,174,'Biliary tract, NOS',NULL),(177,NULL,NULL,174,'Overlapping lesion of biliary tract',NULL),(178,NULL,NULL,174,'Extrahepatic bile duct',NULL),(179,NULL,NULL,149,'LIVER AND INTRAHEPATIC BILE DUCTS',NULL),(180,NULL,NULL,179,'Intrahepatic bile duct',NULL),(181,NULL,NULL,179,'Liver',NULL),(182,NULL,NULL,149,'RECTOSIGMOID JUNCTION',NULL),(183,NULL,NULL,182,'Rectosigmoid junction',NULL),(184,NULL,NULL,149,'PANCREAS',NULL),(185,NULL,NULL,184,'Pancreatic duct',NULL),(186,NULL,NULL,184,'Tail of pancreas',NULL),(187,NULL,NULL,184,'Pancreas, NOS',NULL),(188,NULL,NULL,184,'Other specified parts of pancreas',NULL),(189,NULL,NULL,184,'Islets of Langerhans',NULL),(190,NULL,NULL,184,'Overlapping lesion of pancreas',NULL),(191,NULL,NULL,184,'Body of pancreas',NULL),(192,NULL,NULL,184,'Head of pancreas',NULL),(193,NULL,NULL,149,'OTHER AND ILL-DEFINED DIGESTIVE ORGANS',NULL),(194,NULL,NULL,193,'Gastrointestinal tract, NOS',NULL),(195,NULL,NULL,193,'Overlapping lesion of digestive system',NULL),(196,NULL,NULL,193,'Intestinal tract, NOS',NULL),(197,NULL,NULL,149,'SMALL INTESTINE',NULL),(198,NULL,NULL,197,'Small intestine, NOS',NULL),(199,NULL,NULL,197,'Duodenum',NULL),(200,NULL,NULL,197,'Meckel\'s diverticulum',NULL),(201,NULL,NULL,197,'Jejunum',NULL),(202,NULL,NULL,197,'Overlapping lesion of small intestine',NULL),(203,NULL,NULL,197,'Ileum',NULL),(204,NULL,NULL,149,'ANUS AND ANAL CANAL',NULL),(205,NULL,NULL,204,'Anus, NOS',NULL),(206,NULL,NULL,204,'Anal canal',NULL),(207,NULL,NULL,204,'Cloacogenic zone',NULL),(208,NULL,NULL,204,'Overlapping lesion of rectum, anus and anal canal',NULL),(209,NULL,NULL,149,'STOMACH',NULL),(210,NULL,NULL,209,'Stomach, NOS',NULL),(211,NULL,NULL,209,'Greater curvature of stomach, NOS',NULL),(212,NULL,NULL,209,'Fundus of stomach',NULL),(213,NULL,NULL,209,'Pylorus',NULL),(214,NULL,NULL,209,'Cardia, NOS',NULL),(215,NULL,NULL,209,'Overlapping lesion of stomach',NULL),(216,NULL,NULL,209,'Lesser curvature of stomach, NOS',NULL),(217,NULL,NULL,209,'Gastric antrum',NULL),(218,NULL,NULL,209,'Body of stomach',NULL),(219,NULL,NULL,NULL,'SKIN','Tissue_Site_PID'),(220,NULL,NULL,219,'Skin of other and unspecified parts of face',NULL),(221,NULL,NULL,219,'Skin, NOS',NULL),(222,NULL,NULL,219,'Skin of upper limb and shoulder',NULL),(223,NULL,NULL,219,'Overlapping lesion of skin',NULL),(224,NULL,NULL,219,'Skin of lower limb and hip',NULL),(225,NULL,NULL,219,'External ear',NULL),(226,NULL,NULL,219,'Eyelid',NULL),(227,NULL,NULL,219,'Skin of lip, NOS',NULL),(228,NULL,NULL,219,'Skin of trunk',NULL),(229,NULL,NULL,219,'Skin of scalp and neck',NULL),(230,NULL,NULL,NULL,'MALE GENITAL ORGANS','Tissue_Site_PID'),(231,NULL,NULL,230,'OTHER AND UNSPECIFIED MALE GENITAL ORGANS',NULL),(232,NULL,NULL,231,'Scrotum, NOS',NULL),(233,NULL,NULL,231,'Male genital organs, NOS',NULL),(234,NULL,NULL,231,'Overlapping lesion of male genital organs',NULL),(235,NULL,NULL,231,'Epididymis',NULL),(236,NULL,NULL,231,'Spermatic cord',NULL),(237,NULL,NULL,231,'Other specified parts of male genital organs',NULL),(238,NULL,NULL,230,'TESTIS',NULL),(239,NULL,NULL,238,'Testis, NOS',NULL),(240,NULL,NULL,238,'Undescended testis',NULL),(241,NULL,NULL,238,'Descended testis',NULL),(242,NULL,NULL,230,'PROSTATE GLAND',NULL),(243,NULL,NULL,242,'Prostate gland',NULL),(244,NULL,NULL,230,'PENIS',NULL),(245,NULL,NULL,244,'Body of penis',NULL),(246,NULL,NULL,244,'Penis, NOS',NULL),(247,NULL,NULL,244,'Prepuce',NULL),(248,NULL,NULL,244,'Glans penis',NULL),(249,NULL,NULL,244,'Overlapping lesion of penis',NULL),(250,NULL,NULL,NULL,'UNKNOWN PRIMARY SITE','Tissue_Site_PID'),(252,NULL,NULL,NULL,'PERIPHERAL NERVES AND AUTONOMIC NERVOUS SYSTEM','Tissue_Site_PID'),(253,NULL,NULL,252,'Peripheral nerves and Autonomic nervous system of upper limb and shoulder',NULL),(254,NULL,NULL,252,'Autonomic nervous system, NOS',NULL),(255,NULL,NULL,252,'Overlapping lesion of peripheral nerves and autonomic nervous system',NULL),(256,NULL,NULL,252,'Peripheral nerves and Autonomic nervous system of thorax',NULL),(257,NULL,NULL,252,'Peripheral nerves and Autonomic nervous system of trunk, NOS',NULL),(258,NULL,NULL,252,'Peripheral nerves and Autonomic nervous system of lower limb and hip',NULL),(259,NULL,NULL,252,'Peripheral nerves and Autonomic nervous system of head, face, and neck',NULL),(260,NULL,NULL,252,'Peripheral nerves and Autonomic nervous system of abdomen',NULL),(261,NULL,NULL,252,'Peripheral nerves and Autonomic nervous system of pelvis',NULL),(262,NULL,NULL,NULL,'FEMALE GENITAL ORGANS','Tissue_Site_PID'),(263,NULL,NULL,262,'CORPUS UTERI',NULL),(264,NULL,NULL,263,'Corpus uteri',NULL),(265,NULL,NULL,263,'Overlapping lesion of corpus uteri',NULL),(266,NULL,NULL,263,'Myometrium',NULL),(267,NULL,NULL,263,'Endometrium',NULL),(268,NULL,NULL,263,'Fundus uteri',NULL),(269,NULL,NULL,263,'Isthmus uteri',NULL),(270,NULL,NULL,262,'VULVA',NULL),(271,NULL,NULL,270,'Labium majus',NULL),(272,NULL,NULL,270,'Overlapping lesion of vulva',NULL),(273,NULL,NULL,270,'Labium minus',NULL),(274,NULL,NULL,270,'Clitoris',NULL),(275,NULL,NULL,270,'Vulva, NOS',NULL),(276,NULL,NULL,262,'OVARY',NULL),(277,NULL,NULL,276,'Ovary',NULL),(278,NULL,NULL,262,'UTERUS, NOS',NULL),(279,NULL,NULL,278,'Uterus, NOS',NULL),(280,NULL,NULL,262,'CERVIX UTERI',NULL),(281,NULL,NULL,280,'Exocervix',NULL),(282,NULL,NULL,280,'Endocervix',NULL),(283,NULL,NULL,280,'Cervix uteri',NULL),(284,NULL,NULL,280,'Overlapping lesion of cervix uteri',NULL),(285,NULL,NULL,262,'OTHER AND UNSPECIFIED FEMALE GENITAL ORGANS',NULL),(286,NULL,NULL,285,'Overlapping lesion of female genital organs',NULL),(287,NULL,NULL,285,'Fallopian tube',NULL),(288,NULL,NULL,285,'Broad ligament',NULL),(289,NULL,NULL,285,'Parametrium',NULL),(290,NULL,NULL,285,'Round ligament',NULL),(291,NULL,NULL,285,'Uterine adnexa',NULL),(292,NULL,NULL,285,'Female genital tract, NOS',NULL),(293,NULL,NULL,285,'Other specified parts of female genital organs',NULL),(294,NULL,NULL,262,'VAGINA',NULL),(295,NULL,NULL,294,'Vagina, NOS',NULL),(296,NULL,NULL,262,'PLACENTA',NULL),(297,NULL,NULL,296,'Placenta',NULL),(298,NULL,NULL,NULL,'OTHER AND ILL-DEFINED SITES','Tissue_Site_PID'),(299,NULL,NULL,298,'Overlapping lesion of ill-defined sites',NULL),(300,NULL,NULL,298,'Other ill-defined sites',NULL),(301,NULL,NULL,298,'Lower limb, NOS',NULL),(302,NULL,NULL,298,'Head, face or neck, NOS',NULL),(303,NULL,NULL,298,'Abdomen, NOS',NULL),(304,NULL,NULL,298,'Upper limb, NOS',NULL),(305,NULL,NULL,298,'Pelvis, NOS',NULL),(306,NULL,NULL,298,'Thorax, NOS',NULL),(307,NULL,NULL,NULL,'HEMATOPOIETIC AND RETICULOENDOTHELIAL SYSTEMS','Tissue_Site_PID'),(308,NULL,NULL,307,'Spleen',NULL),(309,NULL,NULL,307,'Bone marrow',NULL),(310,NULL,NULL,307,'Blood',NULL),(311,NULL,NULL,307,'Reticuloendothelial system, NOS',NULL),(312,NULL,NULL,307,'Hematopoietic system, NOS',NULL),(313,NULL,NULL,NULL,'RETROPERITONEUM AND PERITONEUM','Tissue_Site_PID'),(314,NULL,NULL,313,'Specified parts of peritoneum',NULL),(315,NULL,NULL,313,'Retroperitoneum',NULL),(316,NULL,NULL,313,'Peritoneum, NOS',NULL),(317,NULL,NULL,313,'Overlapping lesion of retroperitoneum and peritoneum',NULL),(318,NULL,NULL,NULL,'RESPIRATORY SYSTEM AND INTRATHORACIC ORGANS','Tissue_Site_PID'),(319,NULL,NULL,318,'TRACHEA',NULL),(320,NULL,NULL,319,'Trachea',NULL),(321,NULL,NULL,318,'ACCESSORY SINUSES',NULL),(322,NULL,NULL,321,'Maxillary sinus',NULL),(323,NULL,NULL,321,'Accessory sinus, NOS',NULL),(324,NULL,NULL,321,'Overlapping lesion of accessory sinuses',NULL),(325,NULL,NULL,321,'Frontal sinus',NULL),(326,NULL,NULL,321,'Ethmoid sinus',NULL),(327,NULL,NULL,321,'Sphenoid sinus',NULL),(328,NULL,NULL,318,'LARYNX',NULL),(329,NULL,NULL,328,'Overlapping lesion of larynx',NULL),(330,NULL,NULL,328,'Subglottis',NULL),(331,NULL,NULL,328,'Larynx, NOS',NULL),(332,NULL,NULL,328,'Glottis',NULL),(333,NULL,NULL,328,'Supraglottis',NULL),(334,NULL,NULL,328,'Laryngeal cartilage',NULL),(335,NULL,NULL,318,'NASAL CAVITY AND MIDDLE EAR',NULL),(336,NULL,NULL,335,'Middle ear',NULL),(337,NULL,NULL,335,'Nasal cavity',NULL),(338,NULL,NULL,318,'HEART, MEDIASTINUM, AND PLEURA',NULL),(339,NULL,NULL,338,'Pleura, NOS',NULL),(340,NULL,NULL,338,'Anterior mediastinum',NULL),(341,NULL,NULL,338,'Heart',NULL),(342,NULL,NULL,338,'Posterior mediastinum',NULL),(343,NULL,NULL,338,'Overlapping lesion of heart, mediastinum and pleura',NULL),(344,NULL,NULL,338,'Mediastinum, NOS',NULL),(345,NULL,NULL,318,'BRONCHUS AND LUNG',NULL),(346,NULL,NULL,345,'Lower lobe, lung',NULL),(347,NULL,NULL,345,'Main bronchus',NULL),(348,NULL,NULL,345,'Middle lobe, lung',NULL),(349,NULL,NULL,345,'Upper lobe, lung',NULL),(350,NULL,NULL,345,'Lung, NOS',NULL),(351,NULL,NULL,345,'Overlapping lesion of lung',NULL),(352,NULL,NULL,318,'THYMUS',NULL),(353,NULL,NULL,352,'Thymus',NULL),(354,NULL,NULL,318,'OTHER AND ILL-DEFINED SITES WITHIN RESPIRATORY SYSTEM AND INTRATHORACIC ORGANS',NULL),(355,NULL,NULL,354,'Overlapping lesion of respiratory system and intrathoracic organs',NULL),(356,NULL,NULL,354,'Ill-defined sites within respiratory system',NULL),(357,NULL,NULL,354,'Upper respiratory tract, NOS',NULL),(358,NULL,NULL,NULL,'BONES, JOINTS AND ARTICULAR CARTILAGE','Tissue_Site_PID'),(359,NULL,NULL,358,'BONES, JOINTS AND ARTICULAR CARTILAGE OF LIMBS',NULL),(360,NULL,NULL,359,'Long bones of upper limb, scapula and associated joints',NULL),(361,NULL,NULL,359,'Short bones of upper limb and associated joints',NULL),(362,NULL,NULL,359,'Bone of limb, NOS',NULL),(363,NULL,NULL,359,'Short bones of lower limb and associated joints',NULL),(364,NULL,NULL,359,'Long bones of lower limb and associated joints',NULL),(365,NULL,NULL,359,'Overlapping lesion of bones, joints and articular cartilage of limbs',NULL),(366,NULL,NULL,358,'BONES, JOINTS AND ARTICULAR CARTILAGE OF OTHER AND UNSPECIFIED SITES',NULL),(367,NULL,NULL,366,'Bones of skull and face and associated joints',NULL),(368,NULL,NULL,366,'Pelvic bones, Sacrum, Coccyx and associated joints',NULL),(369,NULL,NULL,366,'Mandible',NULL),(370,NULL,NULL,366,'Rib, Sternum, Clavicle and associated joints',NULL),(371,NULL,NULL,366,'Overlapping lesion of bones, joints and articular cartilage',NULL),(372,NULL,NULL,366,'Bone, NOS',NULL),(373,NULL,NULL,366,'Vertebral column',NULL),(374,NULL,NULL,NULL,'THYROID AND OTHER ENDOCRINE GLANDS','Tissue_Site_PID'),(375,NULL,NULL,374,'OTHER ENDOCRINE GLANDS AND RELATED STRUCTURES',NULL),(376,NULL,NULL,375,'Aortic body and other paraganglia',NULL),(377,NULL,NULL,375,'Pineal gland',NULL),(378,NULL,NULL,375,'Pituitary gland',NULL),(379,NULL,NULL,375,'Endocrine gland, NOS',NULL),(380,NULL,NULL,375,'Parathyroid gland',NULL),(381,NULL,NULL,375,'Craniopharyngeal duct',NULL),(382,NULL,NULL,375,'Overlapping lesion of endocrine glands and related structures',NULL),(383,NULL,NULL,375,'Carotid body',NULL),(384,NULL,NULL,374,'ADRENAL GLAND',NULL),(385,NULL,NULL,384,'Medulla of adrenal gland',NULL),(386,NULL,NULL,384,'Adrenal gland, NOS',NULL),(387,NULL,NULL,384,'Cortex of adrenal gland',NULL),(388,NULL,NULL,374,'THYROID GLAND',NULL),(389,NULL,NULL,388,'Thyroid gland',NULL),(390,NULL,NULL,NULL,'MENINGES','Tissue_Site_PID'),(391,NULL,NULL,390,'Cerebral meninges',NULL),(392,NULL,NULL,390,'Spinal meninges',NULL),(393,NULL,NULL,390,'Meninges, NOS',NULL),(394,NULL,NULL,NULL,'CONNECTIVE, SUBCUTANEOUS AND OTHER SOFT TISSUES','Tissue_Site_PID'),(395,NULL,NULL,394,'Connective, Subcutaneous and other Soft tissues of thorax',NULL),(396,NULL,NULL,394,'Connective, Subcutaneous and other Soft tissues of upper limb and shoulder',NULL),(397,NULL,NULL,394,'Connective, Subcutaneous and other Soft tissues, NOS',NULL),(398,NULL,NULL,394,'Connective, Subcutaneous and other Soft tissues of lower limb and hip',NULL),(399,NULL,NULL,394,'Connective, Subcutaneous and other Soft tissues of trunk, NOS',NULL),(400,NULL,NULL,394,'Connective, Subcutaneous and other Soft tissues of abdomen',NULL),(401,NULL,NULL,394,'Connective, Subcutaneous and other Soft tissues of head, face, and neck',NULL),(402,NULL,NULL,394,'Overlapping lesion of connective, subcutaneous and other soft tissues',NULL),(403,NULL,NULL,394,'Connective, Subcutaneous and other Soft tissues of pelvis',NULL),(404,NULL,NULL,NULL,'BREAST','Tissue_Site_PID'),(405,NULL,NULL,404,'Upper-outer quadrant of breast',NULL),(406,NULL,NULL,404,'Central portion of breast',NULL),(407,NULL,NULL,404,'Axillary tail of breast',NULL),(408,NULL,NULL,404,'Lower-outer quadrant of breast',NULL),(409,NULL,NULL,404,'Breast, NOS',NULL),(410,NULL,NULL,404,'Overlapping lesion of breast',NULL),(411,NULL,NULL,404,'Lower-inner quadrant of breast',NULL),(412,NULL,NULL,404,'Upper-inner quadrant of breast',NULL),(413,NULL,NULL,404,'Nipple',NULL),(414,NULL,NULL,NULL,'LIP, ORAL CAVITY AND PHARYNX','Tissue_Site_PID'),(415,NULL,NULL,414,'OTHER AND ILL-DEFINED SITES IN LIP, ORAL CAVITY AND PHARYNX',NULL),(416,NULL,NULL,415,'Waldeyer\'s ring',NULL),(417,NULL,NULL,415,'Laryngopharynx',NULL),(418,NULL,NULL,415,'Pharynx, NOS',NULL),(419,NULL,NULL,415,'Overlapping lesion of lip, oral cavity and pharynx',NULL),(420,NULL,NULL,414,'TONSIL',NULL),(421,NULL,NULL,420,'Tonsil, NOS',NULL),(422,NULL,NULL,420,'Tonsillar pillar',NULL),(423,NULL,NULL,420,'Overlapping lesion of tonsil',NULL),(424,NULL,NULL,420,'Tonsillar fossa',NULL),(425,NULL,NULL,414,'PYRIFORM SINUS',NULL),(426,NULL,NULL,425,'Pyriform sinus',NULL),(427,NULL,NULL,414,'GUM',NULL),(428,NULL,NULL,427,'Gum, NOS',NULL),(429,NULL,NULL,427,'Upper gum',NULL),(430,NULL,NULL,427,'Lower gum',NULL),(431,NULL,NULL,414,'OTHER AND UNSPECIFIED PARTS OF TONGUE',NULL),(432,NULL,NULL,431,'Dorsal surface of tongue, NOS',NULL),(433,NULL,NULL,431,'Ventral surface of tongue, NOS',NULL),(434,NULL,NULL,431,'Overlapping lesion of tongue',NULL),(435,NULL,NULL,431,'Tongue, NOS',NULL),(436,NULL,NULL,431,'Border of tongue',NULL),(437,NULL,NULL,431,'Lingual tonsil',NULL),(438,NULL,NULL,431,'Anterior 2/3 of tongue, NOS',NULL),(439,NULL,NULL,414,'PALATE',NULL),(440,NULL,NULL,439,'Palate, NOS',NULL),(441,NULL,NULL,439,'Overlapping lesion of palate',NULL),(442,NULL,NULL,439,'Soft palate, NOS',NULL),(443,NULL,NULL,439,'Uvula',NULL),(444,NULL,NULL,439,'Hard palate',NULL),(445,NULL,NULL,414,'OTHER AND UNSPECIFIED MAJOR SALIVARY GLANDS',NULL),(446,NULL,NULL,445,'Submandibular gland',NULL),(447,NULL,NULL,445,'Overlapping lesion of major salivary glands',NULL),(448,NULL,NULL,445,'Major salivary gland, NOS',NULL),(449,NULL,NULL,445,'Sublingual gland',NULL),(450,NULL,NULL,414,'HYPOPHARYNX',NULL),(451,NULL,NULL,450,'Overlapping lesion of hypopharynx',NULL),(452,NULL,NULL,450,'Posterior wall of hypopharynx',NULL),(453,NULL,NULL,450,'Hypopharynx, NOS',NULL),(454,NULL,NULL,450,'Postcricoid region',NULL),(455,NULL,NULL,450,'Hypopharyngeal aspect of aryepiglottic fold',NULL),(456,NULL,NULL,414,'OROPHARYNX',NULL),(457,NULL,NULL,456,'Overlapping lesion of oropharynx',NULL),(458,NULL,NULL,456,'Branchial cleft',NULL),(459,NULL,NULL,456,'Posterior wall of oropharynx',NULL),(460,NULL,NULL,456,'Anterior surface of epiglottis',NULL),(461,NULL,NULL,456,'Oropharynx, NOS',NULL),(462,NULL,NULL,456,'Vallecula',NULL),(463,NULL,NULL,456,'Lateral wall of oropharynx',NULL),(464,NULL,NULL,414,'LIP',NULL),(465,NULL,NULL,464,'Lip, NOS',NULL),(466,NULL,NULL,464,'Mucosa of upper lip',NULL),(467,NULL,NULL,464,'Mucosa of lower lip',NULL),(468,NULL,NULL,464,'Commissure of lip',NULL),(469,NULL,NULL,464,'External upper lip',NULL),(470,NULL,NULL,464,'Mucosa of lip, NOS',NULL),(471,NULL,NULL,464,'Overlapping lesion of lip',NULL),(472,NULL,NULL,464,'External lip, NOS',NULL),(473,NULL,NULL,464,'External lower lip',NULL),(474,NULL,NULL,414,'PAROTID GLAND',NULL),(475,NULL,NULL,474,'Parotid gland',NULL),(476,NULL,NULL,414,'BASE OF TONGUE',NULL),(477,NULL,NULL,476,'Base of tongue, NOS',NULL),(478,NULL,NULL,414,'FLOOR OF MOUTH',NULL),(479,NULL,NULL,478,'Lateral floor of mouth',NULL),(480,NULL,NULL,478,'Anterior floor of mouth',NULL),(481,NULL,NULL,478,'Overlapping lesion of floor of mouth',NULL),(482,NULL,NULL,478,'Floor of mouth, NOS',NULL),(483,NULL,NULL,414,'NASOPHARYNX',NULL),(484,NULL,NULL,483,'Posterior wall of nasopharynx',NULL),(485,NULL,NULL,483,'Superior wall of nasopharynx',NULL),(486,NULL,NULL,483,'Nasopharynx, NOS',NULL),(487,NULL,NULL,483,'Lateral wall of nasopharynx',NULL),(488,NULL,NULL,483,'Overlapping lesion of nasopharynx',NULL),(489,NULL,NULL,483,'Anterior wall of nasopharynx',NULL),(490,NULL,NULL,414,'OTHER AND UNSPECIFIED PARTS OF MOUTH',NULL),(491,NULL,NULL,490,'Vestibule of mouth',NULL),(492,NULL,NULL,490,'Retromolar area',NULL),(493,NULL,NULL,490,'Cheek mucosa',NULL),(494,NULL,NULL,490,'Mouth, NOS',NULL),(495,NULL,NULL,490,'Overlapping lesion of other and unspecified parts of mouth',NULL),(496,NULL,NULL,NULL,'LYMPH NODES','Tissue_Site_PID'),(497,NULL,NULL,496,'Lymph nodes of head, face and neck',NULL),(498,NULL,NULL,496,'Lymph nodes of axilla or arm',NULL),(499,NULL,NULL,496,'Intrathoracic lymph nodes',NULL),(500,NULL,NULL,496,'Lymph nodes of inguinal region or leg',NULL),(501,NULL,NULL,496,'Pelvic lymph nodes',NULL),(502,NULL,NULL,496,'Lymph node, NOS',NULL),(503,NULL,NULL,496,'Lymph nodes of multiple regions',NULL),(504,NULL,NULL,496,'Intra-abdominal lymph nodes',NULL),(505,NULL,NULL,NULL,'URINARY TRACT','Tissue_Site_PID'),(506,NULL,NULL,505,'URETER',NULL),(507,NULL,NULL,506,'Ureter',NULL),(508,NULL,NULL,505,'RENAL PELVIS',NULL),(509,NULL,NULL,508,'Renal pelvis',NULL),(510,NULL,NULL,505,'KIDNEY',NULL),(511,NULL,NULL,510,'Kidney, NOS',NULL),(512,NULL,NULL,505,'OTHER AND UNSPECIFIED URINARY ORGANS',NULL),(513,NULL,NULL,512,'Urinary system, NOS',NULL),(514,NULL,NULL,512,'Overlapping lesion of urinary organs',NULL),(515,NULL,NULL,512,'Paraurethral gland',NULL),(516,NULL,NULL,512,'Urethra',NULL),(517,NULL,NULL,505,'BLADDER',NULL),(518,NULL,NULL,517,'Lateral wall of bladder',NULL),(519,NULL,NULL,517,'Bladder, NOS',NULL),(520,NULL,NULL,517,'Dome of bladder',NULL),(521,NULL,NULL,517,'Anterior wall of bladder',NULL),(522,NULL,NULL,517,'Ureteric orifice',NULL),(523,NULL,NULL,517,'Posterior wall of bladder',NULL),(524,NULL,NULL,517,'Overlapping lesion of bladder',NULL),(525,NULL,NULL,517,'Bladder neck',NULL),(526,NULL,NULL,517,'Trigone of bladder',NULL),(527,NULL,NULL,517,'Urachus',NULL),(528,NULL,NULL,NULL,'BRAIN','Tissue_Site_PID'),(529,NULL,NULL,528,'Brain, NOS',NULL),(530,NULL,NULL,528,'Brain stem',NULL),(531,NULL,NULL,528,'Occipital lobe',NULL),(532,NULL,NULL,528,'Cerebrum',NULL),(533,NULL,NULL,528,'Parietal lobe',NULL),(534,NULL,NULL,528,'Cerebellum, NOS',NULL),(535,NULL,NULL,528,'Ventricle, NOS',NULL),(536,NULL,NULL,528,'Frontal lobe',NULL),(537,NULL,NULL,528,'Overlapping lesion of brain',NULL),(538,NULL,NULL,528,'Temporal lobe',NULL),(539,NULL,NULL,NULL,'SPINAL CORD, CRANIAL NERVES, AND OTHER PARTS OF CENTRAL NERVOUS SYSTEM','Tissue_Site_PID'),(540,NULL,NULL,539,'Nervous system, NOS',NULL),(541,NULL,NULL,539,'Acoustic nerve',NULL),(542,NULL,NULL,539,'Cranial nerve, NOS',NULL),(543,NULL,NULL,539,'Cauda equina',NULL),(544,NULL,NULL,539,'Spinal cord',NULL),(545,NULL,NULL,539,'Optic nerve',NULL),(546,NULL,NULL,539,'Olfactory nerve',NULL),(547,NULL,NULL,539,'Overlapping lesion of brain and central nervous system',NULL),(548,NULL,NULL,NULL,'EYE, BRAIN AND OTHER PARTS OF CENTRAL NERVOUS SYSTEM','Tissue_Site_PID'),(549,NULL,NULL,548,'Conjunctiva',NULL),(550,NULL,NULL,548,'Eye, NOS',NULL),(551,NULL,NULL,548,'Overlapping lesion of eye and adnexa',NULL),(552,NULL,NULL,548,'Choroid',NULL),(553,NULL,NULL,548,'Retina',NULL),(554,NULL,NULL,548,'Cornea, NOS',NULL),(555,NULL,NULL,548,'Ciliary body',NULL),(556,NULL,NULL,548,'Lacrimal gland',NULL),(557,NULL,NULL,548,'EYE AND ADNEXA',NULL),(558,NULL,NULL,548,'Orbit, NOS',NULL),(559,NULL,NULL,NULL,'Not Hispanic or Latino','Ethnicity_PID'),(560,NULL,NULL,NULL,'Hispanic or Latino','Ethnicity_PID'),(561,NULL,NULL,NULL,'Not Reported','Ethnicity_PID'),(562,NULL,NULL,NULL,'Unknown','Ethnicity_PID'),(602,NULL,NULL,NULL,'Black or African American','Race_PID'),(603,NULL,NULL,NULL,'Not Reported','Race_PID'),(604,NULL,NULL,NULL,'Unknown','Race_PID'),(622,NULL,NULL,NULL,'Asian','Race_PID'),(647,NULL,NULL,NULL,'American Indian or Alaska Native','Race_PID'),(1475,NULL,NULL,NULL,'White','Race_PID'),(1496,NULL,NULL,NULL,'Native Hawaiian or Other Pacific Islander','Race_PID'),(1523,NULL,NULL,NULL,'Tunisia','2004100'),(1524,NULL,NULL,NULL,'Kuwait','2004100'),(1525,NULL,NULL,NULL,'Iran','2004100'),(1526,NULL,NULL,NULL,'United Kingdom','2004100'),(1527,NULL,NULL,NULL,'Romania','2004100'),(1528,NULL,NULL,NULL,'Slovakia','2004100'),(1529,NULL,NULL,NULL,'Turks and Caicos Islands','2004100'),(1530,NULL,NULL,NULL,'Western Sahara','2004100'),(1531,NULL,NULL,NULL,'Haiti','2004100'),(1532,NULL,NULL,NULL,'Seychelles','2004100'),(1533,NULL,NULL,NULL,'Saint Lucia','2004100'),(1534,NULL,NULL,NULL,'Mauritania','2004100'),(1535,NULL,NULL,NULL,'Gabon','2004100'),(1536,NULL,NULL,NULL,'Tuvalu','2004100'),(1537,NULL,NULL,NULL,'Norfolk Island','2004100'),(1538,NULL,NULL,NULL,'Lebanon','2004100'),(1539,NULL,NULL,NULL,'Saint Helena','2004100'),(1540,NULL,NULL,NULL,'Papua New Guinea','2004100'),(1541,NULL,NULL,NULL,'Reunion','2004100'),(1542,NULL,NULL,NULL,'Christmas Island','2004100'),(1543,NULL,NULL,NULL,'Vietnam','2004100'),(1544,NULL,NULL,NULL,'Gibraltar','2004100'),(1545,NULL,NULL,NULL,'Switzerland','2004100'),(1546,NULL,NULL,NULL,'Zambia','2004100'),(1547,NULL,NULL,NULL,'Singapore','2004100'),(1548,NULL,NULL,NULL,'Macau','2004100'),(1549,NULL,NULL,NULL,'Somalia','2004100'),(1550,NULL,NULL,NULL,'American Samoa','2004100'),(1551,NULL,NULL,NULL,'Chile','2004100'),(1552,NULL,NULL,NULL,'Nauru','2004100'),(1553,NULL,NULL,NULL,'Guyana','2004100'),(1554,NULL,NULL,NULL,'Fiji','2004100'),(1555,NULL,NULL,NULL,'Congo','2004100'),(1556,NULL,NULL,NULL,'Croatia','2004100'),(1557,NULL,NULL,NULL,'Guinea-Bissau','2004100'),(1558,NULL,NULL,NULL,'Australia','2004100'),(1559,NULL,NULL,NULL,'Swaziland','2004100'),(1560,NULL,NULL,NULL,'Czech Republic','2004100'),(1561,NULL,NULL,NULL,'Cocos Islands','2004100'),(1562,NULL,NULL,NULL,'New Caledonia','2004100'),(1563,NULL,NULL,NULL,'Malawi','2004100'),(1564,NULL,NULL,NULL,'Dominica','2004100'),(1565,NULL,NULL,NULL,'Ethiopia','2004100'),(1566,NULL,NULL,NULL,'Belarus','2004100'),(1567,NULL,NULL,NULL,'Saint Pierre','2004100'),(1568,NULL,NULL,NULL,'Mozambique','2004100'),(1569,NULL,NULL,NULL,'Belgium','2004100'),(1570,NULL,NULL,NULL,'Liechtenstein','2004100'),(1571,NULL,NULL,NULL,'South Africa','2004100'),(1572,NULL,NULL,NULL,'Barbados','2004100'),(1573,NULL,NULL,NULL,'San Marino','2004100'),(1574,NULL,NULL,NULL,'Colombia','2004100'),(1575,NULL,NULL,NULL,'Palau','2004100'),(1576,NULL,NULL,NULL,'Burkina Faso','2004100'),(1577,NULL,NULL,NULL,'Nigeria','2004100'),(1578,NULL,NULL,NULL,'Peru','2004100'),(1579,NULL,NULL,NULL,'Japan','2004100'),(1580,NULL,NULL,NULL,'Cambodia','2004100'),(1581,NULL,NULL,NULL,'Netherlands Antilles','2004100'),(1582,NULL,NULL,NULL,'Qatar','2004100'),(1583,NULL,NULL,NULL,'Trinidad and Tobago','2004100'),(1584,NULL,NULL,NULL,'Saudi Arabia','2004100'),(1585,NULL,NULL,NULL,'Venezuela','2004100'),(1586,NULL,NULL,NULL,'Pakistan','2004100'),(1587,NULL,NULL,NULL,'Egypt','2004100'),(1588,NULL,NULL,NULL,'Jordan','2004100'),(1589,NULL,NULL,NULL,'Zaire','2004100'),(1590,NULL,NULL,NULL,'Aruba','2004100'),(1591,NULL,NULL,NULL,'French Guiana','2004100'),(1592,NULL,NULL,NULL,'France','2004100'),(1593,NULL,NULL,NULL,'Niue','2004100'),(1594,NULL,NULL,NULL,'Guinea','2004100'),(1595,NULL,NULL,NULL,'Costa Rica','2004100'),(1596,NULL,NULL,NULL,'Guadeloupe','2004100'),(1597,NULL,NULL,NULL,'Tajikistan','2004100'),(1598,NULL,NULL,NULL,'Bosnia and Herzegovina','2004100'),(1599,NULL,NULL,NULL,'Cayman Islands','2004100'),(1600,NULL,NULL,NULL,'Macedonia','2004100'),(1601,NULL,NULL,NULL,'Cook Islands','2004100'),(1602,NULL,NULL,NULL,'Guatemala','2004100'),(1603,NULL,NULL,NULL,'Afghanistan','2004100'),(1604,NULL,NULL,NULL,'Netherlands','2004100'),(1605,NULL,NULL,NULL,'Bouvet Island','2004100'),(1606,NULL,NULL,NULL,'El Salvador','2004100'),(1607,NULL,NULL,NULL,'Sudan','2004100'),(1608,NULL,NULL,NULL,'Kiribati','2004100'),(1609,NULL,NULL,NULL,'Armenia','2004100'),(1610,NULL,NULL,NULL,'Rwanda','2004100'),(1611,NULL,NULL,NULL,'Kenya','2004100'),(1612,NULL,NULL,NULL,'Iceland','2004100'),(1613,NULL,NULL,NULL,'Hong Kong','2004100'),(1614,NULL,NULL,NULL,'Samoa','2004100'),(1615,NULL,NULL,NULL,'Turkey','2004100'),(1616,NULL,NULL,NULL,'Saint Vincent','2004100'),(1617,NULL,NULL,NULL,'Mauritius','2004100'),(1618,NULL,NULL,NULL,'Monaco','2004100'),(1619,NULL,NULL,NULL,'Faroe Islands','2004100'),(1620,NULL,NULL,NULL,'Kyrgyzstan','2004100'),(1621,NULL,NULL,NULL,'Indonesia','2004100'),(1622,NULL,NULL,NULL,'Namibia','2004100'),(1623,NULL,NULL,NULL,'Mongolia','2004100'),(1624,NULL,NULL,NULL,'Tanzania','2004100'),(1625,NULL,NULL,NULL,'Philippines','2004100'),(1626,NULL,NULL,NULL,'Azerbaijan','2004100'),(1627,NULL,NULL,NULL,'Martinique','2004100'),(1628,NULL,NULL,NULL,'Paraguay','2004100'),(1629,NULL,NULL,NULL,'Latvia','2004100'),(1630,NULL,NULL,NULL,'Turkmenistan','2004100'),(1631,NULL,NULL,NULL,'Norway','2004100'),(1632,NULL,NULL,NULL,'Angola','2004100'),(1633,NULL,NULL,NULL,'Nepal','2004100'),(1634,NULL,NULL,NULL,'Mexico','2004100'),(1635,NULL,NULL,NULL,'Finland','2004100'),(1636,NULL,NULL,NULL,'Senegal','2004100'),(1637,NULL,NULL,NULL,'Bhutan','2004100'),(1638,NULL,NULL,NULL,'Cape Verde','2004100'),(1639,NULL,NULL,NULL,'Marshall Islands','2004100'),(1640,NULL,NULL,NULL,'Grenada','2004100'),(1641,NULL,NULL,NULL,'Russian Federation','2004100'),(1642,NULL,NULL,NULL,'Myanmar','2004100'),(1643,NULL,NULL,NULL,'Algeria','2004100'),(1644,NULL,NULL,NULL,'Kazakhstan','2004100'),(1645,NULL,NULL,NULL,'Pitcairn','2004100'),(1646,NULL,NULL,NULL,'Bolivia','2004100'),(1647,NULL,NULL,NULL,'Mali','2004100'),(1648,NULL,NULL,NULL,'Belize','2004100'),(1649,NULL,NULL,NULL,'Micronesia','2004100'),(1650,NULL,NULL,NULL,'Taiwan','2004100'),(1651,NULL,NULL,NULL,'Israel','2004100'),(1652,NULL,NULL,NULL,'East Timor','2004100'),(1653,NULL,NULL,NULL,'Moldova','2004100'),(1654,NULL,NULL,NULL,'Puerto Rico','2004100'),(1655,NULL,NULL,NULL,'Vanuatu','2004100'),(1656,NULL,NULL,NULL,'Austria','2004100'),(1657,NULL,NULL,NULL,'Togo','2004100'),(1658,NULL,NULL,NULL,'Bermuda','2004100'),(1659,NULL,NULL,NULL,'Dominican Republic','2004100'),(1660,NULL,NULL,NULL,'Bulgaria','2004100'),(1661,NULL,NULL,NULL,'Virgin Islands','2004100'),(1662,NULL,NULL,NULL,'Antarctica','2004100'),(1663,NULL,NULL,NULL,'Cyprus','2004100'),(1664,NULL,NULL,NULL,'Cameroon','2004100'),(1665,NULL,NULL,NULL,'Malaysia','2004100'),(1666,NULL,NULL,NULL,'Solomon Islands','2004100'),(1667,NULL,NULL,NULL,'Nicaragua','2004100'),(1668,NULL,NULL,NULL,'Sierra Leone','2004100'),(1669,NULL,NULL,NULL,'Lesotho','2004100'),(1670,NULL,NULL,NULL,'Andorra','2004100'),(1671,NULL,NULL,NULL,'Greece','2004100'),(1672,NULL,NULL,NULL,'Central African Republic','2004100'),(1673,NULL,NULL,NULL,'Jamaica','2004100'),(1674,NULL,NULL,NULL,'Sao Tome and Principe','2004100'),(1675,NULL,NULL,NULL,'Bahamas','2004100'),(1676,NULL,NULL,NULL,'Ghana','2004100'),(1677,NULL,NULL,NULL,'Bangladesh','2004100'),(1678,NULL,NULL,NULL,'French S. Territories','2004100'),(1679,NULL,NULL,NULL,'Bahrain','2004100'),(1680,NULL,NULL,NULL,'Uganda','2004100'),(1681,NULL,NULL,NULL,'Montserrat','2004100'),(1682,NULL,NULL,NULL,'Luxembourg','2004100'),(1683,NULL,NULL,NULL,'Botswana','2004100'),(1684,NULL,NULL,NULL,'New Zealand','2004100'),(1685,NULL,NULL,NULL,'Germany','2004100'),(1686,NULL,NULL,NULL,'Portugal','2004100'),(1687,NULL,NULL,NULL,'Saint Kitts and Nevis','2004100'),(1688,NULL,NULL,NULL,'Ecuador','2004100'),(1689,NULL,NULL,NULL,'Greenland','2004100'),(1690,NULL,NULL,NULL,'United Arab Emirates','2004100'),(1691,NULL,NULL,NULL,'Tonga','2004100'),(1692,NULL,NULL,NULL,'India','2004100'),(1693,NULL,NULL,NULL,'Albania','2004100'),(1694,NULL,NULL,NULL,'Anguilla','2004100'),(1695,NULL,NULL,NULL,'Liberia','2004100'),(1696,NULL,NULL,NULL,'Maldives','2004100'),(1697,NULL,NULL,NULL,'Sweden','2004100'),(1698,NULL,NULL,NULL,'Uruguay','2004100'),(1699,NULL,NULL,NULL,'Vatican City State','2004100'),(1700,NULL,NULL,NULL,'Antigua and Barbuda','2004100'),(1701,NULL,NULL,NULL,'Thailand','2004100'),(1702,NULL,NULL,NULL,'Estonia','2004100'),(1703,NULL,NULL,NULL,'Tokelau','2004100'),(1704,NULL,NULL,NULL,'Ukraine','2004100'),(1705,NULL,NULL,NULL,'Laos','2004100'),(1706,NULL,NULL,NULL,'Chad','2004100'),(1707,NULL,NULL,NULL,'Syrian Arab Republic','2004100'),(1708,NULL,NULL,NULL,'Burundi','2004100'),(1709,NULL,NULL,NULL,'Uzbekistan','2004100'),(1710,NULL,NULL,NULL,'Yemen','2004100'),(1711,NULL,NULL,NULL,'Argentina','2004100'),(1712,NULL,NULL,NULL,'Hungary','2004100'),(1713,NULL,NULL,NULL,'Yugoslavia','2004100'),(1714,NULL,NULL,NULL,'Eritrea','2004100'),(1715,NULL,NULL,NULL,'Mayotte','2004100'),(1716,NULL,NULL,NULL,'Suriname','2004100'),(1717,NULL,NULL,NULL,'Ireland','2004100'),(1718,NULL,NULL,NULL,'Guam','2004100'),(1719,NULL,NULL,NULL,'Wallis And Futuna Islands','2004100'),(1720,NULL,NULL,NULL,'Morocco','2004100'),(1721,NULL,NULL,NULL,'Benin','2004100'),(1722,NULL,NULL,NULL,'Poland','2004100'),(1723,NULL,NULL,NULL,'Panama','2004100'),(1724,NULL,NULL,NULL,'Spain','2004100'),(1725,NULL,NULL,NULL,'French Polynesia','2004100'),(1726,NULL,NULL,NULL,'Korea','2004100'),(1727,NULL,NULL,NULL,'China','2004100'),(1728,NULL,NULL,NULL,'Iraq','2004100'),(1729,NULL,NULL,NULL,'Oman','2004100'),(1730,NULL,NULL,NULL,'Sri Lanka','2004100'),(1731,NULL,NULL,NULL,'Gambia','2004100'),(1732,NULL,NULL,NULL,'Brunei Darussalam','2004100'),(1733,NULL,NULL,NULL,'Cote D ivoire','2004100'),(1734,NULL,NULL,NULL,'Italy','2004100'),(1735,NULL,NULL,NULL,'Madagascar','2004100'),(1736,NULL,NULL,NULL,'Slovenia','2004100'),(1737,NULL,NULL,NULL,'Equatorial Guinea','2004100'),(1738,NULL,NULL,NULL,'Falkland Islands','2004100'),(1739,NULL,NULL,NULL,'Comoros','2004100'),(1740,NULL,NULL,NULL,'Honduras','2004100'),(1741,NULL,NULL,NULL,'Canada','2004100'),(1742,NULL,NULL,NULL,'United States','2004100'),(1743,NULL,NULL,NULL,'Brazil','2004100'),(1744,NULL,NULL,NULL,'Zimbabwe','2004100'),(1745,NULL,NULL,NULL,'Niger','2004100'),(1746,NULL,NULL,NULL,'Denmark','2004100'),(1747,NULL,NULL,NULL,'Georgia','2004100'),(1748,NULL,NULL,NULL,'Djibouti','2004100'),(1749,NULL,NULL,NULL,'Lithuania','2004100'),(1750,NULL,NULL,NULL,'Malta','2004100'),(1751,NULL,NULL,NULL,'New Mexico','2004200'),(1752,NULL,NULL,NULL,'Ohio','2004200'),(1753,NULL,NULL,NULL,'D.C.','2004200'),(1754,NULL,NULL,NULL,'Georgia','2004200'),(1755,NULL,NULL,NULL,'Idaho','2004200'),(1756,NULL,NULL,NULL,'Nebraska','2004200'),(1757,NULL,NULL,NULL,'Minnesota','2004200'),(1758,NULL,NULL,NULL,'Oklahoma','2004200'),(1759,NULL,NULL,NULL,'West Virginia','2004200'),(1760,NULL,NULL,NULL,'Maryland','2004200'),(1761,NULL,NULL,NULL,'Kansas','2004200'),(1762,NULL,NULL,NULL,'New Jersey','2004200'),(1763,NULL,NULL,NULL,'Vermont','2004200'),(1764,NULL,NULL,NULL,'Maine','2004200'),(1765,NULL,NULL,NULL,'Mississippi','2004200'),(1766,NULL,NULL,NULL,'Arkansas','2004200'),(1767,NULL,NULL,NULL,'Pennsylvania','2004200'),(1768,NULL,NULL,NULL,'Louisiana','2004200'),(1769,NULL,NULL,NULL,'Washington','2004200'),(1770,NULL,NULL,NULL,'Hawaii','2004200'),(1771,NULL,NULL,NULL,'Illinois','2004200'),(1772,NULL,NULL,NULL,'North Carolina','2004200'),(1773,NULL,NULL,NULL,'New Hampshire','2004200'),(1774,NULL,NULL,NULL,'Montana','2004200'),(1775,NULL,NULL,NULL,'Arizona','2004200'),(1776,NULL,NULL,NULL,'Connecticut','2004200'),(1777,NULL,NULL,NULL,'Other','2004200'),(1778,NULL,NULL,NULL,'Colorado','2004200'),(1779,NULL,NULL,NULL,'California','2004200'),(1780,NULL,NULL,NULL,'Florida','2004200'),(1781,NULL,NULL,NULL,'Virginia','2004200'),(1782,NULL,NULL,NULL,'Alaska','2004200'),(1783,NULL,NULL,NULL,'Wisconsin','2004200'),(1784,NULL,NULL,NULL,'Tennessee','2004200'),(1785,NULL,NULL,NULL,'Texas','2004200'),(1786,NULL,NULL,NULL,'Wyoming','2004200'),(1787,NULL,NULL,NULL,'Utah','2004200'),(1788,NULL,NULL,NULL,'Michigan','2004200'),(1789,NULL,NULL,NULL,'Nevada','2004200'),(1790,NULL,NULL,NULL,'Missouri','2004200'),(1791,NULL,NULL,NULL,'South Carolina','2004200'),(1792,NULL,NULL,NULL,'South Dakota','2004200'),(1793,NULL,NULL,NULL,'Massachusetts','2004200'),(1794,NULL,NULL,NULL,'Indiana','2004200'),(1795,NULL,NULL,NULL,'Iowa','2004200'),(1796,NULL,NULL,NULL,'Kentucky','2004200'),(1797,NULL,NULL,NULL,'Alabama','2004200'),(1798,NULL,NULL,NULL,'Delaware','2004200'),(1799,NULL,NULL,NULL,'Oregon','2004200'),(1800,NULL,NULL,NULL,'Rhode Island','2004200'),(1801,NULL,NULL,NULL,'North Dakota','2004200'),(1802,NULL,NULL,NULL,'New York','2004200'),(1803,NULL,NULL,NULL,'GERM CELL NEOPLASMS','Clinical_Diagnosis_PID'),(1804,NULL,NULL,1803,'Seminoma, NOS',NULL),(1805,NULL,NULL,1803,'Endodermal sinus tumor',NULL),(1806,NULL,NULL,1803,'Gonadoblastoma',NULL),(1807,NULL,NULL,1803,'Dysgerminoma',NULL),(1808,NULL,NULL,1803,'Mixed germ cell tumor',NULL),(1809,NULL,NULL,1803,'Malignant teratoma, intermediate',NULL),(1810,NULL,NULL,1803,'Teratoma, malignant, NOS',NULL),(1811,NULL,NULL,1803,'Struma ovarii, malignant',NULL),(1812,NULL,NULL,1803,'Struma ovarii, NOS',NULL),(1813,NULL,NULL,1803,'Teratoma with malignant transformation',NULL),(1814,NULL,NULL,1803,'Teratoma, benign',NULL),(1815,NULL,NULL,1803,'Polyembryoma',NULL),(1816,NULL,NULL,1803,'Dermoid cyst, NOS',NULL),(1817,NULL,NULL,1803,'Germinoma',NULL),(1818,NULL,NULL,1803,'Embryonal carcinoma, NOS',NULL),(1819,NULL,NULL,1803,'Malignant teratoma, undifferentiated',NULL),(1820,NULL,NULL,1803,'Seminoma, anaplastic',NULL),(1821,NULL,NULL,1803,'Spermatocytic seminoma',NULL),(1822,NULL,NULL,1803,'Teratoma, NOS',NULL),(1823,NULL,NULL,1803,'Strumal carcinoid',NULL),(1824,NULL,NULL,1803,'Teratocarcinoma',NULL),(1825,NULL,NULL,NULL,'LYMPHOSARCOMA CELL LEUKEMIA','Clinical_Diagnosis_PID'),(1826,NULL,NULL,NULL,'MONOCYTIC LEUKEMIAS','Clinical_Diagnosis_PID'),(1827,NULL,NULL,1826,'Acute monocytic leukemia',NULL),(1828,NULL,NULL,NULL,'FIBROMATOUS NEOPLASMS','Clinical_Diagnosis_PID'),(1829,NULL,NULL,1828,'Dermatofibroma, NOS',NULL),(1830,NULL,NULL,1828,'Dermatofibrosarcoma, NOS',NULL),(1831,NULL,NULL,1828,'Pigmented dermatofibrosarcoma protuberans',NULL),(1832,NULL,NULL,1828,'Periosteal fibrosarcoma',NULL),(1833,NULL,NULL,1828,'Fascial fibroma',NULL),(1834,NULL,NULL,1828,'Fibrous histiocytoma, NOS',NULL),(1835,NULL,NULL,1828,'Fibrosarcoma, NOS',NULL),(1836,NULL,NULL,1828,'Desmoplastic fibroma',NULL),(1837,NULL,NULL,1828,'Fibromyxoma',NULL),(1838,NULL,NULL,1828,'Aggressive fibromatosis',NULL),(1839,NULL,NULL,1828,'Myofibromatosis',NULL),(1840,NULL,NULL,1828,'Atypical fibrous histiocytoma',NULL),(1841,NULL,NULL,1828,'Fibromyxosarcoma',NULL),(1842,NULL,NULL,1828,'Infantile fibrosarcoma',NULL),(1843,NULL,NULL,1828,'Fascial fibrosarcoma',NULL),(1844,NULL,NULL,1828,'Elastofibroma',NULL),(1845,NULL,NULL,1828,'Fibrous histiocytoma, malignant',NULL),(1846,NULL,NULL,1828,'Periosteal fibroma',NULL),(1847,NULL,NULL,1828,'Fibroma, NOS',NULL),(1848,NULL,NULL,1828,'Abdominal fibromatosis',NULL),(1849,NULL,NULL,NULL,'PLASMA CELL TUMORS','Clinical_Diagnosis_PID'),(1850,NULL,NULL,1849,'Multiple myeloma',NULL),(1851,NULL,NULL,1849,'Plasmacytoma, NOS',NULL),(1852,NULL,NULL,NULL,'ODONTOGENIC TUMORS','Clinical_Diagnosis_PID'),(1853,NULL,NULL,1852,'Odontogenic tumor, malignant',NULL),(1854,NULL,NULL,1852,'Compound odontoma',NULL),(1855,NULL,NULL,1852,'Gigantiform cementoma',NULL),(1856,NULL,NULL,1852,'Ameloblastic fibrosarcoma',NULL),(1857,NULL,NULL,1852,'Ameloblastic fibro-odontoma',NULL),(1858,NULL,NULL,1852,'Odontoma, NOS',NULL),(1859,NULL,NULL,1852,'Central odontogenic fibroma',NULL),(1860,NULL,NULL,1852,'Ameloblastoma, malignant',NULL),(1861,NULL,NULL,1852,'Odontogenic tumor, benign',NULL),(1862,NULL,NULL,1852,'Odontogenic myxoma',NULL),(1863,NULL,NULL,1852,'Cementoma, NOS',NULL),(1864,NULL,NULL,1852,'Odontogenic tumor, NOS',NULL),(1865,NULL,NULL,1852,'Odontoameloblastoma',NULL),(1866,NULL,NULL,1852,'Cementifying fibroma',NULL),(1867,NULL,NULL,1852,'Cementoblastoma, benign',NULL),(1868,NULL,NULL,1852,'Odontogenic ghost cell tumor',NULL),(1869,NULL,NULL,1852,'Squamous odontogenic tumor',NULL),(1870,NULL,NULL,1852,'Adenomatoid odontogenic tumor',NULL),(1871,NULL,NULL,1852,'Ameloblastoma, NOS',NULL),(1872,NULL,NULL,1852,'Peripheral odontogenic fibroma',NULL),(1873,NULL,NULL,1852,'Calcifying odontogenic cyst',NULL),(1874,NULL,NULL,1852,'Ameloblastic fibroma',NULL),(1875,NULL,NULL,1852,'Complex odontoma',NULL),(1876,NULL,NULL,1852,'Calcifying epithelial odontogenic tumor',NULL),(1877,NULL,NULL,1852,'Dentinoma',NULL),(1878,NULL,NULL,1852,'Ameloblastic odontosarcoma',NULL),(1879,NULL,NULL,NULL,'ADNEXAL AND SKIN APPENDAGE NEOPLASMS','Clinical_Diagnosis_PID'),(1880,NULL,NULL,1879,'Skin appendage adenoma',NULL),(1881,NULL,NULL,1879,'Apocrine adenoma',NULL),(1882,NULL,NULL,1879,'Papillary hidradenoma',NULL),(1883,NULL,NULL,1879,'Eccrine acrospiroma',NULL),(1884,NULL,NULL,1879,'Eccrine spiradenoma',NULL),(1885,NULL,NULL,1879,'Sweat gland tumor, NOS',NULL),(1886,NULL,NULL,1879,'Papillary syringadenoma',NULL),(1887,NULL,NULL,1879,'Sweat gland adenocarcinoma',NULL),(1888,NULL,NULL,1879,'Sweat gland adenoma',NULL),(1889,NULL,NULL,1879,'Sebaceous adenocarcinoma',NULL),(1890,NULL,NULL,1879,'Sebaceous adenoma',NULL),(1891,NULL,NULL,1879,'Apocrine adenocarcinoma',NULL),(1892,NULL,NULL,1879,'Skin appendage carcinoma',NULL),(1893,NULL,NULL,1879,'Ceruminous adenoma',NULL),(1894,NULL,NULL,1879,'Hidrocystoma',NULL),(1895,NULL,NULL,1879,'Ceruminous adenocarcinoma',NULL),(1896,NULL,NULL,1879,'Syringoma, NOS',NULL),(1897,NULL,NULL,1879,'Eccrine papillary adenoma',NULL),(1898,NULL,NULL,NULL,'COMPLEX MIXED AND STROMAL NEOPLASMS','Clinical_Diagnosis_PID'),(1899,NULL,NULL,1898,'Carcinosarcoma, embryonal',NULL),(1900,NULL,NULL,1898,'Endometrial stromal nodule',NULL),(1901,NULL,NULL,1898,'Adenosarcoma',NULL),(1902,NULL,NULL,1898,'Mesodermal mixed tumor',NULL),(1903,NULL,NULL,1898,'Mesenchymoma, benign',NULL),(1904,NULL,NULL,1898,'Clear cell sarcoma of kidney',NULL),(1905,NULL,NULL,1898,'Embryonal sarcoma',NULL),(1906,NULL,NULL,1898,'Nephroblastoma, NOS',NULL),(1907,NULL,NULL,1898,'Mesenchymoma, NOS',NULL),(1908,NULL,NULL,1898,'Carcinoma in pleomorphic adenoma',NULL),(1909,NULL,NULL,1898,'Adenomyoma',NULL),(1910,NULL,NULL,1898,'Myoepithelioma',NULL),(1911,NULL,NULL,1898,'Endolymphatic stromal myosis',NULL),(1912,NULL,NULL,1898,'Mullerian mixed tumor',NULL),(1913,NULL,NULL,1898,'Carcinosarcoma, NOS',NULL),(1914,NULL,NULL,1898,'Mixed tumor, malignant, NOS',NULL),(1915,NULL,NULL,1898,'Mesoblastic nephroma',NULL),(1916,NULL,NULL,1898,'Mesenchymoma, malignant',NULL),(1917,NULL,NULL,1898,'Pleomorphic adenoma',NULL),(1918,NULL,NULL,1898,'Rhabdoid sarcoma',NULL),(1919,NULL,NULL,1898,'Hepatoblastoma',NULL),(1920,NULL,NULL,1898,'Pancreatoblastoma',NULL),(1921,NULL,NULL,1898,'Endometrial stromal sarcoma',NULL),(1922,NULL,NULL,1898,'Pulmonary blastoma',NULL),(1923,NULL,NULL,NULL,'NEVI AND MELANOMAS','Clinical_Diagnosis_PID'),(1924,NULL,NULL,1923,'Epithelioid and spindle cell nevus',NULL),(1925,NULL,NULL,1923,'Melanoma in situ',NULL),(1926,NULL,NULL,1923,'Dysplastic nevus',NULL),(1927,NULL,NULL,1923,'Spindle cell melanoma, NOS',NULL),(1928,NULL,NULL,1923,'Junctional nevus, NOS',NULL),(1929,NULL,NULL,1923,'Epithelioid cell nevus',NULL),(1930,NULL,NULL,1923,'Cellular blue nevus',NULL),(1931,NULL,NULL,1923,'Nonpigmented nevus',NULL),(1932,NULL,NULL,1923,'Giant pigmented nevus, NOS',NULL),(1933,NULL,NULL,1923,'Balloon cell melanoma',NULL),(1934,NULL,NULL,1923,'Fibrous papule of nose',NULL),(1935,NULL,NULL,1923,'Desmoplastic melanoma, malignant',NULL),(1936,NULL,NULL,1923,'Spindle cell nevus',NULL),(1937,NULL,NULL,1923,'Spindle cell melanoma, type A',NULL),(1938,NULL,NULL,1923,'Neuronevus',NULL),(1939,NULL,NULL,1923,'Acral lentiginous melanoma, malignant',NULL),(1940,NULL,NULL,1923,'Malignant melanoma, regressing',NULL),(1941,NULL,NULL,1923,'Nodular melanoma',NULL),(1942,NULL,NULL,1923,'Compound nevus',NULL),(1943,NULL,NULL,1923,'Spindle cell melanoma, type B',NULL),(1944,NULL,NULL,1923,'Pigmented nevus, NOS',NULL),(1945,NULL,NULL,1923,'Intradermal nevus',NULL),(1946,NULL,NULL,1923,'Mixed epithelioid and spindle cell melanoma',NULL),(1947,NULL,NULL,1923,'Epithelioid cell melanoma',NULL),(1948,NULL,NULL,1923,'Superficial spreading melanoma',NULL),(1949,NULL,NULL,1923,'Blue nevus, malignant',NULL),(1950,NULL,NULL,1923,'Amelanotic melanoma',NULL),(1951,NULL,NULL,1923,'Malignant melanoma in junctional nevus',NULL),(1952,NULL,NULL,1923,'Malignant melanoma in precancerous melanosis',NULL),(1953,NULL,NULL,1923,'Balloon cell nevus',NULL),(1954,NULL,NULL,1923,'Malignant melanoma, NOS',NULL),(1955,NULL,NULL,1923,'Blue nevus, NOS',NULL),(1956,NULL,NULL,1923,'Precancerous melanosis, NOS',NULL),(1957,NULL,NULL,1923,'Hutchinson\'s melanotic freckle, NOS',NULL),(1958,NULL,NULL,1923,'Malignant melanoma in giant pigmented nevus',NULL),(1959,NULL,NULL,1923,'Magnocellular nevus',NULL),(1960,NULL,NULL,1923,'Halo nevus',NULL),(1961,NULL,NULL,1923,'Malignant melanoma in Hutchinson\'s melanotic freckle',NULL),(1962,NULL,NULL,NULL,'SPECIFIED CUTANEOUS AND PERIPHERAL T-CELL LYMPHOMAS','Clinical_Diagnosis_PID'),(1963,NULL,NULL,1962,'Peripheral T-cell lymphoma, AILD (Angioimmunoblastic Lymphadenopathy with',NULL),(1964,NULL,NULL,1962,'Sezary\'s disease',NULL),(1965,NULL,NULL,1962,'Mycosis fungoides',NULL),(1966,NULL,NULL,1962,'Peripheral T-cell lymphoma, NOS',NULL),(1967,NULL,NULL,1962,'Cutaneous lymphoma',NULL),(1968,NULL,NULL,NULL,'BLOOD VESSEL TUMORS','Clinical_Diagnosis_PID'),(1969,NULL,NULL,1968,'Hemangiosarcoma',NULL),(1970,NULL,NULL,1968,'Hemangioblastoma',NULL),(1971,NULL,NULL,1968,'Intramuscular hemangioma',NULL),(1972,NULL,NULL,1968,'Epithelioid hemangioendothelioma, malignant',NULL),(1973,NULL,NULL,1968,'Racemose hemangioma',NULL),(1974,NULL,NULL,1968,'Hemangiopericytoma, NOS',NULL),(1975,NULL,NULL,1968,'Hemangioma, NOS',NULL),(1976,NULL,NULL,1968,'Kupffer cell sarcoma',NULL),(1977,NULL,NULL,1968,'Verrucous keratotic hemangioma',NULL),(1978,NULL,NULL,1968,'Hemangiopericytoma, benign',NULL),(1979,NULL,NULL,1968,'Angiokeratoma',NULL),(1980,NULL,NULL,1968,'Kaposi\'s sarcoma',NULL),(1981,NULL,NULL,1968,'Epithelioid hemangioma',NULL),(1982,NULL,NULL,1968,'Hemangiopericytoma, malignant',NULL),(1983,NULL,NULL,1968,'Hemangioendothelioma, NOS',NULL),(1984,NULL,NULL,1968,'Capillary hemangioma',NULL),(1985,NULL,NULL,1968,'Venous hemangioma',NULL),(1986,NULL,NULL,1968,'Hemangioendothelioma, malignant',NULL),(1987,NULL,NULL,1968,'Cavernous hemangioma',NULL),(1988,NULL,NULL,1968,'Hemangioendothelioma, benign',NULL),(1989,NULL,NULL,1968,'Epithelioid hemangioendothelioma, NOS',NULL),(1990,NULL,NULL,NULL,'MYELOID (GRANULOCYTIC) LEUKEMIAS','Clinical_Diagnosis_PID'),(1991,NULL,NULL,1990,'Chronic myelomonocytic leukemia',NULL),(1992,NULL,NULL,1990,'Acute myelomonocytic leukemia',NULL),(1993,NULL,NULL,1990,'Chronic myeloid leukemia',NULL),(1994,NULL,NULL,1990,'Acute promyelocytic leukemia',NULL),(1995,NULL,NULL,1990,'Acute myeloid leukemia',NULL),(1996,NULL,NULL,1990,'Myeloid leukemia, NOS',NULL),(1997,NULL,NULL,NULL,'LEUKEMIAS, NOS','Clinical_Diagnosis_PID'),(1998,NULL,NULL,1997,'Leukemia, NOS',NULL),(1999,NULL,NULL,1997,'Acute leukemia, NOS',NULL),(2000,NULL,NULL,1997,'Chronic leukemia, NOS',NULL),(2001,NULL,NULL,NULL,'ACINAR CELL NEOPLASMS','Clinical_Diagnosis_PID'),(2002,NULL,NULL,2001,'Acinar cell tumor',NULL),(2003,NULL,NULL,2001,'Acinar cell adenoma',NULL),(2004,NULL,NULL,2001,'Acinar cell carcinoma',NULL),(2005,NULL,NULL,NULL,'OTHER SPECIFIED NON-HODGKIN\'S LYMPHOMAS','Clinical_Diagnosis_PID'),(2006,NULL,NULL,2005,'Angiocentric T-cell lymphoma',NULL),(2007,NULL,NULL,2005,'Monocytoid B-cell lymphoma',NULL),(2008,NULL,NULL,2005,'Large cell (Ki-1+) lymphoma',NULL),(2009,NULL,NULL,NULL,'HODGKIN\'S DISEASE','Clinical_Diagnosis_PID'),(2010,NULL,NULL,2009,'Hodgkin\'s granuloma',NULL),(2011,NULL,NULL,2009,'Hodgkin\'s disease, nodular sclerosis, cellular phase',NULL),(2012,NULL,NULL,2009,'Hodgkin\'s disease, lymphocytic predominance, nodular',NULL),(2013,NULL,NULL,2009,'Hodgkin\'s disease, lymphocytic depletion, reticular',NULL),(2014,NULL,NULL,2009,'Hodgkin\'s disease, lymphocytic depletion, NOS',NULL),(2015,NULL,NULL,2009,'Hodgkin\'s disease, mixed cellularity, NOS',NULL),(2016,NULL,NULL,2009,'Hodgkin\'s sarcoma',NULL),(2017,NULL,NULL,2009,'Hodgkin\'s disease, nodular sclerosis, lymphocytic predominance',NULL),(2018,NULL,NULL,2009,'Hodgkin\'s disease, nodular sclerosis, lymphocytic depletion',NULL),(2019,NULL,NULL,2009,'Hodgkin\'s disease, NOS',NULL),(2020,NULL,NULL,2009,'Hodgkin\'s disease, lymphocytic depletion, diffuse fibrosis',NULL),(2021,NULL,NULL,2009,'Hodgkin\'s disease, lymphocytic predominance, NOS',NULL),(2022,NULL,NULL,2009,'Hodgkin\'s disease, nodular sclerosis, NOS',NULL),(2023,NULL,NULL,NULL,'SQUAMOUS CELL NEOPLASMS','Clinical_Diagnosis_PID'),(2024,NULL,NULL,2023,'Adenoid squamous cell carcinoma',NULL),(2025,NULL,NULL,2023,'Papilloma, NOS (except Papilloma of bladder M-8120/1)',NULL),(2026,NULL,NULL,2023,'Lymphoepithelial carcinoma',NULL),(2027,NULL,NULL,2023,'Papillary squamous cell carcinoma',NULL),(2028,NULL,NULL,2023,'Inverted papilloma',NULL),(2029,NULL,NULL,2023,'Squamous cell papilloma',NULL),(2030,NULL,NULL,2023,'Squamous cell carcinoma, large cell, nonkeratinizing',NULL),(2031,NULL,NULL,2023,'Papillary carcinoma in situ',NULL),(2032,NULL,NULL,2023,'Verrucous papilloma',NULL),(2033,NULL,NULL,2023,'Bowen\'s disease',NULL),(2034,NULL,NULL,2023,'Squamous cell carcinoma, NOS',NULL),(2035,NULL,NULL,2023,'Intraepithelial neoplasia, grade III, of cervix, vulva and vagina (See Introduction, page xxix)',NULL),(2036,NULL,NULL,2023,'Verrucous carcinoma, NOS',NULL),(2037,NULL,NULL,2023,'Papillary carcinoma, NOS',NULL),(2038,NULL,NULL,2023,'Squamous cell carcinoma in situ, NOS',NULL),(2039,NULL,NULL,2023,'Squamous cell carcinoma in situ with questionable stromal invasion',NULL),(2040,NULL,NULL,2023,'Squamous cell carcinoma, spindle cell',NULL),(2041,NULL,NULL,2023,'Squamous cell carcinoma, small cell, nonkeratinizing',NULL),(2042,NULL,NULL,2023,'Squamous cell carcinoma, metastatic, NOS',NULL),(2043,NULL,NULL,2023,'Papillomatosis, NOS',NULL),(2044,NULL,NULL,2023,'Queyrat\'s erythroplasia',NULL),(2045,NULL,NULL,2023,'Squamous cell carcinoma, keratinizing, NOS',NULL),(2046,NULL,NULL,2023,'Squamous cell carcinoma, microinvasive',NULL),(2047,NULL,NULL,NULL,'MALIGNANT LYMPHOMA, NOS, OR DIFFUSE','Clinical_Diagnosis_PID'),(2048,NULL,NULL,2047,'Malignant lymphoma, non-Hodgkin\'s, NOS',NULL),(2049,NULL,NULL,2047,'Malignant lymphoma, NOS',NULL),(2050,NULL,NULL,NULL,'IMMUNOPROLIFERATIVE DISEASES','Clinical_Diagnosis_PID'),(2051,NULL,NULL,2050,'Angiocentric immunoproliferative lesion',NULL),(2052,NULL,NULL,2050,'Monoclonal gammopathy',NULL),(2053,NULL,NULL,2050,'Waldenstrom\'s macroglobulinemia',NULL),(2054,NULL,NULL,2050,'T-gamma lymphoproliferative disease',NULL),(2055,NULL,NULL,2050,'Angioimmunoblastic lymphadenopathy',NULL),(2056,NULL,NULL,2050,'Immunoproliferative small intestinal disease',NULL),(2057,NULL,NULL,2050,'Immunoproliferative disease, NOS',NULL),(2058,NULL,NULL,2050,'Alpha heavy chain disease',NULL),(2059,NULL,NULL,NULL,'SYNOVIAL-LIKE NEOPLASMS','Clinical_Diagnosis_PID'),(2060,NULL,NULL,2059,'Synovial sarcoma, epithelioid cell',NULL),(2061,NULL,NULL,2059,'Clear cell sarcoma (except of Kidney M-8964/3)',NULL),(2062,NULL,NULL,2059,'Synovial sarcoma, NOS',NULL),(2063,NULL,NULL,2059,'Synovial sarcoma, biphasic',NULL),(2064,NULL,NULL,2059,'Synovial sarcoma, spindle cell',NULL),(2065,NULL,NULL,2059,'Synovioma, benign',NULL),(2066,NULL,NULL,NULL,'CYSTIC, MUCINOUS AND SEROUS NEOPLASMS','Clinical_Diagnosis_PID'),(2067,NULL,NULL,2066,'Papillary serous cystadenocarcinoma',NULL),(2068,NULL,NULL,2066,'Mucinous cystadenoma, borderline malignancy',NULL),(2069,NULL,NULL,2066,'Papillary serous cystadenoma, borderline malignancy',NULL),(2070,NULL,NULL,2066,'Papillary mucinous cystadenoma, NOS',NULL),(2071,NULL,NULL,2066,'Serous surface papillary carcinoma',NULL),(2072,NULL,NULL,2066,'Cystadenoma, NOS',NULL),(2073,NULL,NULL,2066,'Papillary mucinous cystadenoma, borderline malignancy',NULL),(2074,NULL,NULL,2066,'Mucinous cystadenocarcinoma, NOS',NULL),(2075,NULL,NULL,2066,'Signet ring cell carcinoma',NULL),(2076,NULL,NULL,2066,'Pseudomyxoma peritonei',NULL),(2077,NULL,NULL,2066,'Mucinous cystadenoma, NOS',NULL),(2078,NULL,NULL,2066,'Serous cystadenoma, borderline malignancy',NULL),(2079,NULL,NULL,2066,'Metastatic signet ring cell carcinoma',NULL),(2080,NULL,NULL,2066,'Mucinous adenocarcinoma',NULL),(2081,NULL,NULL,2066,'Papillary serous cystadenoma, NOS',NULL),(2082,NULL,NULL,2066,'Papillary cystic tumor',NULL),(2083,NULL,NULL,2066,'Papillary cystadenoma, borderline malignancy',NULL),(2084,NULL,NULL,2066,'Cystadenocarcinoma, NOS',NULL),(2085,NULL,NULL,2066,'Serous cystadenoma, NOS',NULL),(2086,NULL,NULL,2066,'Papillary cystadenocarcinoma, NOS',NULL),(2087,NULL,NULL,2066,'Mucin-producing adenocarcinoma',NULL),(2088,NULL,NULL,2066,'Serous cystadenocarcinoma, NOS',NULL),(2089,NULL,NULL,2066,'Papillary cystadenoma, NOS',NULL),(2090,NULL,NULL,2066,'Papillary mucinous cystadenocarcinoma',NULL),(2091,NULL,NULL,2066,'Mucinous adenoma',NULL),(2092,NULL,NULL,2066,'Serous surface papilloma',NULL),(2093,NULL,NULL,NULL,'FIBROEPITHELIAL NEOPLASMS','Clinical_Diagnosis_PID'),(2094,NULL,NULL,2093,'Phyllodes tumor, malignant',NULL),(2095,NULL,NULL,2093,'Giant fibroadenoma',NULL),(2096,NULL,NULL,2093,'Fibroadenoma, NOS',NULL),(2097,NULL,NULL,2093,'Phyllodes tumor, benign',NULL),(2098,NULL,NULL,2093,'Brenner tumor, malignant',NULL),(2099,NULL,NULL,2093,'Mucinous adenofibroma',NULL),(2100,NULL,NULL,2093,'Intracanalicular fibroadenoma',NULL),(2101,NULL,NULL,2093,'Brenner tumor, borderline malignancy',NULL),(2102,NULL,NULL,2093,'Phyllodes tumor, NOS',NULL),(2103,NULL,NULL,2093,'Brenner tumor, NOS',NULL),(2104,NULL,NULL,2093,'Pericanalicular fibroadenoma',NULL),(2105,NULL,NULL,2093,'Adenofibroma, NOS',NULL),(2106,NULL,NULL,2093,'Serous adenofibroma',NULL),(2107,NULL,NULL,2093,'Juvenile fibroadenoma',NULL),(2108,NULL,NULL,NULL,'MUCOEPIDERMOID NEOPLASMS','Clinical_Diagnosis_PID'),(2109,NULL,NULL,2108,'Mucoepidermoid tumor',NULL),(2110,NULL,NULL,2108,'Mucoepidermoid carcinoma',NULL),(2111,NULL,NULL,NULL,'LIPOMATOUS NEOPLASMS','Clinical_Diagnosis_PID'),(2112,NULL,NULL,2111,'Pleomorphic liposarcoma',NULL),(2113,NULL,NULL,2111,'Myxoid liposarcoma',NULL),(2114,NULL,NULL,2111,'Liposarcoma, well differentiated',NULL),(2115,NULL,NULL,2111,'Mixed liposarcoma',NULL),(2116,NULL,NULL,2111,'Hibernoma',NULL),(2117,NULL,NULL,2111,'Fibromyxolipoma',NULL),(2118,NULL,NULL,2111,'Round cell liposarcoma',NULL),(2119,NULL,NULL,2111,'Dedifferentiated liposarcoma',NULL),(2120,NULL,NULL,2111,'Liposarcoma, NOS',NULL),(2121,NULL,NULL,2111,'Lipoma, NOS',NULL),(2122,NULL,NULL,2111,'Lipoblastomatosis',NULL),(2123,NULL,NULL,2111,'Angiolipoma, NOS',NULL),(2124,NULL,NULL,2111,'Fibrolipoma',NULL),(2125,NULL,NULL,2111,'Pleomorphic lipoma',NULL),(2126,NULL,NULL,2111,'Intramuscular lipoma',NULL),(2127,NULL,NULL,2111,'Angiomyolipoma',NULL),(2128,NULL,NULL,2111,'Spindle cell lipoma',NULL),(2129,NULL,NULL,2111,'Myelolipoma',NULL),(2130,NULL,NULL,NULL,'GIANT CELL TUMORS','Clinical_Diagnosis_PID'),(2131,NULL,NULL,2130,'Giant cell tumor of bone, NOS',NULL),(2132,NULL,NULL,2130,'Giant cell tumor of soft parts, NOS',NULL),(2133,NULL,NULL,2130,'Malignant giant cell tumor of soft parts',NULL),(2134,NULL,NULL,2130,'Giant cell tumor of bone, malignant',NULL),(2135,NULL,NULL,NULL,'MALIGNANT LYMPHOMA SPECIFIED TYPE, DIFFUSE OR NOS','Clinical_Diagnosis_PID'),(2136,NULL,NULL,2135,'Malignant lymphoma, immunoblastic, NOS',NULL),(2137,NULL,NULL,2135,'Malignant lymphoma, lymphoplasmacytic',NULL),(2138,NULL,NULL,2135,'Burkitt\'s lymphoma, NOS',NULL),(2139,NULL,NULL,2135,'Malignant lymphoma, large cell, diffuse, NOS',NULL),(2140,NULL,NULL,2135,'Malignant lymphoma, lymphoblastic',NULL),(2141,NULL,NULL,2135,'Malignant lymphoma, mixed small and large cell, diffuse',NULL),(2142,NULL,NULL,2135,'Malignant lymphoma, lymphocytic, intermediate differentiation, diffuse',NULL),(2143,NULL,NULL,2135,'Malignant lymphoma, small lymphocytic, NOS',NULL),(2144,NULL,NULL,NULL,'COMPLEX EPITHELIAL NEOPLASMS','Clinical_Diagnosis_PID'),(2145,NULL,NULL,2144,'Adenocarcinoma with squamous metaplasia',NULL),(2146,NULL,NULL,2144,'Epithelial-myoepithelial carcinoma',NULL),(2147,NULL,NULL,2144,'Adenocarcinoma with apocrine metaplasia',NULL),(2148,NULL,NULL,2144,'Thymoma, malignant',NULL),(2149,NULL,NULL,2144,'Adenosquamous carcinoma',NULL),(2150,NULL,NULL,2144,'Thymoma, benign',NULL),(2151,NULL,NULL,2144,'Adenolymphoma',NULL),(2152,NULL,NULL,2144,'Adenocarcinoma with spindle cell metaplasia',NULL),(2153,NULL,NULL,2144,'Adenocarcinoma with cartilaginous and osseous metaplasia',NULL),(2154,NULL,NULL,NULL,'EOSINOPHILIC LEUKEMIA','Clinical_Diagnosis_PID'),(2155,NULL,NULL,NULL,'SOFT TISSUE TUMORS AND SARCOMAS, NOS','Clinical_Diagnosis_PID'),(2156,NULL,NULL,2155,'Small cell sarcoma',NULL),(2157,NULL,NULL,2155,'Soft tissue tumor, benign',NULL),(2158,NULL,NULL,2155,'Giant cell sarcoma (except of Bone M-9250/3)',NULL),(2159,NULL,NULL,2155,'Spindle cell sarcoma',NULL),(2160,NULL,NULL,2155,'Sarcoma, NOS',NULL),(2161,NULL,NULL,2155,'Sarcomatosis, NOS',NULL),(2162,NULL,NULL,2155,'Epithelioid sarcoma',NULL),(2163,NULL,NULL,NULL,'LYMPHATIC VESSEL TUMORS','Clinical_Diagnosis_PID'),(2164,NULL,NULL,2163,'Lymphangiomyoma',NULL),(2165,NULL,NULL,2163,'Cystic lymphangioma',NULL),(2166,NULL,NULL,2163,'Lymphangioma, NOS',NULL),(2167,NULL,NULL,2163,'Hemolymphangioma',NULL),(2168,NULL,NULL,2163,'Cavernous lymphangioma',NULL),(2169,NULL,NULL,2163,'Capillary lymphangioma',NULL),(2170,NULL,NULL,2163,'Lymphangiosarcoma',NULL),(2171,NULL,NULL,2163,'Lymphangiomyomatosis',NULL),(2172,NULL,NULL,NULL,'OTHER LEUKEMIAS','Clinical_Diagnosis_PID'),(2173,NULL,NULL,2172,'Acute megakaryoblastic leukemia',NULL),(2174,NULL,NULL,2172,'Mast cell leukemia',NULL),(2175,NULL,NULL,2172,'Acute panmyelosis',NULL),(2176,NULL,NULL,2172,'Hairy cell leukemia',NULL),(2177,NULL,NULL,2172,'Myeloid sarcoma',NULL),(2178,NULL,NULL,NULL,'MISCELLANEOUS BONE TUMORS','Clinical_Diagnosis_PID'),(2179,NULL,NULL,2178,'Adamantinoma of long bones',NULL),(2180,NULL,NULL,2178,'Ewing\'s sarcoma',NULL),(2181,NULL,NULL,2178,'Ossifying fibroma',NULL),(2182,NULL,NULL,NULL,'DUCTAL, LOBULAR AND MEDULLARY NEOPLASMS','Clinical_Diagnosis_PID'),(2183,NULL,NULL,2182,'Infiltrating duct carcinoma',NULL),(2184,NULL,NULL,2182,'Juvenile carcinoma of breast',NULL),(2185,NULL,NULL,2182,'Intraductal carcinoma and lobular carcinoma in situ',NULL),(2186,NULL,NULL,2182,'Paget\'s disease and intraductal carcinoma of breast',NULL),(2187,NULL,NULL,2182,'Intracystic carcinoma, NOS',NULL),(2188,NULL,NULL,2182,'Intraductal papillary adenocarcinoma with invasion',NULL),(2189,NULL,NULL,2182,'Medullary carcinoma with lymphoid stroma',NULL),(2190,NULL,NULL,2182,'Infiltrating duct and lobular carcinoma',NULL),(2191,NULL,NULL,2182,'Medullary carcinoma with amyloid stroma',NULL),(2192,NULL,NULL,2182,'Medullary carcinoma, NOS',NULL),(2193,NULL,NULL,2182,'Lobular carcinoma in situ',NULL),(2194,NULL,NULL,2182,'Comedocarcinoma, noninfiltrating',NULL),(2195,NULL,NULL,2182,'Inflammatory carcinoma',NULL),(2196,NULL,NULL,2182,'Intracystic papillary adenoma',NULL),(2197,NULL,NULL,2182,'Adenoma of nipple',NULL),(2198,NULL,NULL,2182,'Infiltrating ductular carcinoma',NULL),(2199,NULL,NULL,2182,'Paget\'s disease and infiltrating duct carcinoma of breast',NULL),(2200,NULL,NULL,2182,'Intraductal papillomatosis, NOS',NULL),(2201,NULL,NULL,2182,'Paget\'s disease, mammary',NULL),(2202,NULL,NULL,2182,'Lobular carcinoma, NOS',NULL),(2203,NULL,NULL,2182,'Noninfiltrating intracystic carcinoma',NULL),(2204,NULL,NULL,2182,'Intraductal papilloma',NULL),(2205,NULL,NULL,2182,'Intraductal carcinoma, noninfiltrating, NOS',NULL),(2206,NULL,NULL,2182,'Paget\'s disease, extramammary (except Paget\'s disease of bone)',NULL),(2207,NULL,NULL,2182,'Noninfiltrating intraductal papillary adenocarcinoma',NULL),(2208,NULL,NULL,2182,'Comedocarcinoma, NOS',NULL),(2209,NULL,NULL,NULL,'MISCELLANEOUS MYELOPROLIFERATIVE AND LYMPHOPROLIFERATIVE DISORDERS','Clinical_Diagnosis_PID'),(2210,NULL,NULL,2209,'Chronic myeloproliferative disease',NULL),(2211,NULL,NULL,2209,'Idiopathic thrombocythemia',NULL),(2212,NULL,NULL,2209,'Myelosclerosis with myeloid metaplasia',NULL),(2213,NULL,NULL,2209,'Lymphoproliferative disease, NOS',NULL),(2214,NULL,NULL,NULL,'MENINGIOMAS','Clinical_Diagnosis_PID'),(2215,NULL,NULL,2214,'Meningotheliomatous meningioma',NULL),(2216,NULL,NULL,2214,'Hemangioblastic meningioma',NULL),(2217,NULL,NULL,2214,'Meningioma, malignant',NULL),(2218,NULL,NULL,2214,'Meningiomatosis, NOS',NULL),(2219,NULL,NULL,2214,'Angiomatous meningioma',NULL),(2220,NULL,NULL,2214,'Psammomatous meningioma',NULL),(2221,NULL,NULL,2214,'Meningeal sarcomatosis',NULL),(2222,NULL,NULL,2214,'Fibrous meningioma',NULL),(2223,NULL,NULL,2214,'Meningioma, NOS',NULL),(2224,NULL,NULL,2214,'Transitional meningioma',NULL),(2225,NULL,NULL,2214,'Papillary meningioma',NULL),(2226,NULL,NULL,NULL,'OTHER LYMPHORETICULAR NEOPLASMS','Clinical_Diagnosis_PID'),(2227,NULL,NULL,2226,'Letterer-Siwe\'s disease',NULL),(2228,NULL,NULL,2226,'True histiocytic lymphoma',NULL),(2229,NULL,NULL,2226,'Malignant histiocytosis',NULL),(2230,NULL,NULL,NULL,'MYOMATOUS NEOPLASMS','Clinical_Diagnosis_PID'),(2231,NULL,NULL,2230,'Embryonal rhabdomyosarcoma',NULL),(2232,NULL,NULL,2230,'Angiomyoma',NULL),(2233,NULL,NULL,2230,'Rhabdomyoma, NOS',NULL),(2234,NULL,NULL,2230,'Bizarre leiomyoma',NULL),(2235,NULL,NULL,2230,'Angiomyosarcoma',NULL),(2236,NULL,NULL,2230,'Myoma',NULL),(2237,NULL,NULL,2230,'Pleomorphic rhabdomyosarcoma',NULL),(2238,NULL,NULL,2230,'Leiomyosarcoma, NOS',NULL),(2239,NULL,NULL,2230,'Alveolar rhabdomyosarcoma',NULL),(2240,NULL,NULL,2230,'Leiomyoma, NOS',NULL),(2241,NULL,NULL,2230,'Cellular leiomyoma',NULL),(2242,NULL,NULL,2230,'Mixed type rhabdomyosarcoma',NULL),(2243,NULL,NULL,2230,'Epithelioid leiomyoma',NULL),(2244,NULL,NULL,2230,'Adult rhabdomyoma',NULL),(2245,NULL,NULL,2230,'Leiomyomatosis, NOS',NULL),(2246,NULL,NULL,2230,'Smooth muscle tumor, NOS',NULL),(2247,NULL,NULL,2230,'Myosarcoma',NULL),(2248,NULL,NULL,2230,'Rhabdomyosarcoma, NOS',NULL),(2249,NULL,NULL,2230,'Epithelioid leiomyosarcoma',NULL),(2250,NULL,NULL,2230,'Myxoid leiomyosarcoma',NULL),(2251,NULL,NULL,2230,'Fetal rhabdomyoma',NULL),(2252,NULL,NULL,NULL,'PARAGANGLIOMAS AND GLOMUS TUMORS','Clinical_Diagnosis_PID'),(2253,NULL,NULL,2252,'Parasympathetic paraganglioma',NULL),(2254,NULL,NULL,2252,'Paraganglioma, NOS',NULL),(2255,NULL,NULL,2252,'Carotid body tumor',NULL),(2256,NULL,NULL,2252,'Pheochromocytoma, NOS',NULL),(2257,NULL,NULL,2252,'Glomus tumor',NULL),(2258,NULL,NULL,2252,'Pheochromocytoma, malignant',NULL),(2259,NULL,NULL,2252,'Paraganglioma, malignant',NULL),(2260,NULL,NULL,2252,'Extra-adrenal paraganglioma, NOS',NULL),(2261,NULL,NULL,2252,'Glomangioma',NULL),(2262,NULL,NULL,2252,'Glomangiomyoma',NULL),(2263,NULL,NULL,2252,'Aortic body tumor',NULL),(2264,NULL,NULL,2252,'Extra-adrenal paraganglioma, malignant',NULL),(2265,NULL,NULL,2252,'Gangliocytic paraganglioma',NULL),(2266,NULL,NULL,2252,'Sympathetic paraganglioma',NULL),(2267,NULL,NULL,2252,'Glomus jugulare tumor',NULL),(2268,NULL,NULL,2252,'Glomangiosarcoma',NULL),(2269,NULL,NULL,NULL,'TRANSITIONAL CELL PAPILLOMAS AND CARCINOMAS','Clinical_Diagnosis_PID'),(2270,NULL,NULL,2269,'Basaloid carcinoma',NULL),(2271,NULL,NULL,2269,'Transitional cell carcinoma, NOS',NULL),(2272,NULL,NULL,2269,'Urothelial papilloma',NULL),(2273,NULL,NULL,2269,'Transitional cell papilloma, inverted',NULL),(2274,NULL,NULL,2269,'Papillary transitional cell carcinoma',NULL),(2275,NULL,NULL,2269,'Schneiderian papilloma',NULL),(2276,NULL,NULL,2269,'Transitional cell papilloma, NOS',NULL),(2277,NULL,NULL,2269,'Transitional cell carcinoma, spindle cell',NULL),(2278,NULL,NULL,2269,'Cloacogenic carcinoma',NULL),(2279,NULL,NULL,2269,'Schneiderian carcinoma',NULL),(2280,NULL,NULL,2269,'Transitional cell carcinoma in situ',NULL),(2281,NULL,NULL,NULL,'ADENOMAS AND ADENOCARCINOMAS','Clinical_Diagnosis_PID'),(2282,NULL,NULL,2281,'Mixed acidophil-basophil carcinoma',NULL),(2283,NULL,NULL,2281,'Adenoid cystic carcinoma',NULL),(2284,NULL,NULL,2281,'Adenomatous polyposis coli',NULL),(2285,NULL,NULL,2281,'Islet cell adenoma',NULL),(2286,NULL,NULL,2281,'Hypernephroid tumor',NULL),(2287,NULL,NULL,2281,'Adenocarcinoma, intestinal type',NULL),(2288,NULL,NULL,2281,'Cribriform carcinoma',NULL),(2289,NULL,NULL,2281,'Superficial spreading adenocarcinoma',NULL),(2290,NULL,NULL,2281,'Clear cell adenofibroma',NULL),(2291,NULL,NULL,2281,'Alveolar adenoma',NULL),(2292,NULL,NULL,2281,'Basophil adenoma',NULL),(2293,NULL,NULL,2281,'Adenocarcinoma in tubulovillous adenoma',NULL),(2294,NULL,NULL,2281,'Renal cell carcinoma',NULL),(2295,NULL,NULL,2281,'Neuroendocrine carcinoma',NULL),(2296,NULL,NULL,2281,'Adenocarcinoma in situ, NOS',NULL),(2297,NULL,NULL,2281,'Adenomatous polyp, NOS',NULL),(2298,NULL,NULL,2281,'Pulmonary adenomatosis',NULL),(2299,NULL,NULL,2281,'Apudoma',NULL),(2300,NULL,NULL,2281,'Vipoma',NULL),(2301,NULL,NULL,2281,'Adenocarcinoma, NOS',NULL),(2302,NULL,NULL,2281,'Hepatocellular carcinoma, fibrolamellar',NULL),(2303,NULL,NULL,2281,'Glycogen-rich carcinoma',NULL),(2304,NULL,NULL,2281,'Papillary adenoma, NOS',NULL),(2305,NULL,NULL,2281,'Linitis plastica',NULL),(2306,NULL,NULL,2281,'Tubular adenoma, NOS',NULL),(2307,NULL,NULL,2281,'Tubular adenocarcinoma',NULL),(2308,NULL,NULL,2281,'Goblet cell carcinoid',NULL),(2309,NULL,NULL,2281,'Oxyphilic adenocarcinoma',NULL),(2310,NULL,NULL,2281,'Bile duct adenoma',NULL),(2311,NULL,NULL,2281,'Hepatocellular carcinoma, NOS',NULL),(2312,NULL,NULL,2281,'Acidophil adenoma',NULL),(2313,NULL,NULL,2281,'Adenocarcinoma, metastatic, NOS',NULL),(2314,NULL,NULL,2281,'Basal cell adenocarcinoma',NULL),(2315,NULL,NULL,2281,'Tubulovillous adenoma, NOS',NULL),(2316,NULL,NULL,2281,'Gastrinoma, NOS',NULL),(2317,NULL,NULL,2281,'Islet cell carcinoma',NULL),(2318,NULL,NULL,2281,'Basal cell adenoma',NULL),(2319,NULL,NULL,2281,'Mixed acidophil-basophil adenoma',NULL),(2320,NULL,NULL,2281,'Insulinoma, NOS',NULL),(2321,NULL,NULL,2281,'Gastrinoma, malignant',NULL),(2322,NULL,NULL,2281,'Glucagonoma, NOS',NULL),(2323,NULL,NULL,2281,'Trabecular adenoma',NULL),(2324,NULL,NULL,2281,'Microcystic adenoma',NULL),(2325,NULL,NULL,2281,'Alveolar adenocarcinoma',NULL),(2326,NULL,NULL,2281,'Carcinoid tumor, argentaffin, malignant',NULL),(2327,NULL,NULL,2281,'Adenocarcinoma in adenomatous polyposis coli',NULL),(2328,NULL,NULL,2281,'Adenocarcinoma in situ in villous adenoma',NULL),(2329,NULL,NULL,2281,'Clear cell adenocarcinoma, NOS',NULL),(2330,NULL,NULL,2281,'Eccrine dermal cylindroma',NULL),(2331,NULL,NULL,2281,'Papillary adenocarcinoma, NOS',NULL),(2332,NULL,NULL,2281,'Cholangiocarcinoma',NULL),(2333,NULL,NULL,2281,'Adenocarcinoma in situ in adenomatous polyp',NULL),(2334,NULL,NULL,2281,'Merkel cell carcinoma',NULL),(2335,NULL,NULL,2281,'Adenocarcinoma in multiple adenomatous polyps',NULL),(2336,NULL,NULL,2281,'Prolactinoma',NULL),(2337,NULL,NULL,2281,'Adenocarcinoma in villous adenoma',NULL),(2338,NULL,NULL,2281,'Klatskin\'s tumor',NULL),(2339,NULL,NULL,2281,'Scirrhous adenocarcinoma',NULL),(2340,NULL,NULL,2281,'Clear cell adenoma',NULL),(2341,NULL,NULL,2281,'Chromophobe adenoma',NULL),(2342,NULL,NULL,2281,'Carcinoma simplex',NULL),(2343,NULL,NULL,2281,'Oxyphilic adenoma',NULL),(2344,NULL,NULL,2281,'Lipid-rich carcinoma',NULL),(2345,NULL,NULL,2281,'Monomorphic adenoma',NULL),(2346,NULL,NULL,2281,'Adenocarcinoma in adenomatous polyp',NULL),(2347,NULL,NULL,2281,'Multiple adenomatous polyps',NULL),(2348,NULL,NULL,2281,'Bile duct cystadenoma',NULL),(2349,NULL,NULL,2281,'Acidophil carcinoma',NULL),(2350,NULL,NULL,2281,'Villous adenoma, NOS',NULL),(2351,NULL,NULL,2281,'Adenocarcinoid tumor',NULL),(2352,NULL,NULL,2281,'Composite carcinoid',NULL),(2353,NULL,NULL,2281,'Insulinoma, malignant',NULL),(2354,NULL,NULL,2281,'Adenocarcinoma in situ in tubulovillous adenoma',NULL),(2355,NULL,NULL,2281,'Bronchiolo-alveolar adenocarcinoma',NULL),(2356,NULL,NULL,2281,'Bronchial adenoma, NOS',NULL),(2357,NULL,NULL,2281,'Granular cell carcinoma',NULL),(2358,NULL,NULL,2281,'Carcinoma, diffuse type',NULL),(2359,NULL,NULL,2281,'Combined hepatocellular carcinoma and cholangiocarcinoma',NULL),(2360,NULL,NULL,2281,'Trabecular adenocarcinoma',NULL),(2361,NULL,NULL,2281,'Embryonal adenoma',NULL),(2362,NULL,NULL,2281,'Solid carcinoma, NOS',NULL),(2363,NULL,NULL,2281,'Mixed islet cell and exocrine adenocarcinoma',NULL),(2364,NULL,NULL,2281,'Adenoma, NOS',NULL),(2365,NULL,NULL,2281,'Basophil carcinoma',NULL),(2366,NULL,NULL,2281,'Villous adenocarcinoma',NULL),(2367,NULL,NULL,2281,'Liver cell adenoma',NULL),(2368,NULL,NULL,2281,'Carcinoid tumor, NOS, of appendix',NULL),(2369,NULL,NULL,2281,'Chromophobe carcinoma',NULL),(2370,NULL,NULL,2281,'Carcinoid tumor, NOS (except of Appendix M-8240/1)',NULL),(2371,NULL,NULL,2281,'Glucagonoma, malignant',NULL),(2372,NULL,NULL,2281,'Bile duct cystadenocarcinoma',NULL),(2373,NULL,NULL,NULL,'EPITHELIAL NEOPLASMS, NOS','Clinical_Diagnosis_PID'),(2374,NULL,NULL,2373,'Tumorlet',NULL),(2375,NULL,NULL,2373,'Epithelioma, malignant',NULL),(2376,NULL,NULL,2373,'Pleomorphic carcinoma',NULL),(2377,NULL,NULL,2373,'Polygonal cell carcinoma',NULL),(2378,NULL,NULL,2373,'Carcinoma, NOS',NULL),(2379,NULL,NULL,2373,'Carcinomatosis',NULL),(2380,NULL,NULL,2373,'Oat cell carcinoma',NULL),(2381,NULL,NULL,2373,'Small cell carcinoma, intermediate cell',NULL),(2382,NULL,NULL,2373,'Small cell carcinoma, fusiform cell',NULL),(2383,NULL,NULL,2373,'Pseudosarcomatous carcinoma',NULL),(2384,NULL,NULL,2373,'Small cell-large cell carcinoma',NULL),(2385,NULL,NULL,2373,'Epithelioma, benign',NULL),(2386,NULL,NULL,2373,'Small cell carcinoma, NOS',NULL),(2387,NULL,NULL,2373,'Giant cell and spindle cell carcinoma',NULL),(2388,NULL,NULL,2373,'Giant cell carcinoma',NULL),(2389,NULL,NULL,2373,'Carcinoma, anaplastic, NOS',NULL),(2390,NULL,NULL,2373,'Epithelial tumor, benign',NULL),(2391,NULL,NULL,2373,'Spindle cell carcinoma',NULL),(2392,NULL,NULL,2373,'Carcinoma in situ, NOS',NULL),(2393,NULL,NULL,2373,'Carcinoma, metastatic, NOS',NULL),(2394,NULL,NULL,2373,'Large cell carcinoma, NOS',NULL),(2395,NULL,NULL,2373,'Carcinoma, undifferentiated, NOS',NULL),(2396,NULL,NULL,NULL,'TROPHOBLASTIC NEOPLASMS','Clinical_Diagnosis_PID'),(2397,NULL,NULL,2396,'Partial hydatidiform mole',NULL),(2398,NULL,NULL,2396,'Choriocarcinoma, NOS',NULL),(2399,NULL,NULL,2396,'Invasive hydatidiform mole',NULL),(2400,NULL,NULL,2396,'Placental site trophoblastic tumor',NULL),(2401,NULL,NULL,2396,'Malignant teratoma, trophoblastic',NULL),(2402,NULL,NULL,2396,'Choriocarcinoma combined with other germ cell elements',NULL),(2403,NULL,NULL,2396,'Hydatidiform mole, NOS',NULL),(2404,NULL,NULL,NULL,'BASAL CELL NEOPLASMS','Clinical_Diagnosis_PID'),(2405,NULL,NULL,2404,'Basal cell carcinoma, NOS',NULL),(2406,NULL,NULL,2404,'Intraepidermal epithelioma of Jadassohn',NULL),(2407,NULL,NULL,2404,'Metatypical carcinoma',NULL),(2408,NULL,NULL,2404,'Pilomatrixoma, NOS',NULL),(2409,NULL,NULL,2404,'Pilomatrix carcinoma',NULL),(2410,NULL,NULL,2404,'Trichoepithelioma',NULL),(2411,NULL,NULL,2404,'Tricholemmoma',NULL),(2412,NULL,NULL,2404,'Basal cell carcinoma, morphea',NULL),(2413,NULL,NULL,2404,'Basal cell tumor',NULL),(2414,NULL,NULL,2404,'Multicentric basal cell carcinoma',NULL),(2415,NULL,NULL,2404,'Basal cell carcinoma, fibroepithelial',NULL),(2416,NULL,NULL,2404,'Trichofolliculoma',NULL),(2417,NULL,NULL,2404,'Basosquamous carcinoma',NULL),(2418,NULL,NULL,NULL,'NEOPLASMS, NOS','Clinical_Diagnosis_PID'),(2419,NULL,NULL,2418,'Neoplasm, benign',NULL),(2420,NULL,NULL,2418,'Malignant tumor, small cell type',NULL),(2421,NULL,NULL,2418,'Neoplasm, uncertain whether benign or malignant',NULL),(2422,NULL,NULL,2418,'Malignant tumor, giant cell type',NULL),(2423,NULL,NULL,2418,'Malignant tumor, fusiform cell type',NULL),(2424,NULL,NULL,2418,'Tumor cells, uncertain whether benign or malignant',NULL),(2425,NULL,NULL,2418,'Tumor cells, benign',NULL),(2426,NULL,NULL,2418,'Neoplasm, malignant, uncertain whether primary or metastatic',NULL),(2427,NULL,NULL,2418,'Neoplasm, metastatic',NULL),(2428,NULL,NULL,2418,'Tumor cells, malignant',NULL),(2429,NULL,NULL,2418,'Neoplasm, malignant',NULL),(2430,NULL,NULL,NULL,'GLIOMAS','Clinical_Diagnosis_PID'),(2431,NULL,NULL,2430,'Subependymal glioma',NULL),(2432,NULL,NULL,2430,'Pleomorphic xanthoastrocytoma',NULL),(2433,NULL,NULL,2430,'Myxopapillary ependymoma',NULL),(2434,NULL,NULL,2430,'Medullomyoblastoma',NULL),(2435,NULL,NULL,2430,'Protoplasmic astrocytoma',NULL),(2436,NULL,NULL,2430,'Choroid plexus papilloma, NOS',NULL),(2437,NULL,NULL,2430,'Astroblastoma',NULL),(2438,NULL,NULL,2430,'Astrocytoma, anaplastic',NULL),(2439,NULL,NULL,2430,'Oligodendroglioma, NOS',NULL),(2440,NULL,NULL,2430,'Desmoplastic medulloblastoma',NULL),(2441,NULL,NULL,2430,'Papillary ependymoma',NULL),(2442,NULL,NULL,2430,'Spongioblastoma polare',NULL),(2443,NULL,NULL,2430,'Gemistocytic astrocytoma',NULL),(2444,NULL,NULL,2430,'Subependymal giant cell astrocytoma',NULL),(2445,NULL,NULL,2430,'Gliomatosis cerebri',NULL),(2446,NULL,NULL,2430,'Astrocytoma, NOS',NULL),(2447,NULL,NULL,2430,'Fibrillary astrocytoma',NULL),(2448,NULL,NULL,2430,'Primitive neuroectodermal tumor',NULL),(2449,NULL,NULL,2430,'Cerebellar sarcoma, NOS',NULL),(2450,NULL,NULL,2430,'Oligodendroglioma, anaplastic',NULL),(2451,NULL,NULL,2430,'Choroid plexus papilloma, malignant',NULL),(2452,NULL,NULL,2430,'Oligodendroblastoma',NULL),(2453,NULL,NULL,2430,'Medulloblastoma, NOS',NULL),(2454,NULL,NULL,2430,'Glioma, malignant',NULL),(2455,NULL,NULL,2430,'Gliosarcoma',NULL),(2456,NULL,NULL,2430,'Ependymoma, anaplastic',NULL),(2457,NULL,NULL,2430,'Mixed glioma',NULL),(2458,NULL,NULL,2430,'Pilocytic astrocytoma',NULL),(2459,NULL,NULL,2430,'Giant cell glioblastoma',NULL),(2460,NULL,NULL,2430,'Ependymoma, NOS',NULL),(2461,NULL,NULL,2430,'Glioblastoma, NOS',NULL),(2462,NULL,NULL,NULL,'MESONEPHROMAS','Clinical_Diagnosis_PID'),(2463,NULL,NULL,2462,'Mesonephroma, malignant',NULL),(2464,NULL,NULL,2462,'Mesonephroma, benign',NULL),(2465,NULL,NULL,2462,'Mesonephric tumor',NULL),(2466,NULL,NULL,NULL,'NEUROEPITHELIOMATOUS NEOPLASMS','Clinical_Diagnosis_PID'),(2467,NULL,NULL,2466,'Esthesioneuroepithelioma',NULL),(2468,NULL,NULL,2466,'Neurocytoma',NULL),(2469,NULL,NULL,2466,'Esthesioneuroblastoma',NULL),(2470,NULL,NULL,2466,'Esthesioneurocytoma',NULL),(2471,NULL,NULL,2466,'Olfactory neurogenic tumor',NULL),(2472,NULL,NULL,2466,'Neuroepithelioma, NOS',NULL),(2473,NULL,NULL,2466,'Ganglioneuroma',NULL),(2474,NULL,NULL,2466,'Retinoblastoma, NOS',NULL),(2475,NULL,NULL,2466,'Ganglioglioma',NULL),(2476,NULL,NULL,2466,'Retinoblastoma, undifferentiated',NULL),(2477,NULL,NULL,2466,'Pacinian tumor',NULL),(2478,NULL,NULL,2466,'Retinoblastoma, differentiated',NULL),(2479,NULL,NULL,2466,'Neuroblastoma, NOS',NULL),(2480,NULL,NULL,2466,'Ganglioneuroblastoma',NULL),(2481,NULL,NULL,2466,'Ganglioneuromatosis',NULL),(2482,NULL,NULL,2466,'Spongioneuroblastoma',NULL),(2483,NULL,NULL,2466,'Teratoid medulloepithelioma',NULL),(2484,NULL,NULL,2466,'Medulloepithelioma, NOS',NULL),(2485,NULL,NULL,NULL,'BASOPHILIC LEUKEMIA','Clinical_Diagnosis_PID'),(2486,NULL,NULL,2485,'Basophilic leukemia',NULL),(2487,NULL,NULL,NULL,'NERVE SHEATH TUMORS','Clinical_Diagnosis_PID'),(2488,NULL,NULL,2487,'Triton tumor, malignant',NULL),(2489,NULL,NULL,2487,'Neuroma, NOS',NULL),(2490,NULL,NULL,2487,'Neurinomatosis',NULL),(2491,NULL,NULL,2487,'Neurilemmoma, NOS',NULL),(2492,NULL,NULL,2487,'Neurothekeoma',NULL),(2493,NULL,NULL,2487,'Neurofibrosarcoma',NULL),(2494,NULL,NULL,2487,'Plexiform neurofibroma',NULL),(2495,NULL,NULL,2487,'Melanotic neurofibroma',NULL),(2496,NULL,NULL,2487,'Neurilemmoma, malignant',NULL),(2497,NULL,NULL,2487,'Neurofibromatosis, NOS',NULL),(2498,NULL,NULL,2487,'Neurofibroma, NOS',NULL),(2499,NULL,NULL,NULL,'OSSEOUS AND CHONDROMATOUS NEOPLASMS','Clinical_Diagnosis_PID'),(2500,NULL,NULL,2499,'Myxoid chondrosarcoma',NULL),(2501,NULL,NULL,2499,'Telangiectatic osteosarcoma',NULL),(2502,NULL,NULL,2499,'Juxtacortical osteosarcoma',NULL),(2503,NULL,NULL,2499,'Chondroma, NOS',NULL),(2504,NULL,NULL,2499,'Chondromyxoid fibroma',NULL),(2505,NULL,NULL,2499,'Chondroblastoma, NOS',NULL),(2506,NULL,NULL,2499,'Osteochondroma',NULL),(2507,NULL,NULL,2499,'Osteoma, NOS',NULL),(2508,NULL,NULL,2499,'Osteosarcoma, NOS',NULL),(2509,NULL,NULL,2499,'Small cell osteosarcoma',NULL),(2510,NULL,NULL,2499,'Mesenchymal chondrosarcoma',NULL),(2511,NULL,NULL,2499,'Osteochondromatosis, NOS',NULL),(2512,NULL,NULL,2499,'Osteoblastoma, NOS',NULL),(2513,NULL,NULL,2499,'Fibroblastic osteosarcoma',NULL),(2514,NULL,NULL,2499,'Chondroblastoma, malignant',NULL),(2515,NULL,NULL,2499,'Osteosarcoma in Paget\'s disease of bone',NULL),(2516,NULL,NULL,2499,'Chondromatosis, NOS',NULL),(2517,NULL,NULL,2499,'Juxtacortical chondroma',NULL),(2518,NULL,NULL,2499,'Juxtacortical chondrosarcoma',NULL),(2519,NULL,NULL,2499,'Aggressive osteoblastoma',NULL),(2520,NULL,NULL,2499,'Chondroblastic osteosarcoma',NULL),(2521,NULL,NULL,2499,'Chondrosarcoma, NOS',NULL),(2522,NULL,NULL,2499,'Osteoid osteoma, NOS',NULL),(2523,NULL,NULL,NULL,'PLASMA CELL LEUKEMIA','Clinical_Diagnosis_PID'),(2524,NULL,NULL,2523,'Plasma cell leukemia',NULL),(2525,NULL,NULL,NULL,'Chief cell adenoma','Clinical_Diagnosis_PID'),(2526,NULL,NULL,2525,'Follicular adenocarcinoma, well differentiated',NULL),(2527,NULL,NULL,2525,'Water-clear cell adenocarcinoma',NULL),(2528,NULL,NULL,2525,'Mixed cell adenoma',NULL),(2529,NULL,NULL,2525,'Lipoadenoma',NULL),(2530,NULL,NULL,2525,'Adrenal cortical adenoma, compact cell',NULL),(2531,NULL,NULL,2525,'Adrenal cortical adenoma, glomerulosa cell',NULL),(2532,NULL,NULL,2525,'Endometrioid adenoma, borderline malignancy',NULL),(2533,NULL,NULL,2525,'Adrenal cortical adenoma, clear cell',NULL),(2534,NULL,NULL,2525,'Water-clear cell adenoma',NULL),(2535,NULL,NULL,2525,'Adrenal cortical adenoma, mixed cell',NULL),(2536,NULL,NULL,2525,'Mixed cell adenocarcinoma',NULL),(2537,NULL,NULL,2525,'Nonencapsulated sclerosing carcinoma',NULL),(2538,NULL,NULL,2525,'Endometrioid adenofibroma, borderline malignancy',NULL),(2539,NULL,NULL,2525,'Follicular adenocarcinoma, NOS',NULL),(2540,NULL,NULL,2525,'Microfollicular adenoma',NULL),(2541,NULL,NULL,2525,'Adrenal cortical adenoma, NOS',NULL),(2542,NULL,NULL,2525,'Endometrioid adenofibroma, malignant',NULL),(2543,NULL,NULL,2525,'Adrenal cortical adenoma, heavily pigmented variant',NULL),(2544,NULL,NULL,2525,'Papillary carcinoma, follicular variant',NULL),(2545,NULL,NULL,2525,'Follicular adenoma',NULL),(2546,NULL,NULL,2525,'Multiple endocrine adenomas',NULL),(2547,NULL,NULL,2525,'Macrofollicular adenoma',NULL),(2548,NULL,NULL,2525,'Juxtaglomerular tumor',NULL),(2549,NULL,NULL,2525,'Adrenal cortical carcinoma',NULL),(2550,NULL,NULL,2525,'Endometrioid adenoma, NOS',NULL),(2551,NULL,NULL,2525,'Endometrioid carcinoma',NULL),(2552,NULL,NULL,2525,'Endometrioid adenofibroma, NOS',NULL),(2553,NULL,NULL,2525,'Follicular adenocarcinoma, trabecular',NULL),(2554,NULL,NULL,NULL,'MESOTHELIAL NEOPLASMS','Clinical_Diagnosis_PID'),(2555,NULL,NULL,2554,'Cystic mesothelioma',NULL),(2556,NULL,NULL,2554,'Mesothelioma, biphasic, malignant',NULL),(2557,NULL,NULL,2554,'Epithelioid mesothelioma, benign',NULL),(2558,NULL,NULL,2554,'Mesothelioma, benign',NULL),(2559,NULL,NULL,2554,'Fibrous mesothelioma, benign',NULL),(2560,NULL,NULL,2554,'Mesothelioma, malignant',NULL),(2561,NULL,NULL,2554,'Adenomatoid tumor, NOS',NULL),(2562,NULL,NULL,2554,'Epithelioid mesothelioma, malignant',NULL),(2563,NULL,NULL,2554,'Mesothelioma, biphasic, benign',NULL),(2564,NULL,NULL,2554,'Fibrous mesothelioma, malignant',NULL),(2566,NULL,NULL,NULL,'SPECIALIZED GONADAL NEOPLASMS','Clinical_Diagnosis_PID'),(2567,NULL,NULL,2566,'Granulosa cell-theca cell tumor',NULL),(2568,NULL,NULL,2566,'Juvenile granulosa cell tumor',NULL),(2569,NULL,NULL,2566,'Thecoma, NOS',NULL),(2570,NULL,NULL,2566,'Sex cord-stromal tumor',NULL),(2571,NULL,NULL,2566,'Thecoma, malignant',NULL),(2572,NULL,NULL,2566,'Leydig cell tumor, benign',NULL),(2573,NULL,NULL,2566,'Sclerosing stromal tumor',NULL),(2574,NULL,NULL,2566,'Sertoli cell carcinoma',NULL),(2575,NULL,NULL,2566,'Thecoma, luteinized',NULL),(2576,NULL,NULL,2566,'Leydig cell tumor, NOS',NULL),(2577,NULL,NULL,2566,'Androblastoma, malignant',NULL),(2578,NULL,NULL,2566,'Androblastoma, NOS',NULL),(2579,NULL,NULL,2566,'Granulosa cell tumor, malignant',NULL),(2580,NULL,NULL,2566,'Hilus cell tumor',NULL),(2581,NULL,NULL,2566,'Granulosa cell tumor, NOS',NULL),(2582,NULL,NULL,2566,'Leydig cell tumor, malignant',NULL),(2583,NULL,NULL,2566,'Sertoli cell tumor, NOS',NULL),(2584,NULL,NULL,2566,'Sertoli cell tumor with lipid storage',NULL),(2585,NULL,NULL,2566,'Sertoli-Leydig cell tumor',NULL),(2586,NULL,NULL,2566,'Lipid cell tumor of ovary',NULL),(2587,NULL,NULL,2566,'Luteoma, NOS',NULL),(2588,NULL,NULL,2566,'Adrenal rest tumor',NULL),(2589,NULL,NULL,2566,'Androblastoma, benign',NULL),(2590,NULL,NULL,2566,'Sex cord tumor with annular tubules',NULL),(2591,NULL,NULL,2566,'Gynandroblastoma',NULL),(2592,NULL,NULL,NULL,'ERYTHROLEUKEMIAS','Clinical_Diagnosis_PID'),(2593,NULL,NULL,2592,'Erythroleukemia',NULL),(2594,NULL,NULL,2592,'Chronic erythremia',NULL),(2595,NULL,NULL,NULL,'MISCELLANEOUS TUMORS','Clinical_Diagnosis_PID'),(2596,NULL,NULL,2595,'Peripheral neuroectodermal tumor',NULL),(2597,NULL,NULL,2595,'Pineoblastoma',NULL),(2598,NULL,NULL,2595,'Pineocytoma',NULL),(2599,NULL,NULL,2595,'Chordoma',NULL),(2600,NULL,NULL,2595,'Melanotic neuroectodermal tumor',NULL),(2601,NULL,NULL,2595,'Craniopharyngioma',NULL),(2602,NULL,NULL,2595,'Pinealoma',NULL),(2603,NULL,NULL,NULL,'MYXOMATOUS NEOPLASMS','Clinical_Diagnosis_PID'),(2604,NULL,NULL,2603,'Myxoma, NOS',NULL),(2605,NULL,NULL,2603,'Angiomyxoma',NULL),(2606,NULL,NULL,2603,'Myxosarcoma',NULL),(2607,NULL,NULL,NULL,'MAST CELL TUMORS','Clinical_Diagnosis_PID'),(2608,NULL,NULL,2607,'Mast cell sarcoma',NULL),(2609,NULL,NULL,2607,'Malignant mastocytosis',NULL),(2610,NULL,NULL,2607,'Mastocytoma, NOS',NULL),(2611,NULL,NULL,NULL,'MYELODYSPLASTIC SYNDROME','Clinical_Diagnosis_PID'),(2612,NULL,NULL,2611,'Myelodysplastic syndrome, NOS',NULL),(2613,NULL,NULL,2611,'Refractory anemia, NOS',NULL),(2614,NULL,NULL,2611,'Refractory anemia with sideroblasts',NULL),(2615,NULL,NULL,2611,'Refractory anemia with excess of blasts',NULL),(2616,NULL,NULL,2611,'Refractory anemia without sideroblasts',NULL),(2617,NULL,NULL,2611,'Refractory anemia with excess of blasts with transformation',NULL),(2618,NULL,NULL,NULL,'LYMPHOID LEUKEMIAS','Clinical_Diagnosis_PID'),(2619,NULL,NULL,2618,'Acute lymphoblastic leukemia, NOS',NULL),(2620,NULL,NULL,2618,'Burkitt\'s cell leukemia',NULL),(2621,NULL,NULL,2618,'Prolymphocytic leukemia',NULL),(2622,NULL,NULL,2618,'Adult T-cell leukemia/lymphoma',NULL),(2623,NULL,NULL,2618,'Chronic lymphocytic leukemia',NULL),(2624,NULL,NULL,2618,'Lymphoid leukemia, NOS',NULL),(2625,NULL,NULL,NULL,'GRANULAR CELL TUMORS AND ALVEOLAR SOFT PART SARCOMA','Clinical_Diagnosis_PID'),(2626,NULL,NULL,2625,'Granular cell tumor, NOS',NULL),(2627,NULL,NULL,2625,'Alveolar soft part sarcoma',NULL),(2628,NULL,NULL,2625,'Granular cell tumor, malignant',NULL),(2630,NULL,NULL,NULL,'MALIGNANT LYMPHOMA, FOLLICULAR OR NODULAR, with or without diffuse areas','Clinical_Diagnosis_PID'),(2631,NULL,NULL,2630,'Malignant lymphoma, mixed small cleaved and large cell, follicular',NULL),(2632,NULL,NULL,2630,'Malignant lymphoma, lymphocytic, well differentiated, nodular',NULL),(2633,NULL,NULL,2630,'Malignant lymphoma, small cleaved cell, follicular',NULL),(2634,NULL,NULL,2630,'Malignant lymphoma, follicular, NOS',NULL),(2635,NULL,NULL,NULL,'Unknown','Clinical_Diagnosis_PID'),(2636,NULL,NULL,NULL,'Unknown','2003989'),(2637,NULL,NULL,3,'Sputum',NULL),(2638,NULL,NULL,NULL,'Dead','2004001'),(2639,NULL,NULL,NULL,'Alive','2004001'),(2640,NULL,NULL,NULL,'Unknown','2004001'),(2641,NULL,NULL,NULL,'Unspecified','2004001'),(2642,NULL,NULL,NULL,'Not Specified','Tissue_Site_PID'),(2643,NULL,NULL,2154,'Eosinophilic leukemia',NULL),(2644,NULL,NULL,1825,'Lymphosarcoma cell leukemia',NULL),(2645,NULL,NULL,NULL,'No Disease','Clinical_Diagnosis_PID'),(2646,NULL,NULL,2,'Slide',NULL),(2647,NULL,NULL,NULL,'Not Specified','2003990'),(2648,NULL,NULL,NULL,'Not Specified','Clinical_Diagnosis_PID'),(2649,NULL,NULL,NULL,'Not Specified','Race_PID'),(2650,NULL,NULL,NULL,'Not Specified','Ethnicity_PID'),(5000,NULL,NULL,NULL,'All','4284'),(5001,NULL,NULL,NULL,'New','4284'),(5002,NULL,NULL,NULL,'Pending','4284'),(5005,NULL,NULL,NULL,'New','4285'),(5006,NULL,NULL,NULL,'Pending - Protocol Review','4285'),(5007,NULL,NULL,NULL,'Pending - For Distribution','4285'),(5008,NULL,NULL,NULL,'Pending - Specimen Preparation','4285'),(5009,NULL,NULL,NULL,'Rejected - Inappropriate Request','4285'),(5010,NULL,NULL,NULL,'Rejected - Specimen Unavailable','4285'),(5011,NULL,NULL,NULL,'Rejected - Unable to Create','4285'),(5012,NULL,NULL,NULL,'Distributed','4285');
UNLOCK TABLES;
/*!40000 ALTER TABLE `catissue_permissible_value` ENABLE KEYS */;

--
-- Table structure for table `catissue_procedure_event_param`
--

DROP TABLE IF EXISTS `catissue_procedure_event_param`;
CREATE TABLE `catissue_procedure_event_param` (
  `IDENTIFIER` bigint(20) NOT NULL default '0',
  `URL` varchar(255) NOT NULL default '',
  `NAME` varchar(255) NOT NULL default '',
  PRIMARY KEY  (`IDENTIFIER`),
  KEY `FKEC6B4260BC7298A9` (`IDENTIFIER`),
  KEY `INDX_CATISSUE_PROCEVT_URL` (`URL`),
  KEY `INDX_CATISSUE_PROCEVT_NAME` (`NAME`),
  CONSTRAINT `FKEC6B4260BC7298A9` FOREIGN KEY (`IDENTIFIER`) REFERENCES `catissue_specimen_event_param` (`IDENTIFIER`)
) ENGINE=InnoDB DEFAULT CHARSET=latin1;

--
-- Dumping data for table `catissue_procedure_event_param`
--


/*!40000 ALTER TABLE `catissue_procedure_event_param` DISABLE KEYS */;
LOCK TABLES `catissue_procedure_event_param` WRITE;
UNLOCK TABLES;
/*!40000 ALTER TABLE `catissue_procedure_event_param` ENABLE KEYS */;

--
-- Table structure for table `catissue_quantity`
--

DROP TABLE IF EXISTS `catissue_quantity`;
CREATE TABLE `catissue_quantity` (
  `IDENTIFIER` bigint(20) NOT NULL auto_increment,
  `QUANTITY` double default NULL,
  PRIMARY KEY  (`IDENTIFIER`)
) ENGINE=InnoDB DEFAULT CHARSET=latin1;

--
-- Dumping data for table `catissue_quantity`
--


/*!40000 ALTER TABLE `catissue_quantity` DISABLE KEYS */;
LOCK TABLES `catissue_quantity` WRITE;
INSERT INTO `catissue_quantity` VALUES (1,1),(2,1),(3,1),(4,1),(5,1);
UNLOCK TABLES;
/*!40000 ALTER TABLE `catissue_quantity` ENABLE KEYS */;

--
-- Table structure for table `catissue_quarantine_params`
--

DROP TABLE IF EXISTS `catissue_quarantine_params`;
CREATE TABLE `catissue_quarantine_params` (
  `IDENTIFIER` bigint(20) NOT NULL auto_increment,
  `DEID_REPORT_ID` bigint(20) default NULL,
  `IS_QUARANTINED` tinyint(1) default NULL,
  `EVENT_TIMESTAMP` datetime default NULL,
  `USER_ID` bigint(20) default NULL,
  `COMMENTS` text,
  `STATUS` varchar(100) default NULL,
  PRIMARY KEY  (`IDENTIFIER`),
  KEY `FK3C12AE3B2206F20F` (`USER_ID`),
  KEY `FK3C12AE3B3EEC14E3` (`DEID_REPORT_ID`),
  CONSTRAINT `FK3C12AE3B3EEC14E3` FOREIGN KEY (`DEID_REPORT_ID`) REFERENCES `catissue_deidentified_report` (`IDENTIFIER`),
  CONSTRAINT `FK3C12AE3B2206F20F` FOREIGN KEY (`USER_ID`) REFERENCES `catissue_user` (`IDENTIFIER`)
) ENGINE=InnoDB DEFAULT CHARSET=latin1;

--
-- Dumping data for table `catissue_quarantine_params`
--


/*!40000 ALTER TABLE `catissue_quarantine_params` DISABLE KEYS */;
LOCK TABLES `catissue_quarantine_params` WRITE;
UNLOCK TABLES;
/*!40000 ALTER TABLE `catissue_quarantine_params` ENABLE KEYS */;

--
-- Table structure for table `catissue_query_table_data`
--

DROP TABLE IF EXISTS `catissue_query_table_data`;
CREATE TABLE `catissue_query_table_data` (
  `TABLE_ID` bigint(20) NOT NULL auto_increment,
  `TABLE_NAME` varchar(50) default NULL,
  `DISPLAY_NAME` varchar(50) default NULL,
  `ALIAS_NAME` varchar(50) default NULL,
  `PRIVILEGE_ID` int(1) default NULL,
  `FOR_SQI` tinyint(1) default NULL,
  PRIMARY KEY  (`TABLE_ID`)
) ENGINE=InnoDB DEFAULT CHARSET=latin1;

--
-- Dumping data for table `catissue_query_table_data`
--


/*!40000 ALTER TABLE `catissue_query_table_data` DISABLE KEYS */;
LOCK TABLES `catissue_query_table_data` WRITE;
INSERT INTO `catissue_query_table_data` VALUES (1,'CATISSUE_STORAGE_TYPE','Storage Type','StorageType',1,1),(2,'CATISSUE_CAPACITY','Storage Container Capacity','StorageContainerCapacity',2,NULL),(3,'CATISSUE_SITE','Site','Site',2,1),(4,'CATISSUE_ADDRESS','Address','Address',2,NULL),(5,'CATISSUE_DEPARTMENT','Department','Department',1,1),(6,'CATISSUE_INSTITUTION','Institution','Institution',1,1),(7,'CATISSUE_CANCER_RESEARCH_GROUP','Cancer Research Group','CancerResearchGroup',1,1),(8,'CATISSUE_BIOHAZARD','Biohazard','Biohazard',1,1),(9,'CATISSUE_SPECIMEN_PROTOCOL','Specimen Protocol','SpecimenProtocol',2,NULL),(10,'CATISSUE_COLLECTION_PROTOCOL','Collection Protocol','CollectionProtocol',2,1),(11,'CATISSUE_COLL_PROT_EVENT','Collection Protocol Event','CollectionProtocolEvent',2,NULL),(12,'CATISSUE_SPECIMEN_REQUIREMENT','Specimen Requirement','SpecimenRequirement',2,NULL),(17,'CATISSUE_COLL_COORDINATORS','Collection Coordinators','CollectionCoordinators',2,NULL),(18,'CATISSUE_COLL_SPECIMEN_REQ','Collection Specimen Requirement','CollectionSpecReq',2,NULL),(19,'CATISSUE_DISTRIBUTION_PROTOCOL','Distribution Protocol','DistributionProtocol',2,1),(20,'CATISSUE_DISTRIBUTION_SPE_REQ','Distribution Specimen Requirement','DistributionSpecReq',1,NULL),(21,'CATISSUE_STORAGE_CONTAINER','Storage Container','StorageContainer',2,1),(23,'CATISSUE_USER','User','User',2,1),(26,'CATISSUE_CLINICAL_REPORT','Clinical Report','ClinicalReport',2,NULL),(27,'CATISSUE_COLL_PROT_REG','Collection Protocol Registration','CollectionProtReg',2,1),(28,'CATISSUE_EXTERNAL_IDENTIFIER','External Identifier','ExternalIdentifier',2,NULL),(31,'CATISSUE_PARTICIPANT','Participant','Participant',2,1),(32,'CATISSUE_PART_MEDICAL_ID','Participant Medical Identifier','ParticipantMedicalId',2,NULL),(33,'CATISSUE_SPECIMEN','Specimen','Specimen',2,1),(34,'CATISSUE_SPECIMEN_CHAR','Specimen Characteristics','SpecimenCharacteristics',2,NULL),(35,'CATISSUE_SPECIMEN_COLL_GROUP','Specimen Collection Group','SpecimenCollectionGroup',2,1),(37,'CATISSUE_DISTRIBUTED_ITEM','Distributed Item','DistributedItem',1,NULL),(38,'CATISSUE_DISTRIBUTION','Distribution','Distribution',2,1),(39,'CATISSUE_AUDIT_EVENT','Audit Event','AuditEvent',1,NULL),(40,'CATISSUE_AUDIT_EVENT_DETAILS','Audit Event Details','AuditEventDetails',1,NULL),(41,'CATISSUE_AUDIT_EVENT_LOG','Audit Event Log','AuditEventLog',1,NULL),(42,'CATISSUE_CDE','Cde','Cde',0,NULL),(43,'CATISSUE_CELL_SPE_REVIEW_PARAM','Cell Specimen Review Parameters','CellSpecimenParam',2,2),(44,'CATISSUE_IN_OUT_EVENT_PARAM','Checkin Checkout Event Parameter','CheckinoutEventParam',2,2),(45,'CATISSUE_COLL_DISTRIBUTION_REL','Collection Distribution Relation','CollectionDistributionRel',2,NULL),(46,'CATISSUE_COLL_EVENT_PARAM','Collection Event Parameters','CollectionEventParam',2,2),(47,'CATISSUE_DISPOSAL_EVENT_PARAM','Disposal Event Parameters','DisposalEventParam',2,2),(48,'CATISSUE_EMBEDDED_EVENT_PARAM','Embedded Event Parameters','EmbeddedEventParam',2,2),(49,'CATISSUE_FIXED_EVENT_PARAM','Fixed Event Parameters','FixedEventParameters',2,2),(50,'CATISSUE_FLUID_SPE_EVENT_PARAM','Fluid Specimen Review Event Parameters','FluidSpecEventParam',2,2),(51,'CATISSUE_FROZEN_EVENT_PARAM','Frozen Event Parameters','FrozenEventParameters',2,2),(52,'CATISSUE_MOL_SPE_REVIEW_PARAM','Molecular Specimen Review Parameters','MolecularSpecParam',2,2),(53,'CATISSUE_PERMISSIBLE_VALUE','Permissible Value','PermissibleValue',0,NULL),(54,'CATISSUE_PROCEDURE_EVENT_PARAM','Procedure Event Parameters','ProcedureEventParam',2,2),(55,'CATISSUE_INTERFACE_COLUMN_DATA','Query Interface Column Data','QueryInterfaceColumnData',0,NULL),(56,'CATISSUE_QUERY_TABLE_DATA','Query Interface Table Data','QueryInterfaceTableData',0,NULL),(57,'CATISSUE_RECEIVED_EVENT_PARAM','Received Event Parameters','ReceivedEventParam',2,2),(58,'CATISSUE_RELATED_TABLES_MAP','Related Tables Map','RelatedTablesMap',0,NULL),(59,'CATISSUE_REPORTED_PROBLEM','Reported Problem','ReportedProblem',1,1),(60,'CATISSUE_EVENT_PARAM','Review Event Parameters','ReviewEventParameters',2,NULL),(61,'CATISSUE_SIGNUP_USER','Signup User','SignupUser',2,NULL),(62,'CATISSUE_SPECIMEN_BIOHZ_REL','Biohazard','SpecimenBiohazardRel',2,NULL),(63,'CATISSUE_SPECIMEN_EVENT_PARAM','Specimen Event Parameters','SpecimenEventParameters',2,NULL),(64,'CATISSUE_SPUN_EVENT_PARAMETERS','Spun Event Parameters','SpunEventParameters',2,2),(65,'CATISSUE_TABLE_RELATION','Table Relation','TableRelation',0,NULL),(66,'CATISSUE_THAW_EVENT_PARAMETERS','Thaw Event Parameters','ThawEventParameters',2,2),(67,'CATISSUE_TIS_SPE_EVENT_PARAM','Tissue Specimen Review Event Parameters','TissueSpecEventParam',2,2),(68,'CATISSUE_TRANSFER_EVENT_PARAM','Transfer Event Parameter','TransferEventParameter',2,2),(69,'CATISSUE_CONTAINER_TYPE','Container Type','ContainerType',0,NULL),(70,'CATISSUE_CONTAINER','Container','Container',0,NULL),(71,'CATISSUE_SPECIMEN_ARRAY_TYPE','Specimen Array Type','SpecimenArrayType',2,1),(72,'CATISSUE_SPECIMEN_ARRAY','Specimen Array','SpecimenArray',2,1),(73,'CATISSUE_RACE','Race','Race',0,NULL),(74,'CATISSUE_QUANTITY','Quantity','Quantity',0,NULL),(75,'CATISSUE_DISTRIBUTION','Distribution_array','Distribution_array',2,1),(76,'CATISSUE_ORDER','Order','OrderDetails',2,NULL),(77,'CATISSUE_REVIEW_PARAMS','Review Comment','PathologyReportReviewParameter',1,NULL),(78,'CATISSUE_QUARANTINE_PARAMS','Quarantine Comment','QuarantineEventParameter',1,NULL),(79,'CATISSUE_RETURN_EVENT_PARAM','Return Event Parameters','ReturnEventParameters',2,2);
UNLOCK TABLES;
/*!40000 ALTER TABLE `catissue_query_table_data` ENABLE KEYS */;

--
-- Table structure for table `catissue_race`
--

DROP TABLE IF EXISTS `catissue_race`;
CREATE TABLE `catissue_race` (
  `PARTICIPANT_ID` bigint(20) NOT NULL default '0',
  `RACE_NAME` varchar(50) default NULL,
  KEY `FKB0242ECD87E5ADC7` (`PARTICIPANT_ID`),
  KEY `INDX_RACE_NAME` (`RACE_NAME`),
  CONSTRAINT `FKB0242ECD87E5ADC7` FOREIGN KEY (`PARTICIPANT_ID`) REFERENCES `catissue_participant` (`IDENTIFIER`)
) ENGINE=InnoDB DEFAULT CHARSET=latin1;

--
-- Dumping data for table `catissue_race`
--


/*!40000 ALTER TABLE `catissue_race` DISABLE KEYS */;
LOCK TABLES `catissue_race` WRITE;
INSERT INTO `catissue_race` VALUES (1,'White'),(2,'American Indian or Alaska Native'),(3,'Asian'),(4,'Black or African American'),(5,'Unknown');
UNLOCK TABLES;
/*!40000 ALTER TABLE `catissue_race` ENABLE KEYS */;

--
-- Table structure for table `catissue_received_event_param`
--

DROP TABLE IF EXISTS `catissue_received_event_param`;
CREATE TABLE `catissue_received_event_param` (
  `IDENTIFIER` bigint(20) NOT NULL default '0',
  `RECEIVED_QUALITY` varchar(255) default NULL,
  PRIMARY KEY  (`IDENTIFIER`),
  KEY `FKA7139D06BC7298A9` (`IDENTIFIER`),
  KEY `INDX_CATISSUE_RECEVT_QTY` (`RECEIVED_QUALITY`),
  CONSTRAINT `FKA7139D06BC7298A9` FOREIGN KEY (`IDENTIFIER`) REFERENCES `catissue_specimen_event_param` (`IDENTIFIER`)
) ENGINE=InnoDB DEFAULT CHARSET=latin1;

--
-- Dumping data for table `catissue_received_event_param`
--


/*!40000 ALTER TABLE `catissue_received_event_param` DISABLE KEYS */;
LOCK TABLES `catissue_received_event_param` WRITE;
INSERT INTO `catissue_received_event_param` VALUES (1,'Acceptable'),(3,'Acceptable'),(5,'Acceptable'),(7,'Acceptable'),(10,'Acceptable'),(12,'Acceptable'),(14,'Acceptable'),(15,'Acceptable'),(17,'Acceptable'),(19,'Acceptable'),(22,'Acceptable'),(24,'Acceptable'),(25,'Acceptable'),(28,'Acceptable'),(29,'Acceptable'),(31,'Acceptable');
UNLOCK TABLES;
/*!40000 ALTER TABLE `catissue_received_event_param` ENABLE KEYS */;

--
-- Table structure for table `catissue_related_tables_map`
--

DROP TABLE IF EXISTS `catissue_related_tables_map`;
CREATE TABLE `catissue_related_tables_map` (
  `FIRST_TABLE_ID` bigint(20) default NULL,
  `SECOND_TABLE_ID` bigint(20) default NULL,
  `FIRST_TABLE_JOIN_COLUMN` varchar(50) default NULL,
  `SECOND_TABLE_JOIN_COLUMN` varchar(50) default NULL
) ENGINE=InnoDB DEFAULT CHARSET=latin1;

--
-- Dumping data for table `catissue_related_tables_map`
--


/*!40000 ALTER TABLE `catissue_related_tables_map` DISABLE KEYS */;
LOCK TABLES `catissue_related_tables_map` WRITE;
INSERT INTO `catissue_related_tables_map` VALUES (69,2,'CAPACITY_ID','IDENTIFIER'),(10,11,'IDENTIFIER','COLLECTION_PROTOCOL_ID'),(5,23,'IDENTIFIER','DEPARTMENT_ID'),(6,23,'IDENTIFIER','INSTITUTION_ID'),(7,23,'IDENTIFIER','CANCER_RESEARCH_GROUP_ID'),(4,23,'IDENTIFIER','ADDRESS_ID'),(4,3,'IDENTIFIER','ADDRESS_ID'),(9,10,'IDENTIFIER','IDENTIFIER'),(23,9,'IDENTIFIER','PRINCIPAL_INVESTIGATOR_ID'),(23,17,'IDENTIFIER','USER_ID'),(10,17,'IDENTIFIER','COLLECTION_PROTOCOL_ID'),(12,18,'IDENTIFIER','SPECIMEN_REQUIREMENT_ID'),(11,18,'IDENTIFIER','COLLECTION_PROTOCOL_EVENT_ID'),(9,19,'IDENTIFIER','IDENTIFIER'),(12,20,'IDENTIFIER','SPECIMEN_REQUIREMENT_ID'),(19,20,'IDENTIFIER','DISTRIBUTION_PROTOCOL_ID'),(12,74,'QUANTITY_ID','IDENTIFIER'),(23,24,'IDENTIFIER','USER_ID'),(31,32,'IDENTIFIER','PARTICIPANT_ID'),(31,73,'IDENTIFIER','PARTICIPANT_ID'),(10,27,'IDENTIFIER','COLLECTION_PROTOCOL_ID'),(31,27,'IDENTIFIER','PARTICIPANT_ID'),(3,35,'IDENTIFIER','SITE_ID'),(11,35,'IDENTIFIER','COLLECTION_PROTOCOL_EVENT_ID'),(26,35,'IDENTIFIER','CLINICAL_REPORT_ID'),(27,35,'IDENTIFIER','COLLECTION_PROTOCOL_REG_ID'),(21,33,'IDENTIFIER','STORAGE_CONTAINER_IDENTIFIER'),(35,33,'IDENTIFIER','SPECIMEN_COLLECTION_GROUP_ID'),(34,33,'IDENTIFIER','SPECIMEN_CHARACTERISTICS_ID'),(33,33,'IDENTIFIER','PARENT_SPECIMEN_ID'),(33,37,'IDENTIFIER','SPECIMEN_ID'),(38,37,'IDENTIFIER','DISTRIBUTION_ID'),(33,62,'IDENTIFIER','SPECIMEN_ID'),(8,62,'IDENTIFIER','BIOHAZARD_ID'),(33,28,'IDENTIFIER','SPECIMEN_ID'),(33,63,'IDENTIFIER','SPECIMEN_ID'),(1,69,'IDENTIFIER','IDENTIFIER'),(3,21,'IDENTIFIER','SITE_ID'),(2,70,'IDENTIFIER','CAPACITY_ID'),(1,21,'IDENTIFIER','STORAGE_TYPE_ID'),(70,21,'IDENTIFIER','IDENTIFIER'),(71,69,'IDENTIFIER','IDENTIFIER'),(72,71,'SPECIMEN_ARRAY_TYPE_ID','IDENTIFIER'),(72,70,'IDENTIFIER','IDENTIFIER'),(63,43,'IDENTIFIER','IDENTIFIER'),(63,44,'IDENTIFIER','IDENTIFIER'),(63,46,'IDENTIFIER','IDENTIFIER'),(63,47,'IDENTIFIER','IDENTIFIER'),(63,48,'IDENTIFIER','IDENTIFIER'),(63,49,'IDENTIFIER','IDENTIFIER'),(63,50,'IDENTIFIER','IDENTIFIER'),(63,51,'IDENTIFIER','IDENTIFIER'),(63,52,'IDENTIFIER','IDENTIFIER'),(63,54,'IDENTIFIER','IDENTIFIER'),(63,57,'IDENTIFIER','IDENTIFIER'),(63,64,'IDENTIFIER','IDENTIFIER'),(63,66,'IDENTIFIER','IDENTIFIER'),(63,67,'IDENTIFIER','IDENTIFIER'),(63,68,'IDENTIFIER','IDENTIFIER'),(23,63,'IDENTIFIER','USER_ID'),(38,9,'DISTRIBUTION_PROTOCOL_ID','IDENTIFIER'),(75,72,'IDENTIFIER','DISTRIBUTION_ID'),(75,3,'TO_SITE_ID','IDENTIFIER'),(75,9,'DISTRIBUTION_PROTOCOL_ID','IDENTIFIER'),(72,69,'SPECIMEN_ARRAY_TYPE_ID','IDENTIFIER');
UNLOCK TABLES;
/*!40000 ALTER TABLE `catissue_related_tables_map` ENABLE KEYS */;

--
-- Table structure for table `catissue_report_bicontent`
--

DROP TABLE IF EXISTS `catissue_report_bicontent`;
CREATE TABLE `catissue_report_bicontent` (
  `IDENTIFIER` bigint(20) NOT NULL default '0',
  `REPORT_ID` bigint(20) default NULL,
  PRIMARY KEY  (`IDENTIFIER`),
  KEY `FK8A9A4EE391092806` (`REPORT_ID`),
  KEY `FK8A9A4EE3BC7298A9` (`IDENTIFIER`),
  CONSTRAINT `FK8A9A4EE3BC7298A9` FOREIGN KEY (`IDENTIFIER`) REFERENCES `catissue_report_content` (`IDENTIFIER`),
  CONSTRAINT `FK8A9A4EE391092806` FOREIGN KEY (`REPORT_ID`) REFERENCES `catissue_pathology_report` (`IDENTIFIER`)
) ENGINE=InnoDB DEFAULT CHARSET=latin1;

--
-- Dumping data for table `catissue_report_bicontent`
--


/*!40000 ALTER TABLE `catissue_report_bicontent` DISABLE KEYS */;
LOCK TABLES `catissue_report_bicontent` WRITE;
UNLOCK TABLES;
/*!40000 ALTER TABLE `catissue_report_bicontent` ENABLE KEYS */;

--
-- Table structure for table `catissue_report_content`
--

DROP TABLE IF EXISTS `catissue_report_content`;
CREATE TABLE `catissue_report_content` (
  `IDENTIFIER` bigint(20) NOT NULL auto_increment,
  `REPORT_DATA` text,
  PRIMARY KEY  (`IDENTIFIER`)
) ENGINE=InnoDB DEFAULT CHARSET=latin1;

--
-- Dumping data for table `catissue_report_content`
--


/*!40000 ALTER TABLE `catissue_report_content` DISABLE KEYS */;
LOCK TABLES `catissue_report_content` WRITE;
UNLOCK TABLES;
/*!40000 ALTER TABLE `catissue_report_content` ENABLE KEYS */;

--
-- Table structure for table `catissue_report_particip_rel`
--

DROP TABLE IF EXISTS `catissue_report_particip_rel`;
CREATE TABLE `catissue_report_particip_rel` (
  `PARTICIPANT_ID` bigint(20) default NULL,
  `REPORT_ID` bigint(20) default NULL
) ENGINE=InnoDB DEFAULT CHARSET=latin1;

--
-- Dumping data for table `catissue_report_particip_rel`
--


/*!40000 ALTER TABLE `catissue_report_particip_rel` DISABLE KEYS */;
LOCK TABLES `catissue_report_particip_rel` WRITE;
UNLOCK TABLES;
/*!40000 ALTER TABLE `catissue_report_particip_rel` ENABLE KEYS */;

--
-- Table structure for table `catissue_report_queue`
--

DROP TABLE IF EXISTS `catissue_report_queue`;
CREATE TABLE `catissue_report_queue` (
  `IDENTIFIER` bigint(20) NOT NULL default '0',
  `REPORT_TEXT` text,
  `STATUS` varchar(10) default NULL,
  PRIMARY KEY  (`IDENTIFIER`)
) ENGINE=InnoDB DEFAULT CHARSET=latin1;

--
-- Dumping data for table `catissue_report_queue`
--


/*!40000 ALTER TABLE `catissue_report_queue` DISABLE KEYS */;
LOCK TABLES `catissue_report_queue` WRITE;
UNLOCK TABLES;
/*!40000 ALTER TABLE `catissue_report_queue` ENABLE KEYS */;

--
-- Table structure for table `catissue_report_section`
--

DROP TABLE IF EXISTS `catissue_report_section`;
CREATE TABLE `catissue_report_section` (
  `IDENTIFIER` bigint(20) NOT NULL auto_increment,
  `DOCUMENT_FRAGMENT` text,
  `END_OFFSET` int(11) default NULL,
  `NAME` varchar(100) default NULL,
  `START_OFFSET` int(11) default NULL,
  `TEXT_CONTENT_ID` bigint(20) default NULL,
  PRIMARY KEY  (`IDENTIFIER`)
) ENGINE=InnoDB DEFAULT CHARSET=latin1;

--
-- Dumping data for table `catissue_report_section`
--


/*!40000 ALTER TABLE `catissue_report_section` DISABLE KEYS */;
LOCK TABLES `catissue_report_section` WRITE;
UNLOCK TABLES;
/*!40000 ALTER TABLE `catissue_report_section` ENABLE KEYS */;

--
-- Table structure for table `catissue_report_textcontent`
--

DROP TABLE IF EXISTS `catissue_report_textcontent`;
CREATE TABLE `catissue_report_textcontent` (
  `IDENTIFIER` bigint(20) NOT NULL default '0',
  `REPORT_ID` bigint(20) default NULL,
  PRIMARY KEY  (`IDENTIFIER`),
  KEY `FKD74882FD91092806` (`REPORT_ID`),
  KEY `FKD74882FDBC7298A9` (`IDENTIFIER`),
  CONSTRAINT `FKD74882FDBC7298A9` FOREIGN KEY (`IDENTIFIER`) REFERENCES `catissue_report_content` (`IDENTIFIER`),
  CONSTRAINT `FKD74882FD91092806` FOREIGN KEY (`REPORT_ID`) REFERENCES `catissue_pathology_report` (`IDENTIFIER`)
) ENGINE=InnoDB DEFAULT CHARSET=latin1;

--
-- Dumping data for table `catissue_report_textcontent`
--


/*!40000 ALTER TABLE `catissue_report_textcontent` DISABLE KEYS */;
LOCK TABLES `catissue_report_textcontent` WRITE;
UNLOCK TABLES;
/*!40000 ALTER TABLE `catissue_report_textcontent` ENABLE KEYS */;

--
-- Table structure for table `catissue_report_xmlcontent`
--

DROP TABLE IF EXISTS `catissue_report_xmlcontent`;
CREATE TABLE `catissue_report_xmlcontent` (
  `IDENTIFIER` bigint(20) NOT NULL default '0',
  `REPORT_ID` bigint(20) default NULL,
  PRIMARY KEY  (`IDENTIFIER`),
  KEY `FK4597C9F1BC7298A9` (`IDENTIFIER`),
  KEY `FK4597C9F191092806` (`REPORT_ID`),
  CONSTRAINT `FK4597C9F191092806` FOREIGN KEY (`REPORT_ID`) REFERENCES `catissue_pathology_report` (`IDENTIFIER`),
  CONSTRAINT `FK4597C9F1BC7298A9` FOREIGN KEY (`IDENTIFIER`) REFERENCES `catissue_report_content` (`IDENTIFIER`)
) ENGINE=InnoDB DEFAULT CHARSET=latin1;

--
-- Dumping data for table `catissue_report_xmlcontent`
--


/*!40000 ALTER TABLE `catissue_report_xmlcontent` DISABLE KEYS */;
LOCK TABLES `catissue_report_xmlcontent` WRITE;
UNLOCK TABLES;
/*!40000 ALTER TABLE `catissue_report_xmlcontent` ENABLE KEYS */;

--
-- Table structure for table `catissue_reported_problem`
--

DROP TABLE IF EXISTS `catissue_reported_problem`;
CREATE TABLE `catissue_reported_problem` (
  `IDENTIFIER` bigint(20) NOT NULL auto_increment,
  `AFFILIATION` varchar(255) NOT NULL default '',
  `NAME_OF_REPORTER` varchar(255) NOT NULL default '',
  `REPORTERS_EMAIL_ID` varchar(255) NOT NULL default '',
  `MESSAGE_BODY` text NOT NULL,
  `SUBJECT` varchar(255) default NULL,
  `REPORTED_DATE` date default NULL,
  `ACTIVITY_STATUS` varchar(100) default NULL,
  `COMMENTS` text,
  PRIMARY KEY  (`IDENTIFIER`)
) ENGINE=InnoDB DEFAULT CHARSET=latin1;

--
-- Dumping data for table `catissue_reported_problem`
--


/*!40000 ALTER TABLE `catissue_reported_problem` DISABLE KEYS */;
LOCK TABLES `catissue_reported_problem` WRITE;
UNLOCK TABLES;
/*!40000 ALTER TABLE `catissue_reported_problem` ENABLE KEYS */;

--
-- Table structure for table `catissue_return_event_param`
--

DROP TABLE IF EXISTS `catissue_return_event_param`;
CREATE TABLE `catissue_return_event_param` (
  `IDENTIFIER` bigint(20) NOT NULL default '0',
  PRIMARY KEY  (`IDENTIFIER`),
  KEY `FKD8890A48BC7298A91` (`IDENTIFIER`),
  CONSTRAINT `FKD8890A48BC7298A91` FOREIGN KEY (`IDENTIFIER`) REFERENCES `catissue_specimen_event_param` (`IDENTIFIER`)
) ENGINE=InnoDB DEFAULT CHARSET=latin1;

--
-- Dumping data for table `catissue_return_event_param`
--


/*!40000 ALTER TABLE `catissue_return_event_param` DISABLE KEYS */;
LOCK TABLES `catissue_return_event_param` WRITE;
UNLOCK TABLES;
/*!40000 ALTER TABLE `catissue_return_event_param` ENABLE KEYS */;

--
-- Table structure for table `catissue_review_params`
--

DROP TABLE IF EXISTS `catissue_review_params`;
CREATE TABLE `catissue_review_params` (
  `IDENTIFIER` bigint(20) NOT NULL auto_increment,
  `REVIEWER_ROLE` varchar(100) default NULL,
  `REPORT_ID` bigint(20) default NULL,
  `EVENT_TIMESTAMP` datetime default NULL,
  `USER_ID` bigint(20) default NULL,
  `COMMENTS` text,
  `STATUS` varchar(100) default NULL,
  PRIMARY KEY  (`IDENTIFIER`),
  KEY `FK5311FFF62206F20F` (`USER_ID`),
  KEY `FK5311FFF691092806` (`REPORT_ID`),
  CONSTRAINT `FK5311FFF691092806` FOREIGN KEY (`REPORT_ID`) REFERENCES `catissue_pathology_report` (`IDENTIFIER`),
  CONSTRAINT `FK5311FFF62206F20F` FOREIGN KEY (`USER_ID`) REFERENCES `catissue_user` (`IDENTIFIER`)
) ENGINE=InnoDB DEFAULT CHARSET=latin1;

--
-- Dumping data for table `catissue_review_params`
--


/*!40000 ALTER TABLE `catissue_review_params` DISABLE KEYS */;
LOCK TABLES `catissue_review_params` WRITE;
UNLOCK TABLES;
/*!40000 ALTER TABLE `catissue_review_params` ENABLE KEYS */;

--
-- Table structure for table `catissue_search_display_data`
--

DROP TABLE IF EXISTS `catissue_search_display_data`;
CREATE TABLE `catissue_search_display_data` (
  `RELATIONSHIP_ID` bigint(20) NOT NULL default '0',
  `COL_ID` bigint(20) NOT NULL default '0',
  `DISPLAY_NAME` varchar(50) default NULL,
  `DEFAULT_VIEW_ATTRIBUTE` tinyint(1) default '0'
) ENGINE=InnoDB DEFAULT CHARSET=latin1;

--
-- Dumping data for table `catissue_search_display_data`
--


/*!40000 ALTER TABLE `catissue_search_display_data` DISABLE KEYS */;
LOCK TABLES `catissue_search_display_data` WRITE;
INSERT INTO `catissue_search_display_data` VALUES (6,185,'Name',1),(6,184,'Identifier',1),(6,186,'Type',1),(6,187,'Email Address',1),(7,2,'Street',1),(7,3,'City',1),(7,4,'State',1),(7,5,'Country',1),(7,6,'Zip Code',1),(7,7,'Phone Number',1),(7,8,'Fax Number',1),(2,101,'Name',1),(2,100,'Identifier',1),(3,68,'Name',1),(3,67,'Identifier',1),(4,29,'Name',1),(4,28,'Identifier',1),(5,25,'Name',1),(5,24,'Identifier',1),(5,26,'Comments',1),(5,27,'Type',1),(108,307,'Name',1),(1,258,'Identifier',1),(1,260,'Default Temperature',1),(108,261,'One Dimension Label',1),(108,262,'Two Dimension Label',1),(108,308,'Comments',0),(110,240,'Container Name',1),(8,239,'Identifier',1),(8,241,'Temperature',1),(9,252,'One Dimension Capacity',0),(9,253,'Two Dimension Capacity',0),(10,307,'Container Type',0),(10,261,'One Dimension Label',0),(10,262,'Two Dimension Label',0),(11,185,'Site Name',1),(110,242,'Is Container Full',1),(110,243,'Barcode',1),(110,247,'Parent Container Identifier',1),(110,249,'Position Dimension One',1),(110,250,'Position Dimension Two',1),(110,310,'Comments',0),(112,307,'Name',1),(111,311,'Identifier',1),(111,312,'Specimen Class',1),(112,261,'One Dimension Label',1),(112,262,'Two Dimension Label',1),(128,252,'One Dimension Capacity',1),(128,253,'Two Dimension Capacity',1),(112,308,'Comments',0),(114,240,'Array Label',1),(113,313,'Identifier',1),(114,242,'Is Container Full',1),(114,243,'Barcode',1),(114,247,'Parent Container Identifier',1),(114,249,'Position Dimension One',1),(114,250,'Position Dimension Two',1),(114,310,'Comments',0),(115,252,'One Dimension Capacity',1),(115,253,'Two Dimension Capacity',1),(116,307,'Array Type',0),(129,312,'SpecimenClass',1),(13,224,'Title',1),(12,54,'Identifier',1),(40,292,'Principal Investigator Last Name',1),(40,293,'Principal Investigator First Name',1),(42,292,'Protocol Coordinator Last Name',0),(42,293,'Protocol Coordinator First Name',0),(13,225,'Short Title',1),(13,226,'IRB Identifier',1),(13,227,'Start Date',1),(13,228,'End Date',1),(13,229,'Enrollment',1),(13,230,'Description URL',1),(14,56,'Clinical Status',0),(14,57,'Study Calendar Event Point',0),(15,233,'Specimen Type',0),(15,234,'Tissue Site',0),(15,235,'Pathological Status',0),(16,65,'Collection Protocol Event Identifier',0),(119,319,'Required Specimen Quantity',0),(18,224,'Title',1),(17,79,'Identifier',1),(18,225,'Short Title',1),(18,226,'IRB Identifier',1),(18,227,'Start Date',1),(18,228,'End Date',1),(18,229,'Enrollment',1),(18,230,'Description URL',1),(20,233,'Specimen Type',0),(20,234,'Tissue Site',0),(20,235,'Pathological Status',0),(120,319,'Required Specimen Quantity',0),(43,292,'Principal Investigator Last Name',1),(43,293,'Principal Investigator First Name',1),(19,80,'Distribution Protocol Identifier',0),(21,293,'First Name',1),(21,292,'Last Name',1),(21,285,'Identifier',1),(21,294,'Login Name',1),(21,295,'Date',1),(23,2,'Street',1),(23,3,'City',1),(23,4,'State',1),(23,5,'Country',1),(23,6,'Zip Code',1),(23,7,'Phone Number',1),(23,8,'Fax Number',1),(25,101,'Institution Name',1),(24,68,'Department Name',1),(26,29,'Cancer Research Group Name',1),(27,118,'First Name',1),(27,117,'Last Name',1),(27,116,'Identifier',1),(27,119,'Middle Name',1),(27,120,'Birth Date',1),(27,303,'Death Date',1),(27,304,'Vital Status',1),(27,121,'Gender',1),(27,122,'Genotype',1),(27,124,'Ethnicity',1),(27,125,'Social Security Number',1),(28,128,'Medical Record Number',0),(29,59,'Identifier',1),(45,224,'Protocol Title',0),(29,60,'Participant Protocol Identifier',1),(29,61,'Registration Date',1),(46,117,'Participant Last Name',1),(46,118,'Participant First Name',1),(46,119,'Participant Middle Name',1),(46,120,'Participant Birth Date',1),(30,320,'Name',1),(30,209,'Identifier',1),(30,210,'Clinical Diagnosis',1),(30,211,'Clinical Status',1),(48,224,'Collection Protocol Title',0),(31,57,'Study Calendar Event Point',1),(32,185,'Site Name',1),(33,60,'Protocol Participant Identifier',1),(47,45,'Surgical Pathology Number',1),(47,46,'Medical Record Number',1),(54,117,'Participant Last Name',1),(54,118,'Participant First Name',1),(34,323,'Label',1),(34,191,'Identifier',1),(34,102,'Class',1),(34,201,'Specimen Collection Group Identifier',1),(34,199,'Parent Specimen Identifier',1),(34,192,'Type',1),(34,208,'Pathological Status',1),(34,193,'Is Available',1),(34,194,'Position Dimension One',1),(34,195,'Position Dimension Two',1),(34,196,'Barcode',1),(34,103,'Initial Quantity',1),(34,104,'Available Quantity',1),(34,105,'Concentration',1),(34,322,'Lineage',1),(35,206,'Tissue Site',1),(35,207,'Tissue Side',1),(50,85,'External Identifier Name',1),(50,86,'External Identifier Value',1),(36,75,'Identifier',1),(36,298,'Distribution Date',1),(36,302,'Distribution Time',1),(37,72,'Distributed Quantity',1),(52,191,'Distributed Specimen Identifier',1),(52,192,'Distributed Specimen Type',1),(55,206,'Distributed Specimen Tissue Site',1),(55,207,'Distributed Specimen Tissue Side',1),(52,208,'Distributed Specimen Pathological Status',1),(57,39,'Identifier',1),(58,218,'Specimen Identifier',0),(58,219,'Event Timestamp',0),(58,221,'Comments',0),(59,292,'User Last Name',0),(59,293,'User First Name',0),(57,40,'Neoplastic Cellularity Percentage',0),(57,41,'Viable Cell Percentage',0),(60,42,'Identifier',1),(61,218,'Specimen Identifier',0),(61,219,'Event Timestamp',0),(61,221,'Comments',0),(62,292,'User Last Name',0),(62,293,'User First Name',0),(60,43,'Storage Status',1),(63,51,'Identifier',1),(64,218,'Specimen Identifier',0),(64,219,'Event Timestamp',0),(64,221,'Comments',0),(65,292,'User Last Name',0),(65,293,'User First Name',0),(63,52,'Collection Procedure',1),(63,53,'Container',1),(66,69,'Identifier',1),(67,218,'Specimen Identifier',0),(67,219,'Event Timestamp',0),(67,221,'Comments',0),(68,292,'User Last Name',0),(68,293,'User First Name',0),(66,70,'Reason',1),(69,82,'Identifier',1),(70,218,'Specimen Identifier',0),(70,219,'Event Timestamp',0),(70,221,'Comments',0),(71,292,'User Last Name',0),(71,293,'User First Name',0),(69,83,'Embedding Medium',1),(72,88,'Identifier',1),(73,218,'Specimen Identifier',0),(73,219,'Event Timestamp',0),(73,221,'Comments',0),(74,292,'User Last Name',0),(74,293,'User First Name',0),(72,89,'Fixation Type',1),(72,90,'Duration In Minutes',1),(75,96,'Identifier',1),(76,218,'Specimen Identifier',0),(76,219,'Event Timestamp',0),(76,221,'Comments',0),(77,292,'User Last Name',0),(77,293,'User First Name',0),(75,97,'Cell Count',1),(78,98,'Identifier',1),(79,218,'Specimen Identifier',0),(79,219,'Event Timestamp',0),(79,221,'Comments',0),(80,292,'User Last Name',0),(80,293,'User First Name',0),(78,99,'Method',1),(81,108,'Identifier',1),(82,218,'Specimen Identifier',0),(82,219,'Event Timestamp',0),(82,221,'Comments',0),(83,292,'User Last Name',0),(83,293,'User First Name',0),(81,109,'Gel Image URL',1),(81,110,'Quality Index',1),(81,111,'Lane Number',1),(81,112,'Gel Number',1),(81,113,'Absorbance At 260',1),(81,114,'Absorbance At 280',1),(81,115,'Ratio 28S to 18S',1),(84,138,'Identifier',1),(85,218,'Specimen Identifier',0),(85,219,'Event Timestamp',0),(85,221,'Comments',0),(86,292,'User Last Name',0),(86,293,'User First Name',0),(84,139,'URL',1),(84,140,'Name',1),(87,150,'Identifier',1),(88,218,'Specimen Identifier',0),(88,219,'Event Timestamp',0),(88,221,'Comments',0),(89,292,'User Last Name',0),(89,293,'User First Name',0),(87,151,'Received Quality',1),(90,236,'Identifier',1),(91,218,'Specimen Identifier',0),(91,219,'Event Timestamp',0),(91,221,'Comments',0),(92,292,'User Last Name',0),(92,293,'User First Name',0),(91,237,'GForce',0),(91,238,'Duration In Minutes',0),(93,266,'Identifier',1),(94,218,'Specimen Identifier',0),(94,219,'Event Timestamp',0),(94,221,'Comments',0),(95,292,'User Last Name',0),(95,293,'User First Name',0),(96,272,'Identifier',1),(97,218,'Specimen Identifier',0),(97,219,'Event Timestamp',0),(97,221,'Comments',0),(98,292,'User Last Name',0),(98,293,'User First Name',0),(96,273,'Neo Plastic Cellularity Percentage',1),(96,274,'Necrosis Percentage',1),(96,275,'Lymphocytic Percentage',1),(96,276,'Total Cellularity Percentage',1),(96,277,'Histological Quality',1),(99,278,'Identifier',1),(100,218,'Specimen Identifier',0),(100,219,'Event Timestamp',0),(100,221,'Comments',0),(101,292,'User Last Name',0),(101,293,'User First Name',0),(99,284,'From Storage Container Identifier',1),(99,283,'To Storage Container Identifier',1),(99,279,'From Position Dimension One',1),(99,280,'From Position Dimension Two',1),(99,281,'To Position Dimension One',1),(99,282,'To Position Dimension Two',1),(102,156,'Identifier',1),(102,157,'Affiliation',1),(102,158,'Name of reporter',1),(102,159,'Reporters email id',1),(102,160,'Message Body',1),(102,161,'Subject',1),(102,162,'Reported Date',1),(102,163,'Activity Status',1),(105,24,'Identifier',0),(105,25,'Name',0),(105,26,'Comments',0),(105,27,'Type',0),(53,224,'Distribution Protocol Title',0),(122,327,'Distribution Id',1),(121,315,'Specimen Array Type Id',1),(122,325,'Distribution Date',1),(122,326,'Distribution Time',1),(123,185,'Site Name',1),(124,224,'Distribution Protocol Title',1),(127,240,'SpecimenArray Name',1),(125,307,'SpecimenArrayType Name',1);
UNLOCK TABLES;
/*!40000 ALTER TABLE `catissue_search_display_data` ENABLE KEYS */;

--
-- Table structure for table `catissue_site`
--

DROP TABLE IF EXISTS `catissue_site`;
CREATE TABLE `catissue_site` (
  `IDENTIFIER` bigint(20) NOT NULL auto_increment,
  `NAME` varchar(255) NOT NULL default '',
  `TYPE` varchar(50) default NULL,
  `EMAIL_ADDRESS` varchar(255) default NULL,
  `USER_ID` bigint(20) default NULL,
  `ACTIVITY_STATUS` varchar(50) default NULL,
  `ADDRESS_ID` bigint(20) default NULL,
  PRIMARY KEY  (`IDENTIFIER`),
  UNIQUE KEY `NAME` (`NAME`),
  KEY `FKB024C3436CD94566` (`ADDRESS_ID`),
  KEY `FKB024C3432206F20F` (`USER_ID`),
  CONSTRAINT `FKB024C3432206F20F` FOREIGN KEY (`USER_ID`) REFERENCES `catissue_user` (`IDENTIFIER`),
  CONSTRAINT `FKB024C3436CD94566` FOREIGN KEY (`ADDRESS_ID`) REFERENCES `catissue_address` (`IDENTIFIER`)
) ENGINE=InnoDB DEFAULT CHARSET=latin1;

--
-- Dumping data for table `catissue_site`
--


/*!40000 ALTER TABLE `catissue_site` DISABLE KEYS */;
LOCK TABLES `catissue_site` WRITE;
INSERT INTO `catissue_site` VALUES (1,'BJH','Laboratory','watsonm@pathology.wustl.edu',2,'Active',10),(2,'Indiana','Laboratory','gschadow@regenstrief.org',9,'Active',11);
UNLOCK TABLES;
/*!40000 ALTER TABLE `catissue_site` ENABLE KEYS */;

--
-- Table structure for table `catissue_sp_array_order_item`
--

DROP TABLE IF EXISTS `catissue_sp_array_order_item`;
CREATE TABLE `catissue_sp_array_order_item` (
  `IDENTIFIER` bigint(20) NOT NULL default '0',
  `SPECIMEN_ARRAY_ID` bigint(20) default NULL,
  PRIMARY KEY  (`IDENTIFIER`),
  KEY `FKE3823170BC7298A9` (`IDENTIFIER`),
  KEY `FKE3823170C4A3C438` (`SPECIMEN_ARRAY_ID`),
  CONSTRAINT `FKE3823170C4A3C438` FOREIGN KEY (`SPECIMEN_ARRAY_ID`) REFERENCES `catissue_specimen_array` (`IDENTIFIER`),
  CONSTRAINT `FKE3823170BC7298A9` FOREIGN KEY (`IDENTIFIER`) REFERENCES `catissue_order_item` (`IDENTIFIER`)
) ENGINE=InnoDB DEFAULT CHARSET=latin1;

--
-- Dumping data for table `catissue_sp_array_order_item`
--


/*!40000 ALTER TABLE `catissue_sp_array_order_item` DISABLE KEYS */;
LOCK TABLES `catissue_sp_array_order_item` WRITE;
UNLOCK TABLES;
/*!40000 ALTER TABLE `catissue_sp_array_order_item` ENABLE KEYS */;

--
-- Table structure for table `catissue_speci_array_content`
--

DROP TABLE IF EXISTS `catissue_speci_array_content`;
CREATE TABLE `catissue_speci_array_content` (
  `IDENTIFIER` bigint(20) NOT NULL auto_increment,
  `CONC_IN_MICROGM_PER_MICROLTR` double default NULL,
  `INITIAL_QUANTITY_ID` bigint(20) default NULL,
  `POSITION_DIMENSION_ONE` int(11) default NULL,
  `POSITION_DIMENSION_TWO` int(11) default NULL,
  `SPECIMEN_ID` bigint(20) default NULL,
  `SPECIMEN_ARRAY_ID` bigint(20) default NULL,
  PRIMARY KEY  (`IDENTIFIER`),
  KEY `FKBEA9D458C4A3C438` (`SPECIMEN_ARRAY_ID`),
  KEY `FKBEA9D45860773DB2` (`SPECIMEN_ID`),
  KEY `FKBEA9D45892AB74B4` (`INITIAL_QUANTITY_ID`),
  CONSTRAINT `FKBEA9D45892AB74B4` FOREIGN KEY (`INITIAL_QUANTITY_ID`) REFERENCES `catissue_quantity` (`IDENTIFIER`),
  CONSTRAINT `FKBEA9D45860773DB2` FOREIGN KEY (`SPECIMEN_ID`) REFERENCES `catissue_specimen` (`IDENTIFIER`),
  CONSTRAINT `FKBEA9D458C4A3C438` FOREIGN KEY (`SPECIMEN_ARRAY_ID`) REFERENCES `catissue_specimen_array` (`IDENTIFIER`)
) ENGINE=InnoDB DEFAULT CHARSET=latin1;

--
-- Dumping data for table `catissue_speci_array_content`
--


/*!40000 ALTER TABLE `catissue_speci_array_content` DISABLE KEYS */;
LOCK TABLES `catissue_speci_array_content` WRITE;
UNLOCK TABLES;
/*!40000 ALTER TABLE `catissue_speci_array_content` ENABLE KEYS */;

--
-- Table structure for table `catissue_specimen`
--

DROP TABLE IF EXISTS `catissue_specimen`;
CREATE TABLE `catissue_specimen` (
  `IDENTIFIER` bigint(20) NOT NULL auto_increment,
  `SPECIMEN_CLASS` varchar(255) NOT NULL default '',
  `TYPE` varchar(50) default NULL,
  `LABEL` varchar(255) default NULL,
  `LINEAGE` varchar(50) default NULL,
  `PATHOLOGICAL_STATUS` varchar(50) default NULL,
  `AVAILABLE` tinyint(1) default NULL,
  `POSITION_DIMENSION_ONE` int(11) default NULL,
  `POSITION_DIMENSION_TWO` int(11) default NULL,
  `BARCODE` varchar(255) default NULL,
  `COMMENTS` text,
  `ACTIVITY_STATUS` varchar(50) default NULL,
  `PARENT_SPECIMEN_ID` bigint(20) default NULL,
  `STORAGE_CONTAINER_IDENTIFIER` bigint(20) default NULL,
  `SPECIMEN_COLLECTION_GROUP_ID` bigint(20) default NULL,
  `SPECIMEN_CHARACTERISTICS_ID` bigint(20) default NULL,
  `AVAILABLE_QUANTITY` double default NULL,
  `QUANTITY` double default NULL,
  `CONCENTRATION` double default NULL,
  PRIMARY KEY  (`IDENTIFIER`),
  UNIQUE KEY `LABEL` (`LABEL`),
  UNIQUE KEY `BARCODE` (`BARCODE`),
  KEY `FK1674810456906F39` (`SPECIMEN_CHARACTERISTICS_ID`),
  KEY `FK1674810433BF33C5` (`SPECIMEN_COLLECTION_GROUP_ID`),
  KEY `FK16748104B189E99D` (`PARENT_SPECIMEN_ID`),
  KEY `FK1674810432B31EAB` (`STORAGE_CONTAINER_IDENTIFIER`),
  KEY `INDX_CATISSUE_SPECIMEN_CLASS` (`SPECIMEN_CLASS`),
  KEY `INDX_CATISSUE_SPECIMEN_TYPE` (`TYPE`),
  KEY `INDX_CATISSUE_SPECIMEN_PATH` (`PATHOLOGICAL_STATUS`),
  KEY `INDX_CATISSUE_SPECIMEN_CONC` (`CONCENTRATION`),
  KEY `INDX_CATISSUE_SPECIMEN_AVQTY` (`AVAILABLE_QUANTITY`),
  KEY `INDX_CATISSUE_SPECIMEN_QTY` (`QUANTITY`),
  CONSTRAINT `FK1674810432B31EAB` FOREIGN KEY (`STORAGE_CONTAINER_IDENTIFIER`) REFERENCES `catissue_storage_container` (`IDENTIFIER`),
  CONSTRAINT `FK1674810433BF33C5` FOREIGN KEY (`SPECIMEN_COLLECTION_GROUP_ID`) REFERENCES `catissue_specimen_coll_group` (`IDENTIFIER`),
  CONSTRAINT `FK1674810456906F39` FOREIGN KEY (`SPECIMEN_CHARACTERISTICS_ID`) REFERENCES `catissue_specimen_char` (`IDENTIFIER`),
  CONSTRAINT `FK16748104B189E99D` FOREIGN KEY (`PARENT_SPECIMEN_ID`) REFERENCES `catissue_specimen` (`IDENTIFIER`)
) ENGINE=InnoDB DEFAULT CHARSET=latin1;

--
-- Dumping data for table `catissue_specimen`
--


/*!40000 ALTER TABLE `catissue_specimen` DISABLE KEYS */;
LOCK TABLES `catissue_specimen` WRITE;
INSERT INTO `catissue_specimen` VALUES (1,'Tissue','Fixed Tissue','Sp1','New','Malignant',1,NULL,NULL,'Sp1','','Active',NULL,NULL,1,1,10,10,NULL),(2,'Tissue','Microdissected','Sp2','New','Not Specified',1,NULL,NULL,'Sp2','','Active',NULL,NULL,1,2,10,10,NULL),(3,'Tissue','Fresh Tissue','Sp3','New','Malignant, Invasive',1,NULL,NULL,'Sp3','','Active',NULL,NULL,1,3,10,10,NULL),(4,'Cell','Cryopreserved Cells','Sp4','New','Not Specified',1,NULL,NULL,'Sp4','','Active',NULL,NULL,1,4,10,10,NULL),(5,'Tissue','Fixed Tissue','Sp5','New','Malignant',1,NULL,NULL,'Sp5','','Active',NULL,NULL,5,5,10,10,NULL),(6,'Tissue','Microdissected','Sp6','New','Not Specified',1,NULL,NULL,'Sp6','','Active',NULL,NULL,5,6,10,10,NULL),(7,'Tissue','Fresh Tissue','Sp7','New','Malignant, Invasive',1,NULL,NULL,'Sp7','','Active',NULL,NULL,5,7,10,10,NULL),(8,'Cell','Cryopreserved Cells','Sp8','New','Not Specified',1,NULL,NULL,'Sp8','','Active',NULL,NULL,5,8,10,10,NULL),(9,'Fluid','Serum','Sp1_Sp1','Derived','Malignant',1,NULL,NULL,'Sp1_Sp1','','Active',1,NULL,1,9,10,10,NULL),(10,'Molecular','cDNA','Sp2_Sp1','Derived','Not Specified',1,NULL,NULL,'Sp2_Sp1','','Active',2,NULL,1,10,10,10,NULL),(11,'Molecular','DNA','Sp2_Sp2','Derived','Malignant, Invasive',1,NULL,NULL,'Sp2_Sp2','','Active',2,NULL,1,11,10,10,NULL),(12,'Molecular','DNA','Sp3_Sp1','Derived','Not Specified',1,NULL,NULL,'Sp3_Sp1','','Active',3,NULL,1,12,10,10,NULL),(13,'Molecular','protein','Sp3_Sp2','Derived','Not Specified',1,NULL,NULL,'Sp3_Sp2','','Active',3,NULL,1,13,10,10,NULL),(14,'Molecular','RNA','Sp3_Sp3','Derived','Not Specified',1,NULL,NULL,'Sp3_Sp3','','Active',3,NULL,1,14,10,10,NULL),(15,'Cell','Cryopreserved Cells','Sp4_Sp1','Derived','Not Specified',1,NULL,NULL,'Sp4_Sp1','','Active',4,NULL,1,15,10,10,NULL),(16,'Molecular','DNA','Sp3_Sp1_Sp1','Derived','Malignant, Invasive',1,NULL,NULL,'Sp3_Sp1_Sp1','','Active',12,NULL,1,16,10,10,NULL);
UNLOCK TABLES;
/*!40000 ALTER TABLE `catissue_specimen` ENABLE KEYS */;

--
-- Table structure for table `catissue_specimen_array`
--

DROP TABLE IF EXISTS `catissue_specimen_array`;
CREATE TABLE `catissue_specimen_array` (
  `IDENTIFIER` bigint(20) NOT NULL default '0',
  `CREATED_BY_ID` bigint(20) default NULL,
  `SPECIMEN_ARRAY_TYPE_ID` bigint(20) default NULL,
  `STORAGE_CONTAINER_ID` bigint(20) default NULL,
  `DISTRIBUTION_ID` bigint(20) default NULL,
  `AVAILABLE` tinyint(1) default NULL,
  PRIMARY KEY  (`IDENTIFIER`),
  KEY `FKECBF8B3E64B129CC` (`CREATED_BY_ID`),
  KEY `FKECBF8B3EF8278B6` (`DISTRIBUTION_ID`),
  KEY `FKECBF8B3EBC7298A9` (`IDENTIFIER`),
  KEY `FKECBF8B3EB3DFB11D` (`STORAGE_CONTAINER_ID`),
  KEY `FKECBF8B3EECE89343` (`SPECIMEN_ARRAY_TYPE_ID`),
  CONSTRAINT `FKECBF8B3EECE89343` FOREIGN KEY (`SPECIMEN_ARRAY_TYPE_ID`) REFERENCES `catissue_specimen_array_type` (`IDENTIFIER`),
  CONSTRAINT `FKECBF8B3E64B129CC` FOREIGN KEY (`CREATED_BY_ID`) REFERENCES `catissue_user` (`IDENTIFIER`),
  CONSTRAINT `FKECBF8B3EB3DFB11D` FOREIGN KEY (`STORAGE_CONTAINER_ID`) REFERENCES `catissue_storage_container` (`IDENTIFIER`),
  CONSTRAINT `FKECBF8B3EBC7298A9` FOREIGN KEY (`IDENTIFIER`) REFERENCES `catissue_container` (`IDENTIFIER`),
  CONSTRAINT `FKECBF8B3EF8278B6` FOREIGN KEY (`DISTRIBUTION_ID`) REFERENCES `catissue_distribution` (`IDENTIFIER`)
) ENGINE=InnoDB DEFAULT CHARSET=latin1;

--
-- Dumping data for table `catissue_specimen_array`
--


/*!40000 ALTER TABLE `catissue_specimen_array` DISABLE KEYS */;
LOCK TABLES `catissue_specimen_array` WRITE;
UNLOCK TABLES;
/*!40000 ALTER TABLE `catissue_specimen_array` ENABLE KEYS */;

--
-- Table structure for table `catissue_specimen_array_type`
--

DROP TABLE IF EXISTS `catissue_specimen_array_type`;
CREATE TABLE `catissue_specimen_array_type` (
  `IDENTIFIER` bigint(20) NOT NULL default '0',
  `SPECIMEN_CLASS` varchar(50) default NULL,
  PRIMARY KEY  (`IDENTIFIER`),
  KEY `FKD36E0B9BBC7298A9` (`IDENTIFIER`),
  CONSTRAINT `FKD36E0B9BBC7298A9` FOREIGN KEY (`IDENTIFIER`) REFERENCES `catissue_container_type` (`IDENTIFIER`)
) ENGINE=InnoDB DEFAULT CHARSET=latin1;

--
-- Dumping data for table `catissue_specimen_array_type`
--


/*!40000 ALTER TABLE `catissue_specimen_array_type` DISABLE KEYS */;
LOCK TABLES `catissue_specimen_array_type` WRITE;
INSERT INTO `catissue_specimen_array_type` VALUES (2,NULL),(6,'Molecular'),(7,'Tissue');
UNLOCK TABLES;
/*!40000 ALTER TABLE `catissue_specimen_array_type` ENABLE KEYS */;

--
-- Table structure for table `catissue_specimen_biohz_rel`
--

DROP TABLE IF EXISTS `catissue_specimen_biohz_rel`;
CREATE TABLE `catissue_specimen_biohz_rel` (
  `BIOHAZARD_ID` bigint(20) NOT NULL default '0',
  `SPECIMEN_ID` bigint(20) NOT NULL default '0',
  PRIMARY KEY  (`SPECIMEN_ID`,`BIOHAZARD_ID`),
  KEY `FK7A3F5539F398D480` (`BIOHAZARD_ID`),
  KEY `FK7A3F553960773DB2` (`SPECIMEN_ID`),
  CONSTRAINT `FK7A3F553960773DB2` FOREIGN KEY (`SPECIMEN_ID`) REFERENCES `catissue_specimen` (`IDENTIFIER`),
  CONSTRAINT `FK7A3F5539F398D480` FOREIGN KEY (`BIOHAZARD_ID`) REFERENCES `catissue_biohazard` (`IDENTIFIER`)
) ENGINE=InnoDB DEFAULT CHARSET=latin1;

--
-- Dumping data for table `catissue_specimen_biohz_rel`
--


/*!40000 ALTER TABLE `catissue_specimen_biohz_rel` DISABLE KEYS */;
LOCK TABLES `catissue_specimen_biohz_rel` WRITE;
UNLOCK TABLES;
/*!40000 ALTER TABLE `catissue_specimen_biohz_rel` ENABLE KEYS */;

--
-- Table structure for table `catissue_specimen_char`
--

DROP TABLE IF EXISTS `catissue_specimen_char`;
CREATE TABLE `catissue_specimen_char` (
  `IDENTIFIER` bigint(20) NOT NULL auto_increment,
  `TISSUE_SITE` varchar(150) default NULL,
  `TISSUE_SIDE` varchar(50) default NULL,
  PRIMARY KEY  (`IDENTIFIER`),
  KEY `INDX_CATISSUE_SP_CHAR_TSITE` (`TISSUE_SITE`),
  KEY `INDX_CATISSUE_SP_CHAR_TSIDE` (`TISSUE_SIDE`)
) ENGINE=InnoDB DEFAULT CHARSET=latin1;

--
-- Dumping data for table `catissue_specimen_char`
--


/*!40000 ALTER TABLE `catissue_specimen_char` DISABLE KEYS */;
LOCK TABLES `catissue_specimen_char` WRITE;
INSERT INTO `catissue_specimen_char` VALUES (1,'Placenta','Left'),(2,'Placenta','Left'),(3,'Placenta','Left'),(4,'Placenta','Left'),(5,'Placenta','Left'),(6,'Placenta','Left'),(7,'Placenta','Left'),(8,'Placenta','Left'),(9,'Placenta','Left'),(10,'Placenta','Left'),(11,'Placenta','Left'),(12,'Placenta','Left'),(13,'Placenta','Left'),(14,'Placenta','Left'),(15,'Placenta','Left'),(16,'Placenta','Left');
UNLOCK TABLES;
/*!40000 ALTER TABLE `catissue_specimen_char` ENABLE KEYS */;

--
-- Table structure for table `catissue_specimen_coll_group`
--

DROP TABLE IF EXISTS `catissue_specimen_coll_group`;
CREATE TABLE `catissue_specimen_coll_group` (
  `IDENTIFIER` bigint(20) NOT NULL auto_increment,
  `NAME` varchar(255) default NULL,
  `CLINICAL_DIAGNOSIS` varchar(150) default NULL,
  `CLINICAL_STATUS` varchar(50) default NULL,
  `ACTIVITY_STATUS` varchar(50) default NULL,
  `SITE_ID` bigint(20) default NULL,
  `COLLECTION_PROTOCOL_EVENT_ID` bigint(20) default NULL,
  `CLINICAL_REPORT_ID` bigint(20) default NULL,
  `COLLECTION_PROTOCOL_REG_ID` bigint(20) default NULL,
  PRIMARY KEY  (`IDENTIFIER`),
  UNIQUE KEY `NAME` (`NAME`),
  KEY `FKDEBAF167A7F77D13` (`SITE_ID`),
  KEY `FKDEBAF1674CE21DDA` (`CLINICAL_REPORT_ID`),
  KEY `FKDEBAF16753B01F66` (`COLLECTION_PROTOCOL_EVENT_ID`),
  KEY `FKDEBAF1677E07C4AC` (`COLLECTION_PROTOCOL_REG_ID`),
  KEY `INDX_SP_COL_GR_DIGNOSIS` (`CLINICAL_DIAGNOSIS`),
  KEY `INDX_SP_COL_GR_CLIN_STATUS` (`CLINICAL_STATUS`),
  CONSTRAINT `FKDEBAF1674CE21DDA` FOREIGN KEY (`CLINICAL_REPORT_ID`) REFERENCES `catissue_clinical_report` (`IDENTIFIER`),
  CONSTRAINT `FKDEBAF16753B01F66` FOREIGN KEY (`COLLECTION_PROTOCOL_EVENT_ID`) REFERENCES `catissue_coll_prot_event` (`IDENTIFIER`),
  CONSTRAINT `FKDEBAF1677E07C4AC` FOREIGN KEY (`COLLECTION_PROTOCOL_REG_ID`) REFERENCES `catissue_coll_prot_reg` (`IDENTIFIER`),
  CONSTRAINT `FKDEBAF167A7F77D13` FOREIGN KEY (`SITE_ID`) REFERENCES `catissue_site` (`IDENTIFIER`)
) ENGINE=InnoDB DEFAULT CHARSET=latin1;

--
-- Dumping data for table `catissue_specimen_coll_group`
--


/*!40000 ALTER TABLE `catissue_specimen_coll_group` DISABLE KEYS */;
LOCK TABLES `catissue_specimen_coll_group` WRITE;
INSERT INTO `catissue_specimen_coll_group` VALUES (1,'scg1','Abdominal fibromatosis','Operative','Active',1,3,1,1),(2,'scg2','Not Specified','New Diagnosis','Active',1,2,2,2),(3,'scg3','Papillary adenocarcinoma, NOS','New Diagnosis','Active',1,2,3,3),(4,'scg4','Pacinian tumor','New Diagnosis','Active',1,3,4,4),(5,'scg5','Neuroendocrine carcinoma','New Diagnosis','Active',1,1,5,5);
UNLOCK TABLES;
/*!40000 ALTER TABLE `catissue_specimen_coll_group` ENABLE KEYS */;

--
-- Table structure for table `catissue_specimen_event_param`
--

DROP TABLE IF EXISTS `catissue_specimen_event_param`;
CREATE TABLE `catissue_specimen_event_param` (
  `IDENTIFIER` bigint(20) NOT NULL auto_increment,
  `SPECIMEN_ID` bigint(20) default NULL,
  `EVENT_TIMESTAMP` datetime default NULL,
  `USER_ID` bigint(20) default NULL,
  `COMMENTS` text,
  PRIMARY KEY  (`IDENTIFIER`),
  KEY `FK753F33AD60773DB2` (`SPECIMEN_ID`),
  KEY `FK753F33AD2206F20F` (`USER_ID`),
  KEY `INDX_CATISSUE_SPEVT_TIMESTP` (`EVENT_TIMESTAMP`),
  KEY `INDX_CATISSUE_SPEVT_SPID` (`SPECIMEN_ID`),
  CONSTRAINT `FK753F33AD2206F20F` FOREIGN KEY (`USER_ID`) REFERENCES `catissue_user` (`IDENTIFIER`),
  CONSTRAINT `FK753F33AD60773DB2` FOREIGN KEY (`SPECIMEN_ID`) REFERENCES `catissue_specimen` (`IDENTIFIER`)
) ENGINE=InnoDB DEFAULT CHARSET=latin1;

--
-- Dumping data for table `catissue_specimen_event_param`
--


/*!40000 ALTER TABLE `catissue_specimen_event_param` DISABLE KEYS */;
LOCK TABLES `catissue_specimen_event_param` WRITE;
INSERT INTO `catissue_specimen_event_param` VALUES (1,NULL,'1999-08-15 00:00:00',6,''),(2,NULL,'2005-08-25 00:00:00',6,''),(3,NULL,'1999-08-15 00:00:00',7,''),(4,NULL,'2000-08-15 00:00:00',7,''),(5,NULL,'1999-08-15 00:00:00',6,''),(6,NULL,'2001-10-10 00:00:00',6,''),(7,NULL,'1999-08-15 00:00:00',7,''),(8,NULL,'2004-08-18 00:00:00',7,''),(9,NULL,'2005-08-25 00:00:00',6,''),(10,NULL,'1999-08-15 00:00:00',6,''),(11,NULL,'2000-08-15 00:00:00',7,''),(12,NULL,'1999-08-15 00:00:00',7,''),(13,NULL,'2001-10-10 00:00:00',6,''),(14,NULL,'1999-08-15 00:00:00',6,''),(15,NULL,'1999-08-15 00:00:00',7,''),(16,NULL,'2004-08-18 00:00:00',7,''),(17,9,'1999-08-15 00:00:00',6,''),(18,9,'2005-08-25 00:00:00',6,''),(19,10,'1999-08-15 00:00:00',7,''),(20,10,'2000-08-15 00:00:00',7,''),(21,11,'2000-08-15 00:00:00',7,''),(22,11,'1999-08-15 00:00:00',7,''),(23,12,'2001-10-10 00:00:00',6,''),(24,12,'1999-08-15 00:00:00',6,''),(25,13,'1999-08-15 00:00:00',6,''),(26,13,'2001-10-10 00:00:00',6,''),(27,14,'2001-10-10 00:00:00',6,''),(28,14,'1999-08-15 00:00:00',6,''),(29,15,'1999-08-15 00:00:00',7,''),(30,15,'2004-08-18 00:00:00',7,''),(31,16,'1999-08-15 00:00:00',6,''),(32,16,'2001-10-10 00:00:00',6,'');
UNLOCK TABLES;
/*!40000 ALTER TABLE `catissue_specimen_event_param` ENABLE KEYS */;

--
-- Table structure for table `catissue_specimen_order_item`
--

DROP TABLE IF EXISTS `catissue_specimen_order_item`;
CREATE TABLE `catissue_specimen_order_item` (
  `IDENTIFIER` bigint(20) NOT NULL default '0',
  `ARRAY_ORDER_ITEM_ID` bigint(20) default NULL,
  PRIMARY KEY  (`IDENTIFIER`),
  KEY `FK48C3B39FBC7298A9` (`IDENTIFIER`),
  KEY `FK48C3B39F83505A30` (`ARRAY_ORDER_ITEM_ID`),
  CONSTRAINT `FK48C3B39F83505A30` FOREIGN KEY (`ARRAY_ORDER_ITEM_ID`) REFERENCES `catissue_new_sp_ar_order_item` (`IDENTIFIER`),
  CONSTRAINT `FK48C3B39FBC7298A9` FOREIGN KEY (`IDENTIFIER`) REFERENCES `catissue_order_item` (`IDENTIFIER`)
) ENGINE=InnoDB DEFAULT CHARSET=latin1;

--
-- Dumping data for table `catissue_specimen_order_item`
--


/*!40000 ALTER TABLE `catissue_specimen_order_item` DISABLE KEYS */;
LOCK TABLES `catissue_specimen_order_item` WRITE;
INSERT INTO `catissue_specimen_order_item` VALUES (2,1),(4,3);
UNLOCK TABLES;
/*!40000 ALTER TABLE `catissue_specimen_order_item` ENABLE KEYS */;

--
-- Table structure for table `catissue_specimen_protocol`
--

DROP TABLE IF EXISTS `catissue_specimen_protocol`;
CREATE TABLE `catissue_specimen_protocol` (
  `IDENTIFIER` bigint(20) NOT NULL auto_increment,
  `PRINCIPAL_INVESTIGATOR_ID` bigint(20) default NULL,
  `TITLE` varchar(255) NOT NULL default '',
  `SHORT_TITLE` varchar(255) default NULL,
  `IRB_IDENTIFIER` varchar(255) default NULL,
  `START_DATE` date default NULL,
  `END_DATE` date default NULL,
  `ENROLLMENT` int(11) default NULL,
  `DESCRIPTION_URL` varchar(255) default NULL,
  `ACTIVITY_STATUS` varchar(50) default NULL,
  PRIMARY KEY  (`IDENTIFIER`),
  UNIQUE KEY `TITLE` (`TITLE`),
  KEY `FKB8481373870EB740` (`PRINCIPAL_INVESTIGATOR_ID`),
  KEY `INDX_SP_PR_SHORT_TITLE` (`SHORT_TITLE`),
  KEY `INDX_SP_PR_IRB_ID` (`IRB_IDENTIFIER`),
  KEY `INDX_SP_PR_START_DATE` (`START_DATE`),
  KEY `INDX_SP_PR_END_DATE` (`END_DATE`),
  CONSTRAINT `FKB8481373870EB740` FOREIGN KEY (`PRINCIPAL_INVESTIGATOR_ID`) REFERENCES `catissue_user` (`IDENTIFIER`)
) ENGINE=InnoDB DEFAULT CHARSET=latin1;

--
-- Dumping data for table `catissue_specimen_protocol`
--


/*!40000 ALTER TABLE `catissue_specimen_protocol` DISABLE KEYS */;
LOCK TABLES `catissue_specimen_protocol` WRITE;
INSERT INTO `catissue_specimen_protocol` VALUES (1,8,'Aids Study Collection Protocol','Aids Study Collection Protocol','1111','1975-08-15',NULL,NULL,'','Active'),(2,8,'Cancer Study Collection Protocol','Cancer Study Collection Protocol','1111','1975-08-15',NULL,NULL,'','Active'),(3,8,'Generic Collection Protocol','Generic Collection Protocol','1111','1975-08-15',NULL,NULL,'','Active'),(4,6,'Generic Distribution Protocol','Generic Distribution Protocol','1111','1975-08-15',NULL,NULL,'','Active'),(5,7,'Cancer Study Distribution Protocol','Cancer Study Distribution Protocol','1111','1975-08-15',NULL,NULL,'','Active');
UNLOCK TABLES;
/*!40000 ALTER TABLE `catissue_specimen_protocol` ENABLE KEYS */;

--
-- Table structure for table `catissue_specimen_requirement`
--

DROP TABLE IF EXISTS `catissue_specimen_requirement`;
CREATE TABLE `catissue_specimen_requirement` (
  `IDENTIFIER` bigint(20) NOT NULL auto_increment,
  `SPECIMEN_CLASS` varchar(255) NOT NULL default '',
  `SPECIMEN_TYPE` varchar(50) default NULL,
  `TISSUE_SITE` varchar(150) default NULL,
  `PATHOLOGY_STATUS` varchar(50) default NULL,
  `QUANTITY_ID` bigint(20) default NULL,
  PRIMARY KEY  (`IDENTIFIER`),
  KEY `FK39AFE96861A1C94F` (`QUANTITY_ID`),
  CONSTRAINT `FK39AFE96861A1C94F` FOREIGN KEY (`QUANTITY_ID`) REFERENCES `catissue_quantity` (`IDENTIFIER`)
) ENGINE=InnoDB DEFAULT CHARSET=latin1;

--
-- Dumping data for table `catissue_specimen_requirement`
--


/*!40000 ALTER TABLE `catissue_specimen_requirement` DISABLE KEYS */;
LOCK TABLES `catissue_specimen_requirement` WRITE;
INSERT INTO `catissue_specimen_requirement` VALUES (1,'Tissue','Fixed Tissue Block','Not Specified','Not Specified',1),(2,'Tissue','Fixed Tissue Block','Not Specified','Not Specified',2),(3,'Tissue','Fixed Tissue Block','Not Specified','Not Specified',3),(4,'Tissue','Fixed Tissue Block','Not Specified','Not Specified',4),(5,'Tissue','Fixed Tissue Block','Not Specified','Not Specified',5);
UNLOCK TABLES;
/*!40000 ALTER TABLE `catissue_specimen_requirement` ENABLE KEYS */;

--
-- Table structure for table `catissue_specimen_type`
--

DROP TABLE IF EXISTS `catissue_specimen_type`;
CREATE TABLE `catissue_specimen_type` (
  `SPECIMEN_ARRAY_TYPE_ID` bigint(20) NOT NULL default '0',
  `SPECIMEN_TYPE` varchar(50) default NULL,
  KEY `FKFF69C195ECE89343` (`SPECIMEN_ARRAY_TYPE_ID`),
  CONSTRAINT `FKFF69C195ECE89343` FOREIGN KEY (`SPECIMEN_ARRAY_TYPE_ID`) REFERENCES `catissue_specimen_array_type` (`IDENTIFIER`)
) ENGINE=InnoDB DEFAULT CHARSET=latin1;

--
-- Dumping data for table `catissue_specimen_type`
--


/*!40000 ALTER TABLE `catissue_specimen_type` DISABLE KEYS */;
LOCK TABLES `catissue_specimen_type` WRITE;
INSERT INTO `catissue_specimen_type` VALUES (6,'DNA'),(7,'Frozen Tissue Slide');
UNLOCK TABLES;
/*!40000 ALTER TABLE `catissue_specimen_type` ENABLE KEYS */;

--
-- Table structure for table `catissue_spun_event_parameters`
--

DROP TABLE IF EXISTS `catissue_spun_event_parameters`;
CREATE TABLE `catissue_spun_event_parameters` (
  `IDENTIFIER` bigint(20) NOT NULL default '0',
  `GFORCE` double default NULL,
  `DURATION_IN_MINUTES` int(11) default NULL,
  PRIMARY KEY  (`IDENTIFIER`),
  KEY `FK312D77BCBC7298A9` (`IDENTIFIER`),
  CONSTRAINT `FK312D77BCBC7298A9` FOREIGN KEY (`IDENTIFIER`) REFERENCES `catissue_specimen_event_param` (`IDENTIFIER`)
) ENGINE=InnoDB DEFAULT CHARSET=latin1;

--
-- Dumping data for table `catissue_spun_event_parameters`
--


/*!40000 ALTER TABLE `catissue_spun_event_parameters` DISABLE KEYS */;
LOCK TABLES `catissue_spun_event_parameters` WRITE;
UNLOCK TABLES;
/*!40000 ALTER TABLE `catissue_spun_event_parameters` ENABLE KEYS */;

--
-- Table structure for table `catissue_st_cont_coll_prot_rel`
--

DROP TABLE IF EXISTS `catissue_st_cont_coll_prot_rel`;
CREATE TABLE `catissue_st_cont_coll_prot_rel` (
  `STORAGE_CONTAINER_ID` bigint(20) NOT NULL default '0',
  `COLLECTION_PROTOCOL_ID` bigint(20) NOT NULL default '0',
  PRIMARY KEY  (`STORAGE_CONTAINER_ID`,`COLLECTION_PROTOCOL_ID`),
  KEY `FK3AE9FCA7B3DFB11D` (`STORAGE_CONTAINER_ID`),
  KEY `FK3AE9FCA748304401` (`COLLECTION_PROTOCOL_ID`),
  CONSTRAINT `FK3AE9FCA748304401` FOREIGN KEY (`COLLECTION_PROTOCOL_ID`) REFERENCES `catissue_collection_protocol` (`IDENTIFIER`),
  CONSTRAINT `FK3AE9FCA7B3DFB11D` FOREIGN KEY (`STORAGE_CONTAINER_ID`) REFERENCES `catissue_storage_container` (`IDENTIFIER`)
) ENGINE=InnoDB DEFAULT CHARSET=latin1;

--
-- Dumping data for table `catissue_st_cont_coll_prot_rel`
--


/*!40000 ALTER TABLE `catissue_st_cont_coll_prot_rel` DISABLE KEYS */;
LOCK TABLES `catissue_st_cont_coll_prot_rel` WRITE;
UNLOCK TABLES;
/*!40000 ALTER TABLE `catissue_st_cont_coll_prot_rel` ENABLE KEYS */;

--
-- Table structure for table `catissue_st_cont_st_type_rel`
--

DROP TABLE IF EXISTS `catissue_st_cont_st_type_rel`;
CREATE TABLE `catissue_st_cont_st_type_rel` (
  `STORAGE_CONTAINER_ID` bigint(20) NOT NULL default '0',
  `STORAGE_TYPE_ID` bigint(20) NOT NULL default '0',
  PRIMARY KEY  (`STORAGE_CONTAINER_ID`,`STORAGE_TYPE_ID`),
  KEY `FK703B902159A3CE5C` (`STORAGE_TYPE_ID`),
  KEY `FK703B9021B3DFB11D` (`STORAGE_CONTAINER_ID`),
  CONSTRAINT `FK703B9021B3DFB11D` FOREIGN KEY (`STORAGE_CONTAINER_ID`) REFERENCES `catissue_storage_container` (`IDENTIFIER`),
  CONSTRAINT `FK703B902159A3CE5C` FOREIGN KEY (`STORAGE_TYPE_ID`) REFERENCES `catissue_storage_type` (`IDENTIFIER`)
) ENGINE=InnoDB DEFAULT CHARSET=latin1;

--
-- Dumping data for table `catissue_st_cont_st_type_rel`
--


/*!40000 ALTER TABLE `catissue_st_cont_st_type_rel` DISABLE KEYS */;
LOCK TABLES `catissue_st_cont_st_type_rel` WRITE;
INSERT INTO `catissue_st_cont_st_type_rel` VALUES (1,1),(2,1),(3,1),(4,1),(5,1),(6,1),(7,1),(8,1),(9,1),(10,1),(11,1),(12,1),(13,1),(14,1),(15,1),(16,1),(17,1),(18,1),(19,1),(20,1),(21,1),(22,1),(23,1),(24,1),(25,1),(26,1),(27,1),(28,1),(29,1),(30,1),(31,1),(32,1),(33,1),(34,1),(35,1),(36,1),(37,1),(38,1),(39,1),(40,1),(41,1),(42,1),(43,1),(44,1);
UNLOCK TABLES;
/*!40000 ALTER TABLE `catissue_st_cont_st_type_rel` ENABLE KEYS */;

--
-- Table structure for table `catissue_stor_cont_spec_class`
--

DROP TABLE IF EXISTS `catissue_stor_cont_spec_class`;
CREATE TABLE `catissue_stor_cont_spec_class` (
  `STORAGE_CONTAINER_ID` bigint(20) NOT NULL default '0',
  `SPECIMEN_CLASS` varchar(50) default NULL,
  KEY `FKE7F5E8C2B3DFB11D` (`STORAGE_CONTAINER_ID`),
  CONSTRAINT `FKE7F5E8C2B3DFB11D` FOREIGN KEY (`STORAGE_CONTAINER_ID`) REFERENCES `catissue_storage_container` (`IDENTIFIER`)
) ENGINE=InnoDB DEFAULT CHARSET=latin1;

--
-- Dumping data for table `catissue_stor_cont_spec_class`
--


/*!40000 ALTER TABLE `catissue_stor_cont_spec_class` DISABLE KEYS */;
LOCK TABLES `catissue_stor_cont_spec_class` WRITE;
INSERT INTO `catissue_stor_cont_spec_class` VALUES (1,'Fluid'),(1,'Tissue'),(1,'Molecular'),(1,'Cell'),(3,'Fluid'),(3,'Tissue'),(3,'Molecular'),(3,'Cell'),(4,'Fluid'),(4,'Tissue'),(4,'Molecular'),(4,'Cell'),(5,'Fluid'),(5,'Tissue'),(5,'Molecular'),(5,'Cell'),(9,'Fluid'),(9,'Tissue'),(9,'Molecular'),(9,'Cell'),(10,'Fluid'),(10,'Tissue'),(10,'Molecular'),(10,'Cell'),(11,'Fluid'),(11,'Tissue'),(11,'Molecular'),(11,'Cell'),(12,'Fluid'),(12,'Tissue'),(12,'Molecular'),(12,'Cell'),(13,'Fluid'),(13,'Tissue'),(13,'Molecular'),(13,'Cell'),(14,'Fluid'),(14,'Tissue'),(14,'Molecular'),(14,'Cell'),(15,'Fluid'),(15,'Tissue'),(15,'Molecular'),(15,'Cell'),(16,'Fluid'),(16,'Tissue'),(16,'Molecular'),(16,'Cell'),(17,'Fluid'),(17,'Tissue'),(17,'Molecular'),(17,'Cell'),(18,'Fluid'),(18,'Tissue'),(18,'Molecular'),(18,'Cell'),(19,'Fluid'),(19,'Tissue'),(19,'Molecular'),(19,'Cell'),(20,'Fluid'),(20,'Tissue'),(20,'Molecular'),(20,'Cell'),(21,'Fluid'),(21,'Tissue'),(21,'Molecular'),(21,'Cell'),(22,'Fluid'),(22,'Tissue'),(22,'Molecular'),(22,'Cell'),(23,'Fluid'),(23,'Tissue'),(23,'Molecular'),(23,'Cell'),(24,'Fluid'),(24,'Tissue'),(24,'Molecular'),(24,'Cell'),(25,'Fluid'),(25,'Tissue'),(25,'Molecular'),(25,'Cell'),(26,'Fluid'),(26,'Tissue'),(26,'Molecular'),(26,'Cell'),(27,'Fluid'),(27,'Tissue'),(27,'Molecular'),(27,'Cell'),(28,'Fluid'),(28,'Tissue'),(28,'Molecular'),(28,'Cell'),(29,'Fluid'),(29,'Tissue'),(29,'Molecular'),(29,'Cell'),(30,'Fluid'),(30,'Tissue'),(30,'Molecular'),(30,'Cell'),(31,'Fluid'),(31,'Tissue'),(31,'Molecular'),(31,'Cell'),(32,'Fluid'),(32,'Tissue'),(32,'Molecular'),(32,'Cell'),(33,'Fluid'),(33,'Tissue'),(33,'Molecular'),(33,'Cell'),(34,'Fluid'),(34,'Tissue'),(34,'Molecular'),(34,'Cell'),(35,'Fluid'),(35,'Tissue'),(35,'Molecular'),(35,'Cell'),(36,'Fluid'),(36,'Tissue'),(36,'Molecular'),(36,'Cell'),(37,'Fluid'),(37,'Tissue'),(37,'Molecular'),(37,'Cell'),(38,'Fluid'),(38,'Tissue'),(38,'Molecular'),(38,'Cell'),(39,'Fluid'),(39,'Tissue'),(39,'Molecular'),(39,'Cell'),(40,'Fluid'),(40,'Tissue'),(40,'Molecular'),(40,'Cell'),(41,'Fluid'),(41,'Tissue'),(41,'Molecular'),(41,'Cell'),(42,'Fluid'),(42,'Tissue'),(42,'Molecular'),(42,'Cell'),(43,'Fluid'),(43,'Tissue'),(43,'Molecular'),(43,'Cell'),(44,'Fluid'),(44,'Tissue'),(44,'Molecular'),(44,'Cell');
UNLOCK TABLES;
/*!40000 ALTER TABLE `catissue_stor_cont_spec_class` ENABLE KEYS */;

--
-- Table structure for table `catissue_stor_type_holds_type`
--

DROP TABLE IF EXISTS `catissue_stor_type_holds_type`;
CREATE TABLE `catissue_stor_type_holds_type` (
  `STORAGE_TYPE_ID` bigint(20) NOT NULL default '0',
  `HOLDS_STORAGE_TYPE_ID` bigint(20) NOT NULL default '0',
  PRIMARY KEY  (`STORAGE_TYPE_ID`,`HOLDS_STORAGE_TYPE_ID`),
  KEY `STORAGE_TYPE_ID` (`STORAGE_TYPE_ID`),
  KEY `HOLDS_STORAGE_TYPE_ID` (`HOLDS_STORAGE_TYPE_ID`),
  CONSTRAINT `FK185C50B81236791` FOREIGN KEY (`HOLDS_STORAGE_TYPE_ID`) REFERENCES `catissue_storage_type` (`IDENTIFIER`),
  CONSTRAINT `FK185C50B59A3CE5C` FOREIGN KEY (`STORAGE_TYPE_ID`) REFERENCES `catissue_storage_type` (`IDENTIFIER`)
) ENGINE=InnoDB DEFAULT CHARSET=latin1;

--
-- Dumping data for table `catissue_stor_type_holds_type`
--


/*!40000 ALTER TABLE `catissue_stor_type_holds_type` DISABLE KEYS */;
LOCK TABLES `catissue_stor_type_holds_type` WRITE;
INSERT INTO `catissue_stor_type_holds_type` VALUES (1,3),(1,4),(1,5);
UNLOCK TABLES;
/*!40000 ALTER TABLE `catissue_stor_type_holds_type` ENABLE KEYS */;

--
-- Table structure for table `catissue_stor_type_spec_class`
--

DROP TABLE IF EXISTS `catissue_stor_type_spec_class`;
CREATE TABLE `catissue_stor_type_spec_class` (
  `STORAGE_TYPE_ID` bigint(20) NOT NULL default '0',
  `SPECIMEN_CLASS` varchar(50) default NULL,
  KEY `FK1BCF33BA59A3CE5C` (`STORAGE_TYPE_ID`),
  CONSTRAINT `FK1BCF33BA59A3CE5C` FOREIGN KEY (`STORAGE_TYPE_ID`) REFERENCES `catissue_storage_type` (`IDENTIFIER`)
) ENGINE=InnoDB DEFAULT CHARSET=latin1;

--
-- Dumping data for table `catissue_stor_type_spec_class`
--


/*!40000 ALTER TABLE `catissue_stor_type_spec_class` DISABLE KEYS */;
LOCK TABLES `catissue_stor_type_spec_class` WRITE;
INSERT INTO `catissue_stor_type_spec_class` VALUES (3,'Fluid'),(3,'Tissue'),(3,'Molecular'),(3,'Cell'),(4,'Fluid'),(4,'Tissue'),(4,'Molecular'),(4,'Cell'),(5,'Fluid'),(5,'Tissue'),(5,'Molecular'),(5,'Cell');
UNLOCK TABLES;
/*!40000 ALTER TABLE `catissue_stor_type_spec_class` ENABLE KEYS */;

--
-- Table structure for table `catissue_storage_container`
--

DROP TABLE IF EXISTS `catissue_storage_container`;
CREATE TABLE `catissue_storage_container` (
  `IDENTIFIER` bigint(20) NOT NULL default '0',
  `SITE_ID` bigint(20) default NULL,
  `TEMPERATURE` double default NULL,
  `STORAGE_TYPE_ID` bigint(20) default NULL,
  PRIMARY KEY  (`IDENTIFIER`),
  KEY `FK28429D01BC7298A9` (`IDENTIFIER`),
  KEY `FK28429D01A7F77D13` (`SITE_ID`),
  KEY `FK28429D0159A3CE5C` (`STORAGE_TYPE_ID`),
  CONSTRAINT `FK28429D0159A3CE5C` FOREIGN KEY (`STORAGE_TYPE_ID`) REFERENCES `catissue_storage_type` (`IDENTIFIER`),
  CONSTRAINT `FK28429D01A7F77D13` FOREIGN KEY (`SITE_ID`) REFERENCES `catissue_site` (`IDENTIFIER`),
  CONSTRAINT `FK28429D01BC7298A9` FOREIGN KEY (`IDENTIFIER`) REFERENCES `catissue_container` (`IDENTIFIER`)
) ENGINE=InnoDB DEFAULT CHARSET=latin1;

--
-- Dumping data for table `catissue_storage_container`
--


/*!40000 ALTER TABLE `catissue_storage_container` DISABLE KEYS */;
LOCK TABLES `catissue_storage_container` WRITE;
INSERT INTO `catissue_storage_container` VALUES (1,1,-10,5),(2,1,-10,5),(3,1,-10,4),(4,1,-10,4),(5,1,-10,4),(6,1,-10,4),(7,1,-10,4),(8,1,-10,4),(9,1,-10,3),(10,1,-10,3),(11,1,-10,3),(12,1,-10,3),(13,1,-10,3),(14,1,-10,3),(15,1,-10,3),(16,1,-10,3),(17,1,-10,3),(18,1,-10,3),(19,1,-10,3),(20,1,-10,3),(21,1,-10,3),(22,1,-10,3),(23,1,-10,3),(24,1,-10,3),(25,1,-10,3),(26,1,-10,3),(27,1,-10,3),(28,1,-10,3),(29,1,-10,3),(30,1,-10,3),(31,1,-10,3),(32,1,-10,3),(33,1,-10,3),(34,1,-10,3),(35,1,-10,3),(36,1,-10,3),(37,1,-10,3),(38,1,-10,3),(39,1,-10,3),(40,1,-10,3),(41,1,-10,3),(42,1,-10,3),(43,1,-10,3),(44,1,-10,3);
UNLOCK TABLES;
/*!40000 ALTER TABLE `catissue_storage_container` ENABLE KEYS */;

--
-- Table structure for table `catissue_storage_type`
--

DROP TABLE IF EXISTS `catissue_storage_type`;
CREATE TABLE `catissue_storage_type` (
  `IDENTIFIER` bigint(20) NOT NULL default '0',
  `DEFAULT_TEMPERATURE` double default NULL,
  PRIMARY KEY  (`IDENTIFIER`),
  KEY `FKE9A0629ABC7298A9` (`IDENTIFIER`),
  CONSTRAINT `FKE9A0629ABC7298A9` FOREIGN KEY (`IDENTIFIER`) REFERENCES `catissue_container_type` (`IDENTIFIER`)
) ENGINE=InnoDB DEFAULT CHARSET=latin1;

--
-- Dumping data for table `catissue_storage_type`
--


/*!40000 ALTER TABLE `catissue_storage_type` DISABLE KEYS */;
LOCK TABLES `catissue_storage_type` WRITE;
INSERT INTO `catissue_storage_type` VALUES (1,NULL),(3,-10),(4,-10),(5,-10);
UNLOCK TABLES;
/*!40000 ALTER TABLE `catissue_storage_type` ENABLE KEYS */;

--
-- Table structure for table `catissue_storty_holds_sparrty`
--

DROP TABLE IF EXISTS `catissue_storty_holds_sparrty`;
CREATE TABLE `catissue_storty_holds_sparrty` (
  `STORAGE_TYPE_ID` bigint(20) NOT NULL default '0',
  `SPECIMEN_ARRAY_TYPE_ID` bigint(20) NOT NULL default '0',
  PRIMARY KEY  (`STORAGE_TYPE_ID`,`SPECIMEN_ARRAY_TYPE_ID`),
  KEY `STORAGE_TYPE_ID` (`STORAGE_TYPE_ID`),
  KEY `SPECIMEN_ARRAY_TYPE_ID` (`SPECIMEN_ARRAY_TYPE_ID`),
  CONSTRAINT `FK70F57E44ECE89343` FOREIGN KEY (`SPECIMEN_ARRAY_TYPE_ID`) REFERENCES `catissue_specimen_array_type` (`IDENTIFIER`),
  CONSTRAINT `FK70F57E4459A3CE5C` FOREIGN KEY (`STORAGE_TYPE_ID`) REFERENCES `catissue_storage_type` (`IDENTIFIER`)
) ENGINE=InnoDB DEFAULT CHARSET=latin1;

--
-- Dumping data for table `catissue_storty_holds_sparrty`
--


/*!40000 ALTER TABLE `catissue_storty_holds_sparrty` DISABLE KEYS */;
LOCK TABLES `catissue_storty_holds_sparrty` WRITE;
UNLOCK TABLES;
/*!40000 ALTER TABLE `catissue_storty_holds_sparrty` ENABLE KEYS */;

--
-- Table structure for table `catissue_table_relation`
--

DROP TABLE IF EXISTS `catissue_table_relation`;
CREATE TABLE `catissue_table_relation` (
  `RELATIONSHIP_ID` bigint(20) NOT NULL auto_increment,
  `PARENT_TABLE_ID` bigint(20) default NULL,
  `CHILD_TABLE_ID` bigint(20) default NULL,
  `TABLES_IN_PATH` varchar(50) default NULL,
  PRIMARY KEY  (`RELATIONSHIP_ID`)
) ENGINE=InnoDB DEFAULT CHARSET=latin1;

--
-- Dumping data for table `catissue_table_relation`
--


/*!40000 ALTER TABLE `catissue_table_relation` DISABLE KEYS */;
LOCK TABLES `catissue_table_relation` WRITE;
INSERT INTO `catissue_table_relation` VALUES (1,1,1,NULL),(2,6,6,NULL),(3,5,5,NULL),(4,7,7,NULL),(5,8,8,NULL),(6,3,3,NULL),(7,3,4,NULL),(8,21,21,NULL),(9,21,2,'70'),(10,21,69,'1'),(11,21,3,NULL),(12,10,10,NULL),(13,10,9,NULL),(14,10,11,NULL),(15,10,12,'11:18'),(16,10,18,'11'),(17,19,19,NULL),(18,19,9,NULL),(19,19,20,NULL),(20,19,12,'20'),(21,23,23,NULL),(23,23,4,NULL),(24,23,5,NULL),(25,23,6,NULL),(26,23,7,NULL),(27,31,31,NULL),(28,31,32,NULL),(29,27,27,NULL),(30,35,35,NULL),(31,35,11,NULL),(32,35,3,NULL),(33,35,27,NULL),(34,33,33,NULL),(35,33,34,NULL),(36,38,38,NULL),(37,38,37,NULL),(40,10,23,'9'),(41,10,17,NULL),(43,19,23,'9'),(44,31,3,'32'),(45,27,9,'10'),(46,27,31,NULL),(47,35,26,NULL),(48,35,9,'27:10'),(50,33,28,NULL),(52,38,33,'37'),(53,38,9,NULL),(54,35,31,'27'),(55,38,34,'37:33'),(57,43,43,NULL),(58,43,63,NULL),(59,43,23,NULL),(60,44,44,NULL),(61,44,63,NULL),(62,44,23,NULL),(63,46,46,NULL),(64,46,63,NULL),(65,46,23,NULL),(66,47,47,NULL),(67,47,63,NULL),(68,47,23,NULL),(69,48,48,NULL),(70,48,63,NULL),(71,48,23,NULL),(72,49,49,NULL),(73,49,63,NULL),(74,49,23,NULL),(75,50,50,NULL),(76,50,63,NULL),(77,50,23,NULL),(78,51,51,NULL),(79,51,63,NULL),(80,51,23,NULL),(81,52,52,NULL),(82,52,63,NULL),(83,52,23,NULL),(84,54,54,NULL),(85,54,63,NULL),(86,54,23,NULL),(87,57,57,NULL),(88,57,63,NULL),(89,57,23,NULL),(90,64,64,NULL),(91,64,63,NULL),(92,64,23,NULL),(93,66,66,NULL),(94,66,63,NULL),(95,66,23,NULL),(96,67,67,NULL),(97,67,63,NULL),(98,67,23,NULL),(99,68,68,NULL),(100,68,63,NULL),(101,68,23,NULL),(102,59,59,NULL),(103,31,10,'27'),(104,10,35,'27'),(105,62,8,NULL),(106,33,8,'62'),(107,23,63,NULL),(108,1,69,NULL),(110,21,70,NULL),(111,71,71,NULL),(112,71,69,NULL),(113,72,72,NULL),(114,72,70,NULL),(115,72,2,'70'),(116,72,69,'71'),(119,10,74,'11:18:12'),(120,19,74,'12'),(121,75,72,NULL),(122,75,75,NULL),(123,75,3,NULL),(124,75,9,NULL),(125,75,69,'72'),(127,75,70,'72'),(128,71,2,'69'),(129,72,71,NULL);
UNLOCK TABLES;
/*!40000 ALTER TABLE `catissue_table_relation` ENABLE KEYS */;

--
-- Table structure for table `catissue_thaw_event_parameters`
--

DROP TABLE IF EXISTS `catissue_thaw_event_parameters`;
CREATE TABLE `catissue_thaw_event_parameters` (
  `IDENTIFIER` bigint(20) NOT NULL default '0',
  PRIMARY KEY  (`IDENTIFIER`),
  KEY `FKD8890A48BC7298A9` (`IDENTIFIER`),
  CONSTRAINT `FKD8890A48BC7298A9` FOREIGN KEY (`IDENTIFIER`) REFERENCES `catissue_specimen_event_param` (`IDENTIFIER`)
) ENGINE=InnoDB DEFAULT CHARSET=latin1;

--
-- Dumping data for table `catissue_thaw_event_parameters`
--


/*!40000 ALTER TABLE `catissue_thaw_event_parameters` DISABLE KEYS */;
LOCK TABLES `catissue_thaw_event_parameters` WRITE;
UNLOCK TABLES;
/*!40000 ALTER TABLE `catissue_thaw_event_parameters` ENABLE KEYS */;

--
-- Table structure for table `catissue_tis_spe_event_param`
--

DROP TABLE IF EXISTS `catissue_tis_spe_event_param`;
CREATE TABLE `catissue_tis_spe_event_param` (
  `IDENTIFIER` bigint(20) NOT NULL default '0',
  `NEOPLASTIC_CELLULARITY_PER` double default NULL,
  `NECROSIS_PERCENTAGE` double default NULL,
  `LYMPHOCYTIC_PERCENTAGE` double default NULL,
  `TOTAL_CELLULARITY_PERCENTAGE` double default NULL,
  `HISTOLOGICAL_QUALITY` varchar(50) default NULL,
  PRIMARY KEY  (`IDENTIFIER`),
  KEY `FKBB9648F4BC7298A9` (`IDENTIFIER`),
  KEY `INDX_CATISSUE_TISEVT_NCEL` (`NEOPLASTIC_CELLULARITY_PER`),
  KEY `INDX_CATISSUE_TISEVT_NPER` (`NECROSIS_PERCENTAGE`),
  KEY `INDX_CATISSUE_TISEVT_LPER` (`LYMPHOCYTIC_PERCENTAGE`),
  KEY `INDX_CATISSUE_TISEVT_CPER` (`TOTAL_CELLULARITY_PERCENTAGE`),
  KEY `INDX_CATISSUE_TISEVT_HQTY` (`HISTOLOGICAL_QUALITY`),
  CONSTRAINT `FKBB9648F4BC7298A9` FOREIGN KEY (`IDENTIFIER`) REFERENCES `catissue_event_param` (`IDENTIFIER`)
) ENGINE=InnoDB DEFAULT CHARSET=latin1;

--
-- Dumping data for table `catissue_tis_spe_event_param`
--


/*!40000 ALTER TABLE `catissue_tis_spe_event_param` DISABLE KEYS */;
LOCK TABLES `catissue_tis_spe_event_param` WRITE;
UNLOCK TABLES;
/*!40000 ALTER TABLE `catissue_tis_spe_event_param` ENABLE KEYS */;

--
-- Table structure for table `catissue_transfer_event_param`
--

DROP TABLE IF EXISTS `catissue_transfer_event_param`;
CREATE TABLE `catissue_transfer_event_param` (
  `IDENTIFIER` bigint(20) NOT NULL default '0',
  `FROM_POSITION_DIMENSION_ONE` int(11) default NULL,
  `FROM_POSITION_DIMENSION_TWO` int(11) default NULL,
  `TO_POSITION_DIMENSION_ONE` int(11) default NULL,
  `TO_POSITION_DIMENSION_TWO` int(11) default NULL,
  `TO_STORAGE_CONTAINER_ID` bigint(20) default NULL,
  `FROM_STORAGE_CONTAINER_ID` bigint(20) default NULL,
  PRIMARY KEY  (`IDENTIFIER`),
  KEY `FK71F9AC103C2DAC61` (`TO_STORAGE_CONTAINER_ID`),
  KEY `FK71F9AC1099DF0A92` (`FROM_STORAGE_CONTAINER_ID`),
  KEY `FK71F9AC10BC7298A9` (`IDENTIFIER`),
  KEY `INDX_CATISSUE_TRANEVT_FDIM1` (`FROM_POSITION_DIMENSION_ONE`),
  KEY `INDX_CATISSUE_TRANEVT_FDIM2` (`FROM_POSITION_DIMENSION_TWO`),
  KEY `INDX_CATISSUE_TRANEVT_TDIM1` (`TO_POSITION_DIMENSION_ONE`),
  KEY `INDX_CATISSUE_TRANEVT_TDIM2` (`TO_POSITION_DIMENSION_TWO`),
  KEY `INDX_CATISSUE_TRANEVT_TSTOR` (`TO_STORAGE_CONTAINER_ID`),
  KEY `INDX_CATISSUE_TRANEVT_FSTOR` (`FROM_STORAGE_CONTAINER_ID`),
  CONSTRAINT `FK71F9AC103C2DAC61` FOREIGN KEY (`TO_STORAGE_CONTAINER_ID`) REFERENCES `catissue_storage_container` (`IDENTIFIER`),
  CONSTRAINT `FK71F9AC1099DF0A92` FOREIGN KEY (`FROM_STORAGE_CONTAINER_ID`) REFERENCES `catissue_storage_container` (`IDENTIFIER`),
  CONSTRAINT `FK71F9AC10BC7298A9` FOREIGN KEY (`IDENTIFIER`) REFERENCES `catissue_specimen_event_param` (`IDENTIFIER`)
) ENGINE=InnoDB DEFAULT CHARSET=latin1;

--
-- Dumping data for table `catissue_transfer_event_param`
--


/*!40000 ALTER TABLE `catissue_transfer_event_param` DISABLE KEYS */;
LOCK TABLES `catissue_transfer_event_param` WRITE;
UNLOCK TABLES;
/*!40000 ALTER TABLE `catissue_transfer_event_param` ENABLE KEYS */;

--
-- Table structure for table `catissue_user`
--

DROP TABLE IF EXISTS `catissue_user`;
CREATE TABLE `catissue_user` (
  `IDENTIFIER` bigint(20) NOT NULL auto_increment,
  `EMAIL_ADDRESS` varchar(255) default NULL,
  `FIRST_NAME` varchar(255) default NULL,
  `LAST_NAME` varchar(255) default NULL,
  `LOGIN_NAME` varchar(255) NOT NULL default '',
  `START_DATE` date default NULL,
  `ACTIVITY_STATUS` varchar(50) default NULL,
  `DEPARTMENT_ID` bigint(20) default NULL,
  `CANCER_RESEARCH_GROUP_ID` bigint(20) default NULL,
  `INSTITUTION_ID` bigint(20) default NULL,
  `ADDRESS_ID` bigint(20) default NULL,
  `CSM_USER_ID` bigint(20) default NULL,
  `STATUS_COMMENT` text,
  `FIRST_TIME_LOGIN` tinyint(1) default '1',
  PRIMARY KEY  (`IDENTIFIER`),
  UNIQUE KEY `LOGIN_NAME` (`LOGIN_NAME`),
  KEY `FKB025CFC71792AD22` (`INSTITUTION_ID`),
  KEY `FKB025CFC7FFA96920` (`CANCER_RESEARCH_GROUP_ID`),
  KEY `FKB025CFC76CD94566` (`ADDRESS_ID`),
  KEY `FKB025CFC7F30C2528` (`DEPARTMENT_ID`),
  KEY `INDX_USER_LNAME` (`LAST_NAME`),
  KEY `INDX_USER_FNAME` (`FIRST_NAME`),
  CONSTRAINT `FKB025CFC71792AD22` FOREIGN KEY (`INSTITUTION_ID`) REFERENCES `catissue_institution` (`IDENTIFIER`),
  CONSTRAINT `FKB025CFC76CD94566` FOREIGN KEY (`ADDRESS_ID`) REFERENCES `catissue_address` (`IDENTIFIER`),
  CONSTRAINT `FKB025CFC7F30C2528` FOREIGN KEY (`DEPARTMENT_ID`) REFERENCES `catissue_department` (`IDENTIFIER`),
  CONSTRAINT `FKB025CFC7FFA96920` FOREIGN KEY (`CANCER_RESEARCH_GROUP_ID`) REFERENCES `catissue_cancer_research_group` (`IDENTIFIER`)
) ENGINE=InnoDB DEFAULT CHARSET=latin1;

--
-- Dumping data for table `catissue_user`
--


/*!40000 ALTER TABLE `catissue_user` DISABLE KEYS */;
LOCK TABLES `catissue_user` WRITE;
INSERT INTO `catissue_user` VALUES (1,'admin@admin.com','Admin','Admin','admin@admin.com',NULL,'Active',1,1,1,1,1,NULL,1),(2,'watsonm@pathology.wustl.edu','Mark','Watson','watsonm@pathology.wustl.edu',NULL,'Active',2,2,2,2,2,NULL,1),(3,'rakesh@wustl.edu','Rakesh','Nagarajan','rakesh@wustl.edu',NULL,'Active',2,2,2,3,3,NULL,1),(4,'jstone@pathology.wustl.edu','Janet','Stone','jstone@pathology.wustl.edu',NULL,'Active',2,2,2,4,4,NULL,1),(5,'rmeyer@pathology.wustl.edu','Rekha','Meyer','rmeyer@pathology.wustl.edu',NULL,'Active',2,2,2,5,5,NULL,1),(6,'schmandtlm@upmc.edu','Linda','Schmandt','schmandtlm@upmc.edu',NULL,'Active',2,2,2,6,6,NULL,1),(7,'mirandal@uphs.upenn.edu','Lisa','Miranda','mirandal@uphs.upenn.edu',NULL,'Active',2,2,2,7,7,NULL,1),(8,'Jack.London@mail.jci.tju.edu','Jack','London','Jack.London@mail.jci.tju.edu',NULL,'Active',2,2,2,8,8,NULL,1),(9,'gschadow@regenstrief.org','Gunther','Schadow','gschadow@regenstrief.org',NULL,'Active',2,2,2,9,9,NULL,1);
UNLOCK TABLES;
/*!40000 ALTER TABLE `catissue_user` ENABLE KEYS */;

--
-- Table structure for table `csm_application`
--

DROP TABLE IF EXISTS `csm_application`;
CREATE TABLE `csm_application` (
  `APPLICATION_ID` bigint(20) NOT NULL auto_increment,
  `APPLICATION_NAME` varchar(100) NOT NULL default '',
  `APPLICATION_DESCRIPTION` varchar(200) NOT NULL default '',
  `DECLARATIVE_FLAG` tinyint(1) default NULL,
  `ACTIVE_FLAG` tinyint(1) NOT NULL default '0',
  `UPDATE_DATE` date NOT NULL default '0000-00-00',
  PRIMARY KEY  (`APPLICATION_ID`),
  UNIQUE KEY `UQ_APPLICATION_NAME` (`APPLICATION_NAME`)
) ENGINE=InnoDB DEFAULT CHARSET=latin1;

--
-- Dumping data for table `csm_application`
--


/*!40000 ALTER TABLE `csm_application` DISABLE KEYS */;
LOCK TABLES `csm_application` WRITE;
INSERT INTO `csm_application` VALUES (1,'catissuecore','caTISSUE Core',0,0,'2005-08-22');
UNLOCK TABLES;
/*!40000 ALTER TABLE `csm_application` ENABLE KEYS */;

--
-- Table structure for table `csm_group`
--

DROP TABLE IF EXISTS `csm_group`;
CREATE TABLE `csm_group` (
  `GROUP_ID` bigint(20) NOT NULL auto_increment,
  `GROUP_NAME` varchar(100) NOT NULL default '',
  `GROUP_DESC` varchar(200) default NULL,
  `UPDATE_DATE` date NOT NULL default '0000-00-00',
  `APPLICATION_ID` bigint(20) NOT NULL default '0',
  PRIMARY KEY  (`GROUP_ID`),
  UNIQUE KEY `UQ_GROUP_GROUP_NAME` (`APPLICATION_ID`,`GROUP_NAME`),
  KEY `idx_APPLICATION_ID` (`APPLICATION_ID`),
  CONSTRAINT `csm_group_ibfk_1` FOREIGN KEY (`APPLICATION_ID`) REFERENCES `csm_application` (`APPLICATION_ID`) ON DELETE CASCADE
) ENGINE=InnoDB DEFAULT CHARSET=latin1;

--
-- Dumping data for table `csm_group`
--


/*!40000 ALTER TABLE `csm_group` DISABLE KEYS */;
LOCK TABLES `csm_group` WRITE;
INSERT INTO `csm_group` VALUES (1,'ADMINISTRATOR_GROUP','Group of Administrators','0000-00-00',1),(2,'SUPERVISOR_GROUP','Group of Supervisors','0000-00-00',1),(3,'TECHNICIAN_GROUP','Group of Technicians','0000-00-00',1),(4,'PUBLIC_GROUP','Group of Public Users','0000-00-00',1),(5,'USER_2',NULL,'2007-02-20',1),(6,'USER_3',NULL,'2007-02-20',1),(7,'USER_4',NULL,'2007-02-20',1),(8,'USER_5',NULL,'2007-02-20',1),(9,'USER_6',NULL,'2007-02-20',1),(10,'USER_7',NULL,'2007-02-20',1),(11,'USER_8',NULL,'2007-02-20',1),(12,'USER_9',NULL,'2007-02-20',1),(13,'PI_COLLECTION_PROTOCOL_1',NULL,'2007-02-20',1),(14,'COORDINATORS_COLLECTION_PROTOCOL_1',NULL,'2007-02-20',1),(15,'PI_COLLECTION_PROTOCOL_2',NULL,'2007-02-20',1),(16,'COORDINATORS_COLLECTION_PROTOCOL_2',NULL,'2007-02-20',1),(17,'PI_COLLECTION_PROTOCOL_3',NULL,'2007-02-20',1),(18,'COORDINATORS_COLLECTION_PROTOCOL_3',NULL,'2007-02-20',1),(19,'PI_DISTRIBUTION_PROTOCOL_4',NULL,'2007-02-20',1),(20,'PI_DISTRIBUTION_PROTOCOL_5',NULL,'2007-02-20',1);
UNLOCK TABLES;
/*!40000 ALTER TABLE `csm_group` ENABLE KEYS */;

--
-- Table structure for table `csm_pg_pe`
--

DROP TABLE IF EXISTS `csm_pg_pe`;
CREATE TABLE `csm_pg_pe` (
  `PG_PE_ID` bigint(20) NOT NULL auto_increment,
  `PROTECTION_GROUP_ID` bigint(20) NOT NULL default '0',
  `PROTECTION_ELEMENT_ID` bigint(20) NOT NULL default '0',
  `UPDATE_DATE` date NOT NULL default '0000-00-00',
  PRIMARY KEY  (`PG_PE_ID`),
  UNIQUE KEY `UQ_PROTECTION_GROUP_PROTECTION_ELEMENT_PROTECTION_GROUP_ID` (`PROTECTION_ELEMENT_ID`,`PROTECTION_GROUP_ID`),
  KEY `idx_PROTECTION_ELEMENT_ID` (`PROTECTION_ELEMENT_ID`),
  KEY `idx_PROTECTION_GROUP_ID` (`PROTECTION_GROUP_ID`),
  CONSTRAINT `csm_pg_pe_ibfk_1` FOREIGN KEY (`PROTECTION_ELEMENT_ID`) REFERENCES `csm_protection_element` (`PROTECTION_ELEMENT_ID`) ON DELETE CASCADE,
  CONSTRAINT `csm_pg_pe_ibfk_2` FOREIGN KEY (`PROTECTION_GROUP_ID`) REFERENCES `csm_protection_group` (`PROTECTION_GROUP_ID`) ON DELETE CASCADE
) ENGINE=InnoDB DEFAULT CHARSET=latin1;

--
-- Dumping data for table `csm_pg_pe`
--


/*!40000 ALTER TABLE `csm_pg_pe` DISABLE KEYS */;
LOCK TABLES `csm_pg_pe` WRITE;
INSERT INTO `csm_pg_pe` VALUES (16,21,9,'0000-00-00'),(17,2,10,'0000-00-00'),(19,2,11,'0000-00-00'),(20,2,12,'0000-00-00'),(21,2,13,'0000-00-00'),(22,2,14,'0000-00-00'),(23,3,15,'0000-00-00'),(24,3,16,'0000-00-00'),(25,3,17,'0000-00-00'),(26,3,18,'0000-00-00'),(27,3,19,'0000-00-00'),(28,1,20,'0000-00-00'),(29,3,21,'0000-00-00'),(30,3,22,'0000-00-00'),(31,3,23,'0000-00-00'),(32,3,24,'0000-00-00'),(33,3,25,'0000-00-00'),(34,3,26,'0000-00-00'),(35,3,27,'0000-00-00'),(36,3,28,'0000-00-00'),(37,3,29,'0000-00-00'),(38,3,30,'0000-00-00'),(39,3,31,'0000-00-00'),(40,3,32,'0000-00-00'),(41,3,33,'0000-00-00'),(42,3,34,'0000-00-00'),(43,3,35,'0000-00-00'),(44,3,36,'0000-00-00'),(45,3,37,'0000-00-00'),(46,3,38,'0000-00-00'),(47,3,39,'0000-00-00'),(48,3,40,'0000-00-00'),(49,1,41,'0000-00-00'),(50,1,42,'0000-00-00'),(51,1,43,'0000-00-00'),(52,1,44,'0000-00-00'),(53,1,45,'0000-00-00'),(54,1,46,'0000-00-00'),(55,1,47,'0000-00-00'),(56,1,48,'0000-00-00'),(58,1,50,'0000-00-00'),(59,1,51,'0000-00-00'),(60,3,52,'0000-00-00'),(61,3,53,'0000-00-00'),(62,6,54,'0000-00-00'),(63,6,55,'0000-00-00'),(64,5,56,'0000-00-00'),(65,5,57,'0000-00-00'),(66,6,57,'0000-00-00'),(67,5,58,'0000-00-00'),(68,6,58,'0000-00-00'),(69,5,59,'0000-00-00'),(70,6,59,'0000-00-00'),(71,5,60,'0000-00-00'),(72,6,60,'0000-00-00'),(73,5,61,'0000-00-00'),(74,6,61,'0000-00-00'),(75,5,62,'0000-00-00'),(76,6,62,'0000-00-00'),(77,13,63,'0000-00-00'),(78,13,64,'0000-00-00'),(79,13,65,'0000-00-00'),(80,13,66,'0000-00-00'),(81,13,67,'0000-00-00'),(82,14,68,'0000-00-00'),(83,14,69,'0000-00-00'),(84,14,70,'0000-00-00'),(85,14,71,'0000-00-00'),(86,13,72,'0000-00-00'),(87,14,73,'0000-00-00'),(88,13,74,'0000-00-00'),(89,13,75,'0000-00-00'),(90,13,76,'0000-00-00'),(91,13,77,'0000-00-00'),(92,14,78,'0000-00-00'),(93,14,79,'0000-00-00'),(94,14,80,'0000-00-00'),(95,14,81,'0000-00-00'),(96,16,82,'0000-00-00'),(97,16,83,'0000-00-00'),(98,13,84,'0000-00-00'),(99,13,85,'0000-00-00'),(100,13,86,'0000-00-00'),(102,16,87,'0000-00-00'),(103,16,89,'0000-00-00'),(105,16,90,'0000-00-00'),(106,16,91,'0000-00-00'),(107,16,92,'0000-00-00'),(108,16,93,'0000-00-00'),(109,16,94,'0000-00-00'),(110,16,95,'0000-00-00'),(111,16,96,'0000-00-00'),(112,16,97,'0000-00-00'),(113,16,98,'0000-00-00'),(114,16,99,'0000-00-00'),(115,16,100,'0000-00-00'),(116,16,101,'0000-00-00'),(117,16,102,'0000-00-00'),(118,16,103,'0000-00-00'),(119,16,104,'0000-00-00'),(120,16,105,'0000-00-00'),(121,16,106,'0000-00-00'),(122,16,107,'0000-00-00'),(123,16,108,'0000-00-00'),(124,16,109,'0000-00-00'),(125,16,110,'0000-00-00'),(126,16,111,'0000-00-00'),(127,16,112,'0000-00-00'),(128,16,113,'0000-00-00'),(129,16,114,'0000-00-00'),(130,16,115,'0000-00-00'),(131,16,116,'0000-00-00'),(132,16,117,'0000-00-00'),(133,16,118,'0000-00-00'),(134,16,119,'0000-00-00'),(135,16,120,'0000-00-00'),(136,16,121,'0000-00-00'),(137,16,122,'0000-00-00'),(138,16,123,'0000-00-00'),(139,16,124,'0000-00-00'),(140,16,125,'0000-00-00'),(141,16,126,'0000-00-00'),(142,16,127,'0000-00-00'),(143,16,128,'0000-00-00'),(144,16,129,'0000-00-00'),(145,16,130,'0000-00-00'),(146,16,131,'0000-00-00'),(147,16,132,'0000-00-00'),(148,16,133,'0000-00-00'),(149,16,134,'0000-00-00'),(150,16,135,'0000-00-00'),(151,16,136,'0000-00-00'),(152,16,137,'0000-00-00'),(153,16,138,'0000-00-00'),(154,16,139,'0000-00-00'),(155,16,140,'0000-00-00'),(156,16,141,'0000-00-00'),(157,16,142,'0000-00-00'),(158,16,143,'0000-00-00'),(159,16,144,'0000-00-00'),(160,16,145,'0000-00-00'),(161,16,146,'0000-00-00'),(162,16,147,'0000-00-00'),(163,16,148,'0000-00-00'),(164,16,149,'0000-00-00'),(165,16,150,'0000-00-00'),(166,12,151,'0000-00-00'),(167,12,152,'0000-00-00'),(168,12,153,'0000-00-00'),(169,12,154,'0000-00-00'),(170,12,155,'0000-00-00'),(171,12,156,'0000-00-00'),(172,12,157,'0000-00-00'),(173,12,158,'0000-00-00'),(174,12,159,'0000-00-00'),(175,12,160,'0000-00-00'),(176,12,161,'0000-00-00'),(177,12,162,'0000-00-00'),(178,12,163,'0000-00-00'),(179,12,164,'0000-00-00'),(180,12,165,'0000-00-00'),(181,12,166,'0000-00-00'),(182,12,167,'0000-00-00'),(183,12,168,'0000-00-00'),(184,12,169,'0000-00-00'),(185,12,170,'0000-00-00'),(186,12,171,'0000-00-00'),(187,12,172,'0000-00-00'),(188,12,173,'0000-00-00'),(189,12,174,'0000-00-00'),(190,12,175,'0000-00-00'),(191,12,176,'0000-00-00'),(192,12,177,'0000-00-00'),(193,12,178,'0000-00-00'),(194,12,179,'0000-00-00'),(195,12,180,'0000-00-00'),(196,12,181,'0000-00-00'),(197,12,182,'0000-00-00'),(198,12,183,'0000-00-00'),(199,12,184,'0000-00-00'),(200,12,185,'0000-00-00'),(201,12,186,'0000-00-00'),(202,12,187,'0000-00-00'),(203,12,188,'0000-00-00'),(204,12,189,'0000-00-00'),(205,12,190,'0000-00-00'),(206,12,191,'0000-00-00'),(207,12,192,'0000-00-00'),(208,12,193,'0000-00-00'),(209,12,194,'0000-00-00'),(210,12,195,'0000-00-00'),(211,12,196,'0000-00-00'),(212,12,197,'0000-00-00'),(213,7,198,'0000-00-00'),(214,8,199,'0000-00-00'),(215,7,200,'0000-00-00'),(216,8,201,'0000-00-00'),(217,10,201,'0000-00-00'),(218,8,202,'0000-00-00'),(219,10,202,'0000-00-00'),(220,8,203,'0000-00-00'),(221,10,203,'0000-00-00'),(222,8,204,'0000-00-00'),(223,10,204,'0000-00-00'),(224,8,205,'0000-00-00'),(225,10,205,'0000-00-00'),(226,8,206,'0000-00-00'),(227,10,206,'0000-00-00'),(228,8,207,'0000-00-00'),(229,10,207,'0000-00-00'),(230,8,208,'0000-00-00'),(231,10,208,'0000-00-00'),(232,8,209,'0000-00-00'),(233,10,209,'0000-00-00'),(234,8,210,'0000-00-00'),(235,10,210,'0000-00-00'),(236,8,211,'0000-00-00'),(237,10,211,'0000-00-00'),(238,8,212,'0000-00-00'),(239,10,212,'0000-00-00'),(240,8,213,'0000-00-00'),(241,10,213,'0000-00-00'),(242,8,214,'0000-00-00'),(243,10,214,'0000-00-00'),(244,8,215,'0000-00-00'),(245,10,215,'0000-00-00'),(246,8,216,'0000-00-00'),(247,10,216,'0000-00-00'),(248,8,217,'0000-00-00'),(249,10,217,'0000-00-00'),(250,8,218,'0000-00-00'),(251,10,218,'0000-00-00'),(253,17,223,'0000-00-00'),(254,17,224,'0000-00-00'),(255,17,225,'0000-00-00'),(256,17,226,'0000-00-00'),(257,17,227,'0000-00-00'),(258,17,228,'0000-00-00'),(259,17,229,'0000-00-00'),(260,17,230,'0000-00-00'),(261,17,231,'0000-00-00'),(264,17,234,'0000-00-00'),(265,17,235,'0000-00-00'),(266,17,236,'0000-00-00'),(267,18,237,'0000-00-00'),(268,18,238,'0000-00-00'),(269,18,239,'0000-00-00'),(270,19,240,'0000-00-00'),(271,19,241,'0000-00-00'),(272,19,242,'0000-00-00'),(273,19,243,'0000-00-00'),(274,19,244,'0000-00-00'),(275,19,245,'0000-00-00'),(276,19,246,'0000-00-00'),(277,19,247,'0000-00-00'),(278,19,248,'0000-00-00'),(279,19,249,'0000-00-00'),(280,19,250,'0000-00-00'),(281,19,251,'0000-00-00'),(282,24,252,'0000-00-00'),(283,17,253,'0000-00-00'),(284,17,254,'0000-00-00'),(285,17,255,'0000-00-00'),(286,17,256,'0000-00-00'),(287,17,257,'0000-00-00'),(288,17,258,'0000-00-00'),(289,17,259,'0000-00-00'),(290,17,260,'0000-00-00'),(291,17,261,'0000-00-00'),(292,17,262,'0000-00-00'),(293,18,263,'0000-00-00'),(294,18,264,'0000-00-00'),(295,18,265,'0000-00-00'),(296,19,266,'0000-00-00'),(297,19,267,'0000-00-00'),(298,17,268,'0000-00-00'),(299,1,269,'0000-00-00'),(300,17,270,'0000-00-00'),(301,19,271,'0000-00-00'),(302,1,272,'0000-00-00'),(303,19,273,'0000-00-00'),(304,17,274,'0000-00-00'),(305,17,275,'0000-00-00'),(306,1,276,'0000-00-00'),(307,17,277,'0000-00-00'),(308,19,278,'0000-00-00'),(310,3,279,'0001-01-01'),(311,19,280,'0000-00-00'),(312,3,281,'0001-01-01'),(313,19,282,'0001-01-01'),(314,19,283,'0000-00-00'),(315,19,284,'0000-00-00'),(316,19,285,'0000-00-00'),(317,19,286,'0000-00-00'),(318,19,287,'0000-00-00'),(319,19,288,'0000-00-00'),(320,19,289,'0000-00-00'),(321,19,290,'0000-00-00'),(322,19,291,'0000-00-00'),(323,44,292,'2007-01-04'),(324,44,293,'2007-01-04'),(325,44,294,'2007-01-04'),(326,44,295,'2007-01-04'),(327,44,296,'2007-01-04'),(328,44,297,'2007-01-04'),(329,44,298,'2007-01-04'),(330,44,299,'2007-01-04'),(331,44,300,'2007-01-04'),(332,44,301,'2007-01-04'),(333,1,306,'2007-01-04'),(334,2,306,'2007-01-04'),(335,3,306,'2007-01-04'),(336,1,292,'2006-11-27'),(337,2,292,'2006-11-27'),(338,3,292,'2006-11-27'),(339,1,293,'2006-11-27'),(340,2,293,'2006-11-27'),(341,3,293,'2006-11-27'),(342,1,294,'2006-11-27'),(343,2,294,'2006-11-27'),(344,3,294,'2006-11-27'),(345,1,295,'2006-11-27'),(346,2,295,'2006-11-27'),(347,3,295,'2006-11-27'),(348,1,296,'2006-11-27'),(349,2,296,'2006-11-27'),(350,3,296,'2006-11-27'),(351,1,297,'2006-11-27'),(352,2,297,'2006-11-27'),(353,3,297,'2006-11-27'),(354,1,298,'2006-11-27'),(355,2,298,'2006-11-27'),(356,3,298,'2006-11-27'),(357,1,299,'2006-11-27'),(358,2,299,'2006-11-27'),(359,3,299,'2006-11-27'),(360,1,300,'2006-11-27'),(361,2,300,'2006-11-27'),(362,3,300,'2006-11-27'),(363,1,301,'2006-11-27'),(364,2,301,'2006-11-27'),(365,3,301,'2006-11-27'),(366,1,302,'2006-11-27'),(367,2,302,'2006-11-27'),(368,3,302,'2006-11-27'),(369,1,303,'2006-11-27'),(370,2,303,'2006-11-27'),(371,3,303,'2006-11-27'),(372,1,304,'2006-11-27'),(373,2,304,'2006-11-27'),(374,3,304,'2006-11-27'),(375,3,305,'2007-01-18'),(376,20,307,'2006-11-27'),(377,20,308,'2006-11-27'),(378,24,309,'0000-00-00'),(379,24,310,'0000-00-00'),(380,24,311,'0000-00-00'),(381,20,312,'0000-00-00'),(382,45,312,'0000-00-00'),(383,20,313,'0000-00-00'),(384,46,313,'0000-00-00'),(385,20,314,'0000-00-00'),(386,47,314,'0000-00-00'),(387,20,315,'0000-00-00'),(388,48,315,'0000-00-00'),(389,20,316,'0000-00-00'),(390,49,316,'0000-00-00'),(391,20,317,'0000-00-00'),(392,50,317,'0000-00-00'),(393,20,318,'0000-00-00'),(394,51,318,'0000-00-00'),(395,20,319,'0000-00-00'),(396,52,319,'0000-00-00'),(397,20,320,'0000-00-00'),(398,20,321,'0000-00-00'),(399,20,322,'0000-00-00'),(400,20,323,'0000-00-00'),(401,20,324,'0000-00-00'),(402,53,324,'0000-00-00'),(403,20,325,'0000-00-00'),(404,54,325,'0000-00-00'),(405,20,326,'0000-00-00'),(406,55,326,'0000-00-00'),(407,20,327,'0000-00-00'),(408,20,328,'0000-00-00'),(409,20,329,'0000-00-00'),(410,20,330,'0000-00-00'),(411,20,331,'0000-00-00'),(412,20,332,'0000-00-00'),(413,20,333,'0000-00-00'),(414,20,334,'0000-00-00'),(415,20,335,'0000-00-00'),(416,20,336,'0000-00-00'),(417,20,337,'0000-00-00'),(418,20,338,'0000-00-00'),(419,20,339,'0000-00-00'),(420,20,340,'0000-00-00'),(421,20,341,'0000-00-00'),(422,20,342,'0000-00-00'),(423,20,343,'0000-00-00'),(424,20,344,'0000-00-00'),(425,20,345,'0000-00-00'),(426,20,346,'0000-00-00'),(427,20,347,'0000-00-00'),(428,20,348,'0000-00-00'),(429,20,349,'0000-00-00'),(430,20,350,'0000-00-00'),(431,20,351,'0000-00-00'),(432,20,352,'0000-00-00'),(433,20,353,'0000-00-00'),(434,20,354,'0000-00-00'),(435,20,355,'0000-00-00'),(436,20,356,'0000-00-00'),(437,20,357,'0000-00-00'),(438,20,358,'0000-00-00'),(439,20,359,'0000-00-00'),(440,20,360,'0000-00-00'),(441,20,361,'0000-00-00'),(442,20,362,'0000-00-00'),(443,20,363,'0000-00-00'),(444,20,364,'0000-00-00'),(445,20,365,'0000-00-00'),(446,20,366,'0000-00-00'),(447,20,367,'0000-00-00'),(448,20,368,'0000-00-00'),(449,20,369,'0000-00-00'),(450,20,370,'0000-00-00'),(451,20,371,'0000-00-00'),(452,56,371,'0000-00-00'),(453,20,372,'0000-00-00'),(454,57,372,'0000-00-00'),(455,20,373,'0000-00-00'),(456,20,374,'0000-00-00'),(457,20,375,'0000-00-00'),(458,20,376,'0000-00-00'),(459,20,377,'0000-00-00'),(460,20,378,'0000-00-00'),(461,55,373,'2007-02-20'),(462,55,378,'2007-02-20'),(463,20,379,'0000-00-00'),(464,54,374,'2007-02-20'),(465,54,379,'2007-02-20'),(466,20,380,'0000-00-00'),(467,54,380,'2007-02-20'),(468,54,373,'2007-02-20'),(469,20,381,'0000-00-00'),(470,55,381,'2007-02-20'),(471,55,375,'2007-02-20'),(472,20,382,'0000-00-00'),(473,53,376,'2007-02-20'),(474,53,382,'2007-02-20'),(475,20,383,'0000-00-00'),(476,55,383,'2007-02-20'),(477,20,384,'0000-00-00'),(478,54,384,'2007-02-20'),(479,20,385,'0000-00-00'),(480,54,385,'2007-02-20'),(481,20,386,'0000-00-00'),(482,55,386,'2007-02-20'),(483,20,387,'0000-00-00'),(484,53,387,'2007-02-20'),(485,20,388,'0000-00-00'),(486,20,389,'0000-00-00'),(487,55,388,'2007-02-20'),(488,55,389,'2007-02-20'),(489,20,390,'0000-00-00'),(490,20,391,'0000-00-00'),(491,55,391,'2007-02-20'),(492,55,390,'2007-02-20'),(493,20,392,'0000-00-00'),(494,20,393,'0000-00-00'),(495,55,393,'2007-02-20'),(496,55,392,'2007-02-20'),(497,20,394,'0000-00-00'),(498,20,395,'0000-00-00'),(499,55,394,'2007-02-20'),(500,55,395,'2007-02-20'),(501,20,396,'0000-00-00'),(502,20,397,'0000-00-00'),(503,53,397,'2007-02-20'),(504,53,396,'2007-02-20'),(505,20,398,'0000-00-00'),(506,20,399,'0000-00-00'),(507,53,399,'2007-02-20'),(508,53,398,'2007-02-20'),(509,20,400,'0000-00-00'),(510,20,401,'0000-00-00'),(511,53,401,'2007-02-20'),(512,53,400,'2007-02-20'),(513,20,402,'0000-00-00'),(514,20,403,'0000-00-00'),(515,53,402,'2007-02-20'),(516,53,403,'2007-02-20'),(517,20,404,'0000-00-00'),(518,20,405,'0000-00-00'),(519,55,404,'2007-02-20'),(520,55,405,'2007-02-20'),(521,20,406,'0000-00-00'),(522,20,407,'0000-00-00'),(523,55,406,'2007-02-20'),(524,55,407,'2007-02-20'),(525,20,408,'0000-00-00'),(526,20,409,'0000-00-00'),(527,55,409,'2007-02-20'),(528,55,408,'2007-02-20'),(529,20,410,'0000-00-00'),(530,20,411,'0000-00-00'),(531,55,411,'2007-02-20'),(532,55,410,'2007-02-20'),(533,20,412,'0000-00-00'),(534,20,413,'0000-00-00'),(535,55,413,'2007-02-20'),(536,55,412,'2007-02-20'),(537,20,414,'0000-00-00'),(538,20,415,'0000-00-00'),(539,55,414,'2007-02-20'),(540,55,415,'2007-02-20'),(541,20,416,'0000-00-00'),(542,20,417,'0000-00-00'),(543,55,417,'2007-02-20'),(544,55,416,'2007-02-20'),(545,20,418,'0000-00-00'),(546,20,419,'0000-00-00'),(547,55,418,'2007-02-20'),(548,55,419,'2007-02-20');
UNLOCK TABLES;
/*!40000 ALTER TABLE `csm_pg_pe` ENABLE KEYS */;

--
-- Table structure for table `csm_privilege`
--

DROP TABLE IF EXISTS `csm_privilege`;
CREATE TABLE `csm_privilege` (
  `PRIVILEGE_ID` bigint(20) NOT NULL auto_increment,
  `PRIVILEGE_NAME` varchar(100) NOT NULL default '',
  `PRIVILEGE_DESCRIPTION` varchar(200) default NULL,
  `UPDATE_DATE` date NOT NULL default '0000-00-00',
  PRIMARY KEY  (`PRIVILEGE_ID`),
  UNIQUE KEY `UQ_PRIVILEGE_NAME` (`PRIVILEGE_NAME`)
) ENGINE=InnoDB DEFAULT CHARSET=latin1;

--
-- Dumping data for table `csm_privilege`
--


/*!40000 ALTER TABLE `csm_privilege` DISABLE KEYS */;
LOCK TABLES `csm_privilege` WRITE;
INSERT INTO `csm_privilege` VALUES (1,'CREATE','This privilege grants permission to a user to create an entity. This entity can be an object, a database entry, or a resource such as a network connection','2005-08-22'),(2,'ACCESS','This privilege allows a user to access a particular resource.  Examples of resources include a network or database connection, socket, module of the application, or even the application itself','2005-08-22'),(3,'READ','This privilege permits the user to read data from a file, URL, database, an object, etc. This can be used at an entity level signifying that the user is allowed to read data about a particular entry','2005-08-22'),(4,'WRITE','This privilege allows a user to write data to a file, URL, database, an object, etc. This can be used at an entity level signifying that the user is allowed to write data about a particular entity','2005-08-22'),(5,'UPDATE','This privilege grants permission at an entity level and signifies that the user is allowed to update data for a particular entity. Entities may include an object, object attribute, database row etc','2005-08-22'),(6,'DELETE','This privilege permits a user to delete a logical entity. This entity can be an object, a database entry, a resource such as a network connection, etc','2005-08-22'),(7,'EXECUTE','This privilege allows a user to execute a particular resource. The resource can be a method, function, behavior of the application, URL, button etc','2005-08-22'),(8,'USE','This privilege allows a user to use a particular resource','2005-08-22'),(9,'ASSIGN_READ','This privilege allows a user to assign a read privilege to others','2005-08-22'),(10,'ASSIGN_USE','This privilege allows a user to assign a use privilege to others','2005-08-22'),(11,'IDENTIFIED_DATA_ACCESS','This privilege allows a user to view identified data of an object','2005-08-22'),(12,'READ_DENIED','This privilege doesnt permit the user to read data','2005-08-22');
UNLOCK TABLES;
/*!40000 ALTER TABLE `csm_privilege` ENABLE KEYS */;

--
-- Table structure for table `csm_protection_element`
--

DROP TABLE IF EXISTS `csm_protection_element`;
CREATE TABLE `csm_protection_element` (
  `PROTECTION_ELEMENT_ID` bigint(20) NOT NULL auto_increment,
  `PROTECTION_ELEMENT_NAME` varchar(100) NOT NULL default '',
  `PROTECTION_ELEMENT_DESCRIPTION` varchar(200) default NULL,
  `OBJECT_ID` varchar(100) NOT NULL default '',
  `ATTRIBUTE` varchar(100) default NULL,
  `PROTECTION_ELEMENT_TYPE_ID` decimal(10,0) default NULL,
  `APPLICATION_ID` bigint(20) NOT NULL default '0',
  `UPDATE_DATE` date NOT NULL default '0000-00-00',
  PRIMARY KEY  (`PROTECTION_ELEMENT_ID`),
  UNIQUE KEY `UQ_PE_PE_NAME_ATTRIBUTE_APP_ID` (`OBJECT_ID`,`ATTRIBUTE`,`APPLICATION_ID`),
  KEY `idx_APPLICATION_ID` (`APPLICATION_ID`),
  CONSTRAINT `csm_protection_element_ibfk_1` FOREIGN KEY (`APPLICATION_ID`) REFERENCES `csm_application` (`APPLICATION_ID`) ON DELETE CASCADE
) ENGINE=InnoDB DEFAULT CHARSET=latin1;

--
-- Dumping data for table `csm_protection_element`
--


/*!40000 ALTER TABLE `csm_protection_element` DISABLE KEYS */;
LOCK TABLES `csm_protection_element` WRITE;
INSERT INTO `csm_protection_element` VALUES (9,'edu.wustl.catissuecore.domain.User_1','User class','edu.wustl.catissuecore.domain.User_1',NULL,NULL,1,'0000-00-00'),(10,'Participant','Participant class','edu.wustl.catissuecore.domain.Participant',NULL,NULL,1,'0000-00-00'),(11,'ParticipantMedicalIdentifier','ParticipantMedicalIdentifier class','edu.wustl.catissuecore.domain.ParticipantMedicalIdentifier',NULL,NULL,1,'0000-00-00'),(12,'ClinicalReport','ClinicalReport class','edu.wustl.catissuecore.domain.ClinicalReport',NULL,NULL,1,'0000-00-00'),(13,'SpecimenCollectionGroup','SpecimenCollectionGroup class','edu.wustl.catissuecore.domain.SpecimenCollectionGroup',NULL,NULL,1,'0000-00-00'),(14,'CollectionProtocolRegistration','CollectionProtocolRegistration class','edu.wustl.catissuecore.domain.CollectionProtocolRegistration',NULL,NULL,1,'0000-00-00'),(15,'SpecimenCharacteristics','SpecimenCharacteristics class','edu.wustl.catissuecore.domain.SpecimenCharacteristics',NULL,NULL,1,'0000-00-00'),(16,'FluidSpecimen','FluidSpecimen class','edu.wustl.catissuecore.domain.FluidSpecimen',NULL,NULL,1,'0000-00-00'),(17,'TissueSpecimen','TissueSpecimen class','edu.wustl.catissuecore.domain.TissueSpecimen',NULL,NULL,1,'0000-00-00'),(18,'CellSpecimen','CellSpecimen class','edu.wustl.catissuecore.domain.CellSpecimen',NULL,NULL,1,'0000-00-00'),(19,'MolecularSpecimen','MolecularSpecimen class','edu.wustl.catissuecore.domain.MolecularSpecimen',NULL,NULL,1,'0000-00-00'),(20,'Biohazard','Biohazard class','edu.wustl.catissuecore.domain.Biohazard',NULL,NULL,1,'0000-00-00'),(21,'Specimen','Specimen class','edu.wustl.catissuecore.domain.Specimen',NULL,NULL,1,'0000-00-00'),(22,'ExternalIdentifier','ExternalIdentifier class','edu.wustl.catissuecore.domain.ExternalIdentifier',NULL,NULL,1,'0000-00-00'),(23,'EventParameters','EventParameters class','edu.wustl.catissuecore.domain.EventParameters',NULL,NULL,1,'0000-00-00'),(24,'FluidSpecimenReviewEventParameters','FluidSpecimenReviewEventParameters class','edu.wustl.catissuecore.domain.FluidSpecimenReviewEventParameters',NULL,NULL,1,'0000-00-00'),(25,'CellSpecimenReviewParameters','CellSpecimenReviewParameters class','edu.wustl.catissuecore.domain.CellSpecimenReviewParameters',NULL,NULL,1,'0000-00-00'),(26,'TissueSpecimenReviewEventParameters','TissueSpecimenReviewEventParameters class','edu.wustl.catissuecore.domain.TissueSpecimenReviewEventParameters',NULL,NULL,1,'0000-00-00'),(27,'MolecularSpecimenReviewParameters','MolecularSpecimenReviewParameters class','edu.wustl.catissuecore.domain.MolecularSpecimenReviewParameters',NULL,NULL,1,'0000-00-00'),(28,'CheckInCheckOutEventParameter','CheckInCheckOutEventParameter class','edu.wustl.catissuecore.domain.CheckInCheckOutEventParameter',NULL,NULL,1,'0000-00-00'),(29,'FrozenEventParameters','FrozenEventParameters class','edu.wustl.catissuecore.domain.FrozenEventParameters',NULL,NULL,1,'0000-00-00'),(30,'EmbeddedEventParameters','EmbeddedEventParameters class','edu.wustl.catissuecore.domain.EmbeddedEventParameters',NULL,NULL,1,'0000-00-00'),(31,'ReviewEventParameters','ReviewEventParameters class','edu.wustl.catissuecore.domain.ReviewEventParameters',NULL,NULL,1,'0000-00-00'),(32,'SpunEventParameters','SpunEventParameters class','edu.wustl.catissuecore.domain.SpunEventParameters',NULL,NULL,1,'0000-00-00'),(33,'ThawEventParameters','ThawEventParameters class','edu.wustl.catissuecore.domain.ThawEventParameters',NULL,NULL,1,'0000-00-00'),(34,'SpecimenEventParameters','SpecimenEventParameters class','edu.wustl.catissuecore.domain.SpecimenEventParameters',NULL,NULL,1,'0000-00-00'),(35,'ReceivedEventParameters','ReceivedEventParameters class','edu.wustl.catissuecore.domain.ReceivedEventParameters',NULL,NULL,1,'0000-00-00'),(36,'DisposalEventParameters','DisposalEventParameters class','edu.wustl.catissuecore.domain.DisposalEventParameters',NULL,NULL,1,'0000-00-00'),(37,'FixedEventParameters','FixedEventParameters class','edu.wustl.catissuecore.domain.FixedEventParameters',NULL,NULL,1,'0000-00-00'),(38,'ProcedureEventParameters','ProcedureEventParameters class','edu.wustl.catissuecore.domain.ProcedureEventParameters',NULL,NULL,1,'0000-00-00'),(39,'TransferEventParameters','TransferEventParameters class','edu.wustl.catissuecore.domain.TransferEventParameters',NULL,NULL,1,'0000-00-00'),(40,'CollectionEventParameters','CollectionEventParameters class','edu.wustl.catissuecore.domain.CollectionEventParameters',NULL,NULL,1,'0000-00-00'),(41,'Site','Site class','edu.wustl.catissuecore.domain.Site',NULL,NULL,1,'0000-00-00'),(42,'StorageContainer','StorageContainer class','edu.wustl.catissuecore.domain.StorageContainer',NULL,NULL,1,'0000-00-00'),(43,'StorageContainerDetails','StorageContainerDetails class','edu.wustl.catissuecore.domain.StorageContainerDetails',NULL,NULL,1,'0000-00-00'),(44,'Capacity','Capacity class','edu.wustl.catissuecore.domain.Capacity',NULL,NULL,1,'0000-00-00'),(45,'StorageType','StorageType class','edu.wustl.catissuecore.domain.StorageType',NULL,NULL,1,'0000-00-00'),(46,'User','User class','edu.wustl.catissuecore.domain.User',NULL,NULL,1,'0000-00-00'),(47,'Address','Address class','edu.wustl.catissuecore.domain.Address',NULL,NULL,1,'0000-00-00'),(48,'CancerResearchGroup','CancerResearchGroup class','edu.wustl.catissuecore.domain.CancerResearchGroup',NULL,NULL,1,'0000-00-00'),(50,'Department','Department class','edu.wustl.catissuecore.domain.Department',NULL,NULL,1,'0000-00-00'),(51,'Institution','Institution class','edu.wustl.catissuecore.domain.Institution',NULL,NULL,1,'0000-00-00'),(52,'Distribution','Distribution class','edu.wustl.catissuecore.domain.Distribution',NULL,NULL,1,'0000-00-00'),(53,'DistributedItem','DistributedItem class','edu.wustl.catissuecore.domain.DistributedItem',NULL,NULL,1,'0000-00-00'),(54,'CollectionProtocolEvent','CollectionProtocolEvent class','edu.wustl.catissuecore.domain.CollectionProtocolEvent',NULL,NULL,1,'0000-00-00'),(55,'CollectionProtocol','CollectionProtocol class','edu.wustl.catissuecore.domain.CollectionProtocol',NULL,NULL,1,'0000-00-00'),(56,'DistributionProtocol','DistributionProtocol class','edu.wustl.catissuecore.domain.DistributionProtocol',NULL,NULL,1,'0000-00-00'),(57,'SpecimenProtocol','SpecimenProtocol class','edu.wustl.catissuecore.domain.SpecimenProtocol',NULL,NULL,1,'0000-00-00'),(58,'MolecularSpecimenRequirement','MolecularSpecimenRequirement class','edu.wustl.catissuecore.domain.MolecularSpecimenRequirement',NULL,NULL,1,'0000-00-00'),(59,'FluidSpecimenRequirement','FluidSpecimenRequirement class','edu.wustl.catissuecore.domain.FluidSpecimenRequirement',NULL,NULL,1,'0000-00-00'),(60,'SpecimenRequirement','SpecimenRequirement class','edu.wustl.catissuecore.domain.SpecimenRequirement',NULL,NULL,1,'0000-00-00'),(61,'CellSpecimenRequirement','CellSpecimenRequirement class','edu.wustl.catissuecore.domain.CellSpecimenRequirement',NULL,NULL,1,'0000-00-00'),(62,'TissueSpecimenRequirement','TissueSpecimenRequirement class','edu.wustl.catissuecore.domain.TissueSpecimenRequirement',NULL,NULL,1,'0000-00-00'),(63,'Participant_systemIdentifier','Participant systemIdentifier attribute','edu.wustl.catissuecore.domain.Participant','systemIdentifier',NULL,1,'0000-00-00'),(64,'Participant_lastName','Participant lastName attribute','edu.wustl.catissuecore.domain.Participant','lastName',NULL,1,'0000-00-00'),(65,'Participant_firstName','Participant firstName attribute','edu.wustl.catissuecore.domain.Participant','firstName',NULL,1,'0000-00-00'),(66,'Participant_middleName','Participant middleName attribute','edu.wustl.catissuecore.domain.Participant','middleName',NULL,1,'0000-00-00'),(67,'Participant_birthDate','Participant birthDate attribute','edu.wustl.catissuecore.domain.Participant','birthDate',NULL,1,'0000-00-00'),(68,'Participant_gender','Participant gender attribute','edu.wustl.catissuecore.domain.Participant',' gender',NULL,1,'0000-00-00'),(69,'Participant_genotype','Participant genotype attribute','edu.wustl.catissuecore.domain.Participant','genotype',NULL,1,'0000-00-00'),(70,'Participant_race','Participant race attribute','edu.wustl.catissuecore.domain.Participant','race',NULL,1,'0000-00-00'),(71,'Participant_ethnicity','Participant ethnicity attribute','edu.wustl.catissuecore.domain.Participant','ethnicity',NULL,1,'0000-00-00'),(72,'Participant_socialSecurityNumber','Participant socialSecurityNumber attribute','edu.wustl.catissuecore.domain.Participant','socialSecurityNumber',NULL,1,'0000-00-00'),(73,'Participant_activityStatusr','Participant activityStatus attribute','edu.wustl.catissuecore.domain.Participant','activityStatus',NULL,1,'0000-00-00'),(74,'ParticipantMedicalIdentifier_systemIdentifier','Participant MedicalsystemIdentifier attribute','edu.wustl.catissuecore.domain.ParticipantMedicalIdentifier','systemIdentifier',NULL,1,'0000-00-00'),(75,'ParticipantMedicalIdentifier_medicalRecordNumber','Participant MedicalmedicalRecordNumber attribute','edu.wustl.catissuecore.domain.ParticipantMedicalIdentifier','medicalRecordNumber',NULL,1,'0000-00-00'),(76,'ClinicalReport_systemIdentifier','ClinicalReport systemIdentifier attribute','edu.wustl.catissuecore.domain.ClinicalReport','systemIdentifier',NULL,1,'0000-00-00'),(77,'ClinicalReport_surgicalPathologyNumber','ClinicalReport surgicalPathologyNumber attribute','edu.wustl.catissuecore.domain.ClinicalReport','surgicalPathologyNumber',NULL,1,'0000-00-00'),(78,'SpecimenCollectionGroup_systemIdentifier','SpecimenCollectionGroup systemIdentifier attribute','edu.wustl.catissuecore.domain.SpecimenCollectionGroup','systemIdentifier',NULL,1,'0000-00-00'),(79,'SpecimenCollectionGroup_clinicalDiagnosis','SpecimenCollectionGroup clinicalDiagnosis attribute','edu.wustl.catissuecore.domain.SpecimenCollectionGroup','clinicalDiagnosis',NULL,1,'0000-00-00'),(80,'SpecimenCollectionGroup_clinicalStatus','SpecimenCollectionGroup clinicalStatus attribute','edu.wustl.catissuecore.domain.SpecimenCollectionGroup','clinicalStatus',NULL,1,'0000-00-00'),(81,'SpecimenCollectionGroup_activityStatus','SpecimenCollectionGroup activityStatus attribute','edu.wustl.catissuecore.domain.SpecimenCollectionGroup','activityStatus',NULL,1,'0000-00-00'),(82,'DistributedItem_systemIdentifier','DistributedItem systemIdentifier attribute','edu.wustl.catissuecore.domain.DistributedItem','systemIdentifier',NULL,1,'0000-00-00'),(83,'DistributedItem_quantity','DistributedItem quantity attribute','edu.wustl.catissuecore.domain.DistributedItem','quantity',NULL,1,'0000-00-00'),(84,'CollectionProtocolRegistration_systemIdentifier','CollectionProtocolRegistration systemIdentifier attribute','edu.wustl.catissuecore.domain.CollectionProtocolRegistration','systemIdentifier',NULL,1,'0000-00-00'),(85,'CollectionProtocolRegistration_protocolParticipantIdentifier','CollectionProtocolRegistration protocolParticipantIdentifier attribute','edu.wustl.catissuecore.domain.CollectionProtocolRegistration','protocolParticipantIdentifier',NULL,1,'0000-00-00'),(86,'CollectionProtocolRegistration_registrationDate','CollectionProtocolRegistration registrationDate attribute','edu.wustl.catissuecore.domain.CollectionProtocolRegistration','registrationDate',NULL,1,'0000-00-00'),(87,'SpecimenCharacteristics_tissueSite','SpecimenCharacteristics tissueSite attribute','edu.wustl.catissuecore.domain.SpecimenCharacteristics','tissueSite',NULL,1,'0000-00-00'),(89,'SpecimenCharacteristics_tissueSide','SpecimenCharacteristics tissueSide attribute','edu.wustl.catissuecore.domain.SpecimenCharacteristics','tissueSide',NULL,1,'0000-00-00'),(90,'SpecimenCharacteristics_pathologicalStatus','SpecimenCharacteristics pathologicalStatus attribute','edu.wustl.catissuecore.domain.SpecimenCharacteristics','pathologicalStatus',NULL,1,'0000-00-00'),(91,'FluidSpecimen_quantityInMilliliter','FluidSpecimen quantityInMilliliter attribute','edu.wustl.catissuecore.domain.FluidSpecimen','quantityInMilliliter',NULL,1,'0000-00-00'),(92,'FluidSpecimen_availableQuantityInMilliliter','FluidSpecimen availableQuantityInMilliliter attribute','edu.wustl.catissuecore.domain.FluidSpecimen','availableQuantityInMilliliter',NULL,1,'0000-00-00'),(93,'TissueSpecimen_quantityInGram','TissueSpecimen quantityInGram attribute','edu.wustl.catissuecore.domain.TissueSpecimen','quantityInGram',NULL,1,'0000-00-00'),(94,'TissueSpecimen_availableQuantityInGram','TissueSpecimen availableQuantityInGram attribute','edu.wustl.catissuecore.domain.TissueSpecimen','availableQuantityInGram',NULL,1,'0000-00-00'),(95,'Specimen_systemIdentifier','Specimen systemIdentifier attribute','edu.wustl.catissuecore.domain.Specimen','systemIdentifier',NULL,1,'0000-00-00'),(96,'Specimen_type','Specimen type attribute','edu.wustl.catissuecore.domain.Specimen','type',NULL,1,'0000-00-00'),(97,'Specimen_available','Specimen available attribute','edu.wustl.catissuecore.domain.Specimen','available',NULL,1,'0000-00-00'),(98,'Specimen_positionDimensionOne','Specimen positionDimensionOne attribute','edu.wustl.catissuecore.domain.Specimen','positionDimensionOne',NULL,1,'0000-00-00'),(99,'Specimen_positionDimensionTwo','Specimen positionDimensionTwo attribute','edu.wustl.catissuecore.domain.Specimen','positionDimensionTwo',NULL,1,'0000-00-00'),(100,'Specimen_barcode','Specimen barcode attribute','edu.wustl.catissuecore.domain.Specimen','barcode',NULL,1,'0000-00-00'),(101,'Specimen_comments','Specimen comments attribute','edu.wustl.catissuecore.domain.Specimen','comments',NULL,1,'0000-00-00'),(102,'Specimen_activityStatus','Specimen activityStatus attribute','edu.wustl.catissuecore.domain.Specimen','activityStatus',NULL,1,'0000-00-00'),(103,'CellSpecimen_quantityInCellCount','CellSpecimen quantityInCellCount attribute','edu.wustl.catissuecore.domain.CellSpecimen','quantityInCellCount',NULL,1,'0000-00-00'),(104,'CellSpecimen_availableQuantityInCellCount','CellSpecimen availableQuantityInCellCount attribute','edu.wustl.catissuecore.domain.CellSpecimen','availableQuantityInCellCount',NULL,1,'0000-00-00'),(105,'MolecularSpecimen_concentrationInMicrogramPerMicroliter','MolecularSpecimen concentrationInMicrogramPerMicroliter attribute','edu.wustl.catissuecore.domain.MolecularSpecimen','concentrationInMicrogramPerMicroliter',NULL,1,'0000-00-00'),(106,'MolecularSpecimen_quantityInMicrogram','MolecularSpecimen quantityInMicrogram attribute','edu.wustl.catissuecore.domain.MolecularSpecimen','quantityInMicrogram',NULL,1,'0000-00-00'),(107,'MolecularSpecimen_availableQuantityInMicrogram','MolecularSpecimen availableQuantityInMicrogram attribute','edu.wustl.catissuecore.domain.MolecularSpecimen','availableQuantityInMicrogram',NULL,1,'0000-00-00'),(108,'ExternalIdentifier_systemIdentifier','ExternalIdentifier systemIdentifier attribute','edu.wustl.catissuecore.domain.ExternalIdentifier','systemIdentifier',NULL,1,'0000-00-00'),(109,'ExternalIdentifier_name','ExternalIdentifier name attribute','edu.wustl.catissuecore.domain.ExternalIdentifier','name',NULL,1,'0000-00-00'),(110,'ExternalIdentifier_value','ExternalIdentifier value attribute','edu.wustl.catissuecore.domain.ExternalIdentifier','value',NULL,1,'0000-00-00'),(111,'Biohazardr_systemIdentifier','Biohazard systemIdentifier attribute','edu.wustl.catissuecore.domain.Biohazard','systemIdentifier',NULL,1,'0000-00-00'),(112,'Biohazardr_name','Biohazard name attribute','edu.wustl.catissuecore.domain.Biohazard','name',NULL,1,'0000-00-00'),(113,'Biohazardr_comments','Biohazard comments attribute','edu.wustl.catissuecore.domain.Biohazard','comments',NULL,1,'0000-00-00'),(114,'Biohazardr_type','Biohazard type attribute','edu.wustl.catissuecore.domain.Biohazard','type',NULL,1,'0000-00-00'),(115,'EventParameters_systemIdentifier','EventParameters systemIdentifier attribute','edu.wustl.catissuecore.domain.EventParameters','systemIdentifier',NULL,1,'0000-00-00'),(116,'EventParameters_timestamp','EventParameters timestamp attribute','edu.wustl.catissuecore.domain.EventParameters','timestamp',NULL,1,'0000-00-00'),(117,'EventParameters_user','EventParameters user attribute','edu.wustl.catissuecore.domain.EventParameters','user',NULL,1,'0000-00-00'),(118,'EventParameters_comments','EventParameters comments attribute','edu.wustl.catissuecore.domain.EventParameters','comments',NULL,1,'0000-00-00'),(119,'FluidSpecimenReviewEventParameters_cellCount','FluidSpecimenReviewEventParameters cellCount attribute','edu.wustl.catissuecore.domain.FluidSpecimenReviewEventParameters','cellCount',NULL,1,'0000-00-00'),(120,'SpunEventParameters_gForce','SpunEventParameters gForce attribute','edu.wustl.catissuecore.domain.SpunEventParameters','gForce',NULL,1,'0000-00-00'),(121,'SpunEventParameters_durationInMinutes','SpunEventParameters durationInMinutes attribute','edu.wustl.catissuecore.domain.SpunEventParameters','durationInMinutes',NULL,1,'0000-00-00'),(122,'CellSpecimenReviewParameters_neoplasticCellularityPercentage','CellSpecimenReviewParameters neoplasticCellularityPercentage attribute','edu.wustl.catissuecore.domain.CellSpecimenReviewParameters','neoplasticCellularityPercentage',NULL,1,'0000-00-00'),(123,'CellSpecimenReviewParameters_viableCellPercentage','CellSpecimenReviewParameters viableCellPercentage attribute','edu.wustl.catissuecore.domain.CellSpecimenReviewParameters','viableCellPercentage',NULL,1,'0000-00-00'),(124,'EmbeddedEventParameters_embeddingMedium','EmbeddedEventParameters embeddingMedium attribute','edu.wustl.catissuecore.domain.EmbeddedEventParameters','embeddingMedium',NULL,1,'0000-00-00'),(125,'FrozenEventParameters_method','FrozenEventParameters method attribute','edu.wustl.catissuecore.domain.FrozenEventParameters','method',NULL,1,'0000-00-00'),(126,'CheckInCheckOutEventParameter_storageStatus','CheckInCheckOutEventParameter storageStatus attribute','edu.wustl.catissuecore.domain.CheckInCheckOutEventParameter','storageStatus',NULL,1,'0000-00-00'),(127,'TissueSpecimenReviewEventParameters_neoplasticCellularityPercentage','TissueSpecimenReviewEventParameters neoplasticCellularityPercentage attribute','edu.wustl.catissuecore.domain.TissueSpecimenReviewEventParameters','neoplasticCellularityPercentage',NULL,1,'0000-00-00'),(128,'TissueSpecimenReviewEventParameters_necrosisPercentage','TissueSpecimenReviewEventParameters necrosisPercentage attribute','edu.wustl.catissuecore.domain.TissueSpecimenReviewEventParameters','necrosisPercentage',NULL,1,'0000-00-00'),(129,'TissueSpecimenReviewEventParameters_lymphocyticPercentage','TissueSpecimenReviewEventParameters lymphocyticPercentage attribute','edu.wustl.catissuecore.domain.TissueSpecimenReviewEventParameters','lymphocyticPercentage',NULL,1,'0000-00-00'),(130,'TissueSpecimenReviewEventParameters_totalCellularityPercentage','TissueSpecimenReviewEventParameters totalCellularityPercentage attribute','edu.wustl.catissuecore.domain.TissueSpecimenReviewEventParameters','totalCellularityPercentage',NULL,1,'0000-00-00'),(131,'TissueSpecimenReviewEventParameters_histologicalQuality','TissueSpecimenReviewEventParameters histologicalQuality attribute','edu.wustl.catissuecore.domain.TissueSpecimenReviewEventParameters','histologicalQuality',NULL,1,'0000-00-00'),(132,'MolecularSpecimenReviewParameters_gelImageURL','MolecularSpecimenReviewParameters gelImageURL attribute','edu.wustl.catissuecore.domain.MolecularSpecimenReviewParameters','gelImageURL',NULL,1,'0000-00-00'),(133,'MolecularSpecimenReviewParameters_qualityIndex','MolecularSpecimenReviewParameters qualityIndex attribute','edu.wustl.catissuecore.domain.MolecularSpecimenReviewParameters','qualityIndex',NULL,1,'0000-00-00'),(134,'MolecularSpecimenReviewParameters_laneNumber','MolecularSpecimenReviewParameters laneNumber attribute','edu.wustl.catissuecore.domain.MolecularSpecimenReviewParameters','laneNumber',NULL,1,'0000-00-00'),(135,'MolecularSpecimenReviewParameters_gelNumber','MolecularSpecimenReviewParameters gelNumber attribute','edu.wustl.catissuecore.domain.MolecularSpecimenReviewParameters','gelNumber',NULL,1,'0000-00-00'),(136,'MolecularSpecimenReviewParameters_absorbanceAt260','MolecularSpecimenReviewParameters absorbanceAt260 attribute','edu.wustl.catissuecore.domain.MolecularSpecimenReviewParameters','absorbanceAt260',NULL,1,'0000-00-00'),(137,'MolecularSpecimenReviewParameters_absorbanceAt280','MolecularSpecimenReviewParameters absorbanceAt280 attribute','edu.wustl.catissuecore.domain.MolecularSpecimenReviewParameters','absorbanceAt280',NULL,1,'0000-00-00'),(138,'MolecularSpecimenReviewParameters_ratio28STo18S','MolecularSpecimenReviewParameters ratio28STo18S attribute','edu.wustl.catissuecore.domain.MolecularSpecimenReviewParameters','ratio28STo18S',NULL,1,'0000-00-00'),(139,'TransferEventParameters _fromPositionDimensionOne','TransferEventParameters  fromPositionDimensionOne attribute','edu.wustl.catissuecore.domain.TransferEventParameters','fromPositionDimensionOne',NULL,1,'0000-00-00'),(140,'TransferEventParameters _fromPositionDimensionTwo','TransferEventParameters  fromPositionDimensionTwo attribute','edu.wustl.catissuecore.domain.TransferEventParameters','fromPositionDimensionTwo',NULL,1,'0000-00-00'),(141,'TransferEventParameters _toPositionDimensionOne','TransferEventParameters  toPositionDimensionOne attribute','edu.wustl.catissuecore.domain.TransferEventParameters','toPositionDimensionOne',NULL,1,'0000-00-00'),(142,'TransferEventParameters _toPositionDimensionTwo','TransferEventParameters  toPositionDimensionTwo attribute','edu.wustl.catissuecore.domain.TransferEventParameters','toPositionDimensionTwo',NULL,1,'0000-00-00'),(143,'ReceivedEventParameters _receivedQuality','ReceivedEventParameters receivedQuality attribute','edu.wustl.catissuecore.domain.ReceivedEventParameters','receivedQuality',NULL,1,'0000-00-00'),(144,'DisposalEventParameters _reason','DisposalEventParameters reason attribute','edu.wustl.catissuecore.domain.DisposalEventParameters','reason',NULL,1,'0000-00-00'),(145,'FixedEventParameters_fixationType','FixedEventParameters fixationType attribute','edu.wustl.catissuecore.domain.FixedEventParameters','fixationType',NULL,1,'0000-00-00'),(146,'FixedEventParameters_durationInMinutes','FixedEventParameters durationInMinutes attribute','edu.wustl.catissuecore.domain.FixedEventParameters','durationInMinutes',NULL,1,'0000-00-00'),(147,'CollectionEventParameters_collectionProcedure','CollectionEventParameters collectionProcedure attribute','edu.wustl.catissuecore.domain.CollectionEventParameters','collectionProcedure',NULL,1,'0000-00-00'),(148,'CollectionEventParameters_String container','CollectionEventParameters container attribute','edu.wustl.catissuecore.domain.CollectionEventParameters',' container',NULL,1,'0000-00-00'),(149,'ProcedureEventParameters_url','ProcedureEventParameters url attribute','edu.wustl.catissuecore.domain.ProcedureEventParameters','url',NULL,1,'0000-00-00'),(150,'ProcedureEventParameters_name','ProcedureEventParameters name attribute','edu.wustl.catissuecore.domain.ProcedureEventParameters','name',NULL,1,'0000-00-00'),(151,'StorageContainer_systemIdentifier','StorageContainer systemIdentifier attribute','edu.wustl.catissuecore.domain.StorageContainer','systemIdentifier',NULL,1,'0000-00-00'),(152,'StorageContainer_name','StorageContainer  name attribute','edu.wustl.catissuecore.domain.StorageContainer',' name',NULL,1,'0000-00-00'),(153,'StorageContainer_tempratureInCentigrade','StorageContainer tempratureInCentigrade attribute','edu.wustl.catissuecore.domain.StorageContainer','tempratureInCentigrade',NULL,1,'0000-00-00'),(154,'StorageContainer_isFull','StorageContainer isFull attribute','edu.wustl.catissuecore.domain.StorageContainer','isFull',NULL,1,'0000-00-00'),(155,'StorageContainer_barcode','StorageContainer barcode attribute','edu.wustl.catissuecore.domain.StorageContainer','activityStatus',NULL,1,'0000-00-00'),(156,'StorageContainer_activityStatus','StorageContainer activityStatus attribute','edu.wustl.catissuecore.domain.StorageContainer','barcode',NULL,1,'0000-00-00'),(157,'StorageContainer_positionDimensionOne','StorageContainer positionDimensionOne attribute','edu.wustl.catissuecore.domain.StorageContainer','positionDimensionOne',NULL,1,'0000-00-00'),(158,'StorageContainer_positionDimensionTwo','StorageContainer positionDimensionTwo attribute','edu.wustl.catissuecore.domain.StorageContainer','positionDimensionTwo',NULL,1,'0000-00-00'),(159,'Site_systemIdentifier','Site systemIdentifier attribute','edu.wustl.catissuecore.domain.Site','systemIdentifier',NULL,1,'0000-00-00'),(160,'Site_name','Site name attribute','edu.wustl.catissuecore.domain.Site','name',NULL,1,'0000-00-00'),(161,'Site_type','Site type attribute','edu.wustl.catissuecore.domain.Site','type',NULL,1,'0000-00-00'),(162,'Site_emailAddress','Site emailAddress attribute','edu.wustl.catissuecore.domain.Site','emailAddress',NULL,1,'0000-00-00'),(163,'Site_coordinator','Site coordinator attribute','edu.wustl.catissuecore.domain.Site','coordinator',NULL,1,'0000-00-00'),(164,'Site_activityStatus','Site activityStatus attribute','edu.wustl.catissuecore.domain.Site','activityStatusr',NULL,1,'0000-00-00'),(165,'Address_systemIdentifier','Address systemIdentifier attribute','edu.wustl.catissuecore.domain.Address','systemIdentifier',NULL,1,'0000-00-00'),(166,'Address_street','Address street attribute','edu.wustl.catissuecore.domain.Address','street',NULL,1,'0000-00-00'),(167,'Address_city','Address city attribute','edu.wustl.catissuecore.domain.Address','city',NULL,1,'0000-00-00'),(168,'Address_state','Address state attribute','edu.wustl.catissuecore.domain.Address','state',NULL,1,'0000-00-00'),(169,'Address_country','Address country attribute','edu.wustl.catissuecore.domain.Address','country',NULL,1,'0000-00-00'),(170,'Address_zipCode','Address zipCode attribute','edu.wustl.catissuecore.domain.Address','zipCode',NULL,1,'0000-00-00'),(171,'Address_phoneNumber','Address phoneNumber attribute','edu.wustl.catissuecore.domain.Address','phoneNumber',NULL,1,'0000-00-00'),(172,'Address_faxNumber','Address faxNumber attribute','edu.wustl.catissuecore.domain.Address','faxNumber',NULL,1,'0000-00-00'),(173,'Address_emailAddress','Address emailAddress attribute','edu.wustl.catissuecore.domain.Address','emailAddress',NULL,1,'0000-00-00'),(174,'User_systemIdentifier','User systemIdentifier attribute','edu.wustl.catissuecore.domain.User','systemIdentifier',NULL,1,'0000-00-00'),(175,'User_lastName','User lastName attribute','edu.wustl.catissuecore.domain.User','lastName',NULL,1,'0000-00-00'),(176,'User_firstName','User firstName attribute','edu.wustl.catissuecore.domain.User','firstName',NULL,1,'0000-00-00'),(177,'User_password','User password attribute','edu.wustl.catissuecore.domain.User','password',NULL,1,'0000-00-00'),(178,'User_dateAdded','User dateAdded attribute','edu.wustl.catissuecore.domain.User','dateAdded',NULL,1,'0000-00-00'),(179,'User_activityStatus','User activityStatus attribute','edu.wustl.catissuecore.domain.User','activityStatus',NULL,1,'0000-00-00'),(180,'User_comments','User comments attribute','edu.wustl.catissuecore.domain.User','comments',NULL,1,'0000-00-00'),(181,'StorageContainerDetails_systemIdentifier','StorageContainerDetails systemIdentifier attribute','edu.wustl.catissuecore.domain.StorageContainerDetails','systemIdentifier',NULL,1,'0000-00-00'),(182,'StorageContainerDetails_parameterName','StorageContainerDetails parameterName attribute','edu.wustl.catissuecore.domain.StorageContainerDetails','parameterName',NULL,1,'0000-00-00'),(183,'StorageContainerDetails_parameterValue','StorageContainerDetails parameterValue attribute','edu.wustl.catissuecore.domain.StorageContainerDetails','parameterValue',NULL,1,'0000-00-00'),(184,'Capacity_systemIdentifier','Capacity systemIdentifier attribute','edu.wustl.catissuecore.domain.Capacity','systemIdentifier',NULL,1,'0000-00-00'),(185,'Capacity_oneDimensionCapacity','Capacity oneDimensionCapacity attribute','edu.wustl.catissuecore.domain.Capacity','oneDimensionCapacity',NULL,1,'0000-00-00'),(186,'Capacity_twoDimensionCapacity','Capacity twoDimensionCapacity attribute','edu.wustl.catissuecore.domain.Capacity','twoDimensionCapacity',NULL,1,'0000-00-00'),(187,' StorageType_systemIdentifier',' StorageType systemIdentifier attribute','edu.wustl.catissuecore.domain. StorageType','systemIdentifier',NULL,1,'0000-00-00'),(188,' StorageType_type',' StorageType type attribute','edu.wustl.catissuecore.domain. StorageType','type',NULL,1,'0000-00-00'),(189,' StorageType_defaultTempratureInCentigrade',' StorageType defaultTempratureInCentigrade attribute','edu.wustl.catissuecore.domain. StorageType','defaultTempratureInCentigrade',NULL,1,'0000-00-00'),(190,' StorageType_oneDimensionLabel',' StorageType oneDimensionLabel attribute','edu.wustl.catissuecore.domain. StorageType','oneDimensionLabel',NULL,1,'0000-00-00'),(191,' StorageType_twoDimensionLabel',' StorageType twoDimensionLabel attribute','edu.wustl.catissuecore.domain. StorageType','twoDimensionLabel',NULL,1,'0000-00-00'),(192,'Institution_systemIdentifier','Institution systemIdentifier attribute','edu.wustl.catissuecore.domain.Institution','systemIdentifier',NULL,1,'0000-00-00'),(193,'Institution_name','Institution name attribute','edu.wustl.catissuecore.domain.Institution','name',NULL,1,'0000-00-00'),(194,'Department_systemIdentifier','Department systemIdentifier attribute','edu.wustl.catissuecore.domain.Department','systemIdentifier',NULL,1,'0000-00-00'),(195,'Department_name','Department name attribute','edu.wustl.catissuecore.domain.Department','name',NULL,1,'0000-00-00'),(196,'CancerResearchGroup_systemIdentifier','CancerResearchGroup systemIdentifier attribute','edu.wustl.catissuecore.domain.CancerResearchGroup','systemIdentifier',NULL,1,'0000-00-00'),(197,'CancerResearchGroup_name','CancerResearchGroup name attribute','edu.wustl.catissuecore.domain.CancerResearchGroup','name',NULL,1,'0000-00-00'),(198,'CollectionProtocolEvent_systemIdentifier','CollectionProtocolEvent systemIdentifier attribute','edu.wustl.catissuecore.domain.CollectionProtocolEvent','systemIdentifier',NULL,1,'0000-00-00'),(199,'CollectionProtocolEvent_clinicalStatus','CollectionProtocolEvent clinicalStatus attribute','edu.wustl.catissuecore.domain.CollectionProtocolEvent','clinicalStatus',NULL,1,'0000-00-00'),(200,'CollectionProtocolEvent_studyCalendarEventPoint','CollectionProtocolEvent studyCalendarEventPoint attribute','edu.wustl.catissuecore.domain.CollectionProtocolEvent','studyCalendarEventPoint',NULL,1,'0000-00-00'),(201,'MolecularSpecimenRequirement_quantityInMicrogram','MolecularSpecimenRequirement quantityInMicrogram attribute','edu.wustl.catissuecore.domain.MolecularSpecimenRequirement','quantityInMicrogram',NULL,1,'0000-00-00'),(202,'FluidSpecimenRequirement_quantityInMilliliter','FluidSpecimenRequirement quantityInMilliliter attribute','edu.wustl.catissuecore.domain.FluidSpecimenRequirement','quantityInMilliliter',NULL,1,'0000-00-00'),(203,'CellSpecimenRequirement_quantityInCellCount','CellSpecimenRequirement quantityInCellCount attribute','edu.wustl.catissuecore.domain.CellSpecimenRequirement','quantityInCellCount',NULL,1,'0000-00-00'),(204,'TissueSpecimenRequirement_quantityInGram','TissueSpecimenRequirement quantityInGram attribute','edu.wustl.catissuecore.domain.TissueSpecimenRequirement','quantityInGram',NULL,1,'0000-00-00'),(205,'SpecimenRequirement_systemIdentifier','SpecimenRequirement systemIdentifier attribute','edu.wustl.catissuecore.domain.SpecimenRequirement','systemIdentifier',NULL,1,'0000-00-00'),(206,'SpecimenRequirement_specimenType','SpecimenRequirement specimenType attribute','edu.wustl.catissuecore.domain.SpecimenRequirement','specimenType',NULL,1,'0000-00-00'),(207,'SpecimenRequirement_tissueSite','SpecimenRequirement tissueSite attribute','edu.wustl.catissuecore.domain.SpecimenRequirement','tissueSite',NULL,1,'0000-00-00'),(208,'SpecimenRequirement_pathologyStatus','SpecimenRequirement pathologyStatus attribute','edu.wustl.catissuecore.domain.SpecimenRequirement','pathologyStatus',NULL,1,'0000-00-00'),(209,'SpecimenProtocol_systemIdentifier','SpecimenProtocol systemIdentifier attribute','edu.wustl.catissuecore.domain.SpecimenProtocol','systemIdentifier',NULL,1,'0000-00-00'),(210,'SpecimenProtocol_principalInvestigator','SpecimenProtocol principalInvestigator attribute','edu.wustl.catissuecore.domain.SpecimenProtocol','principalInvestigator',NULL,1,'0000-00-00'),(211,'SpecimenProtocol_title','SpecimenProtocol title attribute','edu.wustl.catissuecore.domain.SpecimenProtocol','title',NULL,1,'0000-00-00'),(212,'SpecimenProtocol_shortTitle','SpecimenProtocol shortTitle attribute','edu.wustl.catissuecore.domain.SpecimenProtocol','shortTitle',NULL,1,'0000-00-00'),(213,'SpecimenProtocol_irbIdentifier','SpecimenProtocol irbIdentifier attribute','edu.wustl.catissuecore.domain.SpecimenProtocol','irbIdentifier',NULL,1,'0000-00-00'),(214,'SpecimenProtocol_startDate','SpecimenProtocol startDate attribute','edu.wustl.catissuecore.domain.SpecimenProtocol','startDate',NULL,1,'0000-00-00'),(215,'SpecimenProtocol_endDate','SpecimenProtocol endDate attribute','edu.wustl.catissuecore.domain.SpecimenProtocol','endDate',NULL,1,'0000-00-00'),(216,'SpecimenProtocol_enrollment','SpecimenProtocol enrollment attribute','edu.wustl.catissuecore.domain.SpecimenProtocol','enrollment',NULL,1,'0000-00-00'),(217,'SpecimenProtocol_descriptionURL','SpecimenProtocol descriptionURL attribute','edu.wustl.catissuecore.domain.SpecimenProtocol','descriptionURL',NULL,1,'0000-00-00'),(218,'SpecimenProtocol_activityStatus','SpecimenProtocol activityStatus attribute','edu.wustl.catissuecore.domain.SpecimenProtocol','activityStatus',NULL,1,'0000-00-00'),(223,'edu.wustl.catissuecore.action.DepartmentAction','edu.wustl.catissuecore.action.DepartmentAction','edu.wustl.catissuecore.action.DepartmentAction',NULL,NULL,1,'2005-08-30'),(224,'edu.wustl.catissuecore.action.CancerResearchGroupAction','edu.wustl.catissuecore.action.CancerResearchGroupAction','edu.wustl.catissuecore.action.CancerResearchGroupAction',NULL,NULL,1,'2005-08-30'),(225,'edu.wustl.catissuecore.action.BiohazardAction','edu.wustl.catissuecore.action.BiohazardAction','edu.wustl.catissuecore.action.BiohazardAction',NULL,NULL,1,'2005-08-30'),(226,'edu.wustl.catissuecore.action.InstitutionAction','edu.wustl.catissuecore.action.InstitutionAction','edu.wustl.catissuecore.action.InstitutionAction',NULL,NULL,1,'2005-08-30'),(227,'edu.wustl.catissuecore.action.SiteAction','edu.wustl.catissuecore.action.SiteAction','edu.wustl.catissuecore.action.SiteAction',NULL,NULL,1,'2005-08-30'),(228,'edu.wustl.catissuecore.action.StorageTypeAction','edu.wustl.catissuecore.action.StorageTypeAction','edu.wustl.catissuecore.action.StorageTypeAction',NULL,NULL,1,'2005-08-30'),(229,'edu.wustl.catissuecore.action.StorageContainerAction','edu.wustl.catissuecore.action.StorageContainerAction','edu.wustl.catissuecore.action.StorageContainerAction',NULL,NULL,1,'2005-08-30'),(230,'edu.wustl.catissuecore.action.CollectionProtocolAction','edu.wustl.catissuecore.action.CollectionProtocolAction','edu.wustl.catissuecore.action.CollectionProtocolAction',NULL,NULL,1,'2005-08-30'),(231,'edu.wustl.catissuecore.action.DistributionAction','edu.wustl.catissuecore.action.DistributionAction','edu.wustl.catissuecore.action.DistributionAction',NULL,NULL,1,'2005-08-30'),(234,'edu.wustl.catissuecore.action.DistributionProtocolAction','edu.wustl.catissuecore.action.DistributionProtocolAction','edu.wustl.catissuecore.action.DistributionProtocolAction',NULL,NULL,1,'2005-08-31'),(235,'edu.wustl.catissuecore.action.UserAction','edu.wustl.catissuecore.action.UserAction','edu.wustl.catissuecore.action.UserAction',NULL,NULL,1,'2005-08-31'),(236,'edu.wustl.catissuecore.action.DomainObjectListAction','edu.wustl.catissuecore.action.DomainObjectListAction','edu.wustl.catissuecore.action.DomainObjectListAction',NULL,NULL,1,'2005-08-31'),(237,'edu.wustl.catissuecore.action.ParticipantAction','edu.wustl.catissuecore.action.ParticipantAction','edu.wustl.catissuecore.action.ParticipantAction',NULL,NULL,1,'2005-08-31'),(238,'edu.wustl.catissuecore.action.CollectionProtocolRegistrationAction','edu.wustl.catissuecore.action.CollectionProtocolRegistrationAction','edu.wustl.catissuecore.action.CollectionProtocolRegistrationAction',NULL,NULL,1,'2005-08-31'),(239,'edu.wustl.catissuecore.action.SpecimenCollectionGroupAction','edu.wustl.catissuecore.action.SpecimenCollectionGroupAction','edu.wustl.catissuecore.action.SpecimenCollectionGroupAction',NULL,NULL,1,'2005-08-31'),(240,'edu.wustl.catissuecore.action.NewSpecimenAction','edu.wustl.catissuecore.action.NewSpecimenAction','edu.wustl.catissuecore.action.NewSpecimenAction',NULL,NULL,1,'2005-08-31'),(241,'edu.wustl.catissuecore.action.CreateSpecimenAction','edu.wustl.catissuecore.action.CreateSpecimenAction','edu.wustl.catissuecore.action.CreateSpecimenAction',NULL,NULL,1,'2005-08-31'),(242,'edu.wustl.catissuecore.action.DistributionAction','edu.wustl.catissuecore.action.DistributionAction','edu.wustl.catissuecore.action.DistributionAction',NULL,NULL,1,'2005-08-31'),(243,'edu.wustl.catissuecore.action.FrozenEventParametersAction','edu.wustl.catissuecore.action.FrozenEventParametersAction','edu.wustl.catissuecore.action.FrozenEventParametersAction',NULL,NULL,1,'2005-08-31'),(244,'edu.wustl.catissuecore.action.CheckInCheckOutEventParametersAction','edu.wustl.catissuecore.action.CheckInCheckOutEventParametersAction','edu.wustl.catissuecore.action.CheckInCheckOutEventParametersAction',NULL,NULL,1,'2005-08-31'),(245,'edu.wustl.catissuecore.action.ReceivedEventParametersAction','edu.wustl.catissuecore.action.ReceivedEventParametersAction','edu.wustl.catissuecore.action.ReceivedEventParametersAction',NULL,NULL,1,'2005-08-31'),(246,'edu.wustl.catissuecore.action.SpecimenEventParametersAction','edu.wustl.catissuecore.action.SpecimenEventParametersAction','edu.wustl.catissuecore.action.SpecimenEventParametersAction',NULL,NULL,1,'2005-08-31'),(247,'edu.wustl.catissuecore.action.TissueSpecimenReviewEventParametersAction','edu.wustl.catissuecore.action.TissueSpecimenReviewEventParametersAction','edu.wustl.catissuecore.action.TissueSpecimenReviewEventParametersAction',NULL,NULL,1,'2005-08-31'),(248,'edu.wustl.catissuecore.action.TransferEventParametersAction','edu.wustl.catissuecore.action.TransferEventParametersAction','edu.wustl.catissuecore.action.TransferEventParametersAction',NULL,NULL,1,'2005-08-31'),(249,'edu.wustl.catissuecore.action.EmbeddedEventParametersAction','edu.wustl.catissuecore.action.EmbeddedEventParametersAction','edu.wustl.catissuecore.action.EmbeddedEventParametersAction',NULL,NULL,1,'2005-08-31'),(250,'edu.wustl.catissuecore.action.FixedEventParametersAction','edu.wustl.catissuecore.action.FixedEventParametersAction','edu.wustl.catissuecore.action.FixedEventParametersAction',NULL,NULL,1,'2005-08-31'),(251,'edu.wustl.catissuecore.action.CollectionEventParametersAction','edu.wustl.catissuecore.action.CollectionEventParametersAction','edu.wustl.catissuecore.action.CollectionEventParametersAction',NULL,NULL,1,'2005-08-31'),(252,'edu.wustl.common.action.SimpleQueryInterfaceAction','edu.wustl.common.action.SimpleQueryInterfaceAction','edu.wustl.common.action.SimpleQueryInterfaceAction',NULL,NULL,1,'2005-08-31'),(253,'edu.wustl.common.action.SimpleQueryInterfaceAction_User','edu.wustl.common.action.SimpleQueryInterfaceAction_User','edu.wustl.common.action.SimpleQueryInterfaceAction_User',NULL,NULL,1,'2005-08-31'),(254,'edu.wustl.common.action.SimpleQueryInterfaceAction_Institution','edu.wustl.common.action.SimpleQueryInterfaceAction_Institution','edu.wustl.common.action.SimpleQueryInterfaceAction_Institution',NULL,NULL,1,'2005-08-31'),(255,'edu.wustl.common.action.SimpleQueryInterfaceAction_Department','edu.wustl.common.action.SimpleQueryInterfaceAction_Department','edu.wustl.common.action.SimpleQueryInterfaceAction_Department',NULL,NULL,1,'2005-08-31'),(256,'edu.wustl.common.action.SimpleQueryInterfaceAction_CancerResearchGroup','edu.wustl.common.action.SimpleQueryInterfaceAction_CancerResearchGroup','edu.wustl.common.action.SimpleQueryInterfaceAction_CancerResearchGroup',NULL,NULL,1,'2005-08-31'),(257,'edu.wustl.common.action.SimpleQueryInterfaceAction_Site','edu.wustl.common.action.SimpleQueryInterfaceAction_Site','edu.wustl.common.action.SimpleQueryInterfaceAction_Site',NULL,NULL,1,'2005-08-31'),(258,'edu.wustl.common.action.SimpleQueryInterfaceAction_StorageType','edu.wustl.common.action.SimpleQueryInterfaceAction_StorageType','edu.wustl.common.action.SimpleQueryInterfaceAction_StorageType',NULL,NULL,1,'2005-08-31'),(259,'edu.wustl.common.action.SimpleQueryInterfaceAction_StorageContainer','edu.wustl.common.action.SimpleQueryInterfaceAction_StorageContainer','edu.wustl.common.action.SimpleQueryInterfaceAction_StorageContainer',NULL,NULL,1,'2005-08-31'),(260,'edu.wustl.common.action.SimpleQueryInterfaceAction_Biohazard','edu.wustl.common.action.SimpleQueryInterfaceAction_Biohazard','edu.wustl.common.action.SimpleQueryInterfaceAction_Biohazard',NULL,NULL,1,'2005-08-31'),(261,'edu.wustl.common.action.SimpleQueryInterfaceAction_CollectionProtocol','edu.wustl.common.action.SimpleQueryInterfaceAction_CollectionProtocol','edu.wustl.common.action.SimpleQueryInterfaceAction_CollectionProtocol',NULL,NULL,1,'2005-08-31'),(262,'edu.wustl.common.action.SimpleQueryInterfaceAction_DistributionProtocol','edu.wustl.common.action.SimpleQueryInterfaceAction_DistributionProtocol','edu.wustl.common.action.SimpleQueryInterfaceAction_DistributionProtocol',NULL,NULL,1,'2005-08-31'),(263,'edu.wustl.common.action.SimpleQueryInterfaceAction_Participant','edu.wustl.common.action.SimpleQueryInterfaceAction_Participant','edu.wustl.common.action.SimpleQueryInterfaceAction_Participant',NULL,NULL,1,'2005-08-31'),(264,'edu.wustl.common.action.SimpleQueryInterfaceAction_CollectionProtocolRegistration','edu.wustl.common.action.SimpleQueryInterfaceAction_CollectionProtocolRegistration','edu.wustl.common.action.SimpleQueryInterfaceAction_CollectionProtReg',NULL,NULL,1,'2005-08-31'),(265,'edu.wustl.common.action.SimpleQueryInterfaceAction_SpecimenCollectionGroup','edu.wustl.common.action.SimpleQueryInterfaceAction_SpecimenCollectionGroup','edu.wustl.common.action.SimpleQueryInterfaceAction_SpecimenCollectionGroup',NULL,NULL,1,'2005-08-31'),(266,'edu.wustl.common.action.SimpleQueryInterfaceAction_Specimen','edu.wustl.common.action.SimpleQueryInterfaceAction_Specimen','edu.wustl.common.action.SimpleQueryInterfaceAction_Specimen',NULL,NULL,1,'2005-08-31'),(267,'edu.wustl.common.action.SimpleQueryInterfaceAction_Distribution','edu.wustl.common.action.SimpleQueryInterfaceAction_Distribution','edu.wustl.common.action.SimpleQueryInterfaceAction_Distribution',NULL,NULL,1,'2005-08-31'),(268,'edu.wustl.catissuecore.action.DomainObjectDetailsAction','edu.wustl.catissuecore.action.DomainObjectDetailsAction','edu.wustl.catissuecore.action.DomainObjectDetailsAction',NULL,NULL,1,'2005-08-31'),(269,'edu.wustl.catissuecore.domain.ReportedProblem','edu.wustl.catissuecore.domain.ReportedProblem','edu.wustl.catissuecore.domain.ReportedProblem',NULL,NULL,1,'2005-08-31'),(270,'edu.wustl.catissuecore.action.ReportedProblemPendingCloseAction','edu.wustl.catissuecore.action.ReportedProblemPendingCloseAction','edu.wustl.catissuecore.action.ReportedProblemPendingCloseAction',NULL,NULL,1,'2005-08-31'),(271,'edu.wustl.catissuecore.action.ListSpecimenEventParametersAction','edu.wustl.catissuecore.action.ListSpecimenEventParametersAction','edu.wustl.catissuecore.action.ListSpecimenEventParametersAction',NULL,NULL,1,'2005-08-31'),(272,'edu.wustl.catissuecore.domain.SignUpUser','edu.wustl.catissuecore.domain.SignUpUser','edu.wustl.catissuecore.domain.SignUpUser',NULL,NULL,1,'2005-08-31'),(273,'edu.wustl.catissuecore.action.MolecularSpecimenReviewParametersAction','edu.wustl.catissuecore.action.MolecularSpecimenReviewParametersAction','edu.wustl.catissuecore.action.MolecularSpecimenReviewParametersAction',NULL,NULL,1,'2005-08-31'),(274,'edu.wustl.catissuecore.action.SimilarContainersAction','edu.wustl.catissuecore.action.SimilarContainersAction','edu.wustl.catissuecore.action.SimilarContainersAction',NULL,NULL,1,'2005-08-31'),(275,'edu.wustl.catissuecore.action.SpecimenArrayTypeAction','edu.wustl.catissuecore.action.SpecimenArrayTypeAction','edu.wustl.catissuecore.action.SpecimenArrayTypeAction',NULL,NULL,1,'2006-08-31'),(276,'SpecimenArrayType','SpecimenArrayType Class','edu.wustl.catissuecore.domain.SpecimenArrayType',NULL,NULL,1,'2006-08-31'),(277,'edu.wustl.common.action.SimpleQueryInterfaceAction_SpecimenArrayType','edu.wustl.common.action.SimpleQueryInterfaceAction_SpecimenArrayType','edu.wustl.common.action.SimpleQueryInterfaceAction_SpecimenArrayType',NULL,NULL,1,'2006-08-31'),(278,'edu.wustl.common.action.SimpleQueryInterfaceAction_Distribution_array','edu.wustl.common.action.SimpleQueryInterfaceAction_SpecimenArrayType','edu.wustl.common.action.SimpleQueryInterfaceAction_Distribution_array',NULL,NULL,1,'2006-08-31'),(279,'edu.wustl.catissuecore.action.DisposalEventParametersAction','edu.wustl.catissuecore.action.SimilarContainersAction','edu.wustl.catissuecore.action.DisposalEventParametersAction',NULL,NULL,1,'2006-09-20'),(280,'edu.wustl.catissuecore.action.SpecimenArrayAction','edu.wustl.catissuecore.action.SpecimenArrayAction','edu.wustl.catissuecore.action.SpecimenArrayAction',NULL,NULL,1,'2006-08-31'),(281,'SpecimenArray','SpecimenArray Class','edu.wustl.catissuecore.domain.SpecimenArray',NULL,NULL,1,'2006-08-31'),(282,'edu.wustl.common.action.SimpleQueryInterfaceAction_SpecimenArray','edu.wustl.common.action.SimpleQueryInterfaceAction_SpecimenArray','edu.wustl.common.action.SimpleQueryInterfaceAction_SpecimenArray',NULL,NULL,1,'2006-08-31'),(283,'edu.wustl.catissuecore.action.AliquotAction','edu.wustl.catissuecore.action.AliquotAction','edu.wustl.catissuecore.action.AliquotAction',NULL,NULL,1,'2006-10-11'),(284,'edu.wustl.catissuecore.action.MultipleSpecimenAppletAction','edu.wustl.catissuecore.action.MultipleSpecimenAppletAction','edu.wustl.catissuecore.action.MultipleSpecimenAppletAction',NULL,NULL,1,'2006-12-05'),(285,'edu.wustl.catissuecore.action.MultipleSpecimenCopyPasteAction','edu.wustl.catissuecore.action.MultipleSpecimenCopyPasteAction','edu.wustl.catissuecore.action.MultipleSpecimenCopyPasteAction',NULL,NULL,1,'2006-12-05'),(286,'edu.wustl.catissuecore.action.SpecimenArrayAppletAction','edu.wustl.catissuecore.action.SpecimenArrayAppletAction','edu.wustl.catissuecore.action.SpecimenArrayAppletAction',NULL,NULL,1,'2006-12-05'),(287,'edu.wustl.catissuecore.action.MultipleSpecimenAction','edu.wustl.catissuecore.action.MultipleSpecimenAction','edu.wustl.catissuecore.action.MultipleSpecimenAction',NULL,NULL,1,'2006-12-05'),(288,'edu.wustl.catissuecore.action.NewMultipleSpecimenAction','edu.wustl.catissuecore.action.NewMultipleSpecimenAction','edu.wustl.catissuecore.action.NewMultipleSpecimenAction',NULL,NULL,1,'2006-12-05'),(289,'edu.wustl.catissuecore.action.DerivedMultipleSpecimenAddAction','edu.wustl.catissuecore.action.DerivedMultipleSpecimenAddAction','edu.wustl.catissuecore.action.DerivedMultipleSpecimenAddAction',NULL,NULL,1,'2006-12-06'),(290,'edu.wustl.catissuecore.action.AddSpecimenAction','edu.wustl.catissuecore.action.AddSpecimenAction','edu.wustl.catissuecore.action.AddSpecimenAction',NULL,NULL,1,'2006-12-06'),(291,'edu.wustl.catissuecore.action.InitMultipleSpecimenAction','edu.wustl.catissuecore.action.InitMultipleSpecimenAction','edu.wustl.catissuecore.action.InitMultipleSpecimenAction',NULL,NULL,1,'2006-12-06'),(292,'Order','Order Object','edu.wustl.catissuecore.domain.OrderDetails',NULL,NULL,1,'2006-11-27'),(293,'OrderItem','OrderItem Object','edu.wustl.catissuecore.domain.OrderItem',NULL,NULL,1,'2006-11-27'),(294,'Derived Specimen Order Item','Derived Specimen Order Item Object','edu.wustl.catissuecore.domain.DerivedSpecimenOrderItem',NULL,NULL,1,'2006-11-27'),(295,'Existing Specimen Array Order Item','Existing Specimen Array Order Item Object','edu.wustl.catissuecore.domain.ExistingSpecimenArrayOrderItem',NULL,NULL,1,'2006-11-27'),(296,'Existing Specimen Order Item','Existing Specimen Order Item Object','edu.wustl.catissuecore.domain.ExistingSpecimenOrderItem',NULL,NULL,1,'2006-11-27'),(297,'New Specimen Array Order Item','New Specimen Array Order Item Object','edu.wustl.catissuecore.domain.NewSpecimenArrayOrderItem',NULL,NULL,1,'2006-11-27'),(298,'New Specimen Order Item','New Specimen Order Item Object','edu.wustl.catissuecore.domain.NewSpecimenOrderItem',NULL,NULL,1,'2006-11-27'),(299,'Pathological Case Order Item','Pathological Case Order Item Object','edu.wustl.catissuecore.domain.PathologicalCaseOrderItem',NULL,NULL,1,'2006-11-27'),(300,'Specimen Array Order Item','Specimen Array Order Item Object','edu.wustl.catissuecore.domain.SpecimenArrayOrderItem',NULL,NULL,1,'2006-11-27'),(301,'Specimen Order Item','Specimen Order Item Object','edu.wustl.catissuecore.domain.SpecimenOrderItem',NULL,NULL,1,'2006-11-27'),(302,'Consent Tier','ConsentTier Object','edu.wustl.catissuecore.domain.ConsentTier',NULL,NULL,1,'2006-11-27'),(303,'Consent Tier Response','Consent Tier Response Object','edu.wustl.catissuecore.domain.ConsentTierResponse',NULL,NULL,1,'2006-11-27'),(304,'Consent Tier Status','Consent Tier Status Object','edu.wustl.catissuecore.domain.ConsentTierStatus',NULL,NULL,1,'2006-11-27'),(305,'ReturnEventParameters','ReturnEventParameters Class','edu.wustl.catissuecore.domain.ReturnEventParameters',NULL,NULL,1,'2007-01-17'),(306,'edu.wustl.catissuecore.action.RequestListAction','edu.wustl.catissuecore.action.RequestListAction','edu.wustl.catissuecore.action.RequestListAction',NULL,NULL,1,'2007-01-04'),(307,'Review Comments','PathologyReportReviewParameter Object','edu.wustl.catissuecore.domain.pathology.PathologyReportReviewParameter',NULL,NULL,1,'2006-11-27'),(308,'Quarantine Comments','QuarantineEventParameter Object','edu.wustl.catissuecore.domain.pathology.QuarantineEventParameter',NULL,NULL,1,'2006-11-27'),(309,'edu.wustl.catissuecore.action.querysuite.AddToLimitSetAction','edu.wustl.catissuecore.action.querysuite.AddToLimitSetAction','edu.wustl.catissuecore.action.querysuite.AddToLimitSetAction',NULL,NULL,1,'0000-00-00'),(310,'edu.wustl.catissuecore.action.querysuite.ViewSearchResultsAction','edu.wustl.catissuecore.action.querysuite.ViewSearchResultsAction','edu.wustl.catissuecore.action.querysuite.ViewSearchResultsAction',NULL,NULL,1,'0000-00-00'),(311,'edu.wustl.catissuecore.action.querysuite.PathFinderAction','edu.wustl.catissuecore.action.querysuite.PathFinderAction','edu.wustl.catissuecore.action.querysuite.PathFinderAction',NULL,NULL,1,'0000-00-00'),(312,'edu.wustl.catissuecore.domain.User_2','edu.wustl.catissuecore.domain.User object','edu.wustl.catissuecore.domain.User_2',NULL,NULL,1,'2007-02-20'),(313,'edu.wustl.catissuecore.domain.User_3','edu.wustl.catissuecore.domain.User object','edu.wustl.catissuecore.domain.User_3',NULL,NULL,1,'2007-02-20'),(314,'edu.wustl.catissuecore.domain.User_4','edu.wustl.catissuecore.domain.User object','edu.wustl.catissuecore.domain.User_4',NULL,NULL,1,'2007-02-20'),(315,'edu.wustl.catissuecore.domain.User_5','edu.wustl.catissuecore.domain.User object','edu.wustl.catissuecore.domain.User_5',NULL,NULL,1,'2007-02-20'),(316,'edu.wustl.catissuecore.domain.User_6','edu.wustl.catissuecore.domain.User object','edu.wustl.catissuecore.domain.User_6',NULL,NULL,1,'2007-02-20'),(317,'edu.wustl.catissuecore.domain.User_7','edu.wustl.catissuecore.domain.User object','edu.wustl.catissuecore.domain.User_7',NULL,NULL,1,'2007-02-20'),(318,'edu.wustl.catissuecore.domain.User_8','edu.wustl.catissuecore.domain.User object','edu.wustl.catissuecore.domain.User_8',NULL,NULL,1,'2007-02-20'),(319,'edu.wustl.catissuecore.domain.User_9','edu.wustl.catissuecore.domain.User object','edu.wustl.catissuecore.domain.User_9',NULL,NULL,1,'2007-02-20'),(320,'edu.wustl.catissuecore.domain.Site_1','edu.wustl.catissuecore.domain.Site object','edu.wustl.catissuecore.domain.Site_1',NULL,NULL,1,'2007-02-20'),(321,'edu.wustl.catissuecore.domain.Address_10','edu.wustl.catissuecore.domain.Address object','edu.wustl.catissuecore.domain.Address_10',NULL,NULL,1,'2007-02-20'),(322,'edu.wustl.catissuecore.domain.Address_11','edu.wustl.catissuecore.domain.Address object','edu.wustl.catissuecore.domain.Address_11',NULL,NULL,1,'2007-02-20'),(323,'edu.wustl.catissuecore.domain.Site_2','edu.wustl.catissuecore.domain.Site object','edu.wustl.catissuecore.domain.Site_2',NULL,NULL,1,'2007-02-20'),(324,'edu.wustl.catissuecore.domain.CollectionProtocol_1','edu.wustl.catissuecore.domain.CollectionProtocol object','edu.wustl.catissuecore.domain.CollectionProtocol_1',NULL,NULL,1,'2007-02-20'),(325,'edu.wustl.catissuecore.domain.CollectionProtocol_2','edu.wustl.catissuecore.domain.CollectionProtocol object','edu.wustl.catissuecore.domain.CollectionProtocol_2',NULL,NULL,1,'2007-02-20'),(326,'edu.wustl.catissuecore.domain.CollectionProtocol_3','edu.wustl.catissuecore.domain.CollectionProtocol object','edu.wustl.catissuecore.domain.CollectionProtocol_3',NULL,NULL,1,'2007-02-20'),(327,'edu.wustl.catissuecore.domain.StorageContainer_1','edu.wustl.catissuecore.domain.StorageContainer object','edu.wustl.catissuecore.domain.StorageContainer_1',NULL,NULL,1,'2007-02-20'),(328,'edu.wustl.catissuecore.domain.StorageContainer_2','edu.wustl.catissuecore.domain.StorageContainer object','edu.wustl.catissuecore.domain.StorageContainer_2',NULL,NULL,1,'2007-02-20'),(329,'edu.wustl.catissuecore.domain.StorageContainer_3','edu.wustl.catissuecore.domain.StorageContainer object','edu.wustl.catissuecore.domain.StorageContainer_3',NULL,NULL,1,'2007-02-20'),(330,'edu.wustl.catissuecore.domain.StorageContainer_4','edu.wustl.catissuecore.domain.StorageContainer object','edu.wustl.catissuecore.domain.StorageContainer_4',NULL,NULL,1,'2007-02-20'),(331,'edu.wustl.catissuecore.domain.StorageContainer_5','edu.wustl.catissuecore.domain.StorageContainer object','edu.wustl.catissuecore.domain.StorageContainer_5',NULL,NULL,1,'2007-02-20'),(332,'edu.wustl.catissuecore.domain.StorageContainer_6','edu.wustl.catissuecore.domain.StorageContainer object','edu.wustl.catissuecore.domain.StorageContainer_6',NULL,NULL,1,'2007-02-20'),(333,'edu.wustl.catissuecore.domain.StorageContainer_7','edu.wustl.catissuecore.domain.StorageContainer object','edu.wustl.catissuecore.domain.StorageContainer_7',NULL,NULL,1,'2007-02-20'),(334,'edu.wustl.catissuecore.domain.StorageContainer_8','edu.wustl.catissuecore.domain.StorageContainer object','edu.wustl.catissuecore.domain.StorageContainer_8',NULL,NULL,1,'2007-02-20'),(335,'edu.wustl.catissuecore.domain.StorageContainer_9','edu.wustl.catissuecore.domain.StorageContainer object','edu.wustl.catissuecore.domain.StorageContainer_9',NULL,NULL,1,'2007-02-20'),(336,'edu.wustl.catissuecore.domain.StorageContainer_10','edu.wustl.catissuecore.domain.StorageContainer object','edu.wustl.catissuecore.domain.StorageContainer_10',NULL,NULL,1,'2007-02-20'),(337,'edu.wustl.catissuecore.domain.StorageContainer_11','edu.wustl.catissuecore.domain.StorageContainer object','edu.wustl.catissuecore.domain.StorageContainer_11',NULL,NULL,1,'2007-02-20'),(338,'edu.wustl.catissuecore.domain.StorageContainer_12','edu.wustl.catissuecore.domain.StorageContainer object','edu.wustl.catissuecore.domain.StorageContainer_12',NULL,NULL,1,'2007-02-20'),(339,'edu.wustl.catissuecore.domain.StorageContainer_13','edu.wustl.catissuecore.domain.StorageContainer object','edu.wustl.catissuecore.domain.StorageContainer_13',NULL,NULL,1,'2007-02-20'),(340,'edu.wustl.catissuecore.domain.StorageContainer_14','edu.wustl.catissuecore.domain.StorageContainer object','edu.wustl.catissuecore.domain.StorageContainer_14',NULL,NULL,1,'2007-02-20'),(341,'edu.wustl.catissuecore.domain.StorageContainer_15','edu.wustl.catissuecore.domain.StorageContainer object','edu.wustl.catissuecore.domain.StorageContainer_15',NULL,NULL,1,'2007-02-20'),(342,'edu.wustl.catissuecore.domain.StorageContainer_16','edu.wustl.catissuecore.domain.StorageContainer object','edu.wustl.catissuecore.domain.StorageContainer_16',NULL,NULL,1,'2007-02-20'),(343,'edu.wustl.catissuecore.domain.StorageContainer_17','edu.wustl.catissuecore.domain.StorageContainer object','edu.wustl.catissuecore.domain.StorageContainer_17',NULL,NULL,1,'2007-02-20'),(344,'edu.wustl.catissuecore.domain.StorageContainer_18','edu.wustl.catissuecore.domain.StorageContainer object','edu.wustl.catissuecore.domain.StorageContainer_18',NULL,NULL,1,'2007-02-20'),(345,'edu.wustl.catissuecore.domain.StorageContainer_19','edu.wustl.catissuecore.domain.StorageContainer object','edu.wustl.catissuecore.domain.StorageContainer_19',NULL,NULL,1,'2007-02-20'),(346,'edu.wustl.catissuecore.domain.StorageContainer_20','edu.wustl.catissuecore.domain.StorageContainer object','edu.wustl.catissuecore.domain.StorageContainer_20',NULL,NULL,1,'2007-02-20'),(347,'edu.wustl.catissuecore.domain.StorageContainer_21','edu.wustl.catissuecore.domain.StorageContainer object','edu.wustl.catissuecore.domain.StorageContainer_21',NULL,NULL,1,'2007-02-20'),(348,'edu.wustl.catissuecore.domain.StorageContainer_22','edu.wustl.catissuecore.domain.StorageContainer object','edu.wustl.catissuecore.domain.StorageContainer_22',NULL,NULL,1,'2007-02-20'),(349,'edu.wustl.catissuecore.domain.StorageContainer_23','edu.wustl.catissuecore.domain.StorageContainer object','edu.wustl.catissuecore.domain.StorageContainer_23',NULL,NULL,1,'2007-02-20'),(350,'edu.wustl.catissuecore.domain.StorageContainer_24','edu.wustl.catissuecore.domain.StorageContainer object','edu.wustl.catissuecore.domain.StorageContainer_24',NULL,NULL,1,'2007-02-20'),(351,'edu.wustl.catissuecore.domain.StorageContainer_25','edu.wustl.catissuecore.domain.StorageContainer object','edu.wustl.catissuecore.domain.StorageContainer_25',NULL,NULL,1,'2007-02-20'),(352,'edu.wustl.catissuecore.domain.StorageContainer_26','edu.wustl.catissuecore.domain.StorageContainer object','edu.wustl.catissuecore.domain.StorageContainer_26',NULL,NULL,1,'2007-02-20'),(353,'edu.wustl.catissuecore.domain.StorageContainer_27','edu.wustl.catissuecore.domain.StorageContainer object','edu.wustl.catissuecore.domain.StorageContainer_27',NULL,NULL,1,'2007-02-20'),(354,'edu.wustl.catissuecore.domain.StorageContainer_28','edu.wustl.catissuecore.domain.StorageContainer object','edu.wustl.catissuecore.domain.StorageContainer_28',NULL,NULL,1,'2007-02-20'),(355,'edu.wustl.catissuecore.domain.StorageContainer_29','edu.wustl.catissuecore.domain.StorageContainer object','edu.wustl.catissuecore.domain.StorageContainer_29',NULL,NULL,1,'2007-02-20'),(356,'edu.wustl.catissuecore.domain.StorageContainer_30','edu.wustl.catissuecore.domain.StorageContainer object','edu.wustl.catissuecore.domain.StorageContainer_30',NULL,NULL,1,'2007-02-20'),(357,'edu.wustl.catissuecore.domain.StorageContainer_31','edu.wustl.catissuecore.domain.StorageContainer object','edu.wustl.catissuecore.domain.StorageContainer_31',NULL,NULL,1,'2007-02-20'),(358,'edu.wustl.catissuecore.domain.StorageContainer_32','edu.wustl.catissuecore.domain.StorageContainer object','edu.wustl.catissuecore.domain.StorageContainer_32',NULL,NULL,1,'2007-02-20'),(359,'edu.wustl.catissuecore.domain.StorageContainer_33','edu.wustl.catissuecore.domain.StorageContainer object','edu.wustl.catissuecore.domain.StorageContainer_33',NULL,NULL,1,'2007-02-20'),(360,'edu.wustl.catissuecore.domain.StorageContainer_34','edu.wustl.catissuecore.domain.StorageContainer object','edu.wustl.catissuecore.domain.StorageContainer_34',NULL,NULL,1,'2007-02-20'),(361,'edu.wustl.catissuecore.domain.StorageContainer_35','edu.wustl.catissuecore.domain.StorageContainer object','edu.wustl.catissuecore.domain.StorageContainer_35',NULL,NULL,1,'2007-02-20'),(362,'edu.wustl.catissuecore.domain.StorageContainer_36','edu.wustl.catissuecore.domain.StorageContainer object','edu.wustl.catissuecore.domain.StorageContainer_36',NULL,NULL,1,'2007-02-20'),(363,'edu.wustl.catissuecore.domain.StorageContainer_37','edu.wustl.catissuecore.domain.StorageContainer object','edu.wustl.catissuecore.domain.StorageContainer_37',NULL,NULL,1,'2007-02-20'),(364,'edu.wustl.catissuecore.domain.StorageContainer_38','edu.wustl.catissuecore.domain.StorageContainer object','edu.wustl.catissuecore.domain.StorageContainer_38',NULL,NULL,1,'2007-02-20'),(365,'edu.wustl.catissuecore.domain.StorageContainer_39','edu.wustl.catissuecore.domain.StorageContainer object','edu.wustl.catissuecore.domain.StorageContainer_39',NULL,NULL,1,'2007-02-20'),(366,'edu.wustl.catissuecore.domain.StorageContainer_40','edu.wustl.catissuecore.domain.StorageContainer object','edu.wustl.catissuecore.domain.StorageContainer_40',NULL,NULL,1,'2007-02-20'),(367,'edu.wustl.catissuecore.domain.StorageContainer_41','edu.wustl.catissuecore.domain.StorageContainer object','edu.wustl.catissuecore.domain.StorageContainer_41',NULL,NULL,1,'2007-02-20'),(368,'edu.wustl.catissuecore.domain.StorageContainer_42','edu.wustl.catissuecore.domain.StorageContainer object','edu.wustl.catissuecore.domain.StorageContainer_42',NULL,NULL,1,'2007-02-20'),(369,'edu.wustl.catissuecore.domain.StorageContainer_43','edu.wustl.catissuecore.domain.StorageContainer object','edu.wustl.catissuecore.domain.StorageContainer_43',NULL,NULL,1,'2007-02-20'),(370,'edu.wustl.catissuecore.domain.StorageContainer_44','edu.wustl.catissuecore.domain.StorageContainer object','edu.wustl.catissuecore.domain.StorageContainer_44',NULL,NULL,1,'2007-02-20'),(371,'edu.wustl.catissuecore.domain.DistributionProtocol_4','edu.wustl.catissuecore.domain.DistributionProtocol object','edu.wustl.catissuecore.domain.DistributionProtocol_4',NULL,NULL,1,'2007-02-20'),(372,'edu.wustl.catissuecore.domain.DistributionProtocol_5','edu.wustl.catissuecore.domain.DistributionProtocol object','edu.wustl.catissuecore.domain.DistributionProtocol_5',NULL,NULL,1,'2007-02-20'),(373,'edu.wustl.catissuecore.domain.Participant_1','edu.wustl.catissuecore.domain.Participant object','edu.wustl.catissuecore.domain.Participant_1',NULL,NULL,1,'2007-02-20'),(374,'edu.wustl.catissuecore.domain.Participant_2','edu.wustl.catissuecore.domain.Participant object','edu.wustl.catissuecore.domain.Participant_2',NULL,NULL,1,'2007-02-20'),(375,'edu.wustl.catissuecore.domain.Participant_3','edu.wustl.catissuecore.domain.Participant object','edu.wustl.catissuecore.domain.Participant_3',NULL,NULL,1,'2007-02-20'),(376,'edu.wustl.catissuecore.domain.Participant_4','edu.wustl.catissuecore.domain.Participant object','edu.wustl.catissuecore.domain.Participant_4',NULL,NULL,1,'2007-02-20'),(377,'edu.wustl.catissuecore.domain.Participant_5','edu.wustl.catissuecore.domain.Participant object','edu.wustl.catissuecore.domain.Participant_5',NULL,NULL,1,'2007-02-20'),(378,'edu.wustl.catissuecore.domain.CollectionProtocolRegistration_1','edu.wustl.catissuecore.domain.CollectionProtocolRegistration object','edu.wustl.catissuecore.domain.CollectionProtocolRegistration_1',NULL,NULL,1,'2007-02-20'),(379,'edu.wustl.catissuecore.domain.CollectionProtocolRegistration_2','edu.wustl.catissuecore.domain.CollectionProtocolRegistration object','edu.wustl.catissuecore.domain.CollectionProtocolRegistration_2',NULL,NULL,1,'2007-02-20'),(380,'edu.wustl.catissuecore.domain.CollectionProtocolRegistration_3','edu.wustl.catissuecore.domain.CollectionProtocolRegistration object','edu.wustl.catissuecore.domain.CollectionProtocolRegistration_3',NULL,NULL,1,'2007-02-20'),(381,'edu.wustl.catissuecore.domain.CollectionProtocolRegistration_4','edu.wustl.catissuecore.domain.CollectionProtocolRegistration object','edu.wustl.catissuecore.domain.CollectionProtocolRegistration_4',NULL,NULL,1,'2007-02-20'),(382,'edu.wustl.catissuecore.domain.CollectionProtocolRegistration_5','edu.wustl.catissuecore.domain.CollectionProtocolRegistration object','edu.wustl.catissuecore.domain.CollectionProtocolRegistration_5',NULL,NULL,1,'2007-02-20'),(383,'edu.wustl.catissuecore.domain.SpecimenCollectionGroup_1','edu.wustl.catissuecore.domain.SpecimenCollectionGroup object','edu.wustl.catissuecore.domain.SpecimenCollectionGroup_1',NULL,NULL,1,'2007-02-20'),(384,'edu.wustl.catissuecore.domain.SpecimenCollectionGroup_2','edu.wustl.catissuecore.domain.SpecimenCollectionGroup object','edu.wustl.catissuecore.domain.SpecimenCollectionGroup_2',NULL,NULL,1,'2007-02-20'),(385,'edu.wustl.catissuecore.domain.SpecimenCollectionGroup_3','edu.wustl.catissuecore.domain.SpecimenCollectionGroup object','edu.wustl.catissuecore.domain.SpecimenCollectionGroup_3',NULL,NULL,1,'2007-02-20'),(386,'edu.wustl.catissuecore.domain.SpecimenCollectionGroup_4','edu.wustl.catissuecore.domain.SpecimenCollectionGroup object','edu.wustl.catissuecore.domain.SpecimenCollectionGroup_4',NULL,NULL,1,'2007-02-20'),(387,'edu.wustl.catissuecore.domain.SpecimenCollectionGroup_5','edu.wustl.catissuecore.domain.SpecimenCollectionGroup object','edu.wustl.catissuecore.domain.SpecimenCollectionGroup_5',NULL,NULL,1,'2007-02-20'),(388,'edu.wustl.catissuecore.domain.Specimen_1','edu.wustl.catissuecore.domain.TissueSpecimen object','edu.wustl.catissuecore.domain.Specimen_1',NULL,NULL,1,'2007-02-20'),(389,'edu.wustl.catissuecore.domain.SpecimenCharacteristics_1','edu.wustl.catissuecore.domain.SpecimenCharacteristics object','edu.wustl.catissuecore.domain.SpecimenCharacteristics_1',NULL,NULL,1,'2007-02-20'),(390,'edu.wustl.catissuecore.domain.Specimen_2','edu.wustl.catissuecore.domain.TissueSpecimen object','edu.wustl.catissuecore.domain.Specimen_2',NULL,NULL,1,'2007-02-20'),(391,'edu.wustl.catissuecore.domain.SpecimenCharacteristics_2','edu.wustl.catissuecore.domain.SpecimenCharacteristics object','edu.wustl.catissuecore.domain.SpecimenCharacteristics_2',NULL,NULL,1,'2007-02-20'),(392,'edu.wustl.catissuecore.domain.SpecimenCharacteristics_3','edu.wustl.catissuecore.domain.SpecimenCharacteristics object','edu.wustl.catissuecore.domain.SpecimenCharacteristics_3',NULL,NULL,1,'2007-02-20'),(393,'edu.wustl.catissuecore.domain.Specimen_3','edu.wustl.catissuecore.domain.TissueSpecimen object','edu.wustl.catissuecore.domain.Specimen_3',NULL,NULL,1,'2007-02-20'),(394,'edu.wustl.catissuecore.domain.SpecimenCharacteristics_4','edu.wustl.catissuecore.domain.SpecimenCharacteristics object','edu.wustl.catissuecore.domain.SpecimenCharacteristics_4',NULL,NULL,1,'2007-02-20'),(395,'edu.wustl.catissuecore.domain.Specimen_4','edu.wustl.catissuecore.domain.CellSpecimen object','edu.wustl.catissuecore.domain.Specimen_4',NULL,NULL,1,'2007-02-20'),(396,'edu.wustl.catissuecore.domain.SpecimenCharacteristics_5','edu.wustl.catissuecore.domain.SpecimenCharacteristics object','edu.wustl.catissuecore.domain.SpecimenCharacteristics_5',NULL,NULL,1,'2007-02-20'),(397,'edu.wustl.catissuecore.domain.Specimen_5','edu.wustl.catissuecore.domain.TissueSpecimen object','edu.wustl.catissuecore.domain.Specimen_5',NULL,NULL,1,'2007-02-20'),(398,'edu.wustl.catissuecore.domain.Specimen_6','edu.wustl.catissuecore.domain.TissueSpecimen object','edu.wustl.catissuecore.domain.Specimen_6',NULL,NULL,1,'2007-02-20'),(399,'edu.wustl.catissuecore.domain.SpecimenCharacteristics_6','edu.wustl.catissuecore.domain.SpecimenCharacteristics object','edu.wustl.catissuecore.domain.SpecimenCharacteristics_6',NULL,NULL,1,'2007-02-20'),(400,'edu.wustl.catissuecore.domain.SpecimenCharacteristics_7','edu.wustl.catissuecore.domain.SpecimenCharacteristics object','edu.wustl.catissuecore.domain.SpecimenCharacteristics_7',NULL,NULL,1,'2007-02-20'),(401,'edu.wustl.catissuecore.domain.Specimen_7','edu.wustl.catissuecore.domain.TissueSpecimen object','edu.wustl.catissuecore.domain.Specimen_7',NULL,NULL,1,'2007-02-20'),(402,'edu.wustl.catissuecore.domain.SpecimenCharacteristics_8','edu.wustl.catissuecore.domain.SpecimenCharacteristics object','edu.wustl.catissuecore.domain.SpecimenCharacteristics_8',NULL,NULL,1,'2007-02-20'),(403,'edu.wustl.catissuecore.domain.Specimen_8','edu.wustl.catissuecore.domain.CellSpecimen object','edu.wustl.catissuecore.domain.Specimen_8',NULL,NULL,1,'2007-02-20'),(404,'edu.wustl.catissuecore.domain.SpecimenCharacteristics_9','edu.wustl.catissuecore.domain.SpecimenCharacteristics object','edu.wustl.catissuecore.domain.SpecimenCharacteristics_9',NULL,NULL,1,'2007-02-20'),(405,'edu.wustl.catissuecore.domain.Specimen_9','edu.wustl.catissuecore.domain.FluidSpecimen object','edu.wustl.catissuecore.domain.Specimen_9',NULL,NULL,1,'2007-02-20'),(406,'edu.wustl.catissuecore.domain.SpecimenCharacteristics_10','edu.wustl.catissuecore.domain.SpecimenCharacteristics object','edu.wustl.catissuecore.domain.SpecimenCharacteristics_10',NULL,NULL,1,'2007-02-20'),(407,'edu.wustl.catissuecore.domain.Specimen_10','edu.wustl.catissuecore.domain.MolecularSpecimen object','edu.wustl.catissuecore.domain.Specimen_10',NULL,NULL,1,'2007-02-20'),(408,'edu.wustl.catissuecore.domain.Specimen_11','edu.wustl.catissuecore.domain.MolecularSpecimen object','edu.wustl.catissuecore.domain.Specimen_11',NULL,NULL,1,'2007-02-20'),(409,'edu.wustl.catissuecore.domain.SpecimenCharacteristics_11','edu.wustl.catissuecore.domain.SpecimenCharacteristics object','edu.wustl.catissuecore.domain.SpecimenCharacteristics_11',NULL,NULL,1,'2007-02-20'),(410,'edu.wustl.catissuecore.domain.SpecimenCharacteristics_12','edu.wustl.catissuecore.domain.SpecimenCharacteristics object','edu.wustl.catissuecore.domain.SpecimenCharacteristics_12',NULL,NULL,1,'2007-02-20'),(411,'edu.wustl.catissuecore.domain.Specimen_12','edu.wustl.catissuecore.domain.MolecularSpecimen object','edu.wustl.catissuecore.domain.Specimen_12',NULL,NULL,1,'2007-02-20'),(412,'edu.wustl.catissuecore.domain.SpecimenCharacteristics_13','edu.wustl.catissuecore.domain.SpecimenCharacteristics object','edu.wustl.catissuecore.domain.SpecimenCharacteristics_13',NULL,NULL,1,'2007-02-20'),(413,'edu.wustl.catissuecore.domain.Specimen_13','edu.wustl.catissuecore.domain.MolecularSpecimen object','edu.wustl.catissuecore.domain.Specimen_13',NULL,NULL,1,'2007-02-20'),(414,'edu.wustl.catissuecore.domain.Specimen_14','edu.wustl.catissuecore.domain.MolecularSpecimen object','edu.wustl.catissuecore.domain.Specimen_14',NULL,NULL,1,'2007-02-20'),(415,'edu.wustl.catissuecore.domain.SpecimenCharacteristics_14','edu.wustl.catissuecore.domain.SpecimenCharacteristics object','edu.wustl.catissuecore.domain.SpecimenCharacteristics_14',NULL,NULL,1,'2007-02-20'),(416,'edu.wustl.catissuecore.domain.Specimen_15','edu.wustl.catissuecore.domain.CellSpecimen object','edu.wustl.catissuecore.domain.Specimen_15',NULL,NULL,1,'2007-02-20'),(417,'edu.wustl.catissuecore.domain.SpecimenCharacteristics_15','edu.wustl.catissuecore.domain.SpecimenCharacteristics object','edu.wustl.catissuecore.domain.SpecimenCharacteristics_15',NULL,NULL,1,'2007-02-20'),(418,'edu.wustl.catissuecore.domain.Specimen_16','edu.wustl.catissuecore.domain.MolecularSpecimen object','edu.wustl.catissuecore.domain.Specimen_16',NULL,NULL,1,'2007-02-20'),(419,'edu.wustl.catissuecore.domain.SpecimenCharacteristics_16','edu.wustl.catissuecore.domain.SpecimenCharacteristics object','edu.wustl.catissuecore.domain.SpecimenCharacteristics_16',NULL,NULL,1,'2007-02-20');
UNLOCK TABLES;
/*!40000 ALTER TABLE `csm_protection_element` ENABLE KEYS */;

--
-- Table structure for table `csm_protection_group`
--

DROP TABLE IF EXISTS `csm_protection_group`;
CREATE TABLE `csm_protection_group` (
  `PROTECTION_GROUP_ID` bigint(20) NOT NULL auto_increment,
  `PROTECTION_GROUP_NAME` varchar(100) NOT NULL default '',
  `PROTECTION_GROUP_DESCRIPTION` varchar(200) default NULL,
  `APPLICATION_ID` bigint(20) NOT NULL default '0',
  `LARGE_ELEMENT_COUNT_FLAG` tinyint(1) NOT NULL default '0',
  `UPDATE_DATE` date NOT NULL default '0000-00-00',
  `PARENT_PROTECTION_GROUP_ID` bigint(20) default NULL,
  PRIMARY KEY  (`PROTECTION_GROUP_ID`),
  UNIQUE KEY `UQ_PROTECTION_GROUP_PROTECTION_GROUP_NAME` (`APPLICATION_ID`,`PROTECTION_GROUP_NAME`),
  KEY `idx_APPLICATION_ID` (`APPLICATION_ID`),
  KEY `idx_PARENT_PROTECTION_GROUP_ID` (`PARENT_PROTECTION_GROUP_ID`),
  CONSTRAINT `csm_protection_group_ibfk_1` FOREIGN KEY (`APPLICATION_ID`) REFERENCES `csm_application` (`APPLICATION_ID`) ON DELETE CASCADE,
  CONSTRAINT `csm_protection_group_ibfk_2` FOREIGN KEY (`PARENT_PROTECTION_GROUP_ID`) REFERENCES `csm_protection_group` (`PROTECTION_GROUP_ID`)
) ENGINE=InnoDB DEFAULT CHARSET=latin1;

--
-- Dumping data for table `csm_protection_group`
--


/*!40000 ALTER TABLE `csm_protection_group` DISABLE KEYS */;
LOCK TABLES `csm_protection_group` WRITE;
INSERT INTO `csm_protection_group` VALUES (1,'ADMINISTRATOR_PROTECTION_GROUP','Protection elements for class names of objects that belong to Administrative data',1,0,'0000-00-00',NULL),(2,'SUPERVISOR_PROTECTION_GROUP','Protection elements for class names of objects that belong to Supervisor\'s data',1,0,'0000-00-00',NULL),(3,'TECHNICIAN_PROTECTION_GROUP','Protection elements for class names of objects that belong to Technician data',1,0,'0000-00-00',NULL),(4,'ADMIN_DATA_USE_GROUP',NULL,1,0,'0000-00-00',NULL),(5,'DISTRIBUTION_PROTOCOL_GROUP',NULL,1,0,'0000-00-00',NULL),(6,'COLLECTION_PROTOCOL_GROUP',NULL,1,0,'0000-00-00',NULL),(7,'COLLECTION_PROTOCOL_PROTECTED_ATTRIBUTES',NULL,1,0,'0000-00-00',NULL),(8,'COLLECTION_PROTOCOL_PUBLIC_ATTRIBUTES',NULL,1,0,'0000-00-00',NULL),(9,'DISTRIBUTION_PROTOCOL_PROTECTED_ATTRIBUTES',NULL,1,0,'0000-00-00',NULL),(10,'DISTRIBUTION_PROTOCOL_PUBLIC_ATTRIBUTES',NULL,1,0,'0000-00-00',NULL),(11,'ADMINISTRATIVE_DATA_PROTECTED_ATTRIBUTES',NULL,1,0,'0000-00-00',NULL),(12,'ADMINISTRATIVE_DATA_PUBLIC_ATTRIBUTES',NULL,1,0,'0000-00-00',NULL),(13,'PARTICIPANT_DATA_PROTECTED_ATTRIBUTES',NULL,1,0,'0000-00-00',NULL),(14,'PARTICIPANT_DATA_PUBLIC_ATTRIBUTES',NULL,1,0,'0000-00-00',NULL),(15,'BIOSPECIMEN_DATA_PROTECTED_ATTRIBUTES',NULL,1,0,'0000-00-00',NULL),(16,'BIOSPECIMEN_DATA_PUBLIC_ATTRIBUTES',NULL,1,0,'0000-00-00',NULL),(17,'SECURED_ADMINISTRATIVE_ACTIONS',NULL,1,0,'0000-00-00',NULL),(18,'SECURED_SUPERVISORY_ACTIONS',NULL,1,0,'0000-00-00',NULL),(19,'SECURED_TECHNICIAN_ACTIONS',NULL,1,0,'0000-00-00',NULL),(20,'PUBLIC_DATA_GROUP',NULL,1,0,'0000-00-00',NULL),(21,'ADMINISTRATORS_DATA_GROUP',NULL,1,0,'0000-00-00',NULL),(22,'SUPERVISORS_DATA_GROUP',NULL,1,0,'0000-00-00',NULL),(23,'TECHNICIANS_DATA_GROUP',NULL,1,0,'0000-00-00',NULL),(24,'SECURED_PUBLIC_ACTIONS',NULL,1,0,'0000-00-00',NULL),(44,'SCIENTIST_PROTECTION_GROUP',NULL,1,0,'0000-00-00',NULL),(45,'USER_2',NULL,1,0,'2007-02-20',NULL),(46,'USER_3',NULL,1,0,'2007-02-20',NULL),(47,'USER_4',NULL,1,0,'2007-02-20',NULL),(48,'USER_5',NULL,1,0,'2007-02-20',NULL),(49,'USER_6',NULL,1,0,'2007-02-20',NULL),(50,'USER_7',NULL,1,0,'2007-02-20',NULL),(51,'USER_8',NULL,1,0,'2007-02-20',NULL),(52,'USER_9',NULL,1,0,'2007-02-20',NULL),(53,'COLLECTION_PROTOCOL_1',NULL,1,0,'2007-02-20',NULL),(54,'COLLECTION_PROTOCOL_2',NULL,1,0,'2007-02-20',NULL),(55,'COLLECTION_PROTOCOL_3',NULL,1,0,'2007-02-20',NULL),(56,'DISTRIBUTION_PROTOCOL_4',NULL,1,0,'2007-02-20',NULL),(57,'DISTRIBUTION_PROTOCOL_5',NULL,1,0,'2007-02-20',NULL);
UNLOCK TABLES;
/*!40000 ALTER TABLE `csm_protection_group` ENABLE KEYS */;

--
-- Table structure for table `csm_role`
--

DROP TABLE IF EXISTS `csm_role`;
CREATE TABLE `csm_role` (
  `ROLE_ID` bigint(20) NOT NULL auto_increment,
  `ROLE_NAME` varchar(100) NOT NULL default '',
  `ROLE_DESCRIPTION` varchar(200) default NULL,
  `APPLICATION_ID` bigint(20) NOT NULL default '0',
  `ACTIVE_FLAG` tinyint(1) NOT NULL default '0',
  `UPDATE_DATE` date NOT NULL default '0000-00-00',
  PRIMARY KEY  (`ROLE_ID`),
  UNIQUE KEY `UQ_ROLE_ROLE_NAME` (`APPLICATION_ID`,`ROLE_NAME`),
  KEY `idx_APPLICATION_ID` (`APPLICATION_ID`),
  CONSTRAINT `csm_role_ibfk_1` FOREIGN KEY (`APPLICATION_ID`) REFERENCES `csm_application` (`APPLICATION_ID`) ON DELETE CASCADE
) ENGINE=InnoDB DEFAULT CHARSET=latin1;

--
-- Dumping data for table `csm_role`
--


/*!40000 ALTER TABLE `csm_role` DISABLE KEYS */;
LOCK TABLES `csm_role` WRITE;
INSERT INTO `csm_role` VALUES (1,'Administrator','Role for Administrator',1,0,'0000-00-00'),(2,'Supervisor','Role for Supervisor',1,0,'0000-00-00'),(3,'Technician','Role for Technician',1,0,'0000-00-00'),(4,'PI','Role for Principal Investigator',1,0,'0000-00-00'),(5,'READ_ONLY','Read Only Role',1,0,'0000-00-00'),(6,'USE_ONLY','Use Only Role',1,0,'0000-00-00'),(7,'Scientist','Role for Public',1,0,'0000-00-00'),(8,'UPDATE_ONLY','Update Only Role',1,0,'0000-00-00'),(9,'EXECUTE_ONLY','Execute Only Role',1,0,'0000-00-00'),(10,'READ_DENIED','Read Denied Role',1,0,'0000-00-00'),(11,'CREATE_ONLY','Create only role',1,0,'0000-00-00');
UNLOCK TABLES;
/*!40000 ALTER TABLE `csm_role` ENABLE KEYS */;

--
-- Table structure for table `csm_role_privilege`
--

DROP TABLE IF EXISTS `csm_role_privilege`;
CREATE TABLE `csm_role_privilege` (
  `ROLE_PRIVILEGE_ID` bigint(20) NOT NULL auto_increment,
  `ROLE_ID` bigint(20) NOT NULL default '0',
  `PRIVILEGE_ID` bigint(20) NOT NULL default '0',
  `UPDATE_DATE` date NOT NULL default '0000-00-00',
  PRIMARY KEY  (`ROLE_PRIVILEGE_ID`),
  UNIQUE KEY `UQ_ROLE_PRIVILEGE_ROLE_ID` (`PRIVILEGE_ID`,`ROLE_ID`),
  KEY `idx_PRIVILEGE_ID` (`PRIVILEGE_ID`),
  KEY `idx_ROLE_ID` (`ROLE_ID`),
  CONSTRAINT `csm_role_privilege_ibfk_1` FOREIGN KEY (`PRIVILEGE_ID`) REFERENCES `csm_privilege` (`PRIVILEGE_ID`) ON DELETE CASCADE,
  CONSTRAINT `csm_role_privilege_ibfk_2` FOREIGN KEY (`ROLE_ID`) REFERENCES `csm_role` (`ROLE_ID`) ON DELETE CASCADE
) ENGINE=InnoDB DEFAULT CHARSET=latin1;

--
-- Dumping data for table `csm_role_privilege`
--


/*!40000 ALTER TABLE `csm_role_privilege` DISABLE KEYS */;
LOCK TABLES `csm_role_privilege` WRITE;
INSERT INTO `csm_role_privilege` VALUES (1,1,1,'0000-00-00'),(2,1,3,'0000-00-00'),(3,1,5,'0000-00-00'),(4,1,7,'0000-00-00'),(5,1,8,'0000-00-00'),(6,1,9,'0000-00-00'),(7,1,10,'0000-00-00'),(8,2,3,'0000-00-00'),(9,2,7,'0000-00-00'),(11,3,1,'0000-00-00'),(12,3,3,'0000-00-00'),(13,3,5,'0000-00-00'),(14,3,7,'0000-00-00'),(15,3,8,'0000-00-00'),(16,4,3,'0000-00-00'),(17,4,9,'0000-00-00'),(18,5,3,'0000-00-00'),(19,6,8,'0000-00-00'),(20,8,5,'0000-00-00'),(21,9,7,'0000-00-00'),(22,6,3,'0000-00-00'),(23,8,3,'0000-00-00'),(24,1,11,'0000-00-00'),(25,2,11,'0000-00-00'),(26,4,11,'0000-00-00'),(27,10,12,'0000-00-00'),(28,11,1,'0000-00-00');
UNLOCK TABLES;
/*!40000 ALTER TABLE `csm_role_privilege` ENABLE KEYS */;

--
-- Table structure for table `csm_user`
--

DROP TABLE IF EXISTS `csm_user`;
CREATE TABLE `csm_user` (
  `USER_ID` bigint(20) NOT NULL auto_increment,
  `LOGIN_NAME` varchar(100) NOT NULL default '',
  `FIRST_NAME` varchar(100) NOT NULL default '',
  `LAST_NAME` varchar(100) NOT NULL default '',
  `ORGANIZATION` varchar(100) default NULL,
  `DEPARTMENT` varchar(100) default NULL,
  `TITLE` varchar(100) default NULL,
  `PHONE_NUMBER` varchar(15) default NULL,
  `PASSWORD` varchar(100) default NULL,
  `EMAIL_ID` varchar(100) default NULL,
  `START_DATE` date default NULL,
  `END_DATE` date default NULL,
  `UPDATE_DATE` date NOT NULL default '0000-00-00',
  PRIMARY KEY  (`USER_ID`),
  UNIQUE KEY `UQ_LOGIN_NAME` (`LOGIN_NAME`)
) ENGINE=InnoDB DEFAULT CHARSET=latin1;

--
-- Dumping data for table `csm_user`
--


/*!40000 ALTER TABLE `csm_user` DISABLE KEYS */;
LOCK TABLES `csm_user` WRITE;
INSERT INTO `csm_user` VALUES (1,'admin@admin.com','Admin','Admin',NULL,'1',NULL,NULL,'4c416f576765696c6e63316f326d3365','admin@admin.com','2005-08-30',NULL,'2005-08-30'),(2,'watsonm@pathology.wustl.edu','Mark','Watson',NULL,NULL,NULL,NULL,'504169573365436c6363386f','watsonm@pathology.wustl.edu',NULL,NULL,'2007-02-20'),(3,'rakesh@wustl.edu','Rakesh','Nagarajan',NULL,NULL,NULL,NULL,'444166573365596c7163346f','rakesh@wustl.edu',NULL,NULL,'2007-02-20'),(4,'jstone@pathology.wustl.edu','Janet','Stone',NULL,NULL,NULL,NULL,'594173573165446c7363356f','jstone@pathology.wustl.edu',NULL,NULL,'2007-02-20'),(5,'rmeyer@pathology.wustl.edu','Rekha','Meyer',NULL,NULL,NULL,NULL,'4f4178573365566c7163366f','rmeyer@pathology.wustl.edu',NULL,NULL,'2007-02-20'),(6,'schmandtlm@upmc.edu','Linda','Schmandt',NULL,NULL,NULL,NULL,'424162573265436c7163356f','schmandtlm@upmc.edu',NULL,NULL,'2007-02-20'),(7,'mirandal@uphs.upenn.edu','Lisa','Miranda',NULL,NULL,NULL,NULL,'5741625732654f6c7663346f','mirandal@uphs.upenn.edu',NULL,NULL,'2007-02-20'),(8,'Jack.London@mail.jci.tju.edu','Jack','London',NULL,NULL,NULL,NULL,'594163573965556c6363386f','Jack.London@mail.jci.tju.edu',NULL,NULL,'2007-02-20'),(9,'gschadow@regenstrief.org','Gunther','Schadow',NULL,NULL,NULL,NULL,'58416f573665416c7163376f','gschadow@regenstrief.org',NULL,NULL,'2007-02-20');
UNLOCK TABLES;
/*!40000 ALTER TABLE `csm_user` ENABLE KEYS */;

--
-- Table structure for table `csm_user_group`
--

DROP TABLE IF EXISTS `csm_user_group`;
CREATE TABLE `csm_user_group` (
  `USER_GROUP_ID` bigint(20) NOT NULL auto_increment,
  `USER_ID` bigint(20) NOT NULL default '0',
  `GROUP_ID` bigint(20) NOT NULL default '0',
  PRIMARY KEY  (`USER_GROUP_ID`),
  KEY `idx_USER_ID` (`USER_ID`),
  KEY `idx_GROUP_ID` (`GROUP_ID`),
  CONSTRAINT `csm_user_group_ibfk_1` FOREIGN KEY (`GROUP_ID`) REFERENCES `csm_group` (`GROUP_ID`) ON DELETE CASCADE,
  CONSTRAINT `csm_user_group_ibfk_2` FOREIGN KEY (`USER_ID`) REFERENCES `csm_user` (`USER_ID`) ON DELETE CASCADE
) ENGINE=InnoDB DEFAULT CHARSET=latin1;

--
-- Dumping data for table `csm_user_group`
--


/*!40000 ALTER TABLE `csm_user_group` DISABLE KEYS */;
LOCK TABLES `csm_user_group` WRITE;
INSERT INTO `csm_user_group` VALUES (1,1,1),(3,2,1),(4,2,5),(6,3,6),(7,3,2),(9,4,7),(10,4,3),(12,5,8),(13,5,3),(40,8,17),(41,8,4),(42,8,15),(43,8,11),(44,8,13),(45,9,12),(46,9,14),(47,9,4),(48,9,18),(49,9,16),(50,6,19),(51,6,4),(52,6,9),(53,7,4),(54,7,20),(55,7,10);
UNLOCK TABLES;
/*!40000 ALTER TABLE `csm_user_group` ENABLE KEYS */;

--
-- Table structure for table `csm_user_group_role_pg`
--

DROP TABLE IF EXISTS `csm_user_group_role_pg`;
CREATE TABLE `csm_user_group_role_pg` (
  `USER_GROUP_ROLE_PG_ID` bigint(20) NOT NULL auto_increment,
  `USER_ID` bigint(20) default NULL,
  `GROUP_ID` bigint(20) default NULL,
  `ROLE_ID` bigint(20) NOT NULL default '0',
  `PROTECTION_GROUP_ID` bigint(20) NOT NULL default '0',
  `UPDATE_DATE` date NOT NULL default '0000-00-00',
  PRIMARY KEY  (`USER_GROUP_ROLE_PG_ID`),
  KEY `idx_GROUP_ID` (`GROUP_ID`),
  KEY `idx_ROLE_ID` (`ROLE_ID`),
  KEY `idx_PROTECTION_GROUP_ID` (`PROTECTION_GROUP_ID`),
  KEY `idx_USER_ID` (`USER_ID`),
  CONSTRAINT `csm_user_group_role_pg_ibfk_1` FOREIGN KEY (`GROUP_ID`) REFERENCES `csm_group` (`GROUP_ID`) ON DELETE CASCADE,
  CONSTRAINT `csm_user_group_role_pg_ibfk_2` FOREIGN KEY (`PROTECTION_GROUP_ID`) REFERENCES `csm_protection_group` (`PROTECTION_GROUP_ID`) ON DELETE CASCADE,
  CONSTRAINT `csm_user_group_role_pg_ibfk_3` FOREIGN KEY (`ROLE_ID`) REFERENCES `csm_role` (`ROLE_ID`) ON DELETE CASCADE,
  CONSTRAINT `csm_user_group_role_pg_ibfk_4` FOREIGN KEY (`USER_ID`) REFERENCES `csm_user` (`USER_ID`) ON DELETE CASCADE
) ENGINE=InnoDB DEFAULT CHARSET=latin1;

--
-- Dumping data for table `csm_user_group_role_pg`
--


/*!40000 ALTER TABLE `csm_user_group_role_pg` DISABLE KEYS */;
LOCK TABLES `csm_user_group_role_pg` WRITE;
INSERT INTO `csm_user_group_role_pg` VALUES (3,NULL,4,5,1,'0000-00-00'),(4,NULL,1,1,1,'0000-00-00'),(5,NULL,1,1,2,'0000-00-00'),(6,NULL,1,1,3,'0000-00-00'),(7,NULL,1,1,4,'0000-00-00'),(8,NULL,1,1,5,'0000-00-00'),(9,NULL,1,1,6,'0000-00-00'),(10,NULL,1,1,7,'0000-00-00'),(11,NULL,1,1,8,'0000-00-00'),(12,NULL,1,1,9,'0000-00-00'),(13,NULL,1,1,10,'0000-00-00'),(14,NULL,1,1,11,'0000-00-00'),(15,NULL,1,1,12,'0000-00-00'),(16,NULL,1,1,13,'0000-00-00'),(17,NULL,1,1,14,'0000-00-00'),(18,NULL,1,1,15,'0000-00-00'),(19,NULL,1,1,16,'0000-00-00'),(20,NULL,1,1,17,'0000-00-00'),(21,NULL,1,1,18,'0000-00-00'),(22,NULL,1,1,19,'0000-00-00'),(23,NULL,1,1,20,'0000-00-00'),(24,NULL,1,1,21,'0000-00-00'),(25,NULL,1,1,22,'0000-00-00'),(26,NULL,1,1,23,'0000-00-00'),(27,NULL,2,1,2,'0000-00-00'),(28,NULL,2,1,3,'0000-00-00'),(29,NULL,2,1,13,'0000-00-00'),(30,NULL,2,1,14,'0000-00-00'),(31,NULL,2,1,15,'0000-00-00'),(32,NULL,2,1,16,'0000-00-00'),(33,NULL,2,1,22,'0000-00-00'),(34,NULL,2,1,23,'0000-00-00'),(35,NULL,2,2,1,'0000-00-00'),(36,NULL,2,2,7,'0000-00-00'),(37,NULL,2,2,8,'0000-00-00'),(38,NULL,2,2,11,'0000-00-00'),(39,NULL,2,2,12,'0000-00-00'),(40,NULL,2,2,18,'0000-00-00'),(41,NULL,2,2,19,'0000-00-00'),(42,NULL,2,2,5,'0000-00-00'),(43,NULL,2,2,6,'0000-00-00'),(44,NULL,2,2,9,'0000-00-00'),(45,NULL,2,2,10,'0000-00-00'),(46,NULL,2,2,21,'0000-00-00'),(47,NULL,3,3,3,'0000-00-00'),(48,NULL,3,3,15,'0000-00-00'),(49,NULL,3,3,16,'0000-00-00'),(50,NULL,3,3,19,'0000-00-00'),(51,NULL,3,5,1,'0000-00-00'),(52,NULL,3,5,2,'0000-00-00'),(53,NULL,3,5,8,'0000-00-00'),(54,NULL,3,5,12,'0000-00-00'),(55,NULL,3,5,14,'0000-00-00'),(56,NULL,3,5,21,'0000-00-00'),(57,NULL,3,5,22,'0000-00-00'),(58,NULL,3,6,5,'0000-00-00'),(59,NULL,3,6,9,'0000-00-00'),(60,NULL,3,6,10,'0000-00-00'),(61,NULL,4,5,2,'0000-00-00'),(62,NULL,4,5,3,'0000-00-00'),(63,NULL,4,5,5,'0000-00-00'),(64,NULL,4,5,6,'0000-00-00'),(65,NULL,4,5,8,'0000-00-00'),(66,NULL,4,5,10,'0000-00-00'),(67,NULL,4,5,14,'0000-00-00'),(68,NULL,4,5,16,'0000-00-00'),(69,NULL,4,5,20,'0000-00-00'),(70,NULL,1,1,24,'2005-08-24'),(71,NULL,2,2,24,'2005-08-24'),(72,NULL,3,3,24,'2005-08-24'),(73,NULL,4,9,24,'2005-08-24'),(74,NULL,2,2,20,'2006-01-18'),(102,NULL,4,11,44,'0000-00-00'),(103,NULL,5,8,45,'2007-02-20'),(104,NULL,6,8,46,'2007-02-20'),(105,NULL,7,8,47,'2007-02-20'),(106,NULL,8,8,48,'2007-02-20'),(107,NULL,9,8,49,'2007-02-20'),(108,NULL,10,8,50,'2007-02-20'),(109,NULL,11,8,51,'2007-02-20'),(110,NULL,12,8,52,'2007-02-20'),(111,NULL,13,4,53,'2007-02-20'),(112,NULL,14,5,53,'2007-02-20'),(113,NULL,15,4,54,'2007-02-20'),(114,NULL,16,5,54,'2007-02-20'),(115,NULL,17,4,55,'2007-02-20'),(116,NULL,18,5,55,'2007-02-20'),(117,NULL,19,4,56,'2007-02-20'),(118,NULL,20,4,57,'2007-02-20');
UNLOCK TABLES;
/*!40000 ALTER TABLE `csm_user_group_role_pg` ENABLE KEYS */;

--
-- Table structure for table `csm_user_pe`
--

DROP TABLE IF EXISTS `csm_user_pe`;
CREATE TABLE `csm_user_pe` (
  `USER_PROTECTION_ELEMENT_ID` bigint(20) NOT NULL auto_increment,
  `PROTECTION_ELEMENT_ID` bigint(20) NOT NULL default '0',
  `USER_ID` bigint(20) NOT NULL default '0',
  `UPDATE_DATE` date NOT NULL default '0000-00-00',
  PRIMARY KEY  (`USER_PROTECTION_ELEMENT_ID`),
  UNIQUE KEY `UQ_USER_PROTECTION_ELEMENT_PROTECTION_ELEMENT_ID` (`USER_ID`,`PROTECTION_ELEMENT_ID`),
  KEY `idx_USER_ID` (`USER_ID`),
  KEY `idx_PROTECTION_ELEMENT_ID` (`PROTECTION_ELEMENT_ID`),
  CONSTRAINT `csm_user_pe_ibfk_1` FOREIGN KEY (`USER_ID`) REFERENCES `csm_user` (`USER_ID`) ON DELETE CASCADE,
  CONSTRAINT `csm_user_pe_ibfk_2` FOREIGN KEY (`PROTECTION_ELEMENT_ID`) REFERENCES `csm_protection_element` (`PROTECTION_ELEMENT_ID`) ON DELETE CASCADE
) ENGINE=InnoDB DEFAULT CHARSET=latin1;

--
-- Dumping data for table `csm_user_pe`
--


/*!40000 ALTER TABLE `csm_user_pe` DISABLE KEYS */;
LOCK TABLES `csm_user_pe` WRITE;
UNLOCK TABLES;
/*!40000 ALTER TABLE `csm_user_pe` ENABLE KEYS */;

--
-- Table structure for table `de_coll_attr_record_values`
--

DROP TABLE IF EXISTS `de_coll_attr_record_values`;
CREATE TABLE `de_coll_attr_record_values` (
  `IDENTIFIER` bigint(20) NOT NULL auto_increment,
  `RECORD_VALUE` text,
  `COLLECTION_ATTR_RECORD_ID` bigint(20) default NULL,
  PRIMARY KEY  (`IDENTIFIER`),
  KEY `FK847DA577355836BC` (`COLLECTION_ATTR_RECORD_ID`),
  CONSTRAINT `FK847DA577355836BC` FOREIGN KEY (`COLLECTION_ATTR_RECORD_ID`) REFERENCES `dyextn_attribute_record` (`IDENTIFIER`)
) ENGINE=InnoDB DEFAULT CHARSET=latin1;

--
-- Dumping data for table `de_coll_attr_record_values`
--


/*!40000 ALTER TABLE `de_coll_attr_record_values` DISABLE KEYS */;
LOCK TABLES `de_coll_attr_record_values` WRITE;
UNLOCK TABLES;
/*!40000 ALTER TABLE `de_coll_attr_record_values` ENABLE KEYS */;

--
-- Table structure for table `de_file_attr_record_values`
--

DROP TABLE IF EXISTS `de_file_attr_record_values`;
CREATE TABLE `de_file_attr_record_values` (
  `IDENTIFIER` bigint(20) NOT NULL auto_increment,
  `CONTENT_TYPE` varchar(255) default NULL,
  `FILE_CONTENT` blob,
  `FILE_NAME` varchar(255) default NULL,
  `RECORD_ID` bigint(20) default NULL,
  PRIMARY KEY  (`IDENTIFIER`),
  KEY `FKE68334E7E150DFC9` (`RECORD_ID`),
  CONSTRAINT `FKE68334E7E150DFC9` FOREIGN KEY (`RECORD_ID`) REFERENCES `dyextn_attribute_record` (`IDENTIFIER`)
) ENGINE=InnoDB DEFAULT CHARSET=latin1;

--
-- Dumping data for table `de_file_attr_record_values`
--


/*!40000 ALTER TABLE `de_file_attr_record_values` DISABLE KEYS */;
LOCK TABLES `de_file_attr_record_values` WRITE;
UNLOCK TABLES;
/*!40000 ALTER TABLE `de_file_attr_record_values` ENABLE KEYS */;

--
-- Table structure for table `dyextn_abstract_metadata`
--

DROP TABLE IF EXISTS `dyextn_abstract_metadata`;
CREATE TABLE `dyextn_abstract_metadata` (
  `IDENTIFIER` bigint(20) NOT NULL auto_increment,
  `CREATED_DATE` date default NULL,
  `DESCRIPTION` text,
  `LAST_UPDATED` date default NULL,
  `NAME` text,
  PRIMARY KEY  (`IDENTIFIER`)
) ENGINE=InnoDB DEFAULT CHARSET=latin1;

--
-- Dumping data for table `dyextn_abstract_metadata`
--


/*!40000 ALTER TABLE `dyextn_abstract_metadata` DISABLE KEYS */;
LOCK TABLES `dyextn_abstract_metadata` WRITE;
INSERT INTO `dyextn_abstract_metadata` VALUES (1,'2007-02-07','caTissue Core is informatics system that keeps track of multiple specimens from the same participant, tracks refined materials (RNA, DNA, Protein) that are used for molecular analysis, and annotate biospecimens with accumulating experimental data, as they are successively used for clinical correlative studies. caTissue Core also helps in reducing the evolving functional complexity of the biospecimen banks in collecting, processing, storing, and distribution of human specimens for correlative science cancer research.','2007-02-07','caTissue_Core'),(2,'2007-02-07','Attributes associated with the collection event of a specimen from participant','2007-02-08','edu.wustl.catissuecore.domain.CollectionEventParameters'),(3,NULL,'Method of specimen collection from participant (e.g. needle biopsy, central venous line, bone marrow aspiration)',NULL,'collectionProcedure'),(4,NULL,'',NULL,'id'),(5,NULL,'Container type in which specimen is collected (e.g. clot tube, KEDTA, ACD, sterile specimen cup)',NULL,'container'),(6,NULL,'',NULL,'timestamp'),(7,NULL,'',NULL,'comments'),(8,'2007-02-07','A detailed log of query entered by user.Queries which are used to fetch the data will be stored here only.','2007-02-07','edu.wustl.catissuecore.domain.AuditEventQueryLog'),(9,NULL,'System Generated Unique Identifier',NULL,'id'),(10,NULL,'Query details enetered by user stored as log details',NULL,'queryDetails'),(11,'2007-02-07','Attributes associated with a customized procedure that is applied on a specimen to process it','2007-02-08','edu.wustl.catissuecore.domain.ProcedureEventParameters'),(12,NULL,'',NULL,'comments'),(13,NULL,'URL to the document that describes detail information of customized process.',NULL,'url'),(14,NULL,'Name of the customized procedure.',NULL,'name'),(15,NULL,'',NULL,'timestamp'),(16,NULL,'',NULL,'id'),(17,'2007-02-07','A set of attributes that defines the physical location of a User or Site','2007-02-08','edu.wustl.catissuecore.domain.Address'),(18,NULL,'Multi-Line street address.',NULL,'street'),(19,NULL,'Zip code',NULL,'zipCode'),(20,NULL,'Fax number',NULL,'faxNumber'),(21,NULL,'State',NULL,'state'),(22,NULL,'City',NULL,'city'),(23,NULL,'Phone number',NULL,'phoneNumber'),(24,NULL,'Country',NULL,'country'),(25,'2007-02-07','Represents a group of specimens collected from the same participant in the same accession event.','2007-02-08','edu.wustl.catissuecore.domain.SpecimenCollectionGroup'),(26,NULL,'User defined name associated with the specimen collection group',NULL,'name'),(27,NULL,'The clinical status of the participant at the time of specimen collection. (e.g. New DX, pre-RX, pre-OP, post-OP, remission, relapse)',NULL,'clinicalStatus'),(28,NULL,'Participant\'s clinical diagnosis at this collection event (e.g. Prostate Adenocarcinoma).',NULL,'clinicalDiagnosis'),(29,NULL,'Defines whether this record can be queried (Active) or not queried (Inactive) by any actor.',NULL,'activityStatus'),(30,NULL,'',NULL,'id'),(31,'2007-02-07','A set of procedures that govern the collection and/or distribution of biospecimens','2007-02-08','edu.wustl.catissuecore.domain.SpecimenProtocol'),(32,NULL,'IRB approval number.',NULL,'irbIdentifier'),(33,NULL,'Defines whether this SpecimenProtocol record can be queried (Active) or not queried (Inactive) by any actor',NULL,'activityStatus'),(34,NULL,'Full title assigned to the protocol',NULL,'title'),(35,NULL,'URL to the document that describes detailed information for the biospecimen protocol.',NULL,'descriptionURL'),(36,NULL,'Date on which the protocol is marked as closed.',NULL,'endDate'),(37,NULL,'Date on which the protocol is activated.',NULL,'startDate'),(38,NULL,'Number of anticipated cases need for the protocol.',NULL,'enrollment'),(39,NULL,'Abbreviated title assigned to the protocol',NULL,'shortTitle'),(40,NULL,'',NULL,'id'),(41,'2007-02-07','Attributes associated with a review event of a fluid specimen.','2007-02-08','edu.wustl.catissuecore.domain.FluidSpecimenReviewEventParameters'),(42,NULL,'Number of cell present in fluid specimen.',NULL,'cellCount'),(43,NULL,'',NULL,'id'),(44,NULL,'',NULL,'comments'),(45,NULL,'',NULL,'timestamp'),(46,'2007-02-07','Attributes associated with a review event of a cell specimen','2007-02-08','edu.wustl.catissuecore.domain.CellSpecimenReviewParameters'),(47,NULL,'',NULL,'comments'),(48,NULL,'Percentage of histologically evident neoplastic cells present in the specimen.',NULL,'neoplasticCellularityPercentage'),(49,NULL,'',NULL,'timestamp'),(50,NULL,'',NULL,'id'),(51,NULL,'Percentage of viable cells in the specimen.',NULL,'viableCellPercentage'),(52,'2007-02-07','Quantity measures in milliliters','2007-02-07','edu.wustl.catissuecore.domain.QuantityInMilliliter'),(53,NULL,'value of quantity',NULL,'value'),(54,NULL,'',NULL,'id'),(55,'2007-02-07','An institution to which a user belongs to.','2007-02-08','edu.wustl.catissuecore.domain.Institution'),(56,NULL,'Name of the Institution.',NULL,'name'),(57,NULL,'',NULL,'id'),(58,'2007-02-07','Defines a template for a storage container. The template can be used to define multiple storage containers.','2007-02-08','edu.wustl.catissuecore.domain.StorageType'),(59,NULL,'',NULL,'comment'),(60,NULL,'Intended temperature of the storage container template.',NULL,'defaultTempratureInCentigrade'),(61,NULL,'',NULL,'activityStatus'),(62,NULL,'',NULL,'name'),(63,'2007-02-07','A molecular derivative (I.e. RNA / DNA / Protein Lysate) obtained from a specimen.','2007-02-08','edu.wustl.catissuecore.domain.MolecularSpecimen'),(64,NULL,'Concentration of liquid molecular specimen measured in microgram per microlitter.',NULL,'concentrationInMicrogramPerMicroliter'),(65,NULL,'',NULL,'pathologicalStatus'),(66,NULL,'',NULL,'barcode'),(67,NULL,'',NULL,'label'),(68,NULL,'',NULL,'id'),(69,NULL,'',NULL,'type'),(70,NULL,'',NULL,'available'),(71,NULL,'',NULL,'comment'),(72,NULL,'',NULL,'positionDimensionOne'),(73,NULL,'',NULL,'positionDimensionTwo'),(74,NULL,'',NULL,'lineage'),(75,NULL,'',NULL,'activityStatus'),(76,'2007-02-07','A pre-existing, externally defined identifier associated with a specimen.','2007-02-08','edu.wustl.catissuecore.domain.ExternalIdentifier'),(77,NULL,'Name of the legacy identifier.',NULL,'name'),(78,NULL,'Value of the legacy identifier.',NULL,'value'),(79,'2007-02-07','Attributes associated with an AuditEvent','2007-02-07','edu.wustl.catissuecore.domain.AuditEventDetails'),(80,NULL,'Value of the attribute before change.',NULL,'previousValue'),(81,NULL,'Attribute name on which event is performed.',NULL,'elementName'),(82,NULL,'Value of the attribute after change.',NULL,'currentValue'),(83,'2007-02-07','Quantity measures in grams','2007-02-07','edu.wustl.catissuecore.domain.QuantityInGram'),(84,NULL,'',NULL,'id'),(85,NULL,'value of quantity',NULL,'value'),(86,'2007-02-07','Capacity defined for a storage container','2007-02-08','edu.wustl.catissuecore.domain.Capacity'),(87,NULL,'',NULL,'id'),(88,NULL,'Number of objects that can be stored in dimension one.',NULL,'oneDimensionCapacity'),(89,NULL,'Number of objects that can be stored in dimension two.',NULL,'twoDimensionCapacity'),(90,'2007-02-07','Acollection of scientist and/or clinician users with a common research objective related to biospecimen collection and utilization','2007-02-08','edu.wustl.catissuecore.domain.CancerResearchGroup'),(91,NULL,'Name of the cancer research group.',NULL,'name'),(92,NULL,'',NULL,'id'),(93,'2007-02-07','Parameters/information required to capture in any event performed on a specimen','2007-02-08','edu.wustl.catissuecore.domain.SpunEventParameters'),(94,NULL,'',NULL,'comments'),(95,NULL,'Rotational force applied to specimen.',NULL,'gForce'),(96,NULL,'',NULL,'timestamp'),(97,NULL,'',NULL,'id'),(98,NULL,'Duration for which specimen is spun.',NULL,'durationInMinutes'),(99,'2007-02-07','Attributes associated with a review event of a tissue specimen','2007-02-08','edu.wustl.catissuecore.domain.TissueSpecimenReviewEventParameters'),(100,NULL,'Histological Quality of the specimen.',NULL,'histologicalQuality'),(101,NULL,'',NULL,'timestamp'),(102,NULL,'Percentage of specimen that is histologically necrotic.',NULL,'necrosisPercentage'),(103,NULL,'',NULL,'id'),(104,NULL,'Percentage of total cellularity of the specimen.  Note that TOTCELL-NEOCELL-LYMPHCELL= % cellularity of other stromal, etc. cell types.  Also Note that 100-TOTCELL-NECROSIS= % of tissue containing a cellular material',NULL,'totalCellularityPercentage'),(105,NULL,'Percentage of histologically evident lymphocytes in the tissue specimen.',NULL,'lymphocyticPercentage'),(106,NULL,'Percentage of histologically evident neoplastic cells present in the tissue specimen.',NULL,'neoplasticCellularityPercentage'),(107,NULL,'',NULL,'comments'),(108,'2007-02-07','A physical location associated with biospecimen collection, storage, processing, or utilization','2007-02-08','edu.wustl.catissuecore.domain.Site'),(109,NULL,'Function of the site (e.g. Collection site, repository, or laboratory)',NULL,'type'),(110,NULL,'Name of the physical location.',NULL,'name'),(111,NULL,'Defines whether this Site record can be queried (Active) or not queried (Inactive) by any actor.',NULL,'activityStatus'),(112,NULL,'Email address of the site.',NULL,'emailAddress'),(113,NULL,'',NULL,'id'),(114,'2007-02-07','Attributes associated with a review event of a molecular specimen.','2007-02-08','edu.wustl.catissuecore.domain.MolecularSpecimenReviewParameters'),(115,NULL,'A number corresponding to the gel on which the specimen was analyzed for QA purposes.',NULL,'gelNumber'),(116,NULL,'',NULL,'id'),(117,NULL,'',NULL,'comments'),(118,NULL,'A normalized quality score that indicates the integrity of the specimen.',NULL,'qualityIndex'),(119,NULL,' A unit less ratio of the full-length 28S to 18S ribosomal RNA mass that is detected in a mammalian cellular RNA sample.',NULL,'ratio28STo18S'),(120,NULL,'Absorbance of the specimen at 260 nanometers.',NULL,'absorbanceAt260'),(121,NULL,'The lane number within the electrophoretic gel image that corresponds to the specimen.',NULL,'laneNumber'),(122,NULL,'A reference to the location of an electrophoretic gel image of the specimen.',NULL,'gelImageURL'),(123,NULL,'',NULL,'timestamp'),(124,NULL,'Absorbance of the specimen at 280 nanometers.',NULL,'absorbanceAt280'),(125,'2007-02-07','An attribute of a specimen that renders it potentially harmful to a user','2007-02-08','edu.wustl.catissuecore.domain.Biohazard'),(126,NULL,'Name of the biohazardous agent.',NULL,'name'),(127,NULL,'Comments about the biohazard.',NULL,'comments'),(128,NULL,'Type of biohazard (Infectious, Radioactive, Toxic, Carcinogen, Mutagen).',NULL,'type'),(129,'2007-02-07','A medical record identification number that refers to a Participant','2007-02-08','edu.wustl.catissuecore.domain.ParticipantMedicalIdentifier'),(130,NULL,'Participant\'s medical record number used in their medical treatment.',NULL,'medicalRecordNumber'),(131,NULL,'',NULL,'id'),(132,'2007-02-07','Quantity measures as cell count','2007-02-07','edu.wustl.catissuecore.domain.QuantityInCount'),(133,NULL,'',NULL,'id'),(134,NULL,'value of quantity',NULL,'value'),(135,'2007-02-07','A registration of a Participant to a Collection Protocol','2007-02-08','edu.wustl.catissuecore.domain.CollectionProtocolRegistration'),(136,NULL,'Date on which the Participant is registered to the Collection Protocol.',NULL,'consentSignatureDate'),(137,NULL,'Signed consent document',NULL,'signedConsentDocumentURL'),(138,NULL,'',NULL,'id'),(139,'2007-02-07','An entity that defines the contents of a specimen array. It represents what all and how different specimens are arranged in a specimen array.','2007-02-08','edu.wustl.catissuecore.domain.SpecimenArrayContent'),(140,NULL,'Concentration of liquid molecular specimen in the array measured in microgram per microlitter.',NULL,'concentrationInMicrogramPerMicroliter'),(141,NULL,'Reference to dimensional position two, of the specimen in a two dimensional specimen array.',NULL,'positionDimensionTwo'),(142,NULL,'',NULL,'id'),(143,NULL,'Reference to dimensional position one, of the specimen in a two dimensional specimen array.',NULL,'positionDimensionOne'),(144,'2007-02-07','Represent the point of time at which one or more specimens are collected from a participant with respect to the collection protocol.','2007-02-08','edu.wustl.catissuecore.domain.CollectionProtocolEvent'),(145,NULL,'Defines the required clinical status of the participant at the time of specimen collection. e.g. Pre-Op, Post-op, Pre-RX etc.',NULL,'clinicalStatus'),(146,NULL,'Defines the relative time point in days, with respect to the registration date of participant on this protocol, when the specimen should be collected from participant.',NULL,'studyCalendarEventPoint'),(147,'2007-02-07','Defines a template for a specimen array. The template can be used to define multiple SpecimenArray.','2007-02-08','edu.wustl.catissuecore.domain.SpecimenArrayType'),(148,NULL,'',NULL,'oneDimensionLabel'),(149,NULL,'',NULL,'activityStatus'),(150,NULL,'',NULL,'name'),(151,NULL,'',NULL,'twoDimensionLabel'),(152,NULL,'',NULL,'comment'),(153,NULL,'',NULL,'id'),(154,NULL,'Defines the class of specimens that an array can hold. E.g. Molecular, Tissue, Fluid or Cell.',NULL,'specimenClass'),(155,'2007-02-07','Sample can be used as an input for analysis inside LIMS. Sample can be also produced as a result of analysis.  ','2007-02-08','edu.wustl.catissuecore.domain.Specimen'),(156,NULL,'Barcode assigned to the specimen.',NULL,'barcode'),(157,NULL,'Shows specimen\'s heredity status e.g. Original, Derivative, Aliquot',NULL,'lineage'),(158,NULL,'Defines whether this Specimen record can be queried (Active) or not queried (Inactive) by any actor',NULL,'activityStatus'),(159,NULL,'Is this specimen still physically available in the tissue bank?',NULL,'available'),(160,NULL,'Comments on specimen.',NULL,'comments'),(161,NULL,'Human readable unique label/name assigned to specimen.',NULL,'label'),(162,NULL,'Reference to dimensional position two of the specimen in Storage Container.',NULL,'positionDimensionTwo'),(163,NULL,'Histopathological character of the specimen e.g. Non-Malignant, Malignant, Non-Malignant Diseased, Pre-Malignant.',NULL,'pathologicalStatus'),(164,NULL,'Reference to dimensional position one of the specimen in Storage Container.',NULL,'positionDimensionOne'),(165,NULL,'Type of specimen. e.g. Serum, Plasma, Blood, Fresh Tissue etc.',NULL,'type'),(166,NULL,'',NULL,'id'),(167,'2007-02-07','A binary event to indicate whether a specimen has been removed from or returned to its recorded storage location','2007-02-08','edu.wustl.catissuecore.domain.CheckInCheckOutEventParameter'),(168,NULL,'',NULL,'comments'),(169,NULL,'Type of the movement e.g. Check-in or Check-out.',NULL,'storageStatus'),(170,NULL,'',NULL,'timestamp'),(171,NULL,'',NULL,'id'),(172,'2007-02-07','Attributes associated with a specific specimen event','2007-02-08','edu.wustl.catissuecore.domain.SpecimenEventParameters'),(173,NULL,'',NULL,'id'),(174,NULL,'Text comments on event.',NULL,'comments'),(175,NULL,'Date and time of the event.',NULL,'timestamp'),(176,'2007-02-07','The combined anatomic state of a specimen','2007-02-08','edu.wustl.catissuecore.domain.SpecimenCharacteristics'),(177,NULL,'For bilateral sites, left or right',NULL,'tissueSide'),(178,NULL,'The anatomical site from which a specimen is derived.',NULL,'tissueSite'),(179,'2007-02-07','A person who interacts with the system and/or involved in the process of biospecimen collection, processing, or utilization','2007-02-08','edu.wustl.catissuecore.domain.User'),(180,NULL,'Defines whether the user record can be queried (Active) or not queried (Inactive) by any actor',NULL,'activityStatus'),(181,NULL,'Comments given by the approver.',NULL,'comments'),(182,NULL,'Login name for login into the system',NULL,'loginName'),(183,NULL,'Date, on which user was added to the system',NULL,'startDate'),(184,NULL,'Email address of the user',NULL,'emailAddress'),(185,NULL,'First Name of the User',NULL,'firstName'),(186,NULL,'Common Security Module linking attribute',NULL,'csmUserId'),(187,NULL,'Last name of the User',NULL,'lastName'),(188,NULL,'',NULL,'id'),(189,'2007-02-07','Attributes associated with a fixation event of a specimen.','2007-02-08','edu.wustl.catissuecore.domain.FixedEventParameters'),(190,NULL,'Duration, measured in minutes, for which fixation is performed on specimen.',NULL,'durationInMinutes'),(191,NULL,'',NULL,'comments'),(192,NULL,'Type of the fixation.',NULL,'fixationType'),(193,NULL,'',NULL,'timestamp'),(194,NULL,'',NULL,'id'),(195,'2007-02-07','A department to which a user belongs to','2007-02-08','edu.wustl.catissuecore.domain.Department'),(196,NULL,'Name of the department',NULL,'name'),(197,NULL,'',NULL,'id'),(198,'2007-02-07','A collection of specimens arranged in an ordered pattern.  ','2007-02-08','edu.wustl.catissuecore.domain.SpecimenArray'),(199,NULL,'',NULL,'id'),(200,NULL,'Whether this specimen array is available for distribution or any other purpose.',NULL,'available'),(201,NULL,'',NULL,'comment'),(202,NULL,'',NULL,'positionDimensionOne'),(203,NULL,'',NULL,'activityStatus'),(204,NULL,'',NULL,'positionDimensionTwo'),(205,NULL,'',NULL,'name'),(206,NULL,'',NULL,'barcode'),(207,NULL,'',NULL,'full'),(208,'2007-02-07','A detailed log of an audit event, as in one audit event multiple software objects/entities can be modified. AuditEventLog captures the changes with one software object/entity.','2007-02-07','edu.wustl.catissuecore.domain.AuditEventLog'),(209,NULL,'Name of the software object/entity in the system for which changes are tracked in the AuditEventLog.',NULL,'objectName'),(210,NULL,'Identifier of the software object/entity, available in the system, for which changes are tracked in the AuditEventLog.',NULL,'objectIdentifier'),(211,NULL,'Type of the event e.g. Add, edit, delete.',NULL,'eventType'),(212,'2007-02-07','A detailed log of an auditEventLog, AuditEventDetails captures the changes with one attribute of software object/entity.','2007-02-07','edu.wustl.catissuecore.domain.AuditEvent'),(213,NULL,'User id who performed the changes in the system.',NULL,'userId'),(214,NULL,'',NULL,'id'),(215,NULL,'Date and time of the event.',NULL,'timestamp'),(216,NULL,'IP address or domain name of the computer system from which the event is performed.',NULL,'ipAddress'),(217,'2007-02-07','This class maintains all the passwords corresponding to a user','2007-02-08','edu.wustl.catissuecore.domain.Password'),(218,NULL,'Date on which this password was set',NULL,'updateDate'),(219,NULL,'',NULL,'id'),(220,NULL,'Password for login into the system',NULL,'password'),(221,'2007-02-07','An individual from whom a specimen is collected','2007-02-08','edu.wustl.catissuecore.domain.Participant'),(222,NULL,'Patient\'s ethnicity status.',NULL,'ethnicity'),(223,NULL,'Birth date of participant.',NULL,'birthDate'),(224,NULL,'Middle name of the participant.',NULL,'middleName'),(225,NULL,'Vital status (Alive, Dead, Unknown) of the participant.',NULL,'vitalStatus'),(226,NULL,'First name of the participant.',NULL,'firstName'),(227,NULL,'The genetic constitution of the individual; the characterization of the genes. XX Genotype, XY Genotype etc.',NULL,'sexGenotype'),(228,NULL,'Death date of participant.',NULL,'deathDate'),(229,NULL,'Defines whether this participant record can be queried (Active) or not queried (Inactive) by any actor',NULL,'activityStatus'),(230,NULL,'Social Security Number of participant.',NULL,'socialSecurityNumber'),(231,NULL,'The assemblage of properties that distinguish people on the basis of their societal roles. e.g. Male, Female',NULL,'gender'),(232,NULL,'Last name of the participant.',NULL,'lastName'),(233,NULL,'',NULL,'id'),(234,'2007-02-07','Attributes associated with moving specimen from one storage location to another','2007-02-08','edu.wustl.catissuecore.domain.TransferEventParameters'),(235,NULL,'Reference to dimensional position two of the specimen in new storage container after transfer.',NULL,'toPositionDimensionTwo'),(236,NULL,'',NULL,'comments'),(237,NULL,'Reference to dimensional position one of the specimen in previous storage container before transfer.',NULL,'fromPositionDimensionOne'),(238,NULL,'',NULL,'id'),(239,NULL,'',NULL,'timestamp'),(240,NULL,'Reference to dimensional position two of the specimen in previous storage container before transfer.',NULL,'fromPositionDimensionTwo'),(241,NULL,'Reference to dimensional position one of the specimen in new storage container after transfer.',NULL,'toPositionDimensionOne'),(242,'2007-02-07','A set of written procedures that describe how a biospecimen is prospectively collected from a participant.','2007-02-08','edu.wustl.catissuecore.domain.CollectionProtocol'),(243,NULL,'',NULL,'startDate'),(244,NULL,'',NULL,'title'),(245,NULL,'Check whether all aliquotes in specimens which belong to that CP in same container or not.',NULL,'aliquotInSameContainer'),(246,NULL,'',NULL,'enrollment'),(247,NULL,'',NULL,'irbIdentifier'),(248,NULL,'',NULL,'endDate'),(249,NULL,'',NULL,'shortTitle'),(250,NULL,'',NULL,'descriptionURL'),(251,NULL,'',NULL,'id'),(252,NULL,'',NULL,'activityStatus'),(253,'2007-02-07','Base class for defining all domain objects in the system.','2007-02-07','edu.wustl.catissuecore.domain.AbstractDomainObject'),(254,NULL,'System generated unique identifier.',NULL,'id'),(255,'2007-02-07','Attributes associated with the received event of a specimen','2007-02-08','edu.wustl.catissuecore.domain.ReceivedEventParameters'),(256,NULL,'Grossly evaluated quality of the received specimen.',NULL,'receivedQuality'),(257,NULL,'',NULL,'id'),(258,NULL,'',NULL,'timestamp'),(259,NULL,'',NULL,'comments'),(260,'2007-02-07','An event that results in transfer of a specimen from a repository to a laboratory or another repository','2007-02-08','edu.wustl.catissuecore.domain.Distribution'),(261,NULL,'Defines whether this distribution can be queried (Active) or not queried (Inactive) by any actor',NULL,'activityStatus'),(262,NULL,'',NULL,'id'),(263,NULL,'Text comments on event',NULL,'comments'),(264,NULL,'Date and time of the distribution',NULL,'timestamp'),(265,'2007-02-07','Quantity measures as microgram','2007-02-07','edu.wustl.catissuecore.domain.QuantityInMicrogram'),(266,NULL,'',NULL,'id'),(267,NULL,'value of quantity',NULL,'value'),(268,'2007-02-07','Attributes related to disposal event of a specimen','2007-02-08','edu.wustl.catissuecore.domain.DisposalEventParameters'),(269,NULL,'',NULL,'id'),(270,NULL,'The reason for which the specimen is disposed.',NULL,'reason'),(271,NULL,'',NULL,'timestamp'),(272,NULL,'',NULL,'comments'),(273,'2007-02-07','A clinical report associated with the participant at the time of the SpecimenCollection Group receipt','2007-02-08','edu.wustl.catissuecore.domain.ClinicalReport'),(274,NULL,'Hospital surgical pathology number associated with the current specimen collection group.',NULL,'surgicalPathologyNumber'),(275,'2007-02-07','Represents the required properties of a specimen while collecting and distributing it. SpecimenRequirement are defined in collection and distribution protocol.','2007-02-08','edu.wustl.catissuecore.domain.SpecimenRequirement'),(276,NULL,'Histopathological character of the specimen required at the time of collection/distribution. e.g. Non-Malignant, Malignant, Non-Malignant Diseased, Pre-Malignant.',NULL,'pathologyStatus'),(277,NULL,'Type of the specimen required. e.g. Serum, Plasma, Blood, Fresh Tissue etc.',NULL,'specimenType'),(278,NULL,'Anatomic site from which the specimen should be derived.',NULL,'tissueSite'),(279,NULL,'Required type of the specimen e.g. Tissue, Molecular, Fluid or Cell.',NULL,'specimenClass'),(280,'2007-02-07','A physically discreet container that is used to store a specimen  e.g. Box, Freezer etc','2007-02-08','edu.wustl.catissuecore.domain.StorageContainer'),(281,NULL,'',NULL,'comment'),(282,NULL,'',NULL,'full'),(283,NULL,'',NULL,'activityStatus'),(284,NULL,'Intended temperature of the storage container.',NULL,'tempratureInCentigrade'),(285,'2007-02-07','','2007-02-08','edu.wustl.catissuecore.domain.Container'),(286,NULL,'Activity status of the container.',NULL,'activityStatus'),(287,NULL,'Reference to dimensional position one of the container in its two dimensional parent container.',NULL,'positionDimensionOne'),(288,NULL,'A written explanation about container.',NULL,'comment'),(289,NULL,'A machine-readable unique name/information assigned to the container.',NULL,'barcode'),(290,NULL,'Is no space available in the container to store more specimens?',NULL,'full'),(291,NULL,'',NULL,'id'),(292,NULL,'Reference to dimensional position two of the container in its two dimensional parent container.',NULL,'positionDimensionTwo'),(293,NULL,'A human readable unique name assigned to the container.',NULL,'name'),(294,'2007-02-07','Attributes associated with an embedding event of a specimen.','2007-02-08','edu.wustl.catissuecore.domain.EmbeddedEventParameters'),(295,NULL,'',NULL,'comments'),(296,NULL,'',NULL,'timestamp'),(297,NULL,'',NULL,'id'),(298,NULL,'Type of medium in which specimen is embedded.',NULL,'embeddingMedium'),(299,'2007-02-07','Attributes associated with a freezing event of a specimen.','2007-02-08','edu.wustl.catissuecore.domain.FrozenEventParameters'),(300,NULL,'',NULL,'comments'),(301,NULL,'',NULL,'id'),(302,NULL,'Method applied on specimen to freeze it.',NULL,'method'),(303,NULL,'',NULL,'timestamp'),(304,'2007-02-07','A generic term which defines the template for different container types.','2007-02-08','edu.wustl.catissuecore.domain.ContainerType'),(305,NULL,'A human readable unique name assigned to container type.',NULL,'name'),(306,NULL,'Defines whether this continerType record can be queried (Active) or not queried (Inactive) by any actor',NULL,'activityStatus'),(307,NULL,'Human understandable name assigned to dimension two.',NULL,'twoDimensionLabel'),(308,NULL,'',NULL,'id'),(309,NULL,'A written explanation about the container type.',NULL,'comment'),(310,NULL,'Human understandable name assigned to dimension one.',NULL,'oneDimensionLabel'),(311,'2007-02-07','An abbreviated set of written procedures that describe how a previously collected specimen will be utilized.  Note that specimen may be collected with one collection protocol and then later utilized by multiple different studies (Distribution protocol).','2007-02-08','edu.wustl.catissuecore.domain.DistributionProtocol'),(312,NULL,'',NULL,'irbIdentifier'),(313,NULL,'',NULL,'endDate'),(314,NULL,'',NULL,'activityStatus'),(315,NULL,'',NULL,'enrollment'),(316,NULL,'',NULL,'startDate'),(317,NULL,'',NULL,'descriptionURL'),(318,NULL,'',NULL,'title'),(319,NULL,'',NULL,'shortTitle'),(320,NULL,'',NULL,'id'),(321,'2007-02-07','A single unit of tissue specimen that is collected or created from a participant','2007-02-08','edu.wustl.catissuecore.domain.TissueSpecimen'),(322,NULL,'',NULL,'barcode'),(323,NULL,'',NULL,'pathologicalStatus'),(324,NULL,'',NULL,'positionDimensionOne'),(325,NULL,'',NULL,'available'),(326,NULL,'',NULL,'label'),(327,NULL,'',NULL,'id'),(328,NULL,'',NULL,'comment'),(329,NULL,'',NULL,'type'),(330,NULL,'',NULL,'lineage'),(331,NULL,'',NULL,'positionDimensionTwo'),(332,NULL,'',NULL,'activityStatus'),(333,'2007-02-07','Attributes associated with a thawing event of a specimen','2007-02-08','edu.wustl.catissuecore.domain.ThawEventParameters'),(334,NULL,'',NULL,'id'),(335,NULL,'',NULL,'timestamp'),(336,NULL,'',NULL,'comments'),(337,'2007-02-07','A biospecimen composed ofpurified single cells not in the context of a tissue or other biospecimen fluid','2007-02-08','edu.wustl.catissuecore.domain.CellSpecimen'),(338,NULL,'',NULL,'comment'),(339,NULL,'',NULL,'lineage'),(340,NULL,'',NULL,'available'),(341,NULL,'',NULL,'pathologicalStatus'),(342,NULL,'',NULL,'positionDimensionOne'),(343,NULL,'',NULL,'label'),(344,NULL,'',NULL,'activityStatus'),(345,NULL,'',NULL,'type'),(346,NULL,'',NULL,'id'),(347,NULL,'',NULL,'barcode'),(348,NULL,'',NULL,'positionDimensionTwo'),(349,'2007-02-07','A single unit of bodily fluid specimen that is collected or created from a Participant.','2007-02-08','edu.wustl.catissuecore.domain.FluidSpecimen'),(350,NULL,'',NULL,'barcode'),(351,NULL,'',NULL,'activityStatus'),(352,NULL,'',NULL,'pathologicalStatus'),(353,NULL,'',NULL,'available'),(354,NULL,'',NULL,'positionDimensionTwo'),(355,NULL,'',NULL,'label'),(356,NULL,'',NULL,'comment'),(357,NULL,'',NULL,'id'),(358,NULL,'',NULL,'positionDimensionOne'),(359,NULL,'',NULL,'type'),(360,NULL,'',NULL,'lineage'),(361,'2007-02-07','Attributes related to quality review event of a specimen','2007-02-08','edu.wustl.catissuecore.domain.ReviewEventParameters'),(362,NULL,'',NULL,'id'),(363,NULL,'',NULL,'timestamp'),(364,NULL,'',NULL,'comments'),(365,'2007-02-07','Quantity of any measurable data','2007-02-08','edu.wustl.catissuecore.domain.Quantity'),(366,NULL,'',NULL,'id'),(367,NULL,NULL,NULL,NULL),(368,NULL,NULL,NULL,NULL),(369,NULL,NULL,NULL,NULL),(370,NULL,NULL,NULL,NULL),(371,NULL,NULL,NULL,NULL),(372,NULL,NULL,NULL,NULL),(373,NULL,NULL,NULL,NULL),(374,NULL,NULL,NULL,NULL),(375,NULL,NULL,NULL,NULL),(376,NULL,NULL,NULL,NULL),(377,NULL,NULL,NULL,NULL),(378,NULL,NULL,NULL,NULL),(379,NULL,NULL,NULL,NULL),(380,NULL,NULL,NULL,NULL),(381,NULL,NULL,NULL,NULL),(382,NULL,NULL,NULL,NULL),(383,NULL,NULL,NULL,NULL),(384,NULL,NULL,NULL,NULL),(385,NULL,NULL,NULL,NULL),(386,NULL,NULL,NULL,NULL),(387,NULL,NULL,NULL,NULL),(388,NULL,NULL,NULL,NULL),(389,NULL,NULL,NULL,NULL),(390,NULL,NULL,NULL,NULL),(391,NULL,NULL,NULL,NULL),(392,NULL,NULL,NULL,NULL),(393,NULL,NULL,NULL,NULL),(394,NULL,NULL,NULL,NULL),(395,NULL,NULL,NULL,NULL),(396,NULL,NULL,NULL,NULL),(397,NULL,NULL,NULL,NULL),(398,NULL,NULL,NULL,NULL),(399,NULL,NULL,NULL,NULL),(400,NULL,NULL,NULL,NULL),(401,NULL,NULL,NULL,NULL),(402,NULL,NULL,NULL,NULL),(403,NULL,NULL,NULL,NULL),(404,NULL,NULL,NULL,NULL),(405,NULL,NULL,NULL,NULL),(406,NULL,NULL,NULL,NULL),(407,NULL,NULL,NULL,NULL),(408,NULL,NULL,NULL,NULL),(409,NULL,NULL,NULL,NULL),(410,NULL,NULL,NULL,NULL),(411,NULL,NULL,NULL,NULL),(412,NULL,NULL,NULL,NULL),(413,NULL,NULL,NULL,NULL),(414,NULL,NULL,NULL,NULL),(415,NULL,NULL,NULL,NULL),(416,NULL,NULL,NULL,NULL),(417,NULL,NULL,NULL,NULL),(418,NULL,NULL,NULL,NULL),(419,NULL,NULL,NULL,NULL),(420,NULL,NULL,NULL,NULL),(421,NULL,NULL,NULL,NULL),(422,NULL,NULL,NULL,NULL),(423,NULL,NULL,NULL,NULL),(424,NULL,NULL,NULL,NULL),(425,NULL,NULL,NULL,NULL),(426,NULL,NULL,NULL,NULL),(427,NULL,NULL,NULL,NULL),(428,NULL,NULL,NULL,NULL),(429,NULL,NULL,NULL,NULL),(430,NULL,NULL,NULL,NULL),(431,NULL,NULL,NULL,NULL),(432,NULL,NULL,NULL,NULL),(433,NULL,NULL,NULL,NULL),(434,NULL,NULL,NULL,NULL),(435,NULL,NULL,NULL,NULL),(436,NULL,NULL,NULL,NULL),(437,NULL,NULL,NULL,NULL),(438,NULL,NULL,NULL,NULL),(439,NULL,NULL,NULL,NULL),(440,NULL,NULL,NULL,NULL),(441,NULL,NULL,NULL,NULL),(442,NULL,NULL,NULL,NULL);
UNLOCK TABLES;
/*!40000 ALTER TABLE `dyextn_abstract_metadata` ENABLE KEYS */;

--
-- Table structure for table `dyextn_asso_display_attr`
--

DROP TABLE IF EXISTS `dyextn_asso_display_attr`;
CREATE TABLE `dyextn_asso_display_attr` (
  `IDENTIFIER` bigint(20) NOT NULL auto_increment,
  `SEQUENCE_NUMBER` int(11) default NULL,
  `DISPLAY_ATTRIBUTE_ID` bigint(20) default NULL,
  `SELECT_CONTROL_ID` bigint(20) default NULL,
  PRIMARY KEY  (`IDENTIFIER`),
  KEY `FKD12FD3823B3AAE3B` (`DISPLAY_ATTRIBUTE_ID`),
  KEY `FKD12FD382F7AA8E80` (`SELECT_CONTROL_ID`),
  CONSTRAINT `FKD12FD382F7AA8E80` FOREIGN KEY (`SELECT_CONTROL_ID`) REFERENCES `dyextn_select_control` (`IDENTIFIER`),
  CONSTRAINT `FKD12FD3823B3AAE3B` FOREIGN KEY (`DISPLAY_ATTRIBUTE_ID`) REFERENCES `dyextn_primitive_attribute` (`IDENTIFIER`)
) ENGINE=InnoDB DEFAULT CHARSET=latin1;

--
-- Dumping data for table `dyextn_asso_display_attr`
--


/*!40000 ALTER TABLE `dyextn_asso_display_attr` DISABLE KEYS */;
LOCK TABLES `dyextn_asso_display_attr` WRITE;
UNLOCK TABLES;
/*!40000 ALTER TABLE `dyextn_asso_display_attr` ENABLE KEYS */;

--
-- Table structure for table `dyextn_association`
--

DROP TABLE IF EXISTS `dyextn_association`;
CREATE TABLE `dyextn_association` (
  `IDENTIFIER` bigint(20) NOT NULL default '0',
  `DIRECTION` varchar(255) default NULL,
  `TARGET_ENTITY_ID` bigint(20) default NULL,
  `SOURCE_ROLE_ID` bigint(20) default NULL,
  `TARGET_ROLE_ID` bigint(20) default NULL,
  `IS_SYSTEM_GENERATED` tinyint(1) default NULL,
  PRIMARY KEY  (`IDENTIFIER`),
  KEY `FK104684243AC5160` (`SOURCE_ROLE_ID`),
  KEY `FK10468424F60C84D6` (`TARGET_ROLE_ID`),
  KEY `FK104684246315C5C9` (`TARGET_ENTITY_ID`),
  KEY `FK10468424BC7298A9` (`IDENTIFIER`),
  CONSTRAINT `FK10468424BC7298A9` FOREIGN KEY (`IDENTIFIER`) REFERENCES `dyextn_attribute` (`IDENTIFIER`),
  CONSTRAINT `FK104684243AC5160` FOREIGN KEY (`SOURCE_ROLE_ID`) REFERENCES `dyextn_role` (`IDENTIFIER`),
  CONSTRAINT `FK104684246315C5C9` FOREIGN KEY (`TARGET_ENTITY_ID`) REFERENCES `dyextn_entity` (`IDENTIFIER`),
  CONSTRAINT `FK10468424F60C84D6` FOREIGN KEY (`TARGET_ROLE_ID`) REFERENCES `dyextn_role` (`IDENTIFIER`)
) ENGINE=InnoDB DEFAULT CHARSET=latin1;

--
-- Dumping data for table `dyextn_association`
--


/*!40000 ALTER TABLE `dyextn_association` DISABLE KEYS */;
LOCK TABLES `dyextn_association` WRITE;
INSERT INTO `dyextn_association` VALUES (367,'SRC_DESTINATION',179,1,2,0),(368,'SRC_DESTINATION',58,3,4,0),(369,'SRC_DESTINATION',195,5,6,0),(370,'SRC_DESTINATION',176,7,8,0),(371,'BI_DIRECTIONAL',155,9,10,0),(372,'BI_DIRECTIONAL',125,10,9,1),(373,'BI_DIRECTIONAL',242,11,12,0),(374,'BI_DIRECTIONAL',311,12,11,1),(375,'SRC_DESTINATION',155,13,14,0),(376,'SRC_DESTINATION',55,15,16,0),(377,'BI_DIRECTIONAL',221,17,18,0),(378,'BI_DIRECTIONAL',135,18,17,1),(379,'SRC_DESTINATION',108,19,20,0),(380,'SRC_DESTINATION',179,21,22,0),(381,'SRC_DESTINATION',129,23,24,0),(382,'SRC_DESTINATION',365,25,26,0),(383,'SRC_DESTINATION',90,27,28,0),(384,'BI_DIRECTIONAL',208,29,30,0),(385,'BI_DIRECTIONAL',212,30,29,1),(386,'SRC_DESTINATION',108,31,32,0),(387,'SRC_DESTINATION',147,33,34,0),(388,'SRC_DESTINATION',179,35,36,0),(389,'BI_DIRECTIONAL',221,37,38,0),(390,'BI_DIRECTIONAL',129,38,37,1),(391,'SRC_DESTINATION',242,39,40,0),(392,'SRC_DESTINATION',17,41,42,0),(393,'BI_DIRECTIONAL',155,43,44,0),(394,'BI_DIRECTIONAL',155,44,43,1),(395,'BI_DIRECTIONAL',179,45,46,0),(396,'BI_DIRECTIONAL',242,46,45,1),(397,'SRC_DESTINATION',147,47,48,0),(398,'SRC_DESTINATION',280,49,50,0),(399,'SRC_DESTINATION',58,51,52,0),(400,'BI_DIRECTIONAL',275,53,54,0),(401,'BI_DIRECTIONAL',144,54,53,1),(402,'SRC_DESTINATION',311,55,56,0),(403,'SRC_DESTINATION',280,57,58,0),(404,'BI_DIRECTIONAL',285,59,60,0),(405,'BI_DIRECTIONAL',285,60,59,1),(406,'SRC_DESTINATION',86,61,62,0),(407,'SRC_DESTINATION',273,63,64,0),(408,'SRC_DESTINATION',217,65,66,0),(409,'SRC_DESTINATION',179,67,68,0),(410,'BI_DIRECTIONAL',155,69,70,0),(411,'BI_DIRECTIONAL',172,70,69,1),(412,'SRC_DESTINATION',144,71,72,0),(413,'BI_DIRECTIONAL',242,73,74,0),(414,'BI_DIRECTIONAL',144,74,73,1),(415,'SRC_DESTINATION',108,75,76,0),(416,'BI_DIRECTIONAL',198,77,78,0),(417,'BI_DIRECTIONAL',139,78,77,1),(418,'BI_DIRECTIONAL',212,79,80,0),(419,'BI_DIRECTIONAL',8,80,79,1),(420,'SRC_DESTINATION',280,81,82,0),(421,'BI_DIRECTIONAL',155,83,84,0),(422,'BI_DIRECTIONAL',76,84,83,1),(423,'SRC_DESTINATION',179,85,86,0),(424,'SRC_DESTINATION',365,87,88,0),(425,'SRC_DESTINATION',280,89,90,0),(426,'SRC_DESTINATION',58,91,92,0),(427,'SRC_DESTINATION',108,93,94,0),(428,'SRC_DESTINATION',198,95,96,0),(429,'SRC_DESTINATION',242,97,98,0),(430,'SRC_DESTINATION',17,99,100,0),(431,'BI_DIRECTIONAL',208,101,102,0),(432,'BI_DIRECTIONAL',79,102,101,1),(433,'BI_DIRECTIONAL',25,103,104,0),(434,'BI_DIRECTIONAL',155,104,103,1),(435,'BI_DIRECTIONAL',311,105,106,0),(436,'BI_DIRECTIONAL',275,106,105,1),(437,'SRC_DESTINATION',365,107,108,0),(438,'SRC_DESTINATION',365,109,110,0),(439,'SRC_DESTINATION',147,111,112,0),(440,'SRC_DESTINATION',86,113,114,0),(441,'BI_DIRECTIONAL',135,115,116,0),(442,'BI_DIRECTIONAL',25,116,115,1);
UNLOCK TABLES;
/*!40000 ALTER TABLE `dyextn_association` ENABLE KEYS */;

--
-- Table structure for table `dyextn_attribute`
--

DROP TABLE IF EXISTS `dyextn_attribute`;
CREATE TABLE `dyextn_attribute` (
  `IDENTIFIER` bigint(20) NOT NULL default '0',
  `ENTIY_ID` bigint(20) default NULL,
  PRIMARY KEY  (`IDENTIFIER`),
  KEY `FK37F1E2FFB15CD09F` (`ENTIY_ID`),
  KEY `FK37F1E2FFBC7298A9` (`IDENTIFIER`),
  CONSTRAINT `FK37F1E2FFBC7298A9` FOREIGN KEY (`IDENTIFIER`) REFERENCES `dyextn_abstract_metadata` (`IDENTIFIER`),
  CONSTRAINT `FK37F1E2FFB15CD09F` FOREIGN KEY (`ENTIY_ID`) REFERENCES `dyextn_entity` (`IDENTIFIER`)
) ENGINE=InnoDB DEFAULT CHARSET=latin1;

--
-- Dumping data for table `dyextn_attribute`
--


/*!40000 ALTER TABLE `dyextn_attribute` DISABLE KEYS */;
LOCK TABLES `dyextn_attribute` WRITE;
INSERT INTO `dyextn_attribute` VALUES (3,2),(4,2),(5,2),(6,2),(7,2),(9,8),(10,8),(418,8),(12,11),(13,11),(14,11),(15,11),(16,11),(18,17),(19,17),(20,17),(21,17),(22,17),(23,17),(24,17),(26,25),(27,25),(28,25),(29,25),(30,25),(379,25),(407,25),(412,25),(434,25),(441,25),(32,31),(33,31),(34,31),(35,31),(36,31),(37,31),(38,31),(39,31),(40,31),(380,31),(42,41),(43,41),(44,41),(45,41),(47,46),(48,46),(49,46),(50,46),(51,46),(53,52),(54,52),(56,55),(57,55),(59,58),(60,58),(61,58),(62,58),(397,58),(426,58),(64,63),(65,63),(66,63),(67,63),(68,63),(69,63),(70,63),(71,63),(72,63),(73,63),(74,63),(75,63),(77,76),(78,76),(421,76),(80,79),(81,79),(82,79),(431,79),(84,83),(85,83),(87,86),(88,86),(89,86),(91,90),(92,90),(94,93),(95,93),(96,93),(97,93),(98,93),(100,99),(101,99),(102,99),(103,99),(104,99),(105,99),(106,99),(107,99),(109,108),(110,108),(111,108),(112,108),(113,108),(367,108),(392,108),(115,114),(116,114),(117,114),(118,114),(119,114),(120,114),(121,114),(122,114),(123,114),(124,114),(126,125),(127,125),(128,125),(371,125),(130,129),(131,129),(386,129),(389,129),(133,132),(134,132),(136,135),(137,135),(138,135),(377,135),(429,135),(442,135),(140,139),(141,139),(142,139),(143,139),(375,139),(416,139),(438,139),(145,144),(146,144),(400,144),(413,144),(148,147),(149,147),(150,147),(151,147),(152,147),(153,147),(154,147),(156,155),(157,155),(158,155),(159,155),(160,155),(161,155),(162,155),(163,155),(164,155),(165,155),(166,155),(370,155),(372,155),(382,155),(393,155),(394,155),(411,155),(422,155),(425,155),(433,155),(437,155),(168,167),(169,167),(170,167),(171,167),(173,172),(174,172),(175,172),(409,172),(410,172),(177,176),(178,176),(180,179),(181,179),(182,179),(183,179),(184,179),(185,179),(186,179),(187,179),(188,179),(369,179),(376,179),(383,179),(396,179),(408,179),(430,179),(190,189),(191,189),(192,189),(193,189),(194,189),(196,195),(197,195),(199,198),(200,198),(201,198),(202,198),(203,198),(204,198),(205,198),(206,198),(207,198),(387,198),(388,198),(403,198),(417,198),(209,208),(210,208),(211,208),(385,208),(432,208),(213,212),(214,212),(215,212),(216,212),(384,212),(419,212),(218,217),(219,217),(220,217),(222,221),(223,221),(224,221),(225,221),(226,221),(227,221),(228,221),(229,221),(230,221),(231,221),(232,221),(233,221),(378,221),(390,221),(235,234),(236,234),(237,234),(238,234),(239,234),(240,234),(241,234),(398,234),(420,234),(243,242),(244,242),(245,242),(246,242),(247,242),(248,242),(249,242),(250,242),(251,242),(252,242),(374,242),(395,242),(414,242),(254,253),(256,255),(257,255),(258,255),(259,255),(261,260),(262,260),(263,260),(264,260),(402,260),(415,260),(423,260),(428,260),(266,265),(267,265),(269,268),(270,268),(271,268),(272,268),(274,273),(381,273),(276,275),(277,275),(278,275),(279,275),(401,275),(424,275),(435,275),(281,280),(282,280),(283,280),(284,280),(368,280),(391,280),(399,280),(427,280),(439,280),(286,285),(287,285),(288,285),(289,285),(290,285),(291,285),(292,285),(293,285),(404,285),(405,285),(406,285),(295,294),(296,294),(297,294),(298,294),(300,299),(301,299),(302,299),(303,299),(305,304),(306,304),(307,304),(308,304),(309,304),(310,304),(440,304),(312,311),(313,311),(314,311),(315,311),(316,311),(317,311),(318,311),(319,311),(320,311),(373,311),(436,311),(322,321),(323,321),(324,321),(325,321),(326,321),(327,321),(328,321),(329,321),(330,321),(331,321),(332,321),(334,333),(335,333),(336,333),(338,337),(339,337),(340,337),(341,337),(342,337),(343,337),(344,337),(345,337),(346,337),(347,337),(348,337),(350,349),(351,349),(352,349),(353,349),(354,349),(355,349),(356,349),(357,349),(358,349),(359,349),(360,349),(362,361),(363,361),(364,361),(366,365);
UNLOCK TABLES;
/*!40000 ALTER TABLE `dyextn_attribute` ENABLE KEYS */;

--
-- Table structure for table `dyextn_attribute_record`
--

DROP TABLE IF EXISTS `dyextn_attribute_record`;
CREATE TABLE `dyextn_attribute_record` (
  `IDENTIFIER` bigint(20) NOT NULL auto_increment,
  `ENTITY_ID` bigint(20) default NULL,
  `ATTRIBUTE_ID` bigint(20) default NULL,
  `RECORD_ID` bigint(20) default NULL,
  PRIMARY KEY  (`IDENTIFIER`),
  KEY `FK9B20ED9179F466F7` (`ENTITY_ID`),
  KEY `FK9B20ED914D87D1BE` (`ATTRIBUTE_ID`),
  CONSTRAINT `FK9B20ED914D87D1BE` FOREIGN KEY (`ATTRIBUTE_ID`) REFERENCES `dyextn_primitive_attribute` (`IDENTIFIER`),
  CONSTRAINT `FK9B20ED9179F466F7` FOREIGN KEY (`ENTITY_ID`) REFERENCES `dyextn_entity` (`IDENTIFIER`)
) ENGINE=InnoDB DEFAULT CHARSET=latin1;

--
-- Dumping data for table `dyextn_attribute_record`
--


/*!40000 ALTER TABLE `dyextn_attribute_record` DISABLE KEYS */;
LOCK TABLES `dyextn_attribute_record` WRITE;
UNLOCK TABLES;
/*!40000 ALTER TABLE `dyextn_attribute_record` ENABLE KEYS */;

--
-- Table structure for table `dyextn_attribute_type_info`
--

DROP TABLE IF EXISTS `dyextn_attribute_type_info`;
CREATE TABLE `dyextn_attribute_type_info` (
  `IDENTIFIER` bigint(20) NOT NULL auto_increment,
  `PRIMITIVE_ATTRIBUTE_ID` bigint(20) default NULL,
  PRIMARY KEY  (`IDENTIFIER`),
  KEY `FK62596D53B4C15A36` (`PRIMITIVE_ATTRIBUTE_ID`),
  CONSTRAINT `FK62596D53B4C15A36` FOREIGN KEY (`PRIMITIVE_ATTRIBUTE_ID`) REFERENCES `dyextn_primitive_attribute` (`IDENTIFIER`)
) ENGINE=InnoDB DEFAULT CHARSET=latin1;

--
-- Dumping data for table `dyextn_attribute_type_info`
--


/*!40000 ALTER TABLE `dyextn_attribute_type_info` DISABLE KEYS */;
LOCK TABLES `dyextn_attribute_type_info` WRITE;
INSERT INTO `dyextn_attribute_type_info` VALUES (1,3),(2,4),(3,5),(4,6),(5,7),(6,9),(7,10),(8,12),(9,13),(10,14),(11,15),(12,16),(13,18),(14,19),(15,20),(16,21),(17,22),(18,23),(19,24),(20,26),(21,27),(22,28),(23,29),(24,30),(25,32),(26,33),(27,34),(28,35),(29,36),(30,37),(31,38),(32,39),(33,40),(34,42),(35,43),(36,44),(37,45),(38,47),(39,48),(40,49),(41,50),(42,51),(43,53),(44,54),(45,56),(46,57),(47,59),(48,60),(49,61),(50,62),(51,64),(52,65),(53,66),(54,67),(55,68),(56,69),(57,70),(58,71),(59,72),(60,73),(61,74),(62,75),(63,77),(64,78),(65,80),(66,81),(67,82),(68,84),(69,85),(70,87),(71,88),(72,89),(73,91),(74,92),(75,94),(76,95),(77,96),(78,97),(79,98),(80,100),(81,101),(82,102),(83,103),(84,104),(85,105),(86,106),(87,107),(88,109),(89,110),(90,111),(91,112),(92,113),(93,115),(94,116),(95,117),(96,118),(97,119),(98,120),(99,121),(100,122),(101,123),(102,124),(103,126),(104,127),(105,128),(106,130),(107,131),(108,133),(109,134),(110,136),(111,137),(112,138),(113,140),(114,141),(115,142),(116,143),(117,145),(118,146),(119,148),(120,149),(121,150),(122,151),(123,152),(124,153),(125,154),(126,156),(127,157),(128,158),(129,159),(130,160),(131,161),(132,162),(133,163),(134,164),(135,165),(136,166),(137,168),(138,169),(139,170),(140,171),(141,173),(142,174),(143,175),(144,177),(145,178),(146,180),(147,181),(148,182),(149,183),(150,184),(151,185),(152,186),(153,187),(154,188),(155,190),(156,191),(157,192),(158,193),(159,194),(160,196),(161,197),(162,199),(163,200),(164,201),(165,202),(166,203),(167,204),(168,205),(169,206),(170,207),(171,209),(172,210),(173,211),(174,213),(175,214),(176,215),(177,216),(178,218),(179,219),(180,220),(181,222),(182,223),(183,224),(184,225),(185,226),(186,227),(187,228),(188,229),(189,230),(190,231),(191,232),(192,233),(193,235),(194,236),(195,237),(196,238),(197,239),(198,240),(199,241),(200,243),(201,244),(202,245),(203,246),(204,247),(205,248),(206,249),(207,250),(208,251),(209,252),(210,254),(211,256),(212,257),(213,258),(214,259),(215,261),(216,262),(217,263),(218,264),(219,266),(220,267),(221,269),(222,270),(223,271),(224,272),(225,274),(226,276),(227,277),(228,278),(229,279),(230,281),(231,282),(232,283),(233,284),(234,286),(235,287),(236,288),(237,289),(238,290),(239,291),(240,292),(241,293),(242,295),(243,296),(244,297),(245,298),(246,300),(247,301),(248,302),(249,303),(250,305),(251,306),(252,307),(253,308),(254,309),(255,310),(256,312),(257,313),(258,314),(259,315),(260,316),(261,317),(262,318),(263,319),(264,320),(265,322),(266,323),(267,324),(268,325),(269,326),(270,327),(271,328),(272,329),(273,330),(274,331),(275,332),(276,334),(277,335),(278,336),(279,338),(280,339),(281,340),(282,341),(283,342),(284,343),(285,344),(286,345),(287,346),(288,347),(289,348),(290,350),(291,351),(292,352),(293,353),(294,354),(295,355),(296,356),(297,357),(298,358),(299,359),(300,360),(301,362),(302,363),(303,364),(304,366);
UNLOCK TABLES;
/*!40000 ALTER TABLE `dyextn_attribute_type_info` ENABLE KEYS */;

--
-- Table structure for table `dyextn_barr_concept_value`
--

DROP TABLE IF EXISTS `dyextn_barr_concept_value`;
CREATE TABLE `dyextn_barr_concept_value` (
  `IDENTIFIER` bigint(20) NOT NULL default '0',
  PRIMARY KEY  (`IDENTIFIER`),
  KEY `FK89D27DF7BC7298A9` (`IDENTIFIER`),
  CONSTRAINT `FK89D27DF7BC7298A9` FOREIGN KEY (`IDENTIFIER`) REFERENCES `dyextn_permissible_value` (`IDENTIFIER`)
) ENGINE=InnoDB DEFAULT CHARSET=latin1;

--
-- Dumping data for table `dyextn_barr_concept_value`
--


/*!40000 ALTER TABLE `dyextn_barr_concept_value` DISABLE KEYS */;
LOCK TABLES `dyextn_barr_concept_value` WRITE;
UNLOCK TABLES;
/*!40000 ALTER TABLE `dyextn_barr_concept_value` ENABLE KEYS */;

--
-- Table structure for table `dyextn_boolean_concept_value`
--

DROP TABLE IF EXISTS `dyextn_boolean_concept_value`;
CREATE TABLE `dyextn_boolean_concept_value` (
  `IDENTIFIER` bigint(20) NOT NULL default '0',
  `VALUE` tinyint(1) default NULL,
  PRIMARY KEY  (`IDENTIFIER`),
  KEY `FK57B6C4A6BC7298A9` (`IDENTIFIER`),
  CONSTRAINT `FK57B6C4A6BC7298A9` FOREIGN KEY (`IDENTIFIER`) REFERENCES `dyextn_permissible_value` (`IDENTIFIER`)
) ENGINE=InnoDB DEFAULT CHARSET=latin1;

--
-- Dumping data for table `dyextn_boolean_concept_value`
--


/*!40000 ALTER TABLE `dyextn_boolean_concept_value` DISABLE KEYS */;
LOCK TABLES `dyextn_boolean_concept_value` WRITE;
UNLOCK TABLES;
/*!40000 ALTER TABLE `dyextn_boolean_concept_value` ENABLE KEYS */;

--
-- Table structure for table `dyextn_boolean_type_info`
--

DROP TABLE IF EXISTS `dyextn_boolean_type_info`;
CREATE TABLE `dyextn_boolean_type_info` (
  `IDENTIFIER` bigint(20) NOT NULL default '0',
  PRIMARY KEY  (`IDENTIFIER`),
  KEY `FK28F1809FBC7298A9` (`IDENTIFIER`),
  CONSTRAINT `FK28F1809FBC7298A9` FOREIGN KEY (`IDENTIFIER`) REFERENCES `dyextn_attribute_type_info` (`IDENTIFIER`)
) ENGINE=InnoDB DEFAULT CHARSET=latin1;

--
-- Dumping data for table `dyextn_boolean_type_info`
--


/*!40000 ALTER TABLE `dyextn_boolean_type_info` DISABLE KEYS */;
LOCK TABLES `dyextn_boolean_type_info` WRITE;
INSERT INTO `dyextn_boolean_type_info` VALUES (57),(129),(163),(170),(202),(231),(238),(268),(281),(293);
UNLOCK TABLES;
/*!40000 ALTER TABLE `dyextn_boolean_type_info` ENABLE KEYS */;

--
-- Table structure for table `dyextn_byte_array_type_info`
--

DROP TABLE IF EXISTS `dyextn_byte_array_type_info`;
CREATE TABLE `dyextn_byte_array_type_info` (
  `IDENTIFIER` bigint(20) NOT NULL default '0',
  `CONTENT_TYPE` varchar(255) default NULL,
  PRIMARY KEY  (`IDENTIFIER`),
  KEY `FK18BDA73BC7298A9` (`IDENTIFIER`),
  CONSTRAINT `FK18BDA73BC7298A9` FOREIGN KEY (`IDENTIFIER`) REFERENCES `dyextn_attribute_type_info` (`IDENTIFIER`)
) ENGINE=InnoDB DEFAULT CHARSET=latin1;

--
-- Dumping data for table `dyextn_byte_array_type_info`
--


/*!40000 ALTER TABLE `dyextn_byte_array_type_info` DISABLE KEYS */;
LOCK TABLES `dyextn_byte_array_type_info` WRITE;
UNLOCK TABLES;
/*!40000 ALTER TABLE `dyextn_byte_array_type_info` ENABLE KEYS */;

--
-- Table structure for table `dyextn_cadsrde`
--

DROP TABLE IF EXISTS `dyextn_cadsrde`;
CREATE TABLE `dyextn_cadsrde` (
  `IDENTIFIER` bigint(20) NOT NULL default '0',
  `PUBLIC_ID` varchar(255) default NULL,
  PRIMARY KEY  (`IDENTIFIER`),
  KEY `FK588A2509BC7298A9` (`IDENTIFIER`),
  CONSTRAINT `FK588A2509BC7298A9` FOREIGN KEY (`IDENTIFIER`) REFERENCES `dyextn_data_element` (`IDENTIFIER`)
) ENGINE=InnoDB DEFAULT CHARSET=latin1;

--
-- Dumping data for table `dyextn_cadsrde`
--


/*!40000 ALTER TABLE `dyextn_cadsrde` DISABLE KEYS */;
LOCK TABLES `dyextn_cadsrde` WRITE;
UNLOCK TABLES;
/*!40000 ALTER TABLE `dyextn_cadsrde` ENABLE KEYS */;

--
-- Table structure for table `dyextn_check_box`
--

DROP TABLE IF EXISTS `dyextn_check_box`;
CREATE TABLE `dyextn_check_box` (
  `IDENTIFIER` bigint(20) NOT NULL default '0',
  PRIMARY KEY  (`IDENTIFIER`),
  KEY `FK4EFF9257BC7298A9` (`IDENTIFIER`),
  CONSTRAINT `FK4EFF9257BC7298A9` FOREIGN KEY (`IDENTIFIER`) REFERENCES `dyextn_control` (`IDENTIFIER`)
) ENGINE=InnoDB DEFAULT CHARSET=latin1;

--
-- Dumping data for table `dyextn_check_box`
--


/*!40000 ALTER TABLE `dyextn_check_box` DISABLE KEYS */;
LOCK TABLES `dyextn_check_box` WRITE;
UNLOCK TABLES;
/*!40000 ALTER TABLE `dyextn_check_box` ENABLE KEYS */;

--
-- Table structure for table `dyextn_column_properties`
--

DROP TABLE IF EXISTS `dyextn_column_properties`;
CREATE TABLE `dyextn_column_properties` (
  `IDENTIFIER` bigint(20) NOT NULL default '0',
  `PRIMITIVE_ATTRIBUTE_ID` bigint(20) default NULL,
  PRIMARY KEY  (`IDENTIFIER`),
  KEY `FK8FCE2B3FBC7298A9` (`IDENTIFIER`),
  KEY `FK8FCE2B3FB4C15A36` (`PRIMITIVE_ATTRIBUTE_ID`),
  CONSTRAINT `FK8FCE2B3FB4C15A36` FOREIGN KEY (`PRIMITIVE_ATTRIBUTE_ID`) REFERENCES `dyextn_primitive_attribute` (`IDENTIFIER`),
  CONSTRAINT `FK8FCE2B3FBC7298A9` FOREIGN KEY (`IDENTIFIER`) REFERENCES `dyextn_database_properties` (`IDENTIFIER`)
) ENGINE=InnoDB DEFAULT CHARSET=latin1;

--
-- Dumping data for table `dyextn_column_properties`
--


/*!40000 ALTER TABLE `dyextn_column_properties` DISABLE KEYS */;
LOCK TABLES `dyextn_column_properties` WRITE;
INSERT INTO `dyextn_column_properties` VALUES (2,3),(3,4),(4,5),(5,6),(6,7),(8,9),(9,10),(11,12),(12,13),(13,14),(14,15),(15,16),(17,18),(18,19),(19,20),(20,21),(21,22),(22,23),(23,24),(25,26),(26,27),(27,28),(28,29),(29,30),(31,32),(32,33),(33,34),(34,35),(35,36),(36,37),(37,38),(38,39),(39,40),(41,42),(42,43),(43,44),(44,45),(46,47),(47,48),(48,49),(49,50),(50,51),(52,53),(53,54),(55,56),(56,57),(58,59),(59,60),(60,61),(61,62),(63,64),(64,65),(65,66),(66,67),(67,68),(68,69),(69,70),(70,71),(71,72),(72,73),(73,74),(74,75),(76,77),(77,78),(79,80),(80,81),(81,82),(83,84),(84,85),(86,87),(87,88),(88,89),(90,91),(91,92),(93,94),(94,95),(95,96),(96,97),(97,98),(99,100),(100,101),(101,102),(102,103),(103,104),(104,105),(105,106),(106,107),(108,109),(109,110),(110,111),(111,112),(112,113),(114,115),(115,116),(116,117),(117,118),(118,119),(119,120),(120,121),(121,122),(122,123),(123,124),(125,126),(126,127),(127,128),(129,130),(130,131),(132,133),(133,134),(135,136),(136,137),(137,138),(139,140),(140,141),(141,142),(142,143),(144,145),(145,146),(147,148),(148,149),(149,150),(150,151),(151,152),(152,153),(153,154),(155,156),(156,157),(157,158),(158,159),(159,160),(160,161),(161,162),(162,163),(163,164),(164,165),(165,166),(167,168),(168,169),(169,170),(170,171),(172,173),(173,174),(174,175),(176,177),(177,178),(179,180),(180,181),(181,182),(182,183),(183,184),(184,185),(185,186),(186,187),(187,188),(189,190),(190,191),(191,192),(192,193),(193,194),(195,196),(196,197),(198,199),(199,200),(200,201),(201,202),(202,203),(203,204),(204,205),(205,206),(206,207),(208,209),(209,210),(210,211),(212,213),(213,214),(214,215),(215,216),(217,218),(218,219),(219,220),(221,222),(222,223),(223,224),(224,225),(225,226),(226,227),(227,228),(228,229),(229,230),(230,231),(231,232),(232,233),(234,235),(235,236),(236,237),(237,238),(238,239),(239,240),(240,241),(242,243),(243,244),(244,245),(245,246),(246,247),(247,248),(248,249),(249,250),(250,251),(251,252),(253,254),(255,256),(256,257),(257,258),(258,259),(260,261),(261,262),(262,263),(263,264),(265,266),(266,267),(268,269),(269,270),(270,271),(271,272),(273,274),(275,276),(276,277),(277,278),(278,279),(280,281),(281,282),(282,283),(283,284),(285,286),(286,287),(287,288),(288,289),(289,290),(290,291),(291,292),(292,293),(294,295),(295,296),(296,297),(297,298),(299,300),(300,301),(301,302),(302,303),(304,305),(305,306),(306,307),(307,308),(308,309),(309,310),(311,312),(312,313),(313,314),(314,315),(315,316),(316,317),(317,318),(318,319),(319,320),(321,322),(322,323),(323,324),(324,325),(325,326),(326,327),(327,328),(328,329),(329,330),(330,331),(331,332),(333,334),(334,335),(335,336),(337,338),(338,339),(339,340),(340,341),(341,342),(342,343),(343,344),(344,345),(345,346),(346,347),(347,348),(349,350),(350,351),(351,352),(352,353),(353,354),(354,355),(355,356),(356,357),(357,358),(358,359),(359,360),(361,362),(362,363),(363,364),(365,366);
UNLOCK TABLES;
/*!40000 ALTER TABLE `dyextn_column_properties` ENABLE KEYS */;

--
-- Table structure for table `dyextn_combobox`
--

DROP TABLE IF EXISTS `dyextn_combobox`;
CREATE TABLE `dyextn_combobox` (
  `IDENTIFIER` bigint(20) NOT NULL default '0',
  PRIMARY KEY  (`IDENTIFIER`),
  KEY `FKABBC649ABC7298A9` (`IDENTIFIER`),
  CONSTRAINT `FKABBC649ABC7298A9` FOREIGN KEY (`IDENTIFIER`) REFERENCES `dyextn_select_control` (`IDENTIFIER`)
) ENGINE=InnoDB DEFAULT CHARSET=latin1;

--
-- Dumping data for table `dyextn_combobox`
--


/*!40000 ALTER TABLE `dyextn_combobox` DISABLE KEYS */;
LOCK TABLES `dyextn_combobox` WRITE;
UNLOCK TABLES;
/*!40000 ALTER TABLE `dyextn_combobox` ENABLE KEYS */;

--
-- Table structure for table `dyextn_constraint_properties`
--

DROP TABLE IF EXISTS `dyextn_constraint_properties`;
CREATE TABLE `dyextn_constraint_properties` (
  `IDENTIFIER` bigint(20) NOT NULL default '0',
  `SOURCE_ENTITY_KEY` varchar(255) default NULL,
  `TARGET_ENTITY_KEY` varchar(255) default NULL,
  `ASSOCIATION_ID` bigint(20) default NULL,
  PRIMARY KEY  (`IDENTIFIER`),
  KEY `FK82886CD8BC7298A9` (`IDENTIFIER`),
  KEY `FK82886CD8927B15B9` (`ASSOCIATION_ID`),
  CONSTRAINT `FK82886CD8927B15B9` FOREIGN KEY (`ASSOCIATION_ID`) REFERENCES `dyextn_association` (`IDENTIFIER`),
  CONSTRAINT `FK82886CD8BC7298A9` FOREIGN KEY (`IDENTIFIER`) REFERENCES `dyextn_database_properties` (`IDENTIFIER`)
) ENGINE=InnoDB DEFAULT CHARSET=latin1;

--
-- Dumping data for table `dyextn_constraint_properties`
--


/*!40000 ALTER TABLE `dyextn_constraint_properties` DISABLE KEYS */;
LOCK TABLES `dyextn_constraint_properties` WRITE;
INSERT INTO `dyextn_constraint_properties` VALUES (366,'USER_ID',NULL,367),(367,'STORAGE_CONTAINER_ID','STORAGE_TYPE_ID',368),(368,'DEPARTMENT_ID',NULL,369),(369,'SPECIMEN_CHARACTERISTICS_ID',NULL,370),(370,'BIOHAZARD_ID','SPECIMEN_ID',371),(371,'SPECIMEN_ID','BIOHAZARD_ID',372),(372,'DISTRIBUTION_PROTOCOL_ID','COLLECTION_PROTOCOL_ID',373),(373,'COLLECTION_PROTOCOL_ID','DISTRIBUTION_PROTOCOL_ID',374),(374,'SPECIMEN_ID',NULL,375),(375,'INSTITUTION_ID',NULL,376),(376,'PARTICIPANT_ID',NULL,377),(377,NULL,'PARTICIPANT_ID',378),(378,'SITE_ID',NULL,379),(379,'PRINCIPAL_INVESTIGATOR_ID',NULL,380),(380,'PARTICIPENT_MEDI_IDENTIFIER_ID',NULL,381),(381,NULL,'AVAILABLE_QUANTITY',382),(382,'CANCER_RESEARCH_GROUP_ID',NULL,383),(383,NULL,'DE_E_212_384_IDENTIFIER',384),(384,'DE_E_212_385_IDENTIFIER',NULL,385),(385,'SITE_ID',NULL,386),(386,NULL,'SPECIMEN_ARRAY_TYPE_ID',387),(387,'CREATED_BY_ID',NULL,388),(388,'PARTICIPANT_ID',NULL,389),(389,NULL,'PARTICIPANT_ID',390),(390,'DE_E_S_280_391_IDENTIFIER','DE_E_T_242_391_IDENTIFIER',391),(391,NULL,'ADDRESS_ID',392),(392,'PARENT_SPECIMEN_ID',NULL,394),(393,NULL,'PARENT_SPECIMEN_ID',393),(394,'COLLECTION_PROTOCOL_ID','USER_ID',395),(395,'USER_ID','COLLECTION_PROTOCOL_ID',396),(396,'DE_E_S_58_397_IDENTIFIER','DE_E_T_147_397_IDENTIFIER',397),(397,'TO_STORAGE_CONTAINER_ID',NULL,398),(398,'STORAGE_TYPE_ID',NULL,399),(399,'COLLECTION_PROTOCOL_EVENT_ID','SPECIMEN_REQUIREMENT_ID',400),(400,'SPECIMEN_REQUIREMENT_ID','COLLECTION_PROTOCOL_EVENT_ID',401),(401,'DISTRIBUTION_PROTOCOL_ID',NULL,402),(402,NULL,'STORAGE_CONTAINER_ID',403),(403,NULL,'PARENT_CONTAINER_ID',405),(404,'PARENT_CONTAINER_ID',NULL,404),(405,NULL,'CAPACITY_ID',406),(406,NULL,'CLINICAL_REPORT_ID',407),(407,NULL,'USER_ID',408),(408,'USER_ID',NULL,409),(409,'SPECIMEN_ID',NULL,410),(410,NULL,'SPECIMEN_ID',411),(411,'COLLECTION_PROTOCOL_EVENT_ID',NULL,412),(412,'COLLECTION_PROTOCOL_ID',NULL,413),(413,NULL,'COLLECTION_PROTOCOL_ID',414),(414,'TO_SITE_ID',NULL,415),(415,'SPECIMEN_ARRAY_ID',NULL,416),(416,NULL,'SPECIMEN_ARRAY_ID',417),(417,'DE_E_212_418_IDENTIFIER',NULL,418),(418,NULL,'DE_E_212_418_IDENTIFIER',419),(419,'FROM_STORAGE_CONTAINER_ID',NULL,420),(420,'SPECIMEN_ID',NULL,421),(421,NULL,'SPECIMEN_ID',422),(422,'USER_ID',NULL,423),(423,NULL,'QUANTITY_ID',424),(424,'STORAGE_CONTAINER_IDENTIFIER',NULL,425),(425,'DE_E_S_58_426_IDENTIFIER','DE_E_T_58_426_IDENTIFIER',426),(426,'SITE_ID',NULL,427),(427,NULL,'DISTRIBUTION_ID',428),(428,'COLLECTION_PROTOCOL_ID',NULL,429),(429,NULL,'ADDRESS_ID',430),(430,'DE_E_208_431_IDENTIFIER',NULL,431),(431,NULL,'DE_E_208_431_IDENTIFIER',432),(432,'SPECIMEN_COLLECTION_GROUP_ID',NULL,433),(433,NULL,'SPECIMEN_COLLECTION_GROUP_ID',434),(434,'SPECIMEN_REQUIREMENT_ID','DISTRIBUTION_PROTOCOL_ID',435),(435,'DISTRIBUTION_PROTOCOL_ID','SPECIMEN_REQUIREMENT_ID',436),(436,NULL,'DE_E_155_437_IDENTIFIER',437),(437,NULL,'DE_E_139_438_IDENTIFIER',438),(438,'DE_E_S_280_439_IDENTIFIER','DE_E_T_147_439_IDENTIFIER',439),(439,NULL,'CAPACITY_ID',440),(440,'COLLECTION_PROTOCOL_REG_ID',NULL,441),(441,NULL,'COLLECTION_PROTOCOL_REG_ID',442);
UNLOCK TABLES;
/*!40000 ALTER TABLE `dyextn_constraint_properties` ENABLE KEYS */;

--
-- Table structure for table `dyextn_container`
--

DROP TABLE IF EXISTS `dyextn_container`;
CREATE TABLE `dyextn_container` (
  `IDENTIFIER` bigint(20) NOT NULL auto_increment,
  `BUTTON_CSS` varchar(255) default NULL,
  `CAPTION` varchar(255) default NULL,
  `ENTITY_ID` bigint(20) default NULL,
  `MAIN_TABLE_CSS` varchar(255) default NULL,
  `REQUIRED_FIELD_INDICATOR` varchar(255) default NULL,
  `REQUIRED_FIELD_WARNING_MESSAGE` varchar(255) default NULL,
  `TITLE_CSS` varchar(255) default NULL,
  `VIEW_ID` bigint(20) default NULL,
  PRIMARY KEY  (`IDENTIFIER`),
  KEY `FK1EAB84E479F466F7` (`ENTITY_ID`),
  KEY `FK1EAB84E445DEFCF5` (`VIEW_ID`),
  CONSTRAINT `FK1EAB84E445DEFCF5` FOREIGN KEY (`VIEW_ID`) REFERENCES `dyextn_view` (`IDENTIFIER`),
  CONSTRAINT `FK1EAB84E479F466F7` FOREIGN KEY (`ENTITY_ID`) REFERENCES `dyextn_entity` (`IDENTIFIER`)
) ENGINE=InnoDB DEFAULT CHARSET=latin1;

--
-- Dumping data for table `dyextn_container`
--


/*!40000 ALTER TABLE `dyextn_container` DISABLE KEYS */;
LOCK TABLES `dyextn_container` WRITE;
UNLOCK TABLES;
/*!40000 ALTER TABLE `dyextn_container` ENABLE KEYS */;

--
-- Table structure for table `dyextn_containment_control`
--

DROP TABLE IF EXISTS `dyextn_containment_control`;
CREATE TABLE `dyextn_containment_control` (
  `IDENTIFIER` bigint(20) NOT NULL default '0',
  `DISPLAY_CONTAINER_ID` bigint(20) default NULL,
  PRIMARY KEY  (`IDENTIFIER`),
  KEY `FK3F9D4AD3F7798636` (`DISPLAY_CONTAINER_ID`),
  KEY `FK3F9D4AD3BC7298A9` (`IDENTIFIER`),
  CONSTRAINT `FK3F9D4AD3BC7298A9` FOREIGN KEY (`IDENTIFIER`) REFERENCES `dyextn_control` (`IDENTIFIER`),
  CONSTRAINT `FK3F9D4AD3F7798636` FOREIGN KEY (`DISPLAY_CONTAINER_ID`) REFERENCES `dyextn_container` (`IDENTIFIER`)
) ENGINE=InnoDB DEFAULT CHARSET=latin1;

--
-- Dumping data for table `dyextn_containment_control`
--


/*!40000 ALTER TABLE `dyextn_containment_control` DISABLE KEYS */;
LOCK TABLES `dyextn_containment_control` WRITE;
UNLOCK TABLES;
/*!40000 ALTER TABLE `dyextn_containment_control` ENABLE KEYS */;

--
-- Table structure for table `dyextn_control`
--

DROP TABLE IF EXISTS `dyextn_control`;
CREATE TABLE `dyextn_control` (
  `IDENTIFIER` bigint(20) NOT NULL auto_increment,
  `CAPTION` varchar(255) default NULL,
  `CSS_CLASS` varchar(255) default NULL,
  `HIDDEN` tinyint(1) default NULL,
  `NAME` varchar(255) default NULL,
  `SEQUENCE_NUMBER` int(11) default NULL,
  `TOOLTIP` varchar(255) default NULL,
  `ABSTRACT_ATTRIBUTE_ID` bigint(20) default NULL,
  `CONTAINER_ID` bigint(20) default NULL,
  PRIMARY KEY  (`IDENTIFIER`),
  KEY `FK70FB5E80A67822BB` (`ABSTRACT_ATTRIBUTE_ID`),
  KEY `FK70FB5E809C6A9B9` (`CONTAINER_ID`),
  CONSTRAINT `FK70FB5E809C6A9B9` FOREIGN KEY (`CONTAINER_ID`) REFERENCES `dyextn_container` (`IDENTIFIER`),
  CONSTRAINT `FK70FB5E80A67822BB` FOREIGN KEY (`ABSTRACT_ATTRIBUTE_ID`) REFERENCES `dyextn_attribute` (`IDENTIFIER`)
) ENGINE=InnoDB DEFAULT CHARSET=latin1;

--
-- Dumping data for table `dyextn_control`
--


/*!40000 ALTER TABLE `dyextn_control` DISABLE KEYS */;
LOCK TABLES `dyextn_control` WRITE;
UNLOCK TABLES;
/*!40000 ALTER TABLE `dyextn_control` ENABLE KEYS */;

--
-- Table structure for table `dyextn_data_element`
--

DROP TABLE IF EXISTS `dyextn_data_element`;
CREATE TABLE `dyextn_data_element` (
  `IDENTIFIER` bigint(20) NOT NULL auto_increment,
  `ATTRIBUTE_TYPE_INFO_ID` bigint(20) default NULL,
  PRIMARY KEY  (`IDENTIFIER`),
  KEY `FKB1153E48C8D972A` (`ATTRIBUTE_TYPE_INFO_ID`),
  CONSTRAINT `FKB1153E48C8D972A` FOREIGN KEY (`ATTRIBUTE_TYPE_INFO_ID`) REFERENCES `dyextn_attribute_type_info` (`IDENTIFIER`)
) ENGINE=InnoDB DEFAULT CHARSET=latin1;

--
-- Dumping data for table `dyextn_data_element`
--


/*!40000 ALTER TABLE `dyextn_data_element` DISABLE KEYS */;
LOCK TABLES `dyextn_data_element` WRITE;
UNLOCK TABLES;
/*!40000 ALTER TABLE `dyextn_data_element` ENABLE KEYS */;

--
-- Table structure for table `dyextn_data_grid`
--

DROP TABLE IF EXISTS `dyextn_data_grid`;
CREATE TABLE `dyextn_data_grid` (
  `IDENTIFIER` bigint(20) NOT NULL default '0',
  PRIMARY KEY  (`IDENTIFIER`),
  KEY `FK233EB73EBC7298A9` (`IDENTIFIER`),
  CONSTRAINT `FK233EB73EBC7298A9` FOREIGN KEY (`IDENTIFIER`) REFERENCES `dyextn_control` (`IDENTIFIER`)
) ENGINE=InnoDB DEFAULT CHARSET=latin1;

--
-- Dumping data for table `dyextn_data_grid`
--


/*!40000 ALTER TABLE `dyextn_data_grid` DISABLE KEYS */;
LOCK TABLES `dyextn_data_grid` WRITE;
UNLOCK TABLES;
/*!40000 ALTER TABLE `dyextn_data_grid` ENABLE KEYS */;

--
-- Table structure for table `dyextn_database_properties`
--

DROP TABLE IF EXISTS `dyextn_database_properties`;
CREATE TABLE `dyextn_database_properties` (
  `IDENTIFIER` bigint(20) NOT NULL auto_increment,
  `NAME` varchar(255) default NULL,
  PRIMARY KEY  (`IDENTIFIER`)
) ENGINE=InnoDB DEFAULT CHARSET=latin1;

--
-- Dumping data for table `dyextn_database_properties`
--


/*!40000 ALTER TABLE `dyextn_database_properties` DISABLE KEYS */;
LOCK TABLES `dyextn_database_properties` WRITE;
INSERT INTO `dyextn_database_properties` VALUES (1,'CATISSUE_COLL_EVENT_PARAM'),(2,'COLLECTION_PROCEDURE'),(3,'IDENTIFIER'),(4,'CONTAINER'),(5,'EVENT_TIMESTAMP'),(6,'COMMENTS'),(7,'DE_E_8'),(8,'DE_AT_9'),(9,'DE_AT_10'),(10,'CATISSUE_PROCEDURE_EVENT_PARAM'),(11,'COMMENTS'),(12,'URL'),(13,'NAME'),(14,'EVENT_TIMESTAMP'),(15,'IDENTIFIER'),(16,'CATISSUE_ADDRESS'),(17,'STREET'),(18,'ZIPCODE'),(19,'FAX_NUMBER'),(20,'STATE'),(21,'CITY'),(22,'PHONE_NUMBER'),(23,'COUNTRY'),(24,'CATISSUE_SPECIMEN_COLL_GROUP'),(25,'NAME'),(26,'CLINICAL_STATUS'),(27,'CLINICAL_DIAGNOSIS'),(28,'ACTIVITY_STATUS'),(29,'IDENTIFIER'),(30,'CATISSUE_SPECIMEN_PROTOCOL'),(31,'IRB_IDENTIFIER'),(32,'ACTIVITY_STATUS'),(33,'TITLE'),(34,'DESCRIPTION_URL'),(35,'END_DATE'),(36,'START_DATE'),(37,'ENROLLMENT'),(38,'SHORT_TITLE'),(39,'IDENTIFIER'),(40,'CATISSUE_FLUID_SPE_EVENT_PARAM'),(41,'CELL_COUNT'),(42,'IDENTIFIER'),(43,'COMMENTS'),(44,'EVENT_TIMESTAMP'),(45,'CATISSUE_CELL_SPE_REVIEW_PARAM'),(46,'COMMENTS'),(47,'NEOPLASTIC_CELLULARITY_PER'),(48,'EVENT_TIMESTAMP'),(49,'IDENTIFIER'),(50,'VIABLE_CELL_PERCENTAGE'),(51,'DE_E_52'),(52,'DE_AT_53'),(53,'DE_AT_54'),(54,'CATISSUE_INSTITUTION'),(55,'NAME'),(56,'IDENTIFIER'),(57,'CATISSUE_STORAGE_TYPE'),(58,'COMMENTS'),(59,'DEFAULT_TEMPERATURE'),(60,'ACTIVITY_STATUS'),(61,'NAME'),(62,'CATISSUE_SPECIMEN'),(63,'CONCENTRATION'),(64,'PATHOLOGICAL_STATUS'),(65,'BARCODE'),(66,'LABEL'),(67,'IDENTIFIER'),(68,'TYPE'),(69,'AVAILABLE'),(70,'DE_AT_71'),(71,'POSITION_DIMENSION_ONE'),(72,'POSITION_DIMENSION_TWO'),(73,'LINEAGE'),(74,'ACTIVITY_STATUS'),(75,'CATISSUE_EXTERNAL_IDENTIFIER'),(76,'NAME'),(77,'VALUE'),(78,'DE_E_79'),(79,'DE_AT_80'),(80,'DE_AT_81'),(81,'DE_AT_82'),(82,'DE_E_83'),(83,'DE_AT_84'),(84,'DE_AT_85'),(85,'CATISSUE_CAPACITY'),(86,'IDENTIFIER'),(87,'ONE_DIMENSION_CAPACITY'),(88,'TWO_DIMENSION_CAPACITY'),(89,'CATISSUE_CANCER_RESEARCH_GROUP'),(90,'NAME'),(91,'IDENTIFIER'),(92,'CATISSUE_SPUN_EVENT_PARAMETERS'),(93,'COMMENTS'),(94,'DE_AT_95'),(95,'EVENT_TIMESTAMP'),(96,'IDENTIFIER'),(97,'DURATION_IN_MINUTES'),(98,'CATISSUE_TIS_SPE_EVENT_PARAM'),(99,'HISTOLOGICAL_QUALITY'),(100,'EVENT_TIMESTAMP'),(101,'NECROSIS_PERCENTAGE'),(102,'IDENTIFIER'),(103,'TOTAL_CELLULARITY_PERCENTAGE'),(104,'LYMPHOCYTIC_PERCENTAGE'),(105,'NEOPLASTIC_CELLULARITY_PER'),(106,'COMMENTS'),(107,'CATISSUE_SITE'),(108,'TYPE'),(109,'NAME'),(110,'ACTIVITY_STATUS'),(111,'EMAIL_ADDRESS'),(112,'IDENTIFIER'),(113,'CATISSUE_MOL_SPE_REVIEW_PARAM'),(114,'GEL_NUMBER'),(115,'IDENTIFIER'),(116,'COMMENTS'),(117,'QUALITY_INDEX'),(118,'RATIO_28S_TO_18S'),(119,'ABSORBANCE_AT_260'),(120,'LANE_NUMBER'),(121,'GEL_IMAGE_URL'),(122,'EVENT_TIMESTAMP'),(123,'ABSORBANCE_AT_280'),(124,'CATISSUE_BIOHAZARD'),(125,'NAME'),(126,'COMMENTS'),(127,'TYPE'),(128,'CATISSUE_PART_MEDICAL_ID'),(129,'MEDICAL_RECORD_NUMBER'),(130,'IDENTIFIER'),(131,'DE_E_132'),(132,'DE_AT_133'),(133,'DE_AT_134'),(134,'CATISSUE_COLL_PROT_REG'),(135,'CONSENT_SIGN_DATE'),(136,'CONSENT_DOC_URL'),(137,'IDENTIFIER'),(138,'CATISSUE_SPECI_ARRAY_CONTENT'),(139,'CONC_IN_MICROGM_PER_MICROLTR'),(140,'POSITION_DIMENSION_TWO'),(141,'IDENTIFIER'),(142,'POSITION_DIMENSION_ONE'),(143,'CATISSUE_COLL_PROT_EVENT'),(144,'CLINICAL_STATUS'),(145,'STUDY_CALENDAR_EVENT_POINT'),(146,'CATISSUE_SPECIMEN_ARRAY_TYPE'),(147,'ONE_DIMENSION_LABEL'),(148,'ACTIVITY_STATUS'),(149,'NAME'),(150,'TWO_DIMENSION_LABEL'),(151,'COMMENTS'),(152,'IDENTIFIER'),(153,'SPECIMEN_CLASS'),(154,'CATISSUE_SPECIMEN'),(155,'BARCODE'),(156,'LINEAGE'),(157,'ACTIVITY_STATUS'),(158,'AVAILABLE'),(159,'COMMENTS'),(160,'LABEL'),(161,'POSITION_DIMENSION_TWO'),(162,'PATHOLOGICAL_STATUS'),(163,'POSITION_DIMENSION_ONE'),(164,'TYPE'),(165,'IDENTIFIER'),(166,'CATISSUE_IN_OUT_EVENT_PARAM'),(167,'COMMENTS'),(168,'STORAGE_STATUS'),(169,'EVENT_TIMESTAMP'),(170,'IDENTIFIER'),(171,'CATISSUE_SPECIMEN_EVENT_PARAM'),(172,'IDENTIFIER'),(173,'COMMENTS'),(174,'EVENT_TIMESTAMP'),(175,'CATISSUE_SPECIMEN_CHAR'),(176,'TISSUE_SIDE'),(177,'TISSUE_SITE'),(178,'CATISSUE_USER'),(179,'ACTIVITY_STATUS'),(180,'STATUS_COMMENT'),(181,'LOGIN_NAME'),(182,'START_DATE'),(183,'EMAIL_ADDRESS'),(184,'FIRST_NAME'),(185,'CSM_USER_ID'),(186,'LAST_NAME'),(187,'IDENTIFIER'),(188,'CATISSUE_FIXED_EVENT_PARAM'),(189,'DURATION_IN_MINUTES'),(190,'COMMENTS'),(191,'FIXATION_TYPE'),(192,'EVENT_TIMESTAMP'),(193,'IDENTIFIER'),(194,'CATISSUE_DEPARTMENT'),(195,'NAME'),(196,'IDENTIFIER'),(197,'CATISSUE_SPECIMEN_ARRAY'),(198,'IDENTIFIER'),(199,'AVAILABLE'),(200,'COMMENTS'),(201,'POSITION_DIMENSION_ONE'),(202,'ACTIVITY_STATUS'),(203,'POSITION_DIMENSION_TWO'),(204,'NAME'),(205,'BARCODE'),(206,'FULL'),(207,'DE_E_208'),(208,'DE_AT_209'),(209,'DE_AT_210'),(210,'DE_AT_211'),(211,'DE_E_212'),(212,'DE_AT_213'),(213,'DE_AT_214'),(214,'DE_AT_215'),(215,'DE_AT_216'),(216,'CATISSUE_PASSWORD'),(217,'UPDATE_DATE'),(218,'IDENTIFIER'),(219,'PASSWORD'),(220,'CATISSUE_PARTICIPANT'),(221,'ETHNICITY'),(222,'BIRTH_DATE'),(223,'MIDDLE_NAME'),(224,'VITAL_STATUS'),(225,'FIRST_NAME'),(226,'GENOTYPE'),(227,'DEATH_DATE'),(228,'ACTIVITY_STATUS'),(229,'SOCIAL_SECURITY_NUMBER'),(230,'GENDER'),(231,'LAST_NAME'),(232,'IDENTIFIER'),(233,'CATISSUE_TRANSFER_EVENT_PARAM'),(234,'TO_POSITION_DIMENSION_TWO'),(235,'COMMENTS'),(236,'FROM_POSITION_DIMENSION_ONE'),(237,'IDENTIFIER'),(238,'EVENT_TIMESTAMP'),(239,'FROM_POSITION_DIMENSION_TWO'),(240,'TO_POSITION_DIMENSION_ONE'),(241,'CATISSUE_COLLECTION_PROTOCOL'),(242,'START_DATE'),(243,'TITLE'),(244,'DE_AT_245'),(245,'ENROLLMENT'),(246,'IRB_IDENTIFIER'),(247,'END_DATE'),(248,'SHORT_TITLE'),(249,'DESCRIPTION_URL'),(250,'IDENTIFIER'),(251,'ACTIVITY_STATUS'),(252,'DE_E_253'),(253,'DE_AT_254'),(254,'CATISSUE_RECEIVED_EVENT_PARAM'),(255,'RECEIVED_QUALITY'),(256,'IDENTIFIER'),(257,'EVENT_TIMESTAMP'),(258,'COMMENTS'),(259,'CATISSUE_DISTRIBUTION'),(260,'ACTIVITY_STATUS'),(261,'IDENTIFIER'),(262,'COMMENTS'),(263,'EVENT_TIMESTAMP'),(264,'DE_E_265'),(265,'DE_AT_266'),(266,'DE_AT_267'),(267,'CATISSUE_DISPOSAL_EVENT_PARAM'),(268,'IDENTIFIER'),(269,'REASON'),(270,'EVENT_TIMESTAMP'),(271,'COMMENTS'),(272,'CATISSUE_CLINICAL_REPORT'),(273,'SURGICAL_PATHOLOGICAL_NUMBER'),(274,'CATISSUE_SPECIMEN_REQUIREMENT'),(275,'PATHOLOGY_STATUS'),(276,'SPECIMEN_TYPE'),(277,'TISSUE_SITE'),(278,'SPECIMEN_CLASS'),(279,'CATISSUE_STORAGE_CONTAINER'),(280,'COMMENTS'),(281,'FULL'),(282,'ACTIVITY_STATUS'),(283,'TEMPERATURE'),(284,'CATISSUE_CONTAINER'),(285,'ACTIVITY_STATUS'),(286,'POSITION_DIMENSION_ONE'),(287,'COMMENTS'),(288,'BARCODE'),(289,'FULL'),(290,'IDENTIFIER'),(291,'POSITION_DIMENSION_TWO'),(292,'NAME'),(293,'CATISSUE_EMBEDDED_EVENT_PARAM'),(294,'COMMENTS'),(295,'EVENT_TIMESTAMP'),(296,'IDENTIFIER'),(297,'EMBEDDING_MEDIUM'),(298,'CATISSUE_FROZEN_EVENT_PARAM'),(299,'COMMENTS'),(300,'IDENTIFIER'),(301,'METHOD'),(302,'EVENT_TIMESTAMP'),(303,'CATISSUE_CONTAINER_TYPE'),(304,'NAME'),(305,'ACTIVITY_STATUS'),(306,'TWO_DIMENSION_LABEL'),(307,'IDENTIFIER'),(308,'COMMENTS'),(309,'ONE_DIMENSION_LABEL'),(310,'CATISSUE_DISTRIBUTION_PROTOCOL'),(311,'IRB_IDENTIFIER'),(312,'END_DATE'),(313,'ACTIVITY_STATUS'),(314,'ENROLLMENT'),(315,'START_DATE'),(316,'DESCRIPTION_URL'),(317,'TITLE'),(318,'SHORT_TITLE'),(319,'IDENTIFIER'),(320,'CATISSUE_SPECIMEN'),(321,'BARCODE'),(322,'PATHOLOGICAL_STATUS'),(323,'POSITION_DIMENSION_ONE'),(324,'AVAILABLE'),(325,'LABEL'),(326,'IDENTIFIER'),(327,'DE_AT_328'),(328,'TYPE'),(329,'LINEAGE'),(330,'POSITION_DIMENSION_TWO'),(331,'ACTIVITY_STATUS'),(332,'CATISSUE_THAW_EVENT_PARAMETERS'),(333,'IDENTIFIER'),(334,'EVENT_TIMESTAMP'),(335,'COMMENTS'),(336,'CATISSUE_SPECIMEN'),(337,'DE_AT_338'),(338,'LINEAGE'),(339,'AVAILABLE'),(340,'PATHOLOGICAL_STATUS'),(341,'POSITION_DIMENSION_ONE'),(342,'LABEL'),(343,'ACTIVITY_STATUS'),(344,'TYPE'),(345,'IDENTIFIER'),(346,'BARCODE'),(347,'POSITION_DIMENSION_TWO'),(348,'CATISSUE_SPECIMEN'),(349,'BARCODE'),(350,'ACTIVITY_STATUS'),(351,'PATHOLOGICAL_STATUS'),(352,'AVAILABLE'),(353,'POSITION_DIMENSION_TWO'),(354,'LABEL'),(355,'DE_AT_356'),(356,'IDENTIFIER'),(357,'POSITION_DIMENSION_ONE'),(358,'TYPE'),(359,'LINEAGE'),(360,'CATISSUE_EVENT_PARAM'),(361,'IDENTIFIER'),(362,'EVENT_TIMESTAMP'),(363,'COMMENTS'),(364,'CATISSUE_QUANTITY'),(365,'IDENTIFIER'),(366,'DE_E_108'),(367,'CATISSUE_ST_CONT_ST_TYPE_REL'),(368,'DE_E_179'),(369,'DE_E_155'),(370,'CATISSUE_SPECIMEN_BIOHZ_REL'),(371,'CATISSUE_SPECIMEN_BIOHZ_REL'),(372,'CATISSUE_COLL_DISTRIBUTION_REL'),(373,'CATISSUE_COLL_DISTRIBUTION_REL'),(374,'DE_E_139'),(375,'DE_E_179'),(376,'DE_E_135'),(377,'DE_E_135'),(378,'DE_E_25'),(379,'DE_E_31'),(380,'DE_E_273'),(381,'DE_E_365'),(382,'DE_E_179'),(383,'DE_E_208'),(384,'DE_E_208'),(385,'DE_E_129'),(386,'DE_E_147'),(387,'DE_E_198'),(388,'DE_E_129'),(389,'DE_E_129'),(390,'DE_AS_280_242_391'),(391,'DE_E_17'),(392,'DE_E_155'),(393,'DE_E_155'),(394,'CATISSUE_COLL_COORDINATORS'),(395,'CATISSUE_COLL_COORDINATORS'),(396,'DE_AS_58_147_397'),(397,'DE_E_234'),(398,'DE_E_280'),(399,'CATISSUE_COLL_SPECIMEN_REQ'),(400,'CATISSUE_COLL_SPECIMEN_REQ'),(401,'DE_E_260'),(402,'DE_E_280'),(403,'DE_E_285'),(404,'DE_E_285'),(405,'DE_E_86'),(406,'DE_E_273'),(407,'DE_E_217'),(408,'DE_E_172'),(409,'DE_E_172'),(410,'DE_E_172'),(411,'DE_E_25'),(412,'DE_E_144'),(413,'DE_E_144'),(414,'DE_E_260'),(415,'DE_E_139'),(416,'DE_E_139'),(417,'DE_E_8'),(418,'DE_E_8'),(419,'DE_E_234'),(420,'DE_E_76'),(421,'DE_E_76'),(422,'DE_E_260'),(423,'DE_E_365'),(424,'DE_E_155'),(425,'DE_AS_58_58_426'),(426,'DE_E_280'),(427,'DE_E_198'),(428,'DE_E_135'),(429,'DE_E_17'),(430,'DE_E_79'),(431,'DE_E_79'),(432,'DE_E_155'),(433,'DE_E_155'),(434,'CATISSUE_DISTRIBUTION_SPE_REQ'),(435,'CATISSUE_DISTRIBUTION_SPE_REQ'),(436,'DE_E_365'),(437,'DE_E_365'),(438,'DE_AS_280_147_439'),(439,'DE_E_86'),(440,'DE_E_25'),(441,'DE_E_25');
UNLOCK TABLES;
/*!40000 ALTER TABLE `dyextn_database_properties` ENABLE KEYS */;

--
-- Table structure for table `dyextn_date_concept_value`
--

DROP TABLE IF EXISTS `dyextn_date_concept_value`;
CREATE TABLE `dyextn_date_concept_value` (
  `IDENTIFIER` bigint(20) NOT NULL default '0',
  `VALUE` date default NULL,
  PRIMARY KEY  (`IDENTIFIER`),
  KEY `FK45F598A6BC7298A9` (`IDENTIFIER`),
  CONSTRAINT `FK45F598A6BC7298A9` FOREIGN KEY (`IDENTIFIER`) REFERENCES `dyextn_permissible_value` (`IDENTIFIER`)
) ENGINE=InnoDB DEFAULT CHARSET=latin1;

--
-- Dumping data for table `dyextn_date_concept_value`
--


/*!40000 ALTER TABLE `dyextn_date_concept_value` DISABLE KEYS */;
LOCK TABLES `dyextn_date_concept_value` WRITE;
UNLOCK TABLES;
/*!40000 ALTER TABLE `dyextn_date_concept_value` ENABLE KEYS */;

--
-- Table structure for table `dyextn_date_type_info`
--

DROP TABLE IF EXISTS `dyextn_date_type_info`;
CREATE TABLE `dyextn_date_type_info` (
  `IDENTIFIER` bigint(20) NOT NULL default '0',
  `FORMAT` varchar(255) default NULL,
  PRIMARY KEY  (`IDENTIFIER`),
  KEY `FKFBA549FBC7298A9` (`IDENTIFIER`),
  CONSTRAINT `FKFBA549FBC7298A9` FOREIGN KEY (`IDENTIFIER`) REFERENCES `dyextn_attribute_type_info` (`IDENTIFIER`)
) ENGINE=InnoDB DEFAULT CHARSET=latin1;

--
-- Dumping data for table `dyextn_date_type_info`
--


/*!40000 ALTER TABLE `dyextn_date_type_info` DISABLE KEYS */;
LOCK TABLES `dyextn_date_type_info` WRITE;
INSERT INTO `dyextn_date_type_info` VALUES (4,NULL),(11,NULL),(29,NULL),(30,NULL),(37,NULL),(40,NULL),(77,NULL),(81,NULL),(101,NULL),(110,NULL),(139,NULL),(143,NULL),(149,NULL),(158,NULL),(176,NULL),(178,NULL),(182,NULL),(187,NULL),(197,NULL),(200,NULL),(205,NULL),(213,NULL),(218,NULL),(223,NULL),(243,NULL),(249,NULL),(257,NULL),(260,NULL),(277,NULL),(302,NULL);
UNLOCK TABLES;
/*!40000 ALTER TABLE `dyextn_date_type_info` ENABLE KEYS */;

--
-- Table structure for table `dyextn_datepicker`
--

DROP TABLE IF EXISTS `dyextn_datepicker`;
CREATE TABLE `dyextn_datepicker` (
  `IDENTIFIER` bigint(20) NOT NULL default '0',
  PRIMARY KEY  (`IDENTIFIER`),
  KEY `FKFEADD199BC7298A9` (`IDENTIFIER`),
  CONSTRAINT `FKFEADD199BC7298A9` FOREIGN KEY (`IDENTIFIER`) REFERENCES `dyextn_control` (`IDENTIFIER`)
) ENGINE=InnoDB DEFAULT CHARSET=latin1;

--
-- Dumping data for table `dyextn_datepicker`
--


/*!40000 ALTER TABLE `dyextn_datepicker` DISABLE KEYS */;
LOCK TABLES `dyextn_datepicker` WRITE;
UNLOCK TABLES;
/*!40000 ALTER TABLE `dyextn_datepicker` ENABLE KEYS */;

--
-- Table structure for table `dyextn_double_concept_value`
--

DROP TABLE IF EXISTS `dyextn_double_concept_value`;
CREATE TABLE `dyextn_double_concept_value` (
  `IDENTIFIER` bigint(20) NOT NULL default '0',
  `VALUE` double default NULL,
  PRIMARY KEY  (`IDENTIFIER`),
  KEY `FKB94E6449BC7298A9` (`IDENTIFIER`),
  CONSTRAINT `FKB94E6449BC7298A9` FOREIGN KEY (`IDENTIFIER`) REFERENCES `dyextn_permissible_value` (`IDENTIFIER`)
) ENGINE=InnoDB DEFAULT CHARSET=latin1;

--
-- Dumping data for table `dyextn_double_concept_value`
--


/*!40000 ALTER TABLE `dyextn_double_concept_value` DISABLE KEYS */;
LOCK TABLES `dyextn_double_concept_value` WRITE;
UNLOCK TABLES;
/*!40000 ALTER TABLE `dyextn_double_concept_value` ENABLE KEYS */;

--
-- Table structure for table `dyextn_double_type_info`
--

DROP TABLE IF EXISTS `dyextn_double_type_info`;
CREATE TABLE `dyextn_double_type_info` (
  `IDENTIFIER` bigint(20) NOT NULL default '0',
  PRIMARY KEY  (`IDENTIFIER`),
  KEY `FKC83869C2BC7298A9` (`IDENTIFIER`),
  CONSTRAINT `FKC83869C2BC7298A9` FOREIGN KEY (`IDENTIFIER`) REFERENCES `dyextn_numeric_type_info` (`IDENTIFIER`)
) ENGINE=InnoDB DEFAULT CHARSET=latin1;

--
-- Dumping data for table `dyextn_double_type_info`
--


/*!40000 ALTER TABLE `dyextn_double_type_info` DISABLE KEYS */;
LOCK TABLES `dyextn_double_type_info` WRITE;
INSERT INTO `dyextn_double_type_info` VALUES (34),(39),(42),(43),(48),(51),(69),(76),(82),(84),(85),(86),(97),(98),(102),(113),(118),(220),(233);
UNLOCK TABLES;
/*!40000 ALTER TABLE `dyextn_double_type_info` ENABLE KEYS */;

--
-- Table structure for table `dyextn_entity`
--

DROP TABLE IF EXISTS `dyextn_entity`;
CREATE TABLE `dyextn_entity` (
  `IDENTIFIER` bigint(20) NOT NULL default '0',
  `DATA_TABLE_STATE` int(11) default NULL,
  `IS_ABSTRACT` tinyint(1) default NULL,
  `PARENT_ENTITY_ID` bigint(20) default NULL,
  `INHERITANCE_STRATEGY` int(11) default NULL,
  `DISCRIMINATOR_COLUMN_NAME` varchar(255) default NULL,
  `DISCRIMINATOR_VALUE` varchar(255) default NULL,
  PRIMARY KEY  (`IDENTIFIER`),
  KEY `FK8B243640450711A2` (`PARENT_ENTITY_ID`),
  KEY `FK8B243640BC7298A9` (`IDENTIFIER`),
  CONSTRAINT `FK8B243640BC7298A9` FOREIGN KEY (`IDENTIFIER`) REFERENCES `dyextn_abstract_metadata` (`IDENTIFIER`),
  CONSTRAINT `FK8B243640450711A2` FOREIGN KEY (`PARENT_ENTITY_ID`) REFERENCES `dyextn_entity` (`IDENTIFIER`)
) ENGINE=InnoDB DEFAULT CHARSET=latin1;

--
-- Dumping data for table `dyextn_entity`
--


/*!40000 ALTER TABLE `dyextn_entity` DISABLE KEYS */;
LOCK TABLES `dyextn_entity` WRITE;
INSERT INTO `dyextn_entity` VALUES (2,3,0,NULL,3,NULL,NULL),(8,2,0,NULL,3,NULL,NULL),(11,3,0,NULL,3,NULL,NULL),(17,3,0,NULL,3,NULL,NULL),(25,3,0,NULL,3,NULL,NULL),(31,3,0,NULL,3,NULL,NULL),(41,3,0,NULL,3,NULL,NULL),(46,3,0,NULL,3,NULL,NULL),(52,2,0,NULL,3,NULL,NULL),(55,3,0,NULL,3,NULL,NULL),(58,3,0,NULL,3,NULL,NULL),(63,3,0,NULL,3,NULL,NULL),(76,3,0,NULL,3,NULL,NULL),(79,2,0,NULL,3,NULL,NULL),(83,2,0,NULL,3,NULL,NULL),(86,3,0,NULL,3,NULL,NULL),(90,3,0,NULL,3,NULL,NULL),(93,3,0,NULL,3,NULL,NULL),(99,3,0,NULL,3,NULL,NULL),(108,3,0,NULL,3,NULL,NULL),(114,3,0,NULL,3,NULL,NULL),(125,3,0,NULL,3,NULL,NULL),(129,3,0,NULL,3,NULL,NULL),(132,2,0,NULL,3,NULL,NULL),(135,3,0,NULL,3,NULL,NULL),(139,3,0,NULL,3,NULL,NULL),(144,3,0,NULL,3,NULL,NULL),(147,3,0,NULL,3,NULL,NULL),(155,3,0,NULL,3,NULL,NULL),(167,3,0,NULL,3,NULL,NULL),(172,3,0,NULL,3,NULL,NULL),(176,3,0,NULL,3,NULL,NULL),(179,3,0,NULL,3,NULL,NULL),(189,3,0,NULL,3,NULL,NULL),(195,3,0,NULL,3,NULL,NULL),(198,3,0,NULL,3,NULL,NULL),(208,2,0,NULL,3,NULL,NULL),(212,2,0,NULL,3,NULL,NULL),(217,3,0,NULL,3,NULL,NULL),(221,3,0,NULL,3,NULL,NULL),(234,3,0,NULL,3,NULL,NULL),(242,3,0,NULL,3,NULL,NULL),(253,2,0,NULL,3,NULL,NULL),(255,3,0,NULL,3,NULL,NULL),(260,3,0,NULL,3,NULL,NULL),(265,2,0,NULL,3,NULL,NULL),(268,3,0,NULL,3,NULL,NULL),(273,3,0,NULL,3,NULL,NULL),(275,3,0,NULL,3,NULL,NULL),(280,3,0,NULL,3,NULL,NULL),(285,3,0,NULL,3,NULL,NULL),(294,3,0,NULL,3,NULL,NULL),(299,3,0,NULL,3,NULL,NULL),(304,3,0,NULL,3,NULL,NULL),(311,3,0,NULL,3,NULL,NULL),(321,3,0,NULL,3,NULL,NULL),(333,3,0,NULL,3,NULL,NULL),(337,3,0,NULL,3,NULL,NULL),(349,3,0,NULL,3,NULL,NULL),(361,3,0,NULL,3,NULL,NULL),(365,3,0,NULL,3,NULL,NULL);
UNLOCK TABLES;
/*!40000 ALTER TABLE `dyextn_entity` ENABLE KEYS */;

--
-- Table structure for table `dyextn_entity_group`
--

DROP TABLE IF EXISTS `dyextn_entity_group`;
CREATE TABLE `dyextn_entity_group` (
  `IDENTIFIER` bigint(20) NOT NULL default '0',
  `LONG_NAME` varchar(255) default NULL,
  `SHORT_NAME` varchar(255) default NULL,
  `VERSION` varchar(255) default NULL,
  PRIMARY KEY  (`IDENTIFIER`),
  KEY `FK105DE7A0BC7298A9` (`IDENTIFIER`),
  CONSTRAINT `FK105DE7A0BC7298A9` FOREIGN KEY (`IDENTIFIER`) REFERENCES `dyextn_abstract_metadata` (`IDENTIFIER`)
) ENGINE=InnoDB DEFAULT CHARSET=latin1;

--
-- Dumping data for table `dyextn_entity_group`
--


/*!40000 ALTER TABLE `dyextn_entity_group` DISABLE KEYS */;
LOCK TABLES `dyextn_entity_group` WRITE;
INSERT INTO `dyextn_entity_group` VALUES (1,'caTissue_Core','caTissueCore',NULL);
UNLOCK TABLES;
/*!40000 ALTER TABLE `dyextn_entity_group` ENABLE KEYS */;

--
-- Table structure for table `dyextn_entity_group_rel`
--

DROP TABLE IF EXISTS `dyextn_entity_group_rel`;
CREATE TABLE `dyextn_entity_group_rel` (
  `ENTITY_GROUP_ID` bigint(20) NOT NULL default '0',
  `ENTITY_ID` bigint(20) NOT NULL default '0',
  PRIMARY KEY  (`ENTITY_ID`,`ENTITY_GROUP_ID`),
  KEY `FK5A0D835A992A67D7` (`ENTITY_GROUP_ID`),
  KEY `FK5A0D835A79F466F7` (`ENTITY_ID`),
  CONSTRAINT `FK5A0D835A79F466F7` FOREIGN KEY (`ENTITY_ID`) REFERENCES `dyextn_entity` (`IDENTIFIER`),
  CONSTRAINT `FK5A0D835A992A67D7` FOREIGN KEY (`ENTITY_GROUP_ID`) REFERENCES `dyextn_entity_group` (`IDENTIFIER`)
) ENGINE=InnoDB DEFAULT CHARSET=latin1;

--
-- Dumping data for table `dyextn_entity_group_rel`
--


/*!40000 ALTER TABLE `dyextn_entity_group_rel` DISABLE KEYS */;
LOCK TABLES `dyextn_entity_group_rel` WRITE;
INSERT INTO `dyextn_entity_group_rel` VALUES (1,2),(1,8),(1,11),(1,17),(1,25),(1,31),(1,41),(1,46),(1,52),(1,55),(1,58),(1,63),(1,76),(1,79),(1,83),(1,86),(1,90),(1,93),(1,99),(1,108),(1,114),(1,125),(1,129),(1,132),(1,135),(1,139),(1,144),(1,147),(1,155),(1,167),(1,172),(1,176),(1,179),(1,189),(1,195),(1,198),(1,208),(1,212),(1,217),(1,221),(1,234),(1,242),(1,253),(1,255),(1,260),(1,265),(1,268),(1,273),(1,275),(1,280),(1,285),(1,294),(1,299),(1,304),(1,311),(1,321),(1,333),(1,337),(1,349),(1,361),(1,365);
UNLOCK TABLES;
/*!40000 ALTER TABLE `dyextn_entity_group_rel` ENABLE KEYS */;

--
-- Table structure for table `dyextn_file_extensions`
--

DROP TABLE IF EXISTS `dyextn_file_extensions`;
CREATE TABLE `dyextn_file_extensions` (
  `IDENTIFIER` bigint(20) NOT NULL auto_increment,
  `FILE_EXTENSION` varchar(255) default NULL,
  `ATTRIBUTE_ID` bigint(20) default NULL,
  PRIMARY KEY  (`IDENTIFIER`),
  KEY `FKD49834FA4D87D1BE` (`ATTRIBUTE_ID`),
  CONSTRAINT `FKD49834FA4D87D1BE` FOREIGN KEY (`ATTRIBUTE_ID`) REFERENCES `dyextn_file_type_info` (`IDENTIFIER`)
) ENGINE=InnoDB DEFAULT CHARSET=latin1;

--
-- Dumping data for table `dyextn_file_extensions`
--


/*!40000 ALTER TABLE `dyextn_file_extensions` DISABLE KEYS */;
LOCK TABLES `dyextn_file_extensions` WRITE;
UNLOCK TABLES;
/*!40000 ALTER TABLE `dyextn_file_extensions` ENABLE KEYS */;

--
-- Table structure for table `dyextn_file_type_info`
--

DROP TABLE IF EXISTS `dyextn_file_type_info`;
CREATE TABLE `dyextn_file_type_info` (
  `IDENTIFIER` bigint(20) NOT NULL default '0',
  `MAX_FILE_SIZE` float default NULL,
  PRIMARY KEY  (`IDENTIFIER`),
  KEY `FKA00F0EDBC7298A9` (`IDENTIFIER`),
  CONSTRAINT `FKA00F0EDBC7298A9` FOREIGN KEY (`IDENTIFIER`) REFERENCES `dyextn_attribute_type_info` (`IDENTIFIER`)
) ENGINE=InnoDB DEFAULT CHARSET=latin1;

--
-- Dumping data for table `dyextn_file_type_info`
--


/*!40000 ALTER TABLE `dyextn_file_type_info` DISABLE KEYS */;
LOCK TABLES `dyextn_file_type_info` WRITE;
UNLOCK TABLES;
/*!40000 ALTER TABLE `dyextn_file_type_info` ENABLE KEYS */;

--
-- Table structure for table `dyextn_file_upload`
--

DROP TABLE IF EXISTS `dyextn_file_upload`;
CREATE TABLE `dyextn_file_upload` (
  `IDENTIFIER` bigint(20) NOT NULL default '0',
  `NO_OF_COLUMNS` int(11) default NULL,
  PRIMARY KEY  (`IDENTIFIER`),
  KEY `FK2FAD41E7BC7298A9` (`IDENTIFIER`),
  CONSTRAINT `FK2FAD41E7BC7298A9` FOREIGN KEY (`IDENTIFIER`) REFERENCES `dyextn_control` (`IDENTIFIER`)
) ENGINE=InnoDB DEFAULT CHARSET=latin1;

--
-- Dumping data for table `dyextn_file_upload`
--


/*!40000 ALTER TABLE `dyextn_file_upload` DISABLE KEYS */;
LOCK TABLES `dyextn_file_upload` WRITE;
UNLOCK TABLES;
/*!40000 ALTER TABLE `dyextn_file_upload` ENABLE KEYS */;

--
-- Table structure for table `dyextn_float_concept_value`
--

DROP TABLE IF EXISTS `dyextn_float_concept_value`;
CREATE TABLE `dyextn_float_concept_value` (
  `IDENTIFIER` bigint(20) NOT NULL default '0',
  `VALUE` float default NULL,
  PRIMARY KEY  (`IDENTIFIER`),
  KEY `FK6785309ABC7298A9` (`IDENTIFIER`),
  CONSTRAINT `FK6785309ABC7298A9` FOREIGN KEY (`IDENTIFIER`) REFERENCES `dyextn_permissible_value` (`IDENTIFIER`)
) ENGINE=InnoDB DEFAULT CHARSET=latin1;

--
-- Dumping data for table `dyextn_float_concept_value`
--


/*!40000 ALTER TABLE `dyextn_float_concept_value` DISABLE KEYS */;
LOCK TABLES `dyextn_float_concept_value` WRITE;
UNLOCK TABLES;
/*!40000 ALTER TABLE `dyextn_float_concept_value` ENABLE KEYS */;

--
-- Table structure for table `dyextn_float_type_info`
--

DROP TABLE IF EXISTS `dyextn_float_type_info`;
CREATE TABLE `dyextn_float_type_info` (
  `IDENTIFIER` bigint(20) NOT NULL default '0',
  PRIMARY KEY  (`IDENTIFIER`),
  KEY `FK7E1C0693BC7298A9` (`IDENTIFIER`),
  CONSTRAINT `FK7E1C0693BC7298A9` FOREIGN KEY (`IDENTIFIER`) REFERENCES `dyextn_numeric_type_info` (`IDENTIFIER`)
) ENGINE=InnoDB DEFAULT CHARSET=latin1;

--
-- Dumping data for table `dyextn_float_type_info`
--


/*!40000 ALTER TABLE `dyextn_float_type_info` DISABLE KEYS */;
LOCK TABLES `dyextn_float_type_info` WRITE;
UNLOCK TABLES;
/*!40000 ALTER TABLE `dyextn_float_type_info` ENABLE KEYS */;

--
-- Table structure for table `dyextn_integer_concept_value`
--

DROP TABLE IF EXISTS `dyextn_integer_concept_value`;
CREATE TABLE `dyextn_integer_concept_value` (
  `IDENTIFIER` bigint(20) NOT NULL default '0',
  `VALUE` int(11) default NULL,
  PRIMARY KEY  (`IDENTIFIER`),
  KEY `FKFBA33B3CBC7298A9` (`IDENTIFIER`),
  CONSTRAINT `FKFBA33B3CBC7298A9` FOREIGN KEY (`IDENTIFIER`) REFERENCES `dyextn_permissible_value` (`IDENTIFIER`)
) ENGINE=InnoDB DEFAULT CHARSET=latin1;

--
-- Dumping data for table `dyextn_integer_concept_value`
--


/*!40000 ALTER TABLE `dyextn_integer_concept_value` DISABLE KEYS */;
LOCK TABLES `dyextn_integer_concept_value` WRITE;
UNLOCK TABLES;
/*!40000 ALTER TABLE `dyextn_integer_concept_value` ENABLE KEYS */;

--
-- Table structure for table `dyextn_integer_type_info`
--

DROP TABLE IF EXISTS `dyextn_integer_type_info`;
CREATE TABLE `dyextn_integer_type_info` (
  `IDENTIFIER` bigint(20) NOT NULL default '0',
  PRIMARY KEY  (`IDENTIFIER`),
  KEY `FK5F9CB235BC7298A9` (`IDENTIFIER`),
  CONSTRAINT `FK5F9CB235BC7298A9` FOREIGN KEY (`IDENTIFIER`) REFERENCES `dyextn_numeric_type_info` (`IDENTIFIER`)
) ENGINE=InnoDB DEFAULT CHARSET=latin1;

--
-- Dumping data for table `dyextn_integer_type_info`
--


/*!40000 ALTER TABLE `dyextn_integer_type_info` DISABLE KEYS */;
LOCK TABLES `dyextn_integer_type_info` WRITE;
INSERT INTO `dyextn_integer_type_info` VALUES (31),(59),(60),(71),(72),(79),(93),(109),(114),(116),(132),(134),(155),(165),(167),(193),(195),(198),(199),(203),(235),(240),(259),(267),(274),(283),(289),(294),(298);
UNLOCK TABLES;
/*!40000 ALTER TABLE `dyextn_integer_type_info` ENABLE KEYS */;

--
-- Table structure for table `dyextn_list_box`
--

DROP TABLE IF EXISTS `dyextn_list_box`;
CREATE TABLE `dyextn_list_box` (
  `IDENTIFIER` bigint(20) NOT NULL default '0',
  `MULTISELECT` tinyint(1) default NULL,
  PRIMARY KEY  (`IDENTIFIER`),
  KEY `FK208395A7BC7298A9` (`IDENTIFIER`),
  CONSTRAINT `FK208395A7BC7298A9` FOREIGN KEY (`IDENTIFIER`) REFERENCES `dyextn_select_control` (`IDENTIFIER`)
) ENGINE=InnoDB DEFAULT CHARSET=latin1;

--
-- Dumping data for table `dyextn_list_box`
--


/*!40000 ALTER TABLE `dyextn_list_box` DISABLE KEYS */;
LOCK TABLES `dyextn_list_box` WRITE;
UNLOCK TABLES;
/*!40000 ALTER TABLE `dyextn_list_box` ENABLE KEYS */;

--
-- Table structure for table `dyextn_long_concept_value`
--

DROP TABLE IF EXISTS `dyextn_long_concept_value`;
CREATE TABLE `dyextn_long_concept_value` (
  `IDENTIFIER` bigint(20) NOT NULL default '0',
  `VALUE` bigint(20) default NULL,
  PRIMARY KEY  (`IDENTIFIER`),
  KEY `FK3E1A6EF4BC7298A9` (`IDENTIFIER`),
  CONSTRAINT `FK3E1A6EF4BC7298A9` FOREIGN KEY (`IDENTIFIER`) REFERENCES `dyextn_permissible_value` (`IDENTIFIER`)
) ENGINE=InnoDB DEFAULT CHARSET=latin1;

--
-- Dumping data for table `dyextn_long_concept_value`
--


/*!40000 ALTER TABLE `dyextn_long_concept_value` DISABLE KEYS */;
LOCK TABLES `dyextn_long_concept_value` WRITE;
UNLOCK TABLES;
/*!40000 ALTER TABLE `dyextn_long_concept_value` ENABLE KEYS */;

--
-- Table structure for table `dyextn_long_type_info`
--

DROP TABLE IF EXISTS `dyextn_long_type_info`;
CREATE TABLE `dyextn_long_type_info` (
  `IDENTIFIER` bigint(20) NOT NULL default '0',
  PRIMARY KEY  (`IDENTIFIER`),
  KEY `FK257281EDBC7298A9` (`IDENTIFIER`),
  CONSTRAINT `FK257281EDBC7298A9` FOREIGN KEY (`IDENTIFIER`) REFERENCES `dyextn_numeric_type_info` (`IDENTIFIER`)
) ENGINE=InnoDB DEFAULT CHARSET=latin1;

--
-- Dumping data for table `dyextn_long_type_info`
--


/*!40000 ALTER TABLE `dyextn_long_type_info` DISABLE KEYS */;
LOCK TABLES `dyextn_long_type_info` WRITE;
INSERT INTO `dyextn_long_type_info` VALUES (2),(6),(12),(24),(33),(35),(41),(44),(46),(55),(68),(70),(74),(78),(83),(92),(94),(107),(108),(112),(115),(124),(136),(140),(141),(152),(154),(159),(161),(162),(172),(174),(175),(179),(192),(196),(208),(210),(212),(216),(219),(221),(239),(244),(247),(253),(264),(270),(276),(287),(297),(301),(304);
UNLOCK TABLES;
/*!40000 ALTER TABLE `dyextn_long_type_info` ENABLE KEYS */;

--
-- Table structure for table `dyextn_numeric_type_info`
--

DROP TABLE IF EXISTS `dyextn_numeric_type_info`;
CREATE TABLE `dyextn_numeric_type_info` (
  `IDENTIFIER` bigint(20) NOT NULL default '0',
  `MEASUREMENT_UNITS` varchar(255) default NULL,
  `DECIMAL_PLACES` int(11) default NULL,
  `NO_DIGITS` int(11) default NULL,
  PRIMARY KEY  (`IDENTIFIER`),
  KEY `FK4DEC9544BC7298A9` (`IDENTIFIER`),
  CONSTRAINT `FK4DEC9544BC7298A9` FOREIGN KEY (`IDENTIFIER`) REFERENCES `dyextn_attribute_type_info` (`IDENTIFIER`)
) ENGINE=InnoDB DEFAULT CHARSET=latin1;

--
-- Dumping data for table `dyextn_numeric_type_info`
--


/*!40000 ALTER TABLE `dyextn_numeric_type_info` DISABLE KEYS */;
LOCK TABLES `dyextn_numeric_type_info` WRITE;
INSERT INTO `dyextn_numeric_type_info` VALUES (2,NULL,0,NULL),(6,NULL,0,NULL),(12,NULL,0,NULL),(24,NULL,0,NULL),(31,NULL,0,NULL),(33,NULL,0,NULL),(34,NULL,0,NULL),(35,NULL,0,NULL),(39,NULL,0,NULL),(41,NULL,0,NULL),(42,NULL,0,NULL),(43,NULL,0,NULL),(44,NULL,0,NULL),(46,NULL,0,NULL),(48,NULL,0,NULL),(51,NULL,0,NULL),(55,NULL,0,NULL),(59,NULL,0,NULL),(60,NULL,0,NULL),(68,NULL,0,NULL),(69,NULL,0,NULL),(70,NULL,0,NULL),(71,NULL,0,NULL),(72,NULL,0,NULL),(74,NULL,0,NULL),(76,NULL,0,NULL),(78,NULL,0,NULL),(79,NULL,0,NULL),(82,NULL,0,NULL),(83,NULL,0,NULL),(84,NULL,0,NULL),(85,NULL,0,NULL),(86,NULL,0,NULL),(92,NULL,0,NULL),(93,NULL,0,NULL),(94,NULL,0,NULL),(97,NULL,0,NULL),(98,NULL,0,NULL),(102,NULL,0,NULL),(107,NULL,0,NULL),(108,NULL,0,NULL),(109,NULL,0,NULL),(112,NULL,0,NULL),(113,NULL,0,NULL),(114,NULL,0,NULL),(115,NULL,0,NULL),(116,NULL,0,NULL),(118,NULL,0,NULL),(124,NULL,0,NULL),(132,NULL,0,NULL),(134,NULL,0,NULL),(136,NULL,0,NULL),(140,NULL,0,NULL),(141,NULL,0,NULL),(152,NULL,0,NULL),(154,NULL,0,NULL),(155,NULL,0,NULL),(159,NULL,0,NULL),(161,NULL,0,NULL),(162,NULL,0,NULL),(165,NULL,0,NULL),(167,NULL,0,NULL),(172,NULL,0,NULL),(174,NULL,0,NULL),(175,NULL,0,NULL),(179,NULL,0,NULL),(192,NULL,0,NULL),(193,NULL,0,NULL),(195,NULL,0,NULL),(196,NULL,0,NULL),(198,NULL,0,NULL),(199,NULL,0,NULL),(203,NULL,0,NULL),(208,NULL,0,NULL),(210,NULL,0,NULL),(212,NULL,0,NULL),(216,NULL,0,NULL),(219,NULL,0,NULL),(220,NULL,0,NULL),(221,NULL,0,NULL),(233,NULL,0,NULL),(235,NULL,0,NULL),(239,NULL,0,NULL),(240,NULL,0,NULL),(244,NULL,0,NULL),(247,NULL,0,NULL),(253,NULL,0,NULL),(259,NULL,0,NULL),(264,NULL,0,NULL),(267,NULL,0,NULL),(270,NULL,0,NULL),(274,NULL,0,NULL),(276,NULL,0,NULL),(283,NULL,0,NULL),(287,NULL,0,NULL),(289,NULL,0,NULL),(294,NULL,0,NULL),(297,NULL,0,NULL),(298,NULL,0,NULL),(301,NULL,0,NULL),(304,NULL,0,NULL);
UNLOCK TABLES;
/*!40000 ALTER TABLE `dyextn_numeric_type_info` ENABLE KEYS */;

--
-- Table structure for table `dyextn_permissible_value`
--

DROP TABLE IF EXISTS `dyextn_permissible_value`;
CREATE TABLE `dyextn_permissible_value` (
  `IDENTIFIER` bigint(20) NOT NULL auto_increment,
  `DESCRIPTION` varchar(255) default NULL,
  `ATTRIBUTE_TYPE_INFO_ID` bigint(20) default NULL,
  `USER_DEF_DE_ID` bigint(20) default NULL,
  PRIMARY KEY  (`IDENTIFIER`),
  KEY `FK136264E08C8D972A` (`ATTRIBUTE_TYPE_INFO_ID`),
  KEY `FK136264E03D51114B` (`USER_DEF_DE_ID`),
  CONSTRAINT `FK136264E03D51114B` FOREIGN KEY (`USER_DEF_DE_ID`) REFERENCES `dyextn_userdefined_de` (`IDENTIFIER`),
  CONSTRAINT `FK136264E08C8D972A` FOREIGN KEY (`ATTRIBUTE_TYPE_INFO_ID`) REFERENCES `dyextn_attribute_type_info` (`IDENTIFIER`)
) ENGINE=InnoDB DEFAULT CHARSET=latin1;

--
-- Dumping data for table `dyextn_permissible_value`
--


/*!40000 ALTER TABLE `dyextn_permissible_value` DISABLE KEYS */;
LOCK TABLES `dyextn_permissible_value` WRITE;
UNLOCK TABLES;
/*!40000 ALTER TABLE `dyextn_permissible_value` ENABLE KEYS */;

--
-- Table structure for table `dyextn_primitive_attribute`
--

DROP TABLE IF EXISTS `dyextn_primitive_attribute`;
CREATE TABLE `dyextn_primitive_attribute` (
  `IDENTIFIER` bigint(20) NOT NULL default '0',
  `IS_COLLECTION` tinyint(1) default NULL,
  `IS_IDENTIFIED` tinyint(1) default NULL,
  `IS_PRIMARY_KEY` tinyint(1) default NULL,
  `IS_NULLABLE` tinyint(1) default NULL,
  PRIMARY KEY  (`IDENTIFIER`),
  KEY `FKA9F765C7BC7298A9` (`IDENTIFIER`),
  CONSTRAINT `FKA9F765C7BC7298A9` FOREIGN KEY (`IDENTIFIER`) REFERENCES `dyextn_attribute` (`IDENTIFIER`)
) ENGINE=InnoDB DEFAULT CHARSET=latin1;

--
-- Dumping data for table `dyextn_primitive_attribute`
--


/*!40000 ALTER TABLE `dyextn_primitive_attribute` DISABLE KEYS */;
LOCK TABLES `dyextn_primitive_attribute` WRITE;
INSERT INTO `dyextn_primitive_attribute` VALUES (3,0,NULL,0,1),(4,0,NULL,1,1),(5,0,NULL,0,1),(6,0,NULL,0,1),(7,0,NULL,0,1),(9,0,NULL,0,1),(10,0,NULL,0,1),(12,0,NULL,0,1),(13,0,NULL,0,1),(14,0,NULL,0,1),(15,0,NULL,0,1),(16,0,NULL,1,1),(18,0,NULL,0,1),(19,0,NULL,0,1),(20,0,NULL,0,1),(21,0,NULL,0,1),(22,0,NULL,0,1),(23,0,NULL,0,1),(24,0,NULL,0,1),(26,0,NULL,0,1),(27,0,NULL,0,1),(28,0,NULL,0,1),(29,0,NULL,0,1),(30,0,NULL,1,1),(32,0,NULL,0,1),(33,0,NULL,0,1),(34,0,NULL,0,1),(35,0,NULL,0,1),(36,0,NULL,0,1),(37,0,NULL,0,1),(38,0,NULL,0,1),(39,0,NULL,0,1),(40,0,NULL,1,1),(42,0,NULL,0,1),(43,0,NULL,1,1),(44,0,NULL,0,1),(45,0,NULL,0,1),(47,0,NULL,0,1),(48,0,NULL,0,1),(49,0,NULL,0,1),(50,0,NULL,1,1),(51,0,NULL,0,1),(53,0,NULL,0,1),(54,0,NULL,0,1),(56,0,NULL,0,1),(57,0,NULL,1,1),(59,0,NULL,0,1),(60,0,NULL,0,1),(61,0,NULL,0,1),(62,0,NULL,0,1),(64,0,NULL,0,1),(65,0,NULL,0,1),(66,0,NULL,0,1),(67,0,NULL,0,1),(68,0,NULL,1,1),(69,0,NULL,0,1),(70,0,NULL,0,1),(71,0,NULL,0,1),(72,0,NULL,0,1),(73,0,NULL,0,1),(74,0,NULL,0,1),(75,0,NULL,0,1),(77,0,NULL,0,1),(78,0,NULL,0,1),(80,0,NULL,0,1),(81,0,NULL,0,1),(82,0,NULL,0,1),(84,0,NULL,0,1),(85,0,NULL,0,1),(87,0,NULL,1,1),(88,0,NULL,0,1),(89,0,NULL,0,1),(91,0,NULL,0,1),(92,0,NULL,1,1),(94,0,NULL,0,1),(95,0,NULL,0,1),(96,0,NULL,0,1),(97,0,NULL,1,1),(98,0,NULL,0,1),(100,0,NULL,0,1),(101,0,NULL,0,1),(102,0,NULL,0,1),(103,0,NULL,1,1),(104,0,NULL,0,1),(105,0,NULL,0,1),(106,0,NULL,0,1),(107,0,NULL,0,1),(109,0,NULL,0,1),(110,0,NULL,0,1),(111,0,NULL,0,1),(112,0,NULL,0,1),(113,0,NULL,1,1),(115,0,NULL,0,1),(116,0,NULL,1,1),(117,0,NULL,0,1),(118,0,NULL,0,1),(119,0,NULL,0,1),(120,0,NULL,0,1),(121,0,NULL,0,1),(122,0,NULL,0,1),(123,0,NULL,0,1),(124,0,NULL,0,1),(126,0,NULL,0,1),(127,0,NULL,0,1),(128,0,NULL,0,1),(130,0,NULL,0,1),(131,0,NULL,1,1),(133,0,NULL,0,1),(134,0,NULL,0,1),(136,0,NULL,0,1),(137,0,NULL,0,1),(138,0,NULL,1,1),(140,0,NULL,0,1),(141,0,NULL,0,1),(142,0,NULL,1,1),(143,0,NULL,0,1),(145,0,NULL,0,1),(146,0,NULL,0,1),(148,0,NULL,0,1),(149,0,NULL,0,1),(150,0,NULL,0,1),(151,0,NULL,0,1),(152,0,NULL,0,1),(153,0,NULL,1,1),(154,0,NULL,0,1),(156,0,NULL,0,1),(157,0,NULL,0,1),(158,0,NULL,0,1),(159,0,NULL,0,1),(160,0,NULL,0,1),(161,0,NULL,0,1),(162,0,NULL,0,1),(163,0,NULL,0,1),(164,0,NULL,0,1),(165,0,NULL,0,1),(166,0,NULL,1,1),(168,0,NULL,0,1),(169,0,NULL,0,1),(170,0,NULL,0,1),(171,0,NULL,1,1),(173,0,NULL,1,1),(174,0,NULL,0,1),(175,0,NULL,0,1),(177,0,NULL,0,1),(178,0,NULL,0,1),(180,0,NULL,0,1),(181,0,NULL,0,1),(182,0,NULL,0,1),(183,0,NULL,0,1),(184,0,NULL,0,1),(185,0,NULL,0,1),(186,0,NULL,0,1),(187,0,NULL,0,1),(188,0,NULL,1,1),(190,0,NULL,0,1),(191,0,NULL,0,1),(192,0,NULL,0,1),(193,0,NULL,0,1),(194,0,NULL,1,1),(196,0,NULL,0,1),(197,0,NULL,1,1),(199,0,NULL,1,1),(200,0,NULL,0,1),(201,0,NULL,0,1),(202,0,NULL,0,1),(203,0,NULL,0,1),(204,0,NULL,0,1),(205,0,NULL,0,1),(206,0,NULL,0,1),(207,0,NULL,0,1),(209,0,NULL,0,1),(210,0,NULL,0,1),(211,0,NULL,0,1),(213,0,NULL,0,1),(214,0,NULL,0,1),(215,0,NULL,0,1),(216,0,NULL,0,1),(218,0,NULL,0,1),(219,0,NULL,1,1),(220,0,NULL,0,1),(222,0,NULL,0,1),(223,0,NULL,0,1),(224,0,NULL,0,1),(225,0,NULL,0,1),(226,0,NULL,0,1),(227,0,NULL,0,1),(228,0,NULL,0,1),(229,0,NULL,0,1),(230,0,NULL,0,1),(231,0,NULL,0,1),(232,0,NULL,0,1),(233,0,NULL,1,1),(235,0,NULL,0,1),(236,0,NULL,0,1),(237,0,NULL,0,1),(238,0,NULL,1,1),(239,0,NULL,0,1),(240,0,NULL,0,1),(241,0,NULL,0,1),(243,0,NULL,0,1),(244,0,NULL,0,1),(245,0,NULL,0,1),(246,0,NULL,0,1),(247,0,NULL,0,1),(248,0,NULL,0,1),(249,0,NULL,0,1),(250,0,NULL,0,1),(251,0,NULL,1,1),(252,0,NULL,0,1),(254,0,NULL,0,1),(256,0,NULL,0,1),(257,0,NULL,1,1),(258,0,NULL,0,1),(259,0,NULL,0,1),(261,0,NULL,0,1),(262,0,NULL,1,1),(263,0,NULL,0,1),(264,0,NULL,0,1),(266,0,NULL,0,1),(267,0,NULL,0,1),(269,0,NULL,1,1),(270,0,NULL,0,1),(271,0,NULL,0,1),(272,0,NULL,0,1),(274,0,NULL,0,1),(276,0,NULL,0,1),(277,0,NULL,0,1),(278,0,NULL,0,1),(279,0,NULL,0,1),(281,0,NULL,0,1),(282,0,NULL,0,1),(283,0,NULL,0,1),(284,0,NULL,0,1),(286,0,NULL,0,1),(287,0,NULL,0,1),(288,0,NULL,0,1),(289,0,NULL,0,1),(290,0,NULL,0,1),(291,0,NULL,1,1),(292,0,NULL,0,1),(293,0,NULL,0,1),(295,0,NULL,0,1),(296,0,NULL,0,1),(297,0,NULL,1,1),(298,0,NULL,0,1),(300,0,NULL,0,1),(301,0,NULL,1,1),(302,0,NULL,0,1),(303,0,NULL,0,1),(305,0,NULL,0,1),(306,0,NULL,0,1),(307,0,NULL,0,1),(308,0,NULL,1,1),(309,0,NULL,0,1),(310,0,NULL,0,1),(312,0,NULL,0,1),(313,0,NULL,0,1),(314,0,NULL,0,1),(315,0,NULL,0,1),(316,0,NULL,0,1),(317,0,NULL,0,1),(318,0,NULL,0,1),(319,0,NULL,0,1),(320,0,NULL,1,1),(322,0,NULL,0,1),(323,0,NULL,0,1),(324,0,NULL,0,1),(325,0,NULL,0,1),(326,0,NULL,0,1),(327,0,NULL,1,1),(328,0,NULL,0,1),(329,0,NULL,0,1),(330,0,NULL,0,1),(331,0,NULL,0,1),(332,0,NULL,0,1),(334,0,NULL,1,1),(335,0,NULL,0,1),(336,0,NULL,0,1),(338,0,NULL,0,1),(339,0,NULL,0,1),(340,0,NULL,0,1),(341,0,NULL,0,1),(342,0,NULL,0,1),(343,0,NULL,0,1),(344,0,NULL,0,1),(345,0,NULL,0,1),(346,0,NULL,1,1),(347,0,NULL,0,1),(348,0,NULL,0,1),(350,0,NULL,0,1),(351,0,NULL,0,1),(352,0,NULL,0,1),(353,0,NULL,0,1),(354,0,NULL,0,1),(355,0,NULL,0,1),(356,0,NULL,0,1),(357,0,NULL,1,1),(358,0,NULL,0,1),(359,0,NULL,0,1),(360,0,NULL,0,1),(362,0,NULL,1,1),(363,0,NULL,0,1),(364,0,NULL,0,1),(366,0,NULL,1,1);
UNLOCK TABLES;
/*!40000 ALTER TABLE `dyextn_primitive_attribute` ENABLE KEYS */;

--
-- Table structure for table `dyextn_radiobutton`
--

DROP TABLE IF EXISTS `dyextn_radiobutton`;
CREATE TABLE `dyextn_radiobutton` (
  `IDENTIFIER` bigint(20) NOT NULL default '0',
  PRIMARY KEY  (`IDENTIFIER`),
  KEY `FK16F5BA90BC7298A9` (`IDENTIFIER`),
  CONSTRAINT `FK16F5BA90BC7298A9` FOREIGN KEY (`IDENTIFIER`) REFERENCES `dyextn_control` (`IDENTIFIER`)
) ENGINE=InnoDB DEFAULT CHARSET=latin1;

--
-- Dumping data for table `dyextn_radiobutton`
--


/*!40000 ALTER TABLE `dyextn_radiobutton` DISABLE KEYS */;
LOCK TABLES `dyextn_radiobutton` WRITE;
UNLOCK TABLES;
/*!40000 ALTER TABLE `dyextn_radiobutton` ENABLE KEYS */;

--
-- Table structure for table `dyextn_role`
--

DROP TABLE IF EXISTS `dyextn_role`;
CREATE TABLE `dyextn_role` (
  `IDENTIFIER` bigint(20) NOT NULL auto_increment,
  `ASSOCIATION_TYPE` varchar(255) default NULL,
  `MAX_CARDINALITY` int(11) default NULL,
  `MIN_CARDINALITY` int(11) default NULL,
  `NAME` varchar(255) default NULL,
  PRIMARY KEY  (`IDENTIFIER`)
) ENGINE=InnoDB DEFAULT CHARSET=latin1;

--
-- Dumping data for table `dyextn_role`
--


/*!40000 ALTER TABLE `dyextn_role` DISABLE KEYS */;
LOCK TABLES `dyextn_role` WRITE;
INSERT INTO `dyextn_role` VALUES (1,'ASSOCIATION',2,0,''),(2,'ASSOCIATION',1,0,'coordinator'),(3,'ASSOCIATION',2,0,''),(4,'ASSOCIATION',2,0,'holdsStorageTypeCollection'),(5,'ASSOCIATION',2,0,''),(6,'ASSOCIATION',1,0,'department'),(7,'ASSOCIATION',2,0,''),(8,'ASSOCIATION',1,0,'specimenCharacteristics'),(9,'ASSOCIATION',2,0,'biohazardCollection'),(10,'ASSOCIATION',2,0,'specimenCollection'),(11,'ASSOCIATION',2,0,'distributionProtocolCollection'),(12,'ASSOCIATION',2,0,'collectionProtocolCollection'),(13,'ASSOCIATION',2,0,''),(14,'ASSOCIATION',1,1,'specimen'),(15,'ASSOCIATION',2,0,''),(16,'ASSOCIATION',1,0,'institution'),(17,'ASSOCIATION',2,1,'collectionProtocolRegistrationCollection'),(18,'ASSOCIATION',1,0,'participant'),(19,'ASSOCIATION',2,0,''),(20,'ASSOCIATION',1,0,'site'),(21,'ASSOCIATION',2,0,''),(22,'ASSOCIATION',1,0,'principalInvestigator'),(23,'ASSOCIATION',2,0,''),(24,'ASSOCIATION',1,0,'participantMedicalIdentifier'),(25,'ASSOCIATION',1,1,''),(26,'ASSOCIATION',1,1,'availableQuantity'),(27,'ASSOCIATION',2,0,''),(28,'ASSOCIATION',1,0,'cancerResearchGroup'),(29,'ASSOCIATION',1,0,'auditEvent'),(30,'ASSOCIATION',2,1,'auditEventLogCollection'),(31,'ASSOCIATION',2,0,''),(32,'ASSOCIATION',1,0,'site'),(33,'ASSOCIATION',1,1,''),(34,'ASSOCIATION',1,1,'specimenArrayType'),(35,'ASSOCIATION',2,0,''),(36,'ASSOCIATION',1,1,'createdBy'),(37,'ASSOCIATION',2,0,'participantMedicalIdentifierCollection'),(38,'ASSOCIATION',1,0,'participant'),(39,'ASSOCIATION',2,0,''),(40,'ASSOCIATION',2,0,'CollectionProtocolCollection'),(41,'ASSOCIATION',1,0,''),(42,'ASSOCIATION',1,0,'address'),(43,'ASSOCIATION',1,0,'parentSpecimen'),(44,'ASSOCIATION',2,0,'childrenSpecimen'),(45,'ASSOCIATION',2,0,'collectionProtocolCollection'),(46,'ASSOCIATION',2,0,'userCollection'),(47,'ASSOCIATION',2,0,''),(48,'ASSOCIATION',2,0,'holdsSpecimenArrayTypeCollection'),(49,'ASSOCIATION',2,0,''),(50,'ASSOCIATION',1,0,'toStorageContainer'),(51,'ASSOCIATION',2,0,''),(52,'ASSOCIATION',1,0,'storageType'),(53,'ASSOCIATION',2,1,'collectionProtocolEventCollection'),(54,'ASSOCIATION',2,1,'specimenRequirementCollection'),(55,'ASSOCIATION',2,0,''),(56,'ASSOCIATION',1,0,'distributionProtocol'),(57,'ASSOCIATION',1,1,''),(58,'ASSOCIATION',1,1,'storageContainer'),(59,'ASSOCIATION',2,0,'children'),(60,'ASSOCIATION',1,1,'parent'),(61,'ASSOCIATION',1,1,''),(62,'ASSOCIATION',1,1,'capacity'),(63,'ASSOCIATION',1,0,''),(64,'ASSOCIATION',1,0,'clinicalReport'),(65,'ASSOCIATION',1,1,''),(66,'ASSOCIATION',2,1,'passwordCollection'),(67,'ASSOCIATION',2,0,''),(68,'ASSOCIATION',1,1,'user'),(69,'ASSOCIATION',2,0,'specimenEventCollection'),(70,'ASSOCIATION',1,0,'specimen'),(71,'ASSOCIATION',2,0,''),(72,'ASSOCIATION',1,0,'collectionProtocolEvent'),(73,'ASSOCIATION',2,1,'collectionProtocolEventCollection'),(74,'ASSOCIATION',1,0,'collectionProtocol'),(75,'ASSOCIATION',2,0,''),(76,'ASSOCIATION',1,0,'toSite'),(77,'ASSOCIATION',2,0,'specimenArrayContentCollection'),(78,'ASSOCIATION',1,1,'specimenArray'),(79,'ASSOCIATION',2,0,'auditEventQueryLogCollection'),(80,'ASSOCIATION',1,1,'auditEvent'),(81,'ASSOCIATION',2,0,''),(82,'ASSOCIATION',1,0,'fromStorageContainer'),(83,'ASSOCIATION',2,0,'externalIdentifierCollection'),(84,'ASSOCIATION',1,0,'specimen'),(85,'ASSOCIATION',2,0,''),(86,'ASSOCIATION',1,1,'user'),(87,'ASSOCIATION',1,1,''),(88,'ASSOCIATION',1,1,'quantity'),(89,'ASSOCIATION',2,0,''),(90,'ASSOCIATION',1,0,'storageContainer'),(91,'ASSOCIATION',2,0,''),(92,'ASSOCIATION',2,0,'holdStorageTypeCollection'),(93,'ASSOCIATION',2,0,''),(94,'ASSOCIATION',1,0,'site'),(95,'ASSOCIATION',1,1,''),(96,'ASSOCIATION',2,0,'specimenArrayCollection'),(97,'ASSOCIATION',2,0,''),(98,'ASSOCIATION',1,0,'collectionProtocol'),(99,'ASSOCIATION',1,0,'user'),(100,'ASSOCIATION',1,1,'address'),(101,'ASSOCIATION',2,1,'auditEventDetailsCollcetion'),(102,'ASSOCIATION',1,0,'auditEventLog'),(103,'ASSOCIATION',2,1,'specimenCollection'),(104,'ASSOCIATION',1,0,'specimenCollectionGroup'),(105,'ASSOCIATION',2,1,'specimenRequirementCollection'),(106,'ASSOCIATION',2,1,'distributionProtocolCollection'),(107,'ASSOCIATION',1,1,''),(108,'ASSOCIATION',1,1,'initialQuantity'),(109,'ASSOCIATION',1,1,''),(110,'ASSOCIATION',1,1,'quantity'),(111,'ASSOCIATION',2,0,''),(112,'ASSOCIATION',2,0,'holdsSpecimenArrayTypeCollection'),(113,'ASSOCIATION',1,1,''),(114,'ASSOCIATION',1,1,'capacity'),(115,'ASSOCIATION',2,0,'SpecimenCollectionGroupCollection'),(116,'ASSOCIATION',1,1,'collectionProtocolRegistration');
UNLOCK TABLES;
/*!40000 ALTER TABLE `dyextn_role` ENABLE KEYS */;

--
-- Table structure for table `dyextn_rule`
--

DROP TABLE IF EXISTS `dyextn_rule`;
CREATE TABLE `dyextn_rule` (
  `IDENTIFIER` bigint(20) NOT NULL auto_increment,
  `NAME` varchar(255) default NULL,
  `ATTRIBUTE_ID` bigint(20) default NULL,
  PRIMARY KEY  (`IDENTIFIER`),
  KEY `FKC27E0994D87D1BE` (`ATTRIBUTE_ID`),
  CONSTRAINT `FKC27E0994D87D1BE` FOREIGN KEY (`ATTRIBUTE_ID`) REFERENCES `dyextn_attribute` (`IDENTIFIER`)
) ENGINE=InnoDB DEFAULT CHARSET=latin1;

--
-- Dumping data for table `dyextn_rule`
--


/*!40000 ALTER TABLE `dyextn_rule` DISABLE KEYS */;
LOCK TABLES `dyextn_rule` WRITE;
UNLOCK TABLES;
/*!40000 ALTER TABLE `dyextn_rule` ENABLE KEYS */;

--
-- Table structure for table `dyextn_rule_parameter`
--

DROP TABLE IF EXISTS `dyextn_rule_parameter`;
CREATE TABLE `dyextn_rule_parameter` (
  `IDENTIFIER` bigint(20) NOT NULL auto_increment,
  `NAME` varchar(255) default NULL,
  `VALUE` varchar(255) default NULL,
  `RULE_ID` bigint(20) default NULL,
  PRIMARY KEY  (`IDENTIFIER`),
  KEY `FK22567363871AAD3E` (`RULE_ID`),
  CONSTRAINT `FK22567363871AAD3E` FOREIGN KEY (`RULE_ID`) REFERENCES `dyextn_rule` (`IDENTIFIER`)
) ENGINE=InnoDB DEFAULT CHARSET=latin1;

--
-- Dumping data for table `dyextn_rule_parameter`
--


/*!40000 ALTER TABLE `dyextn_rule_parameter` DISABLE KEYS */;
LOCK TABLES `dyextn_rule_parameter` WRITE;
UNLOCK TABLES;
/*!40000 ALTER TABLE `dyextn_rule_parameter` ENABLE KEYS */;

--
-- Table structure for table `dyextn_select_control`
--

DROP TABLE IF EXISTS `dyextn_select_control`;
CREATE TABLE `dyextn_select_control` (
  `IDENTIFIER` bigint(20) NOT NULL default '0',
  `SEPARATOR_STRING` varchar(255) default NULL,
  PRIMARY KEY  (`IDENTIFIER`),
  KEY `FKDFEBB657BC7298A9` (`IDENTIFIER`),
  CONSTRAINT `FKDFEBB657BC7298A9` FOREIGN KEY (`IDENTIFIER`) REFERENCES `dyextn_control` (`IDENTIFIER`)
) ENGINE=InnoDB DEFAULT CHARSET=latin1;

--
-- Dumping data for table `dyextn_select_control`
--


/*!40000 ALTER TABLE `dyextn_select_control` DISABLE KEYS */;
LOCK TABLES `dyextn_select_control` WRITE;
UNLOCK TABLES;
/*!40000 ALTER TABLE `dyextn_select_control` ENABLE KEYS */;

--
-- Table structure for table `dyextn_semantic_property`
--

DROP TABLE IF EXISTS `dyextn_semantic_property`;
CREATE TABLE `dyextn_semantic_property` (
  `IDENTIFIER` bigint(20) NOT NULL auto_increment,
  `CONCEPT_CODE` varchar(255) default NULL,
  `TERM` varchar(255) default NULL,
  `THESAURAS_NAME` varchar(255) default NULL,
  `SEQUENCE_NUMBER` int(11) default NULL,
  `ABSTRACT_METADATA_ID` bigint(20) default NULL,
  `ABSTRACT_VALUE_ID` bigint(20) default NULL,
  PRIMARY KEY  (`IDENTIFIER`),
  KEY `FKD2A0B5B13BAB5E46` (`ABSTRACT_VALUE_ID`),
  KEY `FKD2A0B5B17D7A9B8E` (`ABSTRACT_METADATA_ID`),
  CONSTRAINT `FKD2A0B5B17D7A9B8E` FOREIGN KEY (`ABSTRACT_METADATA_ID`) REFERENCES `dyextn_abstract_metadata` (`IDENTIFIER`),
  CONSTRAINT `FKD2A0B5B13BAB5E46` FOREIGN KEY (`ABSTRACT_VALUE_ID`) REFERENCES `dyextn_permissible_value` (`IDENTIFIER`)
) ENGINE=InnoDB DEFAULT CHARSET=latin1;

--
-- Dumping data for table `dyextn_semantic_property`
--


/*!40000 ALTER TABLE `dyextn_semantic_property` DISABLE KEYS */;
LOCK TABLES `dyextn_semantic_property` WRITE;
INSERT INTO `dyextn_semantic_property` VALUES (1,'C25218','Procedure',NULL,1,3,NULL),(2,'C25453','Collection',NULL,0,3,NULL),(3,'C25364','Identifier',NULL,0,4,NULL),(4,'C43186','Container',NULL,0,5,NULL),(5,'C54086','Timestamp',NULL,0,6,NULL),(6,'C25393','Comments',NULL,0,7,NULL),(7,'C44175','Parameter Object',NULL,2,2,NULL),(8,'C25453','Collection',NULL,1,2,NULL),(9,'C25499','Event',NULL,0,2,NULL),(10,'C25364','Identifier',NULL,0,9,NULL),(11,'C41116','Question Text',NULL,1,10,NULL),(12,'C25480','Details',NULL,0,10,NULL),(13,'C45269','Audit',NULL,3,8,NULL),(14,'C45279','Log',NULL,2,8,NULL),(15,'C41116','Question Text',NULL,1,8,NULL),(16,'C25499','Event',NULL,0,8,NULL),(17,'C25393','Comments',NULL,0,12,NULL),(18,'C42743','Uniform Resource Locator',NULL,0,13,NULL),(19,'C42614','Name',NULL,0,14,NULL),(20,'C54086','Timestamp',NULL,0,15,NULL),(21,'C25364','Identifier',NULL,0,16,NULL),(22,'C44175','Parameter Object',NULL,2,11,NULL),(23,'C25218','Procedure',NULL,1,11,NULL),(24,'C25499','Event',NULL,0,11,NULL),(25,'C25690','Street Address',NULL,0,18,NULL),(26,'C25720','Zip Code',NULL,0,19,NULL),(27,'C42879','Fax Number',NULL,0,20,NULL),(28,'C30010','State',NULL,0,21,NULL),(29,'C25160','City',NULL,0,22,NULL),(30,'C40978','Telephone Number',NULL,0,23,NULL),(31,'C25464','Country',NULL,0,24,NULL),(32,'C25407','Address',NULL,0,17,NULL),(33,'C42614','Name',NULL,0,26,NULL),(34,'C25398','Clinical',NULL,1,27,NULL),(35,'C25688','Status',NULL,0,27,NULL),(36,'C15607','Clinical Diagnosis',NULL,0,28,NULL),(37,'C43431','Activity',NULL,1,29,NULL),(38,'C25688','Status',NULL,0,29,NULL),(39,'C25364','Identifier',NULL,0,30,NULL),(40,'C43359','Group',NULL,2,25,NULL),(41,'C25453','Collection',NULL,1,25,NULL),(42,'C19157','Specimen',NULL,0,25,NULL),(43,'C16741','IRB',NULL,1,32,NULL),(44,'C25364','Identifier',NULL,0,32,NULL),(45,'C25688','Status',NULL,1,33,NULL),(46,'C43431','Activity',NULL,0,33,NULL),(47,'C42774','Title',NULL,0,34,NULL),(48,'C25365','Description',NULL,1,35,NULL),(49,'C42743','Uniform Resource Locator',NULL,0,35,NULL),(50,'C25496','End',NULL,1,36,NULL),(51,'C25164','Date',NULL,0,36,NULL),(52,'C25164','Date',NULL,1,37,NULL),(53,'C25431','Begin',NULL,0,37,NULL),(54,'C25501','Expected',NULL,1,38,NULL),(55,'C37948','Enrollment',NULL,0,38,NULL),(56,'C25249','Short',NULL,1,39,NULL),(57,'C42774','Title',NULL,0,39,NULL),(58,'C25364','Identifier',NULL,0,40,NULL),(59,'C42651','Protocol',NULL,1,31,NULL),(60,'C19157','Specimen',NULL,0,31,NULL),(61,'C12508','Cell',NULL,1,42,NULL),(62,'C25463','Count',NULL,0,42,NULL),(63,'C25364','Identifier',NULL,0,43,NULL),(64,'C25393','Comments',NULL,0,44,NULL),(65,'C54086','Timestamp',NULL,0,45,NULL),(66,'C44175','Parameter Object',NULL,4,41,NULL),(67,'C25278','Fluid',NULL,3,41,NULL),(68,'C25499','Event',NULL,2,41,NULL),(69,'C19157','Specimen',NULL,1,41,NULL),(70,'C42729','Review',NULL,0,41,NULL),(71,'C25393','Comments',NULL,0,47,NULL),(72,'C37923','Cellularity',NULL,2,48,NULL),(73,'C25613','Percentage',NULL,1,48,NULL),(74,'C45315','Neoplastic',NULL,0,48,NULL),(75,'C54086','Timestamp',NULL,0,49,NULL),(76,'C25364','Identifier',NULL,0,50,NULL),(77,'C12508','Cell',NULL,2,51,NULL),(78,'C25613','Percentage',NULL,1,51,NULL),(79,'C25324','Viable',NULL,0,51,NULL),(80,'C44175','Parameter Object',NULL,3,46,NULL),(81,'C12508','Cell',NULL,2,46,NULL),(82,'C19157','Specimen',NULL,1,46,NULL),(83,'C42729','Review',NULL,0,46,NULL),(84,'C49100','Value',NULL,0,53,NULL),(85,'C25364','Identifier',NULL,0,54,NULL),(86,'C28254','Milliliter',NULL,1,52,NULL),(87,'C25256','Quantity',NULL,0,52,NULL),(88,'C42614','Name',NULL,0,56,NULL),(89,'C25364','Identifier',NULL,0,57,NULL),(90,'C41206','Institution',NULL,0,55,NULL),(91,'C25393','Comments',NULL,0,59,NULL),(92,'C48156','Default',NULL,2,60,NULL),(93,'C42559','Degree Celsius',NULL,1,60,NULL),(94,'C25206','Temperature',NULL,0,60,NULL),(95,'C25688','Status',NULL,1,61,NULL),(96,'C43431','Activity',NULL,0,61,NULL),(97,'C42614','Name',NULL,0,62,NULL),(98,'C45322','Storage_Unit',NULL,1,58,NULL),(99,'C25284','Type',NULL,0,58,NULL),(100,'C44256','Ratio',NULL,3,64,NULL),(101,'C48153','Microliter',NULL,2,64,NULL),(102,'C48152','Microgram',NULL,1,64,NULL),(103,'C41185','Concentration',NULL,0,64,NULL),(104,'C61036','Finding',NULL,2,65,NULL),(105,'C18189','Pathology',NULL,1,65,NULL),(106,'C25688','Status',NULL,0,65,NULL),(107,'C43361','Barcode',NULL,0,66,NULL),(108,'C45561','Label',NULL,0,67,NULL),(109,'C25364','Identifier',NULL,0,68,NULL),(110,'C25284','Type',NULL,0,69,NULL),(111,'C25429','Available',NULL,0,70,NULL),(112,'C25393','Comments',NULL,0,71,NULL),(113,'C25483','Dimension',NULL,2,72,NULL),(114,'C25509','First',NULL,1,72,NULL),(115,'C25339','Position',NULL,0,72,NULL),(116,'C25339','Position',NULL,2,73,NULL),(117,'C25483','Dimension',NULL,1,73,NULL),(118,'C25666','Second',NULL,0,73,NULL),(119,'C60792','Lineage',NULL,0,74,NULL),(120,'C25688','Status',NULL,1,75,NULL),(121,'C43431','Activity',NULL,0,75,NULL),(122,'C25574','Molecular',NULL,3,63,NULL),(123,'C25574','Molecular',NULL,2,63,NULL),(124,'C19157','Specimen',NULL,1,63,NULL),(125,'C19157','Specimen',NULL,0,63,NULL),(126,'C42614','Name',NULL,0,77,NULL),(127,'C25712','Value',NULL,0,78,NULL),(128,'C44280','External',NULL,1,76,NULL),(129,'C25364','Identifier',NULL,0,76,NULL),(130,'C25712','Value',NULL,1,80,NULL),(131,'C25627','Previous',NULL,0,80,NULL),(132,'C48792','Element Part',NULL,1,81,NULL),(133,'C42614','Name',NULL,0,81,NULL),(134,'C25712','Value',NULL,1,82,NULL),(135,'C25471','Current',NULL,0,82,NULL),(136,'C45269','Audit',NULL,2,79,NULL),(137,'C25480','Details',NULL,1,79,NULL),(138,'C25499','Event',NULL,0,79,NULL),(139,'C25364','Identifier',NULL,0,84,NULL),(140,'C49100','Value',NULL,0,85,NULL),(141,'C48155','Gram',NULL,1,83,NULL),(142,'C25256','Quantity',NULL,0,83,NULL),(143,'C25364','Identifier',NULL,0,87,NULL),(144,'C25483','Dimension',NULL,2,88,NULL),(145,'C25443','Capacity',NULL,1,88,NULL),(146,'C25509','First',NULL,0,88,NULL),(147,'C25443','Capacity',NULL,2,89,NULL),(148,'C25483','Dimension',NULL,1,89,NULL),(149,'C25666','Second',NULL,0,89,NULL),(150,'C25443','Capacity',NULL,0,86,NULL),(151,'C42614','Name',NULL,0,91,NULL),(152,'C25364','Identifier',NULL,0,92,NULL),(153,'C48168','Cancer Research Group',NULL,0,90,NULL),(154,'C25393','Comments',NULL,0,94,NULL),(155,'C48162','G Force',NULL,0,95,NULL),(156,'C54086','Timestamp',NULL,0,96,NULL),(157,'C25364','Identifier',NULL,0,97,NULL),(158,'C25330','Duration',NULL,1,98,NULL),(159,'C48154','Minute',NULL,0,98,NULL),(160,'C16410','Centifugation',NULL,2,93,NULL),(161,'C44175','Parameter Object',NULL,1,93,NULL),(162,'C25499','Event',NULL,0,93,NULL),(163,'C25526','Histologic',NULL,1,100,NULL),(164,'C25283','Quality',NULL,0,100,NULL),(165,'C54086','Timestamp',NULL,0,101,NULL),(166,'C16897','Necrosis',NULL,1,102,NULL),(167,'C25613','Percentage',NULL,0,102,NULL),(168,'C25364','Identifier',NULL,0,103,NULL),(169,'C25304','Total',NULL,2,104,NULL),(170,'C25613','Percentage',NULL,1,104,NULL),(171,'C37923','Cellularity',NULL,0,104,NULL),(172,'C12535','Lymphocyte',NULL,1,105,NULL),(173,'C25613','Percentage',NULL,0,105,NULL),(174,'C45315','Neoplastic',NULL,2,106,NULL),(175,'C25613','Percentage',NULL,1,106,NULL),(176,'C37923','Cellularity',NULL,0,106,NULL),(177,'C25393','Comments',NULL,0,107,NULL),(178,'C44175','Parameter Object',NULL,4,99,NULL),(179,'C25499','Event',NULL,3,99,NULL),(180,'C19157','Specimen',NULL,2,99,NULL),(181,'C12801','Tissue',NULL,1,99,NULL),(182,'C42729','Review',NULL,0,99,NULL),(183,'C25284','Type',NULL,0,109,NULL),(184,'C42614','Name',NULL,0,110,NULL),(185,'C43431','Activity',NULL,1,111,NULL),(186,'C25688','Status',NULL,0,111,NULL),(187,'C42775','Email Address',NULL,0,112,NULL),(188,'C25364','Identifier',NULL,0,113,NULL),(189,'C37901','Site',NULL,0,108,NULL),(190,'C25337','Number',NULL,1,115,NULL),(191,'C45297','Gel',NULL,0,115,NULL),(192,'C25364','Identifier',NULL,0,116,NULL),(193,'C25393','Comments',NULL,0,117,NULL),(194,'C25283','Quality',NULL,1,118,NULL),(195,'C25390','Index',NULL,0,118,NULL),(196,'C44256','Ratio',NULL,2,119,NULL),(197,'C48171','28S Ribosomal RNA',NULL,1,119,NULL),(198,'C48172','18S Ribosomal RNA',NULL,0,119,NULL),(199,'C48169','Absorbance at 260nm',NULL,0,120,NULL),(200,'C45311','Lane',NULL,1,121,NULL),(201,'C25337','Number',NULL,0,121,NULL),(202,'C48179','Image',NULL,2,122,NULL),(203,'C45297','Gel',NULL,1,122,NULL),(204,'C42743','Uniform Resource Locator',NULL,0,122,NULL),(205,'C54086','Timestamp',NULL,0,123,NULL),(206,'C48170','Absorbance at 280nm',NULL,0,124,NULL),(207,'C44175','Parameter Object',NULL,3,114,NULL),(208,'C25574','Molecular',NULL,2,114,NULL),(209,'C19157','Specimen',NULL,1,114,NULL),(210,'C42729','Review',NULL,0,114,NULL),(211,'C42614','Name',NULL,0,126,NULL),(212,'C25393','Comments',NULL,0,127,NULL),(213,'C25284','Type',NULL,0,128,NULL),(214,'C1281','Biohazardous Substance',NULL,0,125,NULL),(215,'C45258','Medical Record',NULL,1,130,NULL),(216,'C25337','Number',NULL,0,130,NULL),(217,'C25364','Identifier',NULL,0,131,NULL),(218,'C45258','Medical Record',NULL,2,129,NULL),(219,'C29867','Participant',NULL,1,129,NULL),(220,'C25364','Identifier',NULL,0,129,NULL),(221,'C25364','Identifier',NULL,0,133,NULL),(222,'C49100','Value',NULL,0,134,NULL),(223,'C25256','Quantity',NULL,1,132,NULL),(224,'C25463','Count',NULL,0,132,NULL),(225,'C25164','Date',NULL,2,136,NULL),(226,'C60005','Signature',NULL,1,136,NULL),(227,'C60004','consent',NULL,0,136,NULL),(228,'C60003','URL',NULL,3,137,NULL),(229,'C60002','Document',NULL,2,137,NULL),(230,'C60001','Consent',NULL,1,137,NULL),(231,'C60000','signed',NULL,0,137,NULL),(232,'C25364','Identifier',NULL,0,138,NULL),(233,'C42651','Protocol',NULL,3,135,NULL),(234,'C25453','Collection',NULL,2,135,NULL),(235,'C25646','Registration',NULL,1,135,NULL),(236,'C29867','Participant',NULL,0,135,NULL),(237,'C48153','Microliter',NULL,3,140,NULL),(238,'C44256','Ratio',NULL,2,140,NULL),(239,'C41185','Concentration',NULL,1,140,NULL),(240,'C48152','Microgram',NULL,0,140,NULL),(241,'C25666','Second',NULL,2,141,NULL),(242,'C25339','Position',NULL,1,141,NULL),(243,'C25483','Dimension',NULL,0,141,NULL),(244,'C25364','Identifier',NULL,0,142,NULL),(245,'C25483','Dimension',NULL,2,143,NULL),(246,'C25339','Position',NULL,1,143,NULL),(247,'C25509','First',NULL,0,143,NULL),(248,'C26358','Array',NULL,2,139,NULL),(249,'C44476','Content',NULL,1,139,NULL),(250,'C19157','Specimen',NULL,0,139,NULL),(251,'C25398','Clinical',NULL,1,145,NULL),(252,'C25688','Status',NULL,0,145,NULL),(253,'C25207','Time',NULL,3,146,NULL),(254,'C25301','Day',NULL,2,146,NULL),(255,'C25453','Collection',NULL,1,146,NULL),(256,'C19157','Specimen',NULL,0,146,NULL),(257,'C42651','Protocol',NULL,2,144,NULL),(258,'C25453','Collection',NULL,1,144,NULL),(259,'C25499','Event',NULL,0,144,NULL),(260,'C25483','Dimension',NULL,2,148,NULL),(261,'C25509','First',NULL,1,148,NULL),(262,'C45561','Label',NULL,0,148,NULL),(263,'C25688','Status',NULL,1,149,NULL),(264,'C43431','Activity',NULL,0,149,NULL),(265,'C42614','Name',NULL,0,150,NULL),(266,'C25483','Dimension',NULL,2,151,NULL),(267,'C45561','Label',NULL,1,151,NULL),(268,'C25666','Second',NULL,0,151,NULL),(269,'C25393','Comments',NULL,0,152,NULL),(270,'C25364','Identifier',NULL,0,153,NULL),(271,'C25346','Class',NULL,1,154,NULL),(272,'C19157','Specimen',NULL,0,154,NULL),(273,'C26358','Array',NULL,2,147,NULL),(274,'C19157','Specimen',NULL,1,147,NULL),(275,'C25284','Type',NULL,0,147,NULL),(276,'C43361','Barcode',NULL,0,156,NULL),(277,'C60792','Lineage',NULL,0,157,NULL),(278,'C43431','Activity',NULL,1,158,NULL),(279,'C25688','Status',NULL,0,158,NULL),(280,'C25429','Available',NULL,0,159,NULL),(281,'C25393','Comments',NULL,0,160,NULL),(282,'C45561','Label',NULL,0,161,NULL),(283,'C25339','Position',NULL,2,162,NULL),(284,'C25666','Second',NULL,1,162,NULL),(285,'C25483','Dimension',NULL,0,162,NULL),(286,'C61036','Finding',NULL,2,163,NULL),(287,'C18189','Pathology',NULL,1,163,NULL),(288,'C25688','Status',NULL,0,163,NULL),(289,'C25339','Position',NULL,2,164,NULL),(290,'C25509','First',NULL,1,164,NULL),(291,'C25483','Dimension',NULL,0,164,NULL),(292,'C25284','Type',NULL,0,165,NULL),(293,'C25364','Identifier',NULL,0,166,NULL),(294,'C19157','Specimen',NULL,0,155,NULL),(295,'C25393','Comments',NULL,0,168,NULL),(296,'C25650','Removed',NULL,2,169,NULL),(297,'C25688','Status',NULL,1,169,NULL),(298,'C25626','Present',NULL,0,169,NULL),(299,'C54086','Timestamp',NULL,0,170,NULL),(300,'C25364','Identifier',NULL,0,171,NULL),(301,'C44175','Parameter Object',NULL,3,167,NULL),(302,'C25650','Removed',NULL,2,167,NULL),(303,'C25626','Present',NULL,1,167,NULL),(304,'C25688','Status',NULL,0,167,NULL),(305,'C25364','Identifier',NULL,0,173,NULL),(306,'C25393','Comments',NULL,0,174,NULL),(307,'C54086','Timestamp',NULL,0,175,NULL),(308,'C44175','Parameter Object',NULL,2,172,NULL),(309,'C25499','Event',NULL,1,172,NULL),(310,'C19157','Specimen',NULL,0,172,NULL),(311,'C25306','Side',NULL,1,177,NULL),(312,'C12801','Tissue',NULL,0,177,NULL),(313,'C13717','Anatomic Site',NULL,1,178,NULL),(314,'C12801','Tissue',NULL,0,178,NULL),(315,'C25447','Characteristics',NULL,1,176,NULL),(316,'C19157','Specimen',NULL,0,176,NULL),(317,'C43431','Activity',NULL,1,180,NULL),(318,'C25688','Status',NULL,0,180,NULL),(319,'C25393','Comments',NULL,0,181,NULL),(320,'C42694','Login Name',NULL,0,182,NULL),(321,'C25164','Date',NULL,1,183,NULL),(322,'C25431','Begin',NULL,0,183,NULL),(323,'C42775','Email Address',NULL,0,184,NULL),(324,'C40974','First Name',NULL,0,185,NULL),(325,'C53639','Common Security Module',NULL,2,186,NULL),(326,'C25364','Identifier',NULL,1,186,NULL),(327,'C42745','User',NULL,0,186,NULL),(328,'C40975','Last Name',NULL,0,187,NULL),(329,'C25364','Identifier',NULL,0,188,NULL),(330,'C42745','User',NULL,0,179,NULL),(331,'C48154','Minute',NULL,1,190,NULL),(332,'C25330','Duration',NULL,0,190,NULL),(333,'C25393','Comments',NULL,0,191,NULL),(334,'C25219','Fixation',NULL,1,192,NULL),(335,'C25284','Type',NULL,0,192,NULL),(336,'C54086','Timestamp',NULL,0,193,NULL),(337,'C25364','Identifier',NULL,0,194,NULL),(338,'C44175','Parameter Object',NULL,2,189,NULL),(339,'C25219','Fixation',NULL,1,189,NULL),(340,'C25499','Event',NULL,0,189,NULL),(341,'C42614','Name',NULL,0,196,NULL),(342,'C25364','Identifier',NULL,0,197,NULL),(343,'C42671','Department',NULL,0,195,NULL),(344,'C25364','Identifier',NULL,0,199,NULL),(345,'C25429','Available',NULL,1,200,NULL),(346,'C43578','Flag',NULL,0,200,NULL),(347,'C25393','Comments',NULL,0,201,NULL),(348,'C25483','Dimension',NULL,2,202,NULL),(349,'C25509','First',NULL,1,202,NULL),(350,'C25339','Position',NULL,0,202,NULL),(351,'C25688','Status',NULL,1,203,NULL),(352,'C43431','Activity',NULL,0,203,NULL),(353,'C25483','Dimension',NULL,2,204,NULL),(354,'C25339','Position',NULL,1,204,NULL),(355,'C25666','Second',NULL,0,204,NULL),(356,'C42614','Name',NULL,0,205,NULL),(357,'C43361','Barcode',NULL,0,206,NULL),(358,'C43578','Flag',NULL,1,207,NULL),(359,'C25517','Full',NULL,0,207,NULL),(360,'C26358','Array',NULL,1,198,NULL),(361,'C19157','Specimen',NULL,0,198,NULL),(362,'C45281','Object',NULL,1,209,NULL),(363,'C42614','Name',NULL,0,209,NULL),(364,'C45281','Object',NULL,1,210,NULL),(365,'C25364','Identifier',NULL,0,210,NULL),(366,'C25284','Type',NULL,1,211,NULL),(367,'C25499','Event',NULL,0,211,NULL),(368,'C45269','Audit',NULL,2,208,NULL),(369,'C45279','Log',NULL,1,208,NULL),(370,'C25499','Event',NULL,0,208,NULL),(371,'C42694','Login Name',NULL,0,213,NULL),(372,'C25364','Identifier',NULL,0,214,NULL),(373,'C54086','Timestamp',NULL,0,215,NULL),(374,'C45791','Network Address',NULL,0,216,NULL),(375,'C45269','Audit',NULL,1,212,NULL),(376,'C25499','Event',NULL,0,212,NULL),(377,'C25710','Update',NULL,1,218,NULL),(378,'C25164','Date',NULL,0,218,NULL),(379,'C25364','Identifier',NULL,0,219,NULL),(380,'C42710','Password',NULL,0,220,NULL),(381,'C42710','Password',NULL,0,217,NULL),(382,'C16564','Ethnic Group',NULL,0,222,NULL),(383,'C25155','Birth',NULL,1,223,NULL),(384,'C25164','Date',NULL,0,223,NULL),(385,'C255769','Middle',NULL,1,224,NULL),(386,'C42614','Name',NULL,0,224,NULL),(387,'C25717','Vital Status',NULL,0,225,NULL),(388,'C40974','First Name',NULL,0,226,NULL),(389,'C28421','Sex',NULL,1,227,NULL),(390,'C16631','Genotype',NULL,0,227,NULL),(391,'C28554','Death',NULL,1,228,NULL),(392,'C25164','Date',NULL,0,228,NULL),(393,'C25688','Status',NULL,1,229,NULL),(394,'C43431','Activity',NULL,0,229,NULL),(395,'C25686','SSN',NULL,0,230,NULL),(396,'C17357','Gender',NULL,0,231,NULL),(397,'C40975','Last Name',NULL,0,232,NULL),(398,'C25364','Identifier',NULL,0,233,NULL),(399,'C29867','Participant',NULL,0,221,NULL),(400,'C25666','Second',NULL,3,235,NULL),(401,'C25483','Dimension',NULL,2,235,NULL),(402,'C25471','Current',NULL,1,235,NULL),(403,'C25339','Position',NULL,0,235,NULL),(404,'C25393','Comments',NULL,0,236,NULL),(405,'C25483','Dimension',NULL,3,237,NULL),(406,'C25509','First',NULL,2,237,NULL),(407,'C25339','Position',NULL,1,237,NULL),(408,'C25627','Previous',NULL,0,237,NULL),(409,'C25364','Identifier',NULL,0,238,NULL),(410,'C54086','Timestamp',NULL,0,239,NULL),(411,'C25666','Second',NULL,3,240,NULL),(412,'C25483','Dimension',NULL,2,240,NULL),(413,'C25627','Previous',NULL,1,240,NULL),(414,'C25339','Position',NULL,0,240,NULL),(415,'C25483','Dimension',NULL,3,241,NULL),(416,'C25509','First',NULL,2,241,NULL),(417,'C25339','Position',NULL,1,241,NULL),(418,'C25471','Current',NULL,0,241,NULL),(419,'C48167','Transfer',NULL,2,234,NULL),(420,'C44175','Parameter Object',NULL,1,234,NULL),(421,'C25499','Event',NULL,0,234,NULL),(422,'C25431','Begin',NULL,1,243,NULL),(423,'C25164','Date',NULL,0,243,NULL),(424,'C42774','Title',NULL,0,244,NULL),(425,'C19157','Specimen',NULL,2,245,NULL),(426,'C25626','Present',NULL,1,245,NULL),(427,'C25326','Whole',NULL,0,245,NULL),(428,'C25501','Expected',NULL,1,246,NULL),(429,'C37948','Enrollment',NULL,0,246,NULL),(430,'C25364','Identifier',NULL,1,247,NULL),(431,'C16741','IRB',NULL,0,247,NULL),(432,'C25496','End',NULL,1,248,NULL),(433,'C25164','Date',NULL,0,248,NULL),(434,'C42774','Title',NULL,1,249,NULL),(435,'C25249','Short',NULL,0,249,NULL),(436,'C25365','Description',NULL,1,250,NULL),(437,'C42743','Uniform Resource Locator',NULL,0,250,NULL),(438,'C25364','Identifier',NULL,0,251,NULL),(439,'C43431','Activity',NULL,1,252,NULL),(440,'C25688','Status',NULL,0,252,NULL),(441,'C42651','Protocol',NULL,1,242,NULL),(442,'C25453','Collection',NULL,0,242,NULL),(443,'C25364','Identifier',NULL,0,254,NULL),(444,'C62289','Domain',NULL,2,253,NULL),(445,'C45974','Computer Programming Object',NULL,1,253,NULL),(446,'C42874','Abstract',NULL,0,253,NULL),(447,'C25283','Quality',NULL,1,256,NULL),(448,'C25639','Received',NULL,0,256,NULL),(449,'C25364','Identifier',NULL,0,257,NULL),(450,'C54086','Timestamp',NULL,0,258,NULL),(451,'C25393','Comments',NULL,0,259,NULL),(452,'C44175','Parameter Object',NULL,2,255,NULL),(453,'C25639','Received',NULL,1,255,NULL),(454,'C25499','Event',NULL,0,255,NULL),(455,'C25688','Status',NULL,1,261,NULL),(456,'C43431','Activity',NULL,0,261,NULL),(457,'C25364','Identifier',NULL,0,262,NULL),(458,'C25393','Comments',NULL,0,263,NULL),(459,'C54086','Timestamp',NULL,0,264,NULL),(460,'C45273','Distribution',NULL,0,260,NULL),(461,'C25364','Identifier',NULL,0,266,NULL),(462,'C49100','Value',NULL,0,267,NULL),(463,'C48152','Microgram',NULL,1,265,NULL),(464,'C25256','Quantity',NULL,0,265,NULL),(465,'C25364','Identifier',NULL,0,269,NULL),(466,'C25638','Reason',NULL,0,270,NULL),(467,'C54086','Timestamp',NULL,0,271,NULL),(468,'C25393','Comments',NULL,0,272,NULL),(469,'C48166','Disposal',NULL,2,268,NULL),(470,'C44175','Parameter Object',NULL,1,268,NULL),(471,'C25499','Event',NULL,0,268,NULL),(472,'C25337','Number',NULL,1,274,NULL),(473,'C16958','Surgical Pathology',NULL,0,274,NULL),(474,'C25398','Clinical',NULL,1,273,NULL),(475,'C25375','Report',NULL,0,273,NULL),(476,'C3367','Finding',NULL,2,276,NULL),(477,'C25688','Status',NULL,1,276,NULL),(478,'C18189','Pathology',NULL,0,276,NULL),(479,'C25284','Type',NULL,1,277,NULL),(480,'C19157','Specimen',NULL,0,277,NULL),(481,'C12801','Tissue',NULL,1,278,NULL),(482,'C13717','Anatomic Site',NULL,0,278,NULL),(483,'C19157','Specimen',NULL,1,279,NULL),(484,'C25346','Class',NULL,0,279,NULL),(485,'C38015','Requirement',NULL,1,275,NULL),(486,'C19157','Specimen',NULL,0,275,NULL),(487,'C25393','Comments',NULL,0,281,NULL),(488,'C25517','Full',NULL,1,282,NULL),(489,'C43578','Flag',NULL,0,282,NULL),(490,'C25688','Status',NULL,1,283,NULL),(491,'C43431','Activity',NULL,0,283,NULL),(492,'C42559','Degree Celsius',NULL,1,284,NULL),(493,'C25206','Temperature',NULL,0,284,NULL),(494,'C45322','Storage_Unit',NULL,0,280,NULL),(495,'C43431','Activity',NULL,1,286,NULL),(496,'C25688','Status',NULL,0,286,NULL),(497,'C25509','First',NULL,2,287,NULL),(498,'C25339','Position',NULL,1,287,NULL),(499,'C25483','Dimension',NULL,0,287,NULL),(500,'C25393','Comments',NULL,0,288,NULL),(501,'C43361','Barcode',NULL,0,289,NULL),(502,'C25517','Full',NULL,1,290,NULL),(503,'C43578','Flag',NULL,0,290,NULL),(504,'C25364','Identifier',NULL,0,291,NULL),(505,'C25483','Dimension',NULL,2,292,NULL),(506,'C25666','Second',NULL,1,292,NULL),(507,'C25339','Position',NULL,0,292,NULL),(508,'C42614','Name',NULL,0,293,NULL),(509,'C43186','Container',NULL,0,285,NULL),(510,'C25393','Comments',NULL,0,295,NULL),(511,'C54086','Timestamp',NULL,0,296,NULL),(512,'C25364','Identifier',NULL,0,297,NULL),(513,'C48163','Embed',NULL,1,298,NULL),(514,'C48164','Medium',NULL,0,298,NULL),(515,'C48163','Embed',NULL,2,294,NULL),(516,'C44175','Parameter Object',NULL,1,294,NULL),(517,'C25499','Event',NULL,0,294,NULL),(518,'C25393','Comments',NULL,0,300,NULL),(519,'C25364','Identifier',NULL,0,301,NULL),(520,'C16847','Technique',NULL,0,302,NULL),(521,'C54086','Timestamp',NULL,0,303,NULL),(522,'C48160','Freezing',NULL,2,299,NULL),(523,'C44175','Parameter Object',NULL,1,299,NULL),(524,'C25499','Event',NULL,0,299,NULL),(525,'C42614','Name',NULL,0,305,NULL),(526,'C25688','Status',NULL,1,306,NULL),(527,'C43431','Activity',NULL,0,306,NULL),(528,'C45561','Label',NULL,2,307,NULL),(529,'C25483','Dimension',NULL,1,307,NULL),(530,'C25666','Second',NULL,0,307,NULL),(531,'C25364','Identifier',NULL,0,308,NULL),(532,'C25393','Comments',NULL,0,309,NULL),(533,'C45561','Label',NULL,2,310,NULL),(534,'C25509','First',NULL,1,310,NULL),(535,'C25483','Dimension',NULL,0,310,NULL),(536,'C43186','Container',NULL,1,304,NULL),(537,'C25284','Type',NULL,0,304,NULL),(538,'C25364','Identifier',NULL,1,312,NULL),(539,'C16741','IRB',NULL,0,312,NULL),(540,'C25496','End',NULL,1,313,NULL),(541,'C25164','Date',NULL,0,313,NULL),(542,'C25688','Status',NULL,1,314,NULL),(543,'C43431','Activity',NULL,0,314,NULL),(544,'C37948','Enrollment',NULL,1,315,NULL),(545,'C25501','Expected',NULL,0,315,NULL),(546,'C25164','Date',NULL,1,316,NULL),(547,'C25431','Begin',NULL,0,316,NULL),(548,'C25365','Description',NULL,1,317,NULL),(549,'C42743','Uniform Resource Locator',NULL,0,317,NULL),(550,'C42774','Title',NULL,0,318,NULL),(551,'C42774','Title',NULL,1,319,NULL),(552,'C25249','Short',NULL,0,319,NULL),(553,'C25364','Identifier',NULL,0,320,NULL),(554,'C45273','Distribution',NULL,1,311,NULL),(555,'C42651','Protocol',NULL,0,311,NULL),(556,'C43361','Barcode',NULL,0,322,NULL),(557,'C18189','Pathology',NULL,2,323,NULL),(558,'C61036','Finding',NULL,1,323,NULL),(559,'C25688','Status',NULL,0,323,NULL),(560,'C25339','Position',NULL,2,324,NULL),(561,'C25483','Dimension',NULL,1,324,NULL),(562,'C25509','First',NULL,0,324,NULL),(563,'C25429','Available',NULL,0,325,NULL),(564,'C45561','Label',NULL,0,326,NULL),(565,'C25364','Identifier',NULL,0,327,NULL),(566,'C25393','Comments',NULL,0,328,NULL),(567,'C25284','Type',NULL,0,329,NULL),(568,'C60792','Lineage',NULL,0,330,NULL),(569,'C25666','Second',NULL,2,331,NULL),(570,'C25483','Dimension',NULL,1,331,NULL),(571,'C25339','Position',NULL,0,331,NULL),(572,'C43431','Activity',NULL,1,332,NULL),(573,'C25688','Status',NULL,0,332,NULL),(574,'C19157','Specimen',NULL,3,321,NULL),(575,'C19157','Specimen',NULL,2,321,NULL),(576,'C12801','Tissue',NULL,1,321,NULL),(577,'C12801','Tissue',NULL,0,321,NULL),(578,'C25364','Identifier',NULL,0,334,NULL),(579,'C54086','Timestamp',NULL,0,335,NULL),(580,'C25393','Comments',NULL,0,336,NULL),(581,'C48165','Thaw',NULL,2,333,NULL),(582,'C44175','Parameter Object',NULL,1,333,NULL),(583,'C25499','Event',NULL,0,333,NULL),(584,'C25393','Comments',NULL,0,338,NULL),(585,'C60792','Lineage',NULL,0,339,NULL),(586,'C25429','Available',NULL,0,340,NULL),(587,'C18189','Pathology',NULL,2,341,NULL),(588,'C61036','Finding',NULL,1,341,NULL),(589,'C25688','Status',NULL,0,341,NULL),(590,'C25483','Dimension',NULL,2,342,NULL),(591,'C25509','First',NULL,1,342,NULL),(592,'C25339','Position',NULL,0,342,NULL),(593,'C45561','Label',NULL,0,343,NULL),(594,'C43431','Activity',NULL,1,344,NULL),(595,'C25688','Status',NULL,0,344,NULL),(596,'C25284','Type',NULL,0,345,NULL),(597,'C25364','Identifier',NULL,0,346,NULL),(598,'C43361','Barcode',NULL,0,347,NULL),(599,'C25483','Dimension',NULL,2,348,NULL),(600,'C25666','Second',NULL,1,348,NULL),(601,'C25339','Position',NULL,0,348,NULL),(602,'C12508','Cell',NULL,3,337,NULL),(603,'C12508','Cell',NULL,2,337,NULL),(604,'C19157','Specimen',NULL,1,337,NULL),(605,'C19157','Specimen',NULL,0,337,NULL),(606,'C43361','Barcode',NULL,0,350,NULL),(607,'C25688','Status',NULL,1,351,NULL),(608,'C43431','Activity',NULL,0,351,NULL),(609,'C25688','Status',NULL,2,352,NULL),(610,'C18189','Pathology',NULL,1,352,NULL),(611,'C61036','Finding',NULL,0,352,NULL),(612,'C25429','Available',NULL,0,353,NULL),(613,'C25483','Dimension',NULL,2,354,NULL),(614,'C25666','Second',NULL,1,354,NULL),(615,'C25339','Position',NULL,0,354,NULL),(616,'C45561','Label',NULL,0,355,NULL),(617,'C25393','Comments',NULL,0,356,NULL),(618,'C25364','Identifier',NULL,0,357,NULL),(619,'C25483','Dimension',NULL,2,358,NULL),(620,'C25509','First',NULL,1,358,NULL),(621,'C25339','Position',NULL,0,358,NULL),(622,'C25284','Type',NULL,0,359,NULL),(623,'C60792','Lineage',NULL,0,360,NULL),(624,'C25278','Fluid',NULL,3,349,NULL),(625,'C25278','Fluid',NULL,2,349,NULL),(626,'C19157','Specimen',NULL,1,349,NULL),(627,'C19157','Specimen',NULL,0,349,NULL),(628,'C25364','Identifier',NULL,0,362,NULL),(629,'C54086','Timestamp',NULL,0,363,NULL),(630,'C25393','Comments',NULL,0,364,NULL),(631,'C44175','Parameter Object',NULL,2,361,NULL),(632,'C25499','Event',NULL,1,361,NULL),(633,'C42729','Review',NULL,0,361,NULL),(634,'C25364','Identifier',NULL,0,366,NULL),(635,'C25256','Quantity',NULL,0,365,NULL);
UNLOCK TABLES;
/*!40000 ALTER TABLE `dyextn_semantic_property` ENABLE KEYS */;

--
-- Table structure for table `dyextn_short_concept_value`
--

DROP TABLE IF EXISTS `dyextn_short_concept_value`;
CREATE TABLE `dyextn_short_concept_value` (
  `IDENTIFIER` bigint(20) NOT NULL default '0',
  `VALUE` smallint(6) default NULL,
  PRIMARY KEY  (`IDENTIFIER`),
  KEY `FKC1945ABABC7298A9` (`IDENTIFIER`),
  CONSTRAINT `FKC1945ABABC7298A9` FOREIGN KEY (`IDENTIFIER`) REFERENCES `dyextn_permissible_value` (`IDENTIFIER`)
) ENGINE=InnoDB DEFAULT CHARSET=latin1;

--
-- Dumping data for table `dyextn_short_concept_value`
--


/*!40000 ALTER TABLE `dyextn_short_concept_value` DISABLE KEYS */;
LOCK TABLES `dyextn_short_concept_value` WRITE;
UNLOCK TABLES;
/*!40000 ALTER TABLE `dyextn_short_concept_value` ENABLE KEYS */;

--
-- Table structure for table `dyextn_short_type_info`
--

DROP TABLE IF EXISTS `dyextn_short_type_info`;
CREATE TABLE `dyextn_short_type_info` (
  `IDENTIFIER` bigint(20) NOT NULL default '0',
  PRIMARY KEY  (`IDENTIFIER`),
  KEY `FK99540B3BC7298A9` (`IDENTIFIER`),
  CONSTRAINT `FK99540B3BC7298A9` FOREIGN KEY (`IDENTIFIER`) REFERENCES `dyextn_numeric_type_info` (`IDENTIFIER`)
) ENGINE=InnoDB DEFAULT CHARSET=latin1;

--
-- Dumping data for table `dyextn_short_type_info`
--


/*!40000 ALTER TABLE `dyextn_short_type_info` DISABLE KEYS */;
LOCK TABLES `dyextn_short_type_info` WRITE;
UNLOCK TABLES;
/*!40000 ALTER TABLE `dyextn_short_type_info` ENABLE KEYS */;

--
-- Table structure for table `dyextn_string_concept_value`
--

DROP TABLE IF EXISTS `dyextn_string_concept_value`;
CREATE TABLE `dyextn_string_concept_value` (
  `IDENTIFIER` bigint(20) NOT NULL default '0',
  `VALUE` varchar(255) default NULL,
  PRIMARY KEY  (`IDENTIFIER`),
  KEY `FKADE7D889BC7298A9` (`IDENTIFIER`),
  CONSTRAINT `FKADE7D889BC7298A9` FOREIGN KEY (`IDENTIFIER`) REFERENCES `dyextn_permissible_value` (`IDENTIFIER`)
) ENGINE=InnoDB DEFAULT CHARSET=latin1;

--
-- Dumping data for table `dyextn_string_concept_value`
--


/*!40000 ALTER TABLE `dyextn_string_concept_value` DISABLE KEYS */;
LOCK TABLES `dyextn_string_concept_value` WRITE;
UNLOCK TABLES;
/*!40000 ALTER TABLE `dyextn_string_concept_value` ENABLE KEYS */;

--
-- Table structure for table `dyextn_string_type_info`
--

DROP TABLE IF EXISTS `dyextn_string_type_info`;
CREATE TABLE `dyextn_string_type_info` (
  `IDENTIFIER` bigint(20) NOT NULL default '0',
  `MAX_SIZE` int(11) default NULL,
  PRIMARY KEY  (`IDENTIFIER`),
  KEY `FKDA35FE02BC7298A9` (`IDENTIFIER`),
  CONSTRAINT `FKDA35FE02BC7298A9` FOREIGN KEY (`IDENTIFIER`) REFERENCES `dyextn_attribute_type_info` (`IDENTIFIER`)
) ENGINE=InnoDB DEFAULT CHARSET=latin1;

--
-- Dumping data for table `dyextn_string_type_info`
--


/*!40000 ALTER TABLE `dyextn_string_type_info` DISABLE KEYS */;
LOCK TABLES `dyextn_string_type_info` WRITE;
INSERT INTO `dyextn_string_type_info` VALUES (1,NULL),(3,NULL),(5,NULL),(7,NULL),(8,NULL),(9,NULL),(10,NULL),(13,NULL),(14,NULL),(15,NULL),(16,NULL),(17,NULL),(18,NULL),(19,NULL),(20,NULL),(21,NULL),(22,NULL),(23,NULL),(25,NULL),(26,NULL),(27,NULL),(28,NULL),(32,NULL),(36,NULL),(38,NULL),(45,NULL),(47,NULL),(49,NULL),(50,NULL),(52,NULL),(53,NULL),(54,NULL),(56,NULL),(58,NULL),(61,NULL),(62,NULL),(63,NULL),(64,NULL),(65,NULL),(66,NULL),(67,NULL),(73,NULL),(75,NULL),(80,NULL),(87,NULL),(88,NULL),(89,NULL),(90,NULL),(91,NULL),(95,NULL),(96,NULL),(99,NULL),(100,NULL),(103,NULL),(104,NULL),(105,NULL),(106,NULL),(111,NULL),(117,NULL),(119,NULL),(120,NULL),(121,NULL),(122,NULL),(123,NULL),(125,NULL),(126,NULL),(127,NULL),(128,NULL),(130,NULL),(131,NULL),(133,NULL),(135,NULL),(137,NULL),(138,NULL),(142,NULL),(144,NULL),(145,NULL),(146,NULL),(147,NULL),(148,NULL),(150,NULL),(151,NULL),(153,NULL),(156,NULL),(157,NULL),(160,NULL),(164,NULL),(166,NULL),(168,NULL),(169,NULL),(171,NULL),(173,NULL),(177,NULL),(180,NULL),(181,NULL),(183,NULL),(184,NULL),(185,NULL),(186,NULL),(188,NULL),(189,NULL),(190,NULL),(191,NULL),(194,NULL),(201,NULL),(204,NULL),(206,NULL),(207,NULL),(209,NULL),(211,NULL),(214,NULL),(215,NULL),(217,NULL),(222,NULL),(224,NULL),(225,NULL),(226,NULL),(227,NULL),(228,NULL),(229,NULL),(230,NULL),(232,NULL),(234,NULL),(236,NULL),(237,NULL),(241,NULL),(242,NULL),(245,NULL),(246,NULL),(248,NULL),(250,NULL),(251,NULL),(252,NULL),(254,NULL),(255,NULL),(256,NULL),(258,NULL),(261,NULL),(262,NULL),(263,NULL),(265,NULL),(266,NULL),(269,NULL),(271,NULL),(272,NULL),(273,NULL),(275,NULL),(278,NULL),(279,NULL),(280,NULL),(282,NULL),(284,NULL),(285,NULL),(286,NULL),(288,NULL),(290,NULL),(291,NULL),(292,NULL),(295,NULL),(296,NULL),(299,NULL),(300,NULL),(303,NULL);
UNLOCK TABLES;
/*!40000 ALTER TABLE `dyextn_string_type_info` ENABLE KEYS */;

--
-- Table structure for table `dyextn_table_properties`
--

DROP TABLE IF EXISTS `dyextn_table_properties`;
CREATE TABLE `dyextn_table_properties` (
  `IDENTIFIER` bigint(20) NOT NULL default '0',
  `ENTITY_ID` bigint(20) default NULL,
  PRIMARY KEY  (`IDENTIFIER`),
  KEY `FKE608E08179F466F7` (`ENTITY_ID`),
  KEY `FKE608E081BC7298A9` (`IDENTIFIER`),
  CONSTRAINT `FKE608E081BC7298A9` FOREIGN KEY (`IDENTIFIER`) REFERENCES `dyextn_database_properties` (`IDENTIFIER`),
  CONSTRAINT `FKE608E08179F466F7` FOREIGN KEY (`ENTITY_ID`) REFERENCES `dyextn_entity` (`IDENTIFIER`)
) ENGINE=InnoDB DEFAULT CHARSET=latin1;

--
-- Dumping data for table `dyextn_table_properties`
--


/*!40000 ALTER TABLE `dyextn_table_properties` DISABLE KEYS */;
LOCK TABLES `dyextn_table_properties` WRITE;
INSERT INTO `dyextn_table_properties` VALUES (1,2),(7,8),(10,11),(16,17),(24,25),(30,31),(40,41),(45,46),(51,52),(54,55),(57,58),(62,63),(75,76),(78,79),(82,83),(85,86),(89,90),(92,93),(98,99),(107,108),(113,114),(124,125),(128,129),(131,132),(134,135),(138,139),(143,144),(146,147),(154,155),(166,167),(171,172),(175,176),(178,179),(188,189),(194,195),(197,198),(207,208),(211,212),(216,217),(220,221),(233,234),(241,242),(252,253),(254,255),(259,260),(264,265),(267,268),(272,273),(274,275),(279,280),(284,285),(293,294),(298,299),(303,304),(310,311),(320,321),(332,333),(336,337),(348,349),(360,361),(364,365);
UNLOCK TABLES;
/*!40000 ALTER TABLE `dyextn_table_properties` ENABLE KEYS */;

--
-- Table structure for table `dyextn_tagged_value`
--

DROP TABLE IF EXISTS `dyextn_tagged_value`;
CREATE TABLE `dyextn_tagged_value` (
  `IDENTIFIER` bigint(20) NOT NULL auto_increment,
  `T_KEY` varchar(255) default NULL,
  `T_VALUE` varchar(255) default NULL,
  `ABSTRACT_METADATA_ID` bigint(20) default NULL,
  PRIMARY KEY  (`IDENTIFIER`),
  KEY `FKF79D055B7D7A9B8E` (`ABSTRACT_METADATA_ID`),
  CONSTRAINT `FKF79D055B7D7A9B8E` FOREIGN KEY (`ABSTRACT_METADATA_ID`) REFERENCES `dyextn_abstract_metadata` (`IDENTIFIER`)
) ENGINE=InnoDB DEFAULT CHARSET=latin1;

--
-- Dumping data for table `dyextn_tagged_value`
--


/*!40000 ALTER TABLE `dyextn_tagged_value` DISABLE KEYS */;
LOCK TABLES `dyextn_tagged_value` WRITE;
UNLOCK TABLES;
/*!40000 ALTER TABLE `dyextn_tagged_value` ENABLE KEYS */;

--
-- Table structure for table `dyextn_textarea`
--

DROP TABLE IF EXISTS `dyextn_textarea`;
CREATE TABLE `dyextn_textarea` (
  `IDENTIFIER` bigint(20) NOT NULL default '0',
  `TEXTAREA_COLUMNS` int(11) default NULL,
  `TEXTAREA_ROWS` int(11) default NULL,
  PRIMARY KEY  (`IDENTIFIER`),
  KEY `FK946EE257BC7298A9` (`IDENTIFIER`),
  CONSTRAINT `FK946EE257BC7298A9` FOREIGN KEY (`IDENTIFIER`) REFERENCES `dyextn_control` (`IDENTIFIER`)
) ENGINE=InnoDB DEFAULT CHARSET=latin1;

--
-- Dumping data for table `dyextn_textarea`
--


/*!40000 ALTER TABLE `dyextn_textarea` DISABLE KEYS */;
LOCK TABLES `dyextn_textarea` WRITE;
UNLOCK TABLES;
/*!40000 ALTER TABLE `dyextn_textarea` ENABLE KEYS */;

--
-- Table structure for table `dyextn_textfield`
--

DROP TABLE IF EXISTS `dyextn_textfield`;
CREATE TABLE `dyextn_textfield` (
  `IDENTIFIER` bigint(20) NOT NULL default '0',
  `NO_OF_COLUMNS` int(11) default NULL,
  `IS_PASSWORD` tinyint(1) default NULL,
  `IS_URL` tinyint(1) default NULL,
  PRIMARY KEY  (`IDENTIFIER`),
  KEY `FKF9AFC850BC7298A9` (`IDENTIFIER`),
  CONSTRAINT `FKF9AFC850BC7298A9` FOREIGN KEY (`IDENTIFIER`) REFERENCES `dyextn_control` (`IDENTIFIER`)
) ENGINE=InnoDB DEFAULT CHARSET=latin1;

--
-- Dumping data for table `dyextn_textfield`
--


/*!40000 ALTER TABLE `dyextn_textfield` DISABLE KEYS */;
LOCK TABLES `dyextn_textfield` WRITE;
UNLOCK TABLES;
/*!40000 ALTER TABLE `dyextn_textfield` ENABLE KEYS */;

--
-- Table structure for table `dyextn_userdefined_de`
--

DROP TABLE IF EXISTS `dyextn_userdefined_de`;
CREATE TABLE `dyextn_userdefined_de` (
  `IDENTIFIER` bigint(20) NOT NULL default '0',
  PRIMARY KEY  (`IDENTIFIER`),
  KEY `FK630761FFBC7298A9` (`IDENTIFIER`),
  CONSTRAINT `FK630761FFBC7298A9` FOREIGN KEY (`IDENTIFIER`) REFERENCES `dyextn_data_element` (`IDENTIFIER`)
) ENGINE=InnoDB DEFAULT CHARSET=latin1;

--
-- Dumping data for table `dyextn_userdefined_de`
--


/*!40000 ALTER TABLE `dyextn_userdefined_de` DISABLE KEYS */;
LOCK TABLES `dyextn_userdefined_de` WRITE;
UNLOCK TABLES;
/*!40000 ALTER TABLE `dyextn_userdefined_de` ENABLE KEYS */;

--
-- Table structure for table `dyextn_view`
--

DROP TABLE IF EXISTS `dyextn_view`;
CREATE TABLE `dyextn_view` (
  `IDENTIFIER` bigint(20) NOT NULL auto_increment,
  `NAME` varchar(255) default NULL,
  PRIMARY KEY  (`IDENTIFIER`)
) ENGINE=InnoDB DEFAULT CHARSET=latin1;

--
-- Dumping data for table `dyextn_view`
--


/*!40000 ALTER TABLE `dyextn_view` DISABLE KEYS */;
LOCK TABLES `dyextn_view` WRITE;
UNLOCK TABLES;
/*!40000 ALTER TABLE `dyextn_view` ENABLE KEYS */;

--
-- Table structure for table `id_table`
--

DROP TABLE IF EXISTS `id_table`;
CREATE TABLE `id_table` (
  `NEXT_ASSOCIATION_ID` bigint(20) NOT NULL default '0',
  PRIMARY KEY  (`NEXT_ASSOCIATION_ID`)
) ENGINE=InnoDB DEFAULT CHARSET=latin1;

--
-- Dumping data for table `id_table`
--


/*!40000 ALTER TABLE `id_table` DISABLE KEYS */;
LOCK TABLES `id_table` WRITE;
INSERT INTO `id_table` VALUES (1),(77);
UNLOCK TABLES;
/*!40000 ALTER TABLE `id_table` ENABLE KEYS */;

--
-- Table structure for table `inter_model_association`
--

DROP TABLE IF EXISTS `inter_model_association`;
CREATE TABLE `inter_model_association` (
  `ASSOCIATION_ID` bigint(20) NOT NULL default '0',
  `LEFT_ENTITY_ID` bigint(20) NOT NULL default '0',
  `LEFT_ATTRIBUTE_ID` bigint(20) NOT NULL default '0',
  `RIGHT_ENTITY_ID` bigint(20) NOT NULL default '0',
  `RIGHT_ATTRIBUTE_ID` bigint(20) NOT NULL default '0',
  PRIMARY KEY  (`ASSOCIATION_ID`),
  CONSTRAINT `inter_model_association_ibfk_1` FOREIGN KEY (`ASSOCIATION_ID`) REFERENCES `association` (`ASSOCIATION_ID`)
) ENGINE=InnoDB DEFAULT CHARSET=latin1;

--
-- Dumping data for table `inter_model_association`
--


/*!40000 ALTER TABLE `inter_model_association` DISABLE KEYS */;
LOCK TABLES `inter_model_association` WRITE;
UNLOCK TABLES;
/*!40000 ALTER TABLE `inter_model_association` ENABLE KEYS */;

--
-- Table structure for table `intra_model_association`
--

DROP TABLE IF EXISTS `intra_model_association`;
CREATE TABLE `intra_model_association` (
  `ASSOCIATION_ID` bigint(20) NOT NULL default '0',
  `DE_ASSOCIATION_ID` bigint(20) NOT NULL default '0',
  PRIMARY KEY  (`ASSOCIATION_ID`),
  CONSTRAINT `intra_model_association_ibfk_1` FOREIGN KEY (`ASSOCIATION_ID`) REFERENCES `association` (`ASSOCIATION_ID`)
) ENGINE=InnoDB DEFAULT CHARSET=latin1;

--
-- Dumping data for table `intra_model_association`
--


/*!40000 ALTER TABLE `intra_model_association` DISABLE KEYS */;
LOCK TABLES `intra_model_association` WRITE;
INSERT INTO `intra_model_association` VALUES (1,369),(2,427),(3,415),(4,400),(5,432),(6,368),(7,441),(8,414),(9,374),(10,399),(11,413),(12,425),(13,398),(14,380),(15,411),(16,396),(17,416),(18,385),(19,379),(20,442),(21,437),(22,373),(23,378),(24,401),(25,418),(26,386),(27,431),(28,387),(29,402),(30,412),(31,375),(32,407),(33,392),(34,428),(35,397),(36,376),(37,421),(38,405),(39,422),(40,433),(41,390),(42,438),(43,419),(44,406),(45,377),(46,391),(47,382),(48,371),(49,393),(50,388),(51,403),(52,435),(53,424),(54,381),(55,372),(56,417),(57,436),(58,408),(59,395),(60,410),(61,383),(62,370),(63,409),(64,426),(65,394),(66,367),(67,434),(68,423),(69,430),(70,420),(71,429),(72,439),(73,389),(74,404),(75,384),(76,440);
UNLOCK TABLES;
/*!40000 ALTER TABLE `intra_model_association` ENABLE KEYS */;

--
-- Table structure for table `path`
--

DROP TABLE IF EXISTS `path`;
CREATE TABLE `path` (
  `PATH_ID` bigint(20) NOT NULL auto_increment,
  `FIRST_ENTITY_ID` bigint(20) default NULL,
  `INTERMEDIATE_PATH` text,
  `LAST_ENTITY_ID` bigint(20) default NULL,
  PRIMARY KEY  (`PATH_ID`),
  KEY `INDEX1` (`FIRST_ENTITY_ID`,`LAST_ENTITY_ID`)
) ENGINE=InnoDB DEFAULT CHARSET=latin1;

--
-- Dumping data for table `path`
--


/*!40000 ALTER TABLE `path` DISABLE KEYS */;
LOCK TABLES `path` WRITE;
INSERT INTO `path` VALUES (1,8,'25_75_5',79),(2,8,'25_75',208),(3,8,'25',212),(4,25,'32',273),(5,25,'19',108),(6,25,'7_45_41_26',108),(7,25,'32_54_26',108),(8,25,'67_12_2',108),(9,25,'67_15',172),(10,25,'30',144),(11,25,'7_71_8',144),(12,25,'19_66_16_8',144),(13,25,'67_15_63_16_8',144),(14,25,'67_12_46_8',144),(15,25,'7_71_9_57_24',144),(16,25,'19_66_16_9_57_24',144),(17,25,'67_15_63_16_9_57_24',144),(18,25,'7_45_41_26_66_16_8',144),(19,25,'32_54_26_66_16_8',144),(20,25,'67_12_2_66_16_8',144),(21,25,'67_12_46_9_57_24',144),(22,25,'7_45_41_26_66_16_9_57_24',144),(23,25,'32_54_26_66_16_9_57_24',144),(24,25,'67_12_2_66_16_9_57_24',144),(25,25,'32_54_73_23_71_8',144),(26,25,'32_54_73_23_71_9_57_24',144),(27,25,'19_66_61',90),(28,25,'67_15_63_61',90),(29,25,'7_71_59_61',90),(30,25,'30_11_59_61',90),(31,25,'67_12_46_59_61',90),(32,25,'30_4_52_22_59_61',90),(33,25,'7_45_41_26_66_61',90),(34,25,'32_54_26_66_61',90),(35,25,'67_12_2_66_61',90),(36,25,'32_54_73_23_71_59_61',90),(37,25,'67_62',176),(38,25,'30_4',275),(39,25,'7_71_9_57',275),(40,25,'30_11_9_57',275),(41,25,'19_66_16_9_57',275),(42,25,'67_15_63_16_9_57',275),(43,25,'7_71_8_4',275),(44,25,'19_66_16_8_4',275),(45,25,'67_15_63_16_8_4',275),(46,25,'67_12_46_8_4',275),(47,25,'67_12_46_9_57',275),(48,25,'7_45_41_26_66_16_9_57',275),(49,25,'32_54_26_66_16_9_57',275),(50,25,'67_12_2_66_16_9_57',275),(51,25,'7_45_41_26_66_16_8_4',275),(52,25,'32_54_26_66_16_8_4',275),(53,25,'67_12_2_66_16_8_4',275),(54,25,'32_54_73_23_71_9_57',275),(55,25,'32_54_73_23_71_8_4',275),(56,25,'19_33',17),(57,25,'7_45_41_26_33',17),(58,25,'32_54_26_33',17),(59,25,'67_12_2_33',17),(60,25,'19_66_69',17),(61,25,'67_15_63_69',17),(62,25,'7_71_59_69',17),(63,25,'30_11_59_69',17),(64,25,'67_12_46_59_69',17),(65,25,'30_4_52_22_59_69',17),(66,25,'7_45_41_26_66_69',17),(67,25,'32_54_26_66_69',17),(68,25,'67_12_2_66_69',17),(69,25,'32_54_73_23_71_59_69',17),(70,25,'7_45',221),(71,25,'32_54_73',221),(72,25,'67_39',76),(73,25,'7_71_9',311),(74,25,'30_11_9',311),(75,25,'19_66_16_9',311),(76,25,'67_15_63_16_9',311),(77,25,'30_4_52',311),(78,25,'67_12_46_9',311),(79,25,'7_45_41_26_66_16_9',311),(80,25,'32_54_26_66_16_9',311),(81,25,'67_12_2_66_16_9',311),(82,25,'7_71_8_4_52',311),(83,25,'19_66_16_8_4_52',311),(84,25,'67_15_63_16_8_4_52',311),(85,25,'67_12_46_8_4_52',311),(86,25,'32_54_73_23_71_9',311),(87,25,'7_45_41_26_66_16_8_4_52',311),(88,25,'32_54_26_66_16_8_4_52',311),(89,25,'67_12_2_66_16_8_4_52',311),(90,25,'32_54_73_23_71_8_4_52',311),(91,25,'67_12',280),(92,25,'7_45_41',129),(93,25,'32_54',129),(94,25,'67_12_72',147),(95,25,'67_12_10_35',147),(96,25,'67_12_6_35',147),(97,25,'19_66',179),(98,25,'67_15_63',179),(99,25,'7_71_59',179),(100,25,'30_11_59',179),(101,25,'67_12_46_59',179),(102,25,'30_4_52_22_59',179),(103,25,'7_45_41_26_66',179),(104,25,'32_54_26_66',179),(105,25,'67_12_2_66',179),(106,25,'32_54_73_23_71_59',179),(107,25,'19_66_1',195),(108,25,'67_15_63_1',195),(109,25,'7_71_59_1',195),(110,25,'30_11_59_1',195),(111,25,'67_12_46_59_1',195),(112,25,'30_4_52_22_59_1',195),(113,25,'7_45_41_26_66_1',195),(114,25,'32_54_26_66_1',195),(115,25,'67_12_2_66_1',195),(116,25,'32_54_73_23_71_59_1',195),(117,25,'7_71',242),(118,25,'30_11',242),(119,25,'19_66_16',242),(120,25,'67_15_63_16',242),(121,25,'67_12_46',242),(122,25,'30_4_52_22',242),(123,25,'7_45_41_26_66_16',242),(124,25,'32_54_26_66_16',242),(125,25,'67_12_2_66_16',242),(126,25,'32_54_73_23_71',242),(127,25,'19_66_36',55),(128,25,'67_15_63_36',55),(129,25,'7_71_59_36',55),(130,25,'30_11_59_36',55),(131,25,'67_12_46_59_36',55),(132,25,'30_4_52_22_59_36',55),(133,25,'7_45_41_26_66_36',55),(134,25,'32_54_26_66_36',55),(135,25,'67_12_2_66_36',55),(136,25,'32_54_73_23_71_59_36',55),(137,25,'67_55',125),(138,25,'67',155),(139,25,'19_66_58',217),(140,25,'67_15_63_58',217),(141,25,'7_71_59_58',217),(142,25,'30_11_59_58',217),(143,25,'67_12_46_59_58',217),(144,25,'30_4_52_22_59_58',217),(145,25,'7_45_41_26_66_58',217),(146,25,'32_54_26_66_58',217),(147,25,'67_12_2_66_58',217),(148,25,'32_54_73_23_71_59_58',217),(149,25,'67_47',365),(150,25,'67_21',365),(151,25,'30_4_53',365),(152,25,'7_71_9_57_53',365),(153,25,'30_11_9_57_53',365),(154,25,'19_66_16_9_57_53',365),(155,25,'67_15_63_16_9_57_53',365),(156,25,'7_71_8_4_53',365),(157,25,'19_66_16_8_4_53',365),(158,25,'67_15_63_16_8_4_53',365),(159,25,'67_12_46_8_4_53',365),(160,25,'67_12_46_9_57_53',365),(161,25,'7_45_41_26_66_16_9_57_53',365),(162,25,'32_54_26_66_16_9_57_53',365),(163,25,'67_12_2_66_16_9_57_53',365),(164,25,'7_45_41_26_66_16_8_4_53',365),(165,25,'32_54_26_66_16_8_4_53',365),(166,25,'67_12_2_66_16_8_4_53',365),(167,25,'32_54_73_23_71_9_57_53',365),(168,25,'32_54_73_23_71_8_4_53',365),(169,25,'7',135),(170,25,'32_54_73_23',135),(171,25,'67_12_10',58),(172,25,'67_12_6',58),(173,31,'14_1',195),(174,31,'14',179),(175,31,'14_16',242),(176,31,'14_36',55),(177,31,'14_16_8',144),(178,31,'14_16_9_57_24',144),(179,31,'14_58',217),(180,31,'14_16_9_57_53',365),(181,31,'14_16_8_4_53',365),(182,31,'14_61',90),(183,31,'14_16_9_57',275),(184,31,'14_16_8_4',275),(185,31,'14_69',17),(186,31,'14_16_9',311),(187,31,'14_16_8_4_52',311),(188,58,'64',58),(189,58,'35',147),(190,58,'64_35',147),(191,76,'37_40_32',273),(192,76,'37_40',25),(193,76,'37_12_2',108),(194,76,'37_40_19',108),(195,76,'37_40_7_45_41_26',108),(196,76,'37_40_32_54_26',108),(197,76,'37_15',172),(198,76,'37_15_63_16_8',144),(199,76,'37_12_46_8',144),(200,76,'37_15_63_16_9_57_24',144),(201,76,'37_40_30',144),(202,76,'37_40_7_71_8',144),(203,76,'37_12_2_66_16_8',144),(204,76,'37_40_19_66_16_8',144),(205,76,'37_12_46_9_57_24',144),(206,76,'37_40_7_71_9_57_24',144),(207,76,'37_12_2_66_16_9_57_24',144),(208,76,'37_40_19_66_16_9_57_24',144),(209,76,'37_40_7_45_41_26_66_16_8',144),(210,76,'37_40_32_54_26_66_16_8',144),(211,76,'37_40_7_45_41_26_66_16_9_57_24',144),(212,76,'37_40_32_54_26_66_16_9_57_24',144),(213,76,'37_40_32_54_73_23_71_8',144),(214,76,'37_40_32_54_73_23_71_9_57_24',144),(215,76,'37_15_63_61',90),(216,76,'37_12_46_59_61',90),(217,76,'37_12_2_66_61',90),(218,76,'37_40_19_66_61',90),(219,76,'37_40_7_71_59_61',90),(220,76,'37_40_30_11_59_61',90),(221,76,'37_40_30_4_52_22_59_61',90),(222,76,'37_40_7_45_41_26_66_61',90),(223,76,'37_40_32_54_26_66_61',90),(224,76,'37_40_32_54_73_23_71_59_61',90),(225,76,'37_62',176),(226,76,'37_15_63_16_9_57',275),(227,76,'37_15_63_16_8_4',275),(228,76,'37_12_46_8_4',275),(229,76,'37_40_30_4',275),(230,76,'37_12_46_9_57',275),(231,76,'37_40_7_71_9_57',275),(232,76,'37_40_30_11_9_57',275),(233,76,'37_12_2_66_16_9_57',275),(234,76,'37_40_19_66_16_9_57',275),(235,76,'37_40_7_71_8_4',275),(236,76,'37_12_2_66_16_8_4',275),(237,76,'37_40_19_66_16_8_4',275),(238,76,'37_40_7_45_41_26_66_16_9_57',275),(239,76,'37_40_32_54_26_66_16_9_57',275),(240,76,'37_40_7_45_41_26_66_16_8_4',275),(241,76,'37_40_32_54_26_66_16_8_4',275),(242,76,'37_40_32_54_73_23_71_9_57',275),(243,76,'37_40_32_54_73_23_71_8_4',275),(244,76,'37_12_2_33',17),(245,76,'37_15_63_69',17),(246,76,'37_12_46_59_69',17),(247,76,'37_40_19_33',17),(248,76,'37_40_7_45_41_26_33',17),(249,76,'37_40_32_54_26_33',17),(250,76,'37_12_2_66_69',17),(251,76,'37_40_19_66_69',17),(252,76,'37_40_7_71_59_69',17),(253,76,'37_40_30_11_59_69',17),(254,76,'37_40_30_4_52_22_59_69',17),(255,76,'37_40_7_45_41_26_66_69',17),(256,76,'37_40_32_54_26_66_69',17),(257,76,'37_40_32_54_73_23_71_59_69',17),(258,76,'37_40_7_45',221),(259,76,'37_40_32_54_73',221),(260,76,'37_12',280),(261,76,'37_15_63_16_9',311),(262,76,'37_12_46_9',311),(263,76,'37_40_7_71_9',311),(264,76,'37_40_30_11_9',311),(265,76,'37_12_2_66_16_9',311),(266,76,'37_40_19_66_16_9',311),(267,76,'37_15_63_16_8_4_52',311),(268,76,'37_12_46_8_4_52',311),(269,76,'37_40_30_4_52',311),(270,76,'37_40_7_45_41_26_66_16_9',311),(271,76,'37_40_32_54_26_66_16_9',311),(272,76,'37_40_7_71_8_4_52',311),(273,76,'37_12_2_66_16_8_4_52',311),(274,76,'37_40_19_66_16_8_4_52',311),(275,76,'37_40_32_54_73_23_71_9',311),(276,76,'37_40_7_45_41_26_66_16_8_4_52',311),(277,76,'37_40_32_54_26_66_16_8_4_52',311),(278,76,'37_40_32_54_73_23_71_8_4_52',311),(279,76,'37_40_7_45_41',129),(280,76,'37_40_32_54',129),(281,76,'37_12_72',147),(282,76,'37_12_10_35',147),(283,76,'37_12_6_35',147),(284,76,'37_15_63',179),(285,76,'37_12_46_59',179),(286,76,'37_12_2_66',179),(287,76,'37_40_19_66',179),(288,76,'37_40_7_71_59',179),(289,76,'37_40_30_11_59',179),(290,76,'37_40_30_4_52_22_59',179),(291,76,'37_40_7_45_41_26_66',179),(292,76,'37_40_32_54_26_66',179),(293,76,'37_40_32_54_73_23_71_59',179),(294,76,'37_15_63_1',195),(295,76,'37_12_46_59_1',195),(296,76,'37_12_2_66_1',195),(297,76,'37_40_19_66_1',195),(298,76,'37_40_7_71_59_1',195),(299,76,'37_40_30_11_59_1',195),(300,76,'37_40_30_4_52_22_59_1',195),(301,76,'37_40_7_45_41_26_66_1',195),(302,76,'37_40_32_54_26_66_1',195),(303,76,'37_40_32_54_73_23_71_59_1',195),(304,76,'37_15_63_16',242),(305,76,'37_12_46',242),(306,76,'37_40_7_71',242),(307,76,'37_40_30_11',242),(308,76,'37_12_2_66_16',242),(309,76,'37_40_19_66_16',242),(310,76,'37_40_30_4_52_22',242),(311,76,'37_40_7_45_41_26_66_16',242),(312,76,'37_40_32_54_26_66_16',242),(313,76,'37_40_32_54_73_23_71',242),(314,76,'37_15_63_36',55),(315,76,'37_12_46_59_36',55),(316,76,'37_12_2_66_36',55),(317,76,'37_40_19_66_36',55),(318,76,'37_40_7_71_59_36',55),(319,76,'37_40_30_11_59_36',55),(320,76,'37_40_30_4_52_22_59_36',55),(321,76,'37_40_7_45_41_26_66_36',55),(322,76,'37_40_32_54_26_66_36',55),(323,76,'37_40_32_54_73_23_71_59_36',55),(324,76,'37_55',125),(325,76,'37',155),(326,76,'37_15_63_58',217),(327,76,'37_12_46_59_58',217),(328,76,'37_12_2_66_58',217),(329,76,'37_40_19_66_58',217),(330,76,'37_40_7_71_59_58',217),(331,76,'37_40_30_11_59_58',217),(332,76,'37_40_30_4_52_22_59_58',217),(333,76,'37_40_7_45_41_26_66_58',217),(334,76,'37_40_32_54_26_66_58',217),(335,76,'37_40_32_54_73_23_71_59_58',217),(336,76,'37_47',365),(337,76,'37_21',365),(338,76,'37_15_63_16_9_57_53',365),(339,76,'37_15_63_16_8_4_53',365),(340,76,'37_12_46_8_4_53',365),(341,76,'37_40_30_4_53',365),(342,76,'37_12_46_9_57_53',365),(343,76,'37_40_7_71_9_57_53',365),(344,76,'37_40_30_11_9_57_53',365),(345,76,'37_12_2_66_16_9_57_53',365),(346,76,'37_40_19_66_16_9_57_53',365),(347,76,'37_40_7_71_8_4_53',365),(348,76,'37_12_2_66_16_8_4_53',365),(349,76,'37_40_19_66_16_8_4_53',365),(350,76,'37_40_7_45_41_26_66_16_9_57_53',365),(351,76,'37_40_32_54_26_66_16_9_57_53',365),(352,76,'37_40_7_45_41_26_66_16_8_4_53',365),(353,76,'37_40_32_54_26_66_16_8_4_53',365),(354,76,'37_40_32_54_73_23_71_9_57_53',365),(355,76,'37_40_32_54_73_23_71_8_4_53',365),(356,76,'37_40_7',135),(357,76,'37_40_32_54_73_23',135),(358,76,'37_12_10',58),(359,76,'37_12_6',58),(360,79,'27',208),(361,79,'27_18_43',8),(362,79,'27_18',212),(363,108,'66_1',195),(364,108,'66',179),(365,108,'66_16',242),(366,108,'66_36',55),(367,108,'66_16_8',144),(368,108,'66_16_9_57_24',144),(369,108,'66_58',217),(370,108,'66_16_9_57_53',365),(371,108,'66_16_8_4_53',365),(372,108,'66_61',90),(373,108,'66_16_9_57',275),(374,108,'66_16_8_4',275),(375,108,'33',17),(376,108,'66_69',17),(377,108,'66_16_9',311),(378,108,'66_16_8_4_52',311),(379,125,'48_40_32',273),(380,125,'48_40',25),(381,125,'48_12_2',108),(382,125,'48_40_19',108),(383,125,'48_40_7_45_41_26',108),(384,125,'48_40_32_54_26',108),(385,125,'48_15',172),(386,125,'48_15_63_16_8',144),(387,125,'48_12_46_8',144),(388,125,'48_15_63_16_9_57_24',144),(389,125,'48_40_30',144),(390,125,'48_40_7_71_8',144),(391,125,'48_12_2_66_16_8',144),(392,125,'48_40_19_66_16_8',144),(393,125,'48_12_46_9_57_24',144),(394,125,'48_40_7_71_9_57_24',144),(395,125,'48_12_2_66_16_9_57_24',144),(396,125,'48_40_19_66_16_9_57_24',144),(397,125,'48_40_7_45_41_26_66_16_8',144),(398,125,'48_40_32_54_26_66_16_8',144),(399,125,'48_40_7_45_41_26_66_16_9_57_24',144),(400,125,'48_40_32_54_26_66_16_9_57_24',144),(401,125,'48_40_32_54_73_23_71_8',144),(402,125,'48_40_32_54_73_23_71_9_57_24',144),(403,125,'48_15_63_61',90),(404,125,'48_12_46_59_61',90),(405,125,'48_12_2_66_61',90),(406,125,'48_40_19_66_61',90),(407,125,'48_40_7_71_59_61',90),(408,125,'48_40_30_11_59_61',90),(409,125,'48_40_30_4_52_22_59_61',90),(410,125,'48_40_7_45_41_26_66_61',90),(411,125,'48_40_32_54_26_66_61',90),(412,125,'48_40_32_54_73_23_71_59_61',90),(413,125,'48_62',176),(414,125,'48_15_63_16_9_57',275),(415,125,'48_15_63_16_8_4',275),(416,125,'48_12_46_8_4',275),(417,125,'48_40_30_4',275),(418,125,'48_12_46_9_57',275),(419,125,'48_40_7_71_9_57',275),(420,125,'48_40_30_11_9_57',275),(421,125,'48_12_2_66_16_9_57',275),(422,125,'48_40_19_66_16_9_57',275),(423,125,'48_40_7_71_8_4',275),(424,125,'48_12_2_66_16_8_4',275),(425,125,'48_40_19_66_16_8_4',275),(426,125,'48_40_7_45_41_26_66_16_9_57',275),(427,125,'48_40_32_54_26_66_16_9_57',275),(428,125,'48_40_7_45_41_26_66_16_8_4',275),(429,125,'48_40_32_54_26_66_16_8_4',275),(430,125,'48_40_32_54_73_23_71_9_57',275),(431,125,'48_40_32_54_73_23_71_8_4',275),(432,125,'48_12_2_33',17),(433,125,'48_15_63_69',17),(434,125,'48_12_46_59_69',17),(435,125,'48_40_19_33',17),(436,125,'48_40_7_45_41_26_33',17),(437,125,'48_40_32_54_26_33',17),(438,125,'48_12_2_66_69',17),(439,125,'48_40_19_66_69',17),(440,125,'48_40_7_71_59_69',17),(441,125,'48_40_30_11_59_69',17),(442,125,'48_40_30_4_52_22_59_69',17),(443,125,'48_40_7_45_41_26_66_69',17),(444,125,'48_40_32_54_26_66_69',17),(445,125,'48_40_32_54_73_23_71_59_69',17),(446,125,'48_40_7_45',221),(447,125,'48_40_32_54_73',221),(448,125,'48_39',76),(449,125,'48_12',280),(450,125,'48_15_63_16_9',311),(451,125,'48_12_46_9',311),(452,125,'48_40_7_71_9',311),(453,125,'48_40_30_11_9',311),(454,125,'48_12_2_66_16_9',311),(455,125,'48_40_19_66_16_9',311),(456,125,'48_15_63_16_8_4_52',311),(457,125,'48_12_46_8_4_52',311),(458,125,'48_40_30_4_52',311),(459,125,'48_40_7_45_41_26_66_16_9',311),(460,125,'48_40_32_54_26_66_16_9',311),(461,125,'48_40_7_71_8_4_52',311),(462,125,'48_12_2_66_16_8_4_52',311),(463,125,'48_40_19_66_16_8_4_52',311),(464,125,'48_40_32_54_73_23_71_9',311),(465,125,'48_40_7_45_41_26_66_16_8_4_52',311),(466,125,'48_40_32_54_26_66_16_8_4_52',311),(467,125,'48_40_32_54_73_23_71_8_4_52',311),(468,125,'48_40_7_45_41',129),(469,125,'48_40_32_54',129),(470,125,'48_12_72',147),(471,125,'48_12_10_35',147),(472,125,'48_12_6_35',147),(473,125,'48_15_63',179),(474,125,'48_12_46_59',179),(475,125,'48_12_2_66',179),(476,125,'48_40_19_66',179),(477,125,'48_40_7_71_59',179),(478,125,'48_40_30_11_59',179),(479,125,'48_40_30_4_52_22_59',179),(480,125,'48_40_7_45_41_26_66',179),(481,125,'48_40_32_54_26_66',179),(482,125,'48_40_32_54_73_23_71_59',179),(483,125,'48_15_63_1',195),(484,125,'48_12_46_59_1',195),(485,125,'48_12_2_66_1',195),(486,125,'48_40_19_66_1',195),(487,125,'48_40_7_71_59_1',195),(488,125,'48_40_30_11_59_1',195),(489,125,'48_40_30_4_52_22_59_1',195),(490,125,'48_40_7_45_41_26_66_1',195),(491,125,'48_40_32_54_26_66_1',195),(492,125,'48_40_32_54_73_23_71_59_1',195),(493,125,'48_15_63_16',242),(494,125,'48_12_46',242),(495,125,'48_40_7_71',242),(496,125,'48_40_30_11',242),(497,125,'48_12_2_66_16',242),(498,125,'48_40_19_66_16',242),(499,125,'48_40_30_4_52_22',242),(500,125,'48_40_7_45_41_26_66_16',242),(501,125,'48_40_32_54_26_66_16',242),(502,125,'48_40_32_54_73_23_71',242),(503,125,'48_15_63_36',55),(504,125,'48_12_46_59_36',55),(505,125,'48_12_2_66_36',55),(506,125,'48_40_19_66_36',55),(507,125,'48_40_7_71_59_36',55),(508,125,'48_40_30_11_59_36',55),(509,125,'48_40_30_4_52_22_59_36',55),(510,125,'48_40_7_45_41_26_66_36',55),(511,125,'48_40_32_54_26_66_36',55),(512,125,'48_40_32_54_73_23_71_59_36',55),(513,125,'48',155),(514,125,'48_15_63_58',217),(515,125,'48_12_46_59_58',217),(516,125,'48_12_2_66_58',217),(517,125,'48_40_19_66_58',217),(518,125,'48_40_7_71_59_58',217),(519,125,'48_40_30_11_59_58',217),(520,125,'48_40_30_4_52_22_59_58',217),(521,125,'48_40_7_45_41_26_66_58',217),(522,125,'48_40_32_54_26_66_58',217),(523,125,'48_40_32_54_73_23_71_59_58',217),(524,125,'48_47',365),(525,125,'48_21',365),(526,125,'48_15_63_16_9_57_53',365),(527,125,'48_15_63_16_8_4_53',365),(528,125,'48_12_46_8_4_53',365),(529,125,'48_40_30_4_53',365),(530,125,'48_12_46_9_57_53',365),(531,125,'48_40_7_71_9_57_53',365),(532,125,'48_40_30_11_9_57_53',365),(533,125,'48_12_2_66_16_9_57_53',365),(534,125,'48_40_19_66_16_9_57_53',365),(535,125,'48_40_7_71_8_4_53',365),(536,125,'48_12_2_66_16_8_4_53',365),(537,125,'48_40_19_66_16_8_4_53',365),(538,125,'48_40_7_45_41_26_66_16_9_57_53',365),(539,125,'48_40_32_54_26_66_16_9_57_53',365),(540,125,'48_40_7_45_41_26_66_16_8_4_53',365),(541,125,'48_40_32_54_26_66_16_8_4_53',365),(542,125,'48_40_32_54_73_23_71_9_57_53',365),(543,125,'48_40_32_54_73_23_71_8_4_53',365),(544,125,'48_40_7',135),(545,125,'48_40_32_54_73_23',135),(546,125,'48_12_10',58),(547,125,'48_12_6',58),(548,129,'73_23_20_32',273),(549,129,'73_23_20',25),(550,129,'73_23_20_67_15',172),(551,129,'26',108),(552,129,'73_23_20_19',108),(553,129,'73_23_20_67_12_2',108),(554,129,'26_66_16_8',144),(555,129,'26_66_16_9_57_24',144),(556,129,'73_23_20_30',144),(557,129,'73_23_71_8',144),(558,129,'73_23_20_19_66_16_8',144),(559,129,'73_23_20_67_15_63_16_8',144),(560,129,'73_23_20_67_12_46_8',144),(561,129,'73_23_71_9_57_24',144),(562,129,'73_23_20_19_66_16_9_57_24',144),(563,129,'73_23_20_67_15_63_16_9_57_24',144),(564,129,'73_23_20_67_12_2_66_16_8',144),(565,129,'73_23_20_67_12_46_9_57_24',144),(566,129,'73_23_20_67_12_2_66_16_9_57_24',144),(567,129,'73_23_20_67_62',176),(568,129,'26_66_61',90),(569,129,'73_23_20_19_66_61',90),(570,129,'73_23_20_67_15_63_61',90),(571,129,'73_23_71_59_61',90),(572,129,'73_23_20_30_11_59_61',90),(573,129,'73_23_20_67_12_46_59_61',90),(574,129,'73_23_20_30_4_52_22_59_61',90),(575,129,'73_23_20_67_12_2_66_61',90),(576,129,'26_66_16_9_57',275),(577,129,'26_66_16_8_4',275),(578,129,'73_23_20_30_4',275),(579,129,'73_23_71_9_57',275),(580,129,'73_23_20_30_11_9_57',275),(581,129,'73_23_20_19_66_16_9_57',275),(582,129,'73_23_20_67_15_63_16_9_57',275),(583,129,'73_23_71_8_4',275),(584,129,'73_23_20_19_66_16_8_4',275),(585,129,'73_23_20_67_15_63_16_8_4',275),(586,129,'73_23_20_67_12_46_8_4',275),(587,129,'73_23_20_67_12_46_9_57',275),(588,129,'73_23_20_67_12_2_66_16_9_57',275),(589,129,'73_23_20_67_12_2_66_16_8_4',275),(590,129,'26_33',17),(591,129,'26_66_69',17),(592,129,'73_23_20_19_33',17),(593,129,'73_23_20_67_12_2_33',17),(594,129,'73_23_20_19_66_69',17),(595,129,'73_23_20_67_15_63_69',17),(596,129,'73_23_71_59_69',17),(597,129,'73_23_20_30_11_59_69',17),(598,129,'73_23_20_67_12_46_59_69',17),(599,129,'73_23_20_30_4_52_22_59_69',17),(600,129,'73_23_20_67_12_2_66_69',17),(601,129,'73',221),(602,129,'73_23_20_67_39',76),(603,129,'73_23_20_67_12',280),(604,129,'26_66_16_9',311),(605,129,'73_23_71_9',311),(606,129,'73_23_20_30_11_9',311),(607,129,'73_23_20_19_66_16_9',311),(608,129,'73_23_20_67_15_63_16_9',311),(609,129,'26_66_16_8_4_52',311),(610,129,'73_23_20_30_4_52',311),(611,129,'73_23_20_67_12_46_9',311),(612,129,'73_23_20_67_12_2_66_16_9',311),(613,129,'73_23_71_8_4_52',311),(614,129,'73_23_20_19_66_16_8_4_52',311),(615,129,'73_23_20_67_15_63_16_8_4_52',311),(616,129,'73_23_20_67_12_46_8_4_52',311),(617,129,'73_23_20_67_12_2_66_16_8_4_52',311),(618,129,'73_23_20_67_12_72',147),(619,129,'73_23_20_67_12_10_35',147),(620,129,'73_23_20_67_12_6_35',147),(621,129,'26_66',179),(622,129,'73_23_20_19_66',179),(623,129,'73_23_20_67_15_63',179),(624,129,'73_23_71_59',179),(625,129,'73_23_20_30_11_59',179),(626,129,'73_23_20_67_12_46_59',179),(627,129,'73_23_20_30_4_52_22_59',179),(628,129,'73_23_20_67_12_2_66',179),(629,129,'26_66_1',195),(630,129,'73_23_20_19_66_1',195),(631,129,'73_23_20_67_15_63_1',195),(632,129,'73_23_71_59_1',195),(633,129,'73_23_20_30_11_59_1',195),(634,129,'73_23_20_67_12_46_59_1',195),(635,129,'73_23_20_30_4_52_22_59_1',195),(636,129,'73_23_20_67_12_2_66_1',195),(637,129,'26_66_16',242),(638,129,'73_23_71',242),(639,129,'73_23_20_30_11',242),(640,129,'73_23_20_19_66_16',242),(641,129,'73_23_20_67_15_63_16',242),(642,129,'73_23_20_67_12_46',242),(643,129,'73_23_20_30_4_52_22',242),(644,129,'73_23_20_67_12_2_66_16',242),(645,129,'26_66_36',55),(646,129,'73_23_20_19_66_36',55),(647,129,'73_23_20_67_15_63_36',55),(648,129,'73_23_71_59_36',55),(649,129,'73_23_20_30_11_59_36',55),(650,129,'73_23_20_67_12_46_59_36',55),(651,129,'73_23_20_30_4_52_22_59_36',55),(652,129,'73_23_20_67_12_2_66_36',55),(653,129,'73_23_20_67_55',125),(654,129,'73_23_20_67',155),(655,129,'26_66_58',217),(656,129,'73_23_20_19_66_58',217),(657,129,'73_23_20_67_15_63_58',217),(658,129,'73_23_71_59_58',217),(659,129,'73_23_20_30_11_59_58',217),(660,129,'73_23_20_67_12_46_59_58',217),(661,129,'73_23_20_30_4_52_22_59_58',217),(662,129,'73_23_20_67_12_2_66_58',217),(663,129,'73_23_20_67_47',365),(664,129,'73_23_20_67_21',365),(665,129,'26_66_16_9_57_53',365),(666,129,'26_66_16_8_4_53',365),(667,129,'73_23_20_30_4_53',365),(668,129,'73_23_71_9_57_53',365),(669,129,'73_23_20_30_11_9_57_53',365),(670,129,'73_23_20_19_66_16_9_57_53',365),(671,129,'73_23_20_67_15_63_16_9_57_53',365),(672,129,'73_23_71_8_4_53',365),(673,129,'73_23_20_19_66_16_8_4_53',365),(674,129,'73_23_20_67_15_63_16_8_4_53',365),(675,129,'73_23_20_67_12_46_8_4_53',365),(676,129,'73_23_20_67_12_46_9_57_53',365),(677,129,'73_23_20_67_12_2_66_16_9_57_53',365),(678,129,'73_23_20_67_12_2_66_16_8_4_53',365),(679,129,'73_23',135),(680,129,'73_23_20_67_12_10',58),(681,129,'73_23_20_67_12_6',58),(682,135,'20_32',273),(683,135,'20',25),(684,135,'20_19',108),(685,135,'45_41_26',108),(686,135,'20_32_54_26',108),(687,135,'20_67_12_2',108),(688,135,'20_67_15',172),(689,135,'20_30',144),(690,135,'71_8',144),(691,135,'20_19_66_16_8',144),(692,135,'20_67_15_63_16_8',144),(693,135,'20_67_12_46_8',144),(694,135,'71_9_57_24',144),(695,135,'20_19_66_16_9_57_24',144),(696,135,'20_67_15_63_16_9_57_24',144),(697,135,'45_41_26_66_16_8',144),(698,135,'20_32_54_26_66_16_8',144),(699,135,'20_67_12_2_66_16_8',144),(700,135,'20_67_12_46_9_57_24',144),(701,135,'45_41_26_66_16_9_57_24',144),(702,135,'20_32_54_26_66_16_9_57_24',144),(703,135,'20_67_12_2_66_16_9_57_24',144),(704,135,'20_19_66_61',90),(705,135,'20_67_15_63_61',90),(706,135,'71_59_61',90),(707,135,'20_30_11_59_61',90),(708,135,'20_67_12_46_59_61',90),(709,135,'20_30_4_52_22_59_61',90),(710,135,'45_41_26_66_61',90),(711,135,'20_32_54_26_66_61',90),(712,135,'20_67_12_2_66_61',90),(713,135,'20_67_62',176),(714,135,'20_30_4',275),(715,135,'71_9_57',275),(716,135,'20_30_11_9_57',275),(717,135,'20_19_66_16_9_57',275),(718,135,'20_67_15_63_16_9_57',275),(719,135,'71_8_4',275),(720,135,'20_19_66_16_8_4',275),(721,135,'20_67_15_63_16_8_4',275),(722,135,'20_67_12_46_8_4',275),(723,135,'20_67_12_46_9_57',275),(724,135,'45_41_26_66_16_9_57',275),(725,135,'20_32_54_26_66_16_9_57',275),(726,135,'20_67_12_2_66_16_9_57',275),(727,135,'45_41_26_66_16_8_4',275),(728,135,'20_32_54_26_66_16_8_4',275),(729,135,'20_67_12_2_66_16_8_4',275),(730,135,'20_19_33',17),(731,135,'45_41_26_33',17),(732,135,'20_32_54_26_33',17),(733,135,'20_67_12_2_33',17),(734,135,'20_19_66_69',17),(735,135,'20_67_15_63_69',17),(736,135,'71_59_69',17),(737,135,'20_30_11_59_69',17),(738,135,'20_67_12_46_59_69',17),(739,135,'20_30_4_52_22_59_69',17),(740,135,'45_41_26_66_69',17),(741,135,'20_32_54_26_66_69',17),(742,135,'20_67_12_2_66_69',17),(743,135,'45',221),(744,135,'20_32_54_73',221),(745,135,'20_67_39',76),(746,135,'71_9',311),(747,135,'20_30_11_9',311),(748,135,'20_19_66_16_9',311),(749,135,'20_67_15_63_16_9',311),(750,135,'20_30_4_52',311),(751,135,'20_67_12_46_9',311),(752,135,'45_41_26_66_16_9',311),(753,135,'20_32_54_26_66_16_9',311),(754,135,'20_67_12_2_66_16_9',311),(755,135,'71_8_4_52',311),(756,135,'20_19_66_16_8_4_52',311),(757,135,'20_67_15_63_16_8_4_52',311),(758,135,'20_67_12_46_8_4_52',311),(759,135,'45_41_26_66_16_8_4_52',311),(760,135,'20_32_54_26_66_16_8_4_52',311),(761,135,'20_67_12_2_66_16_8_4_52',311),(762,135,'20_67_12',280),(763,135,'45_41',129),(764,135,'20_32_54',129),(765,135,'20_67_12_72',147),(766,135,'20_67_12_10_35',147),(767,135,'20_67_12_6_35',147),(768,135,'20_19_66',179),(769,135,'20_67_15_63',179),(770,135,'71_59',179),(771,135,'20_30_11_59',179),(772,135,'20_67_12_46_59',179),(773,135,'20_30_4_52_22_59',179),(774,135,'45_41_26_66',179),(775,135,'20_32_54_26_66',179),(776,135,'20_67_12_2_66',179),(777,135,'20_19_66_1',195),(778,135,'20_67_15_63_1',195),(779,135,'71_59_1',195),(780,135,'20_30_11_59_1',195),(781,135,'20_67_12_46_59_1',195),(782,135,'20_30_4_52_22_59_1',195),(783,135,'45_41_26_66_1',195),(784,135,'20_32_54_26_66_1',195),(785,135,'20_67_12_2_66_1',195),(786,135,'71',242),(787,135,'20_30_11',242),(788,135,'20_19_66_16',242),(789,135,'20_67_15_63_16',242),(790,135,'20_67_12_46',242),(791,135,'20_30_4_52_22',242),(792,135,'45_41_26_66_16',242),(793,135,'20_32_54_26_66_16',242),(794,135,'20_67_12_2_66_16',242),(795,135,'20_19_66_36',55),(796,135,'20_67_15_63_36',55),(797,135,'71_59_36',55),(798,135,'20_30_11_59_36',55),(799,135,'20_67_12_46_59_36',55),(800,135,'20_30_4_52_22_59_36',55),(801,135,'45_41_26_66_36',55),(802,135,'20_32_54_26_66_36',55),(803,135,'20_67_12_2_66_36',55),(804,135,'20_67_55',125),(805,135,'20_67',155),(806,135,'20_19_66_58',217),(807,135,'20_67_15_63_58',217),(808,135,'71_59_58',217),(809,135,'20_30_11_59_58',217),(810,135,'20_67_12_46_59_58',217),(811,135,'20_30_4_52_22_59_58',217),(812,135,'45_41_26_66_58',217),(813,135,'20_32_54_26_66_58',217),(814,135,'20_67_12_2_66_58',217),(815,135,'20_67_47',365),(816,135,'20_67_21',365),(817,135,'20_30_4_53',365),(818,135,'71_9_57_53',365),(819,135,'20_30_11_9_57_53',365),(820,135,'20_19_66_16_9_57_53',365),(821,135,'20_67_15_63_16_9_57_53',365),(822,135,'71_8_4_53',365),(823,135,'20_19_66_16_8_4_53',365),(824,135,'20_67_15_63_16_8_4_53',365),(825,135,'20_67_12_46_8_4_53',365),(826,135,'20_67_12_46_9_57_53',365),(827,135,'45_41_26_66_16_9_57_53',365),(828,135,'20_32_54_26_66_16_9_57_53',365),(829,135,'20_67_12_2_66_16_9_57_53',365),(830,135,'45_41_26_66_16_8_4_53',365),(831,135,'20_32_54_26_66_16_8_4_53',365),(832,135,'20_67_12_2_66_16_8_4_53',365),(833,135,'20_67_12_10',58),(834,135,'20_67_12_6',58),(835,139,'31_15',172),(836,139,'31_62',176),(837,139,'31_15_63_61',90),(838,139,'17_50_61',90),(839,139,'31_12_46_59_61',90),(840,139,'17_51_46_59_61',90),(841,139,'31_12_2_66_61',90),(842,139,'17_51_2_66_61',90),(843,139,'31_40_19_66_61',90),(844,139,'31_40_7_71_59_61',90),(845,139,'31_40_30_11_59_61',90),(846,139,'31_40_30_4_52_22_59_61',90),(847,139,'31_40_7_45_41_26_66_61',90),(848,139,'31_40_32_54_26_66_61',90),(849,139,'31_40_32_54_73_23_71_59_61',90),(850,139,'31_15_63_16_9_57',275),(851,139,'31_15_63_16_8_4',275),(852,139,'31_12_46_8_4',275),(853,139,'17_51_46_8_4',275),(854,139,'31_40_30_4',275),(855,139,'31_12_46_9_57',275),(856,139,'17_51_46_9_57',275),(857,139,'31_40_7_71_9_57',275),(858,139,'31_40_30_11_9_57',275),(859,139,'17_50_16_9_57',275),(860,139,'31_12_2_66_16_9_57',275),(861,139,'17_51_2_66_16_9_57',275),(862,139,'31_40_19_66_16_9_57',275),(863,139,'31_40_7_71_8_4',275),(864,139,'17_50_16_8_4',275),(865,139,'31_12_2_66_16_8_4',275),(866,139,'17_51_2_66_16_8_4',275),(867,139,'31_40_19_66_16_8_4',275),(868,139,'31_40_7_45_41_26_66_16_9_57',275),(869,139,'31_40_32_54_26_66_16_9_57',275),(870,139,'31_40_7_45_41_26_66_16_8_4',275),(871,139,'31_40_32_54_26_66_16_8_4',275),(872,139,'31_40_32_54_73_23_71_9_57',275),(873,139,'31_40_32_54_73_23_71_8_4',275),(874,139,'17',198),(875,139,'31_15_63_16_9',311),(876,139,'31_12_46_9',311),(877,139,'17_51_46_9',311),(878,139,'31_40_7_71_9',311),(879,139,'31_40_30_11_9',311),(880,139,'17_50_16_9',311),(881,139,'31_12_2_66_16_9',311),(882,139,'17_51_2_66_16_9',311),(883,139,'31_40_19_66_16_9',311),(884,139,'31_15_63_16_8_4_52',311),(885,139,'31_12_46_8_4_52',311),(886,139,'17_51_46_8_4_52',311),(887,139,'31_40_30_4_52',311),(888,139,'31_40_7_45_41_26_66_16_9',311),(889,139,'31_40_32_54_26_66_16_9',311),(890,139,'31_40_7_71_8_4_52',311),(891,139,'17_50_16_8_4_52',311),(892,139,'31_12_2_66_16_8_4_52',311),(893,139,'17_51_2_66_16_8_4_52',311),(894,139,'31_40_19_66_16_8_4_52',311),(895,139,'31_40_32_54_73_23_71_9',311),(896,139,'31_40_7_45_41_26_66_16_8_4_52',311),(897,139,'31_40_32_54_26_66_16_8_4_52',311),(898,139,'31_40_32_54_73_23_71_8_4_52',311),(899,139,'31_12',280),(900,139,'17_51',280),(901,139,'31_40_7_45_41',129),(902,139,'31_40_32_54',129),(903,139,'31_15_63_1',195),(904,139,'17_50_1',195),(905,139,'31_12_46_59_1',195),(906,139,'17_51_46_59_1',195),(907,139,'31_12_2_66_1',195),(908,139,'17_51_2_66_1',195),(909,139,'31_40_19_66_1',195),(910,139,'31_40_7_71_59_1',195),(911,139,'31_40_30_11_59_1',195),(912,139,'31_40_30_4_52_22_59_1',195),(913,139,'31_40_7_45_41_26_66_1',195),(914,139,'31_40_32_54_26_66_1',195),(915,139,'31_40_32_54_73_23_71_59_1',195),(916,139,'31_15_63',179),(917,139,'17_50',179),(918,139,'31_12_46_59',179),(919,139,'17_51_46_59',179),(920,139,'31_12_2_66',179),(921,139,'17_51_2_66',179),(922,139,'31_40_19_66',179),(923,139,'31_40_7_71_59',179),(924,139,'31_40_30_11_59',179),(925,139,'31_40_30_4_52_22_59',179),(926,139,'31_40_7_45_41_26_66',179),(927,139,'31_40_32_54_26_66',179),(928,139,'31_40_32_54_73_23_71_59',179),(929,139,'31_15_63_16',242),(930,139,'31_12_46',242),(931,139,'17_51_46',242),(932,139,'31_40_7_71',242),(933,139,'31_40_30_11',242),(934,139,'17_50_16',242),(935,139,'31_12_2_66_16',242),(936,139,'17_51_2_66_16',242),(937,139,'31_40_19_66_16',242),(938,139,'31_40_30_4_52_22',242),(939,139,'31_40_7_45_41_26_66_16',242),(940,139,'31_40_32_54_26_66_16',242),(941,139,'31_40_32_54_73_23_71',242),(942,139,'31_15_63_36',55),(943,139,'17_50_36',55),(944,139,'31_12_46_59_36',55),(945,139,'17_51_46_59_36',55),(946,139,'31_12_2_66_36',55),(947,139,'17_51_2_66_36',55),(948,139,'31_40_19_66_36',55),(949,139,'31_40_7_71_59_36',55),(950,139,'31_40_30_11_59_36',55),(951,139,'31_40_30_4_52_22_59_36',55),(952,139,'31_40_7_45_41_26_66_36',55),(953,139,'31_40_32_54_26_66_36',55),(954,139,'31_40_32_54_73_23_71_59_36',55),(955,139,'31_55',125),(956,139,'42',365),(957,139,'31_47',365),(958,139,'31_21',365),(959,139,'31_15_63_16_9_57_53',365),(960,139,'31_15_63_16_8_4_53',365),(961,139,'31_12_46_8_4_53',365),(962,139,'17_51_46_8_4_53',365),(963,139,'31_40_30_4_53',365),(964,139,'31_12_46_9_57_53',365),(965,139,'17_51_46_9_57_53',365),(966,139,'31_40_7_71_9_57_53',365),(967,139,'31_40_30_11_9_57_53',365),(968,139,'17_50_16_9_57_53',365),(969,139,'31_12_2_66_16_9_57_53',365),(970,139,'17_51_2_66_16_9_57_53',365),(971,139,'31_40_19_66_16_9_57_53',365),(972,139,'31_40_7_71_8_4_53',365),(973,139,'17_50_16_8_4_53',365),(974,139,'31_12_2_66_16_8_4_53',365),(975,139,'17_51_2_66_16_8_4_53',365),(976,139,'31_40_19_66_16_8_4_53',365),(977,139,'31_40_7_45_41_26_66_16_9_57_53',365),(978,139,'31_40_32_54_26_66_16_9_57_53',365),(979,139,'31_40_7_45_41_26_66_16_8_4_53',365),(980,139,'31_40_32_54_26_66_16_8_4_53',365),(981,139,'31_40_32_54_73_23_71_9_57_53',365),(982,139,'31_40_32_54_73_23_71_8_4_53',365),(983,139,'31_40_7',135),(984,139,'31_40_32_54_73_23',135),(985,139,'31_40_32',273),(986,139,'31_40',25),(987,139,'31_12_2',108),(988,139,'17_51_2',108),(989,139,'31_40_19',108),(990,139,'31_40_7_45_41_26',108),(991,139,'31_40_32_54_26',108),(992,139,'31_15_63_16_8',144),(993,139,'31_12_46_8',144),(994,139,'17_51_46_8',144),(995,139,'31_15_63_16_9_57_24',144),(996,139,'31_40_30',144),(997,139,'31_40_7_71_8',144),(998,139,'17_50_16_8',144),(999,139,'31_12_2_66_16_8',144),(1000,139,'17_51_2_66_16_8',144),(1001,139,'31_40_19_66_16_8',144),(1002,139,'31_12_46_9_57_24',144),(1003,139,'17_51_46_9_57_24',144),(1004,139,'31_40_7_71_9_57_24',144),(1005,139,'17_50_16_9_57_24',144),(1006,139,'31_12_2_66_16_9_57_24',144),(1007,139,'17_51_2_66_16_9_57_24',144),(1008,139,'31_40_19_66_16_9_57_24',144),(1009,139,'31_40_7_45_41_26_66_16_8',144),(1010,139,'31_40_32_54_26_66_16_8',144),(1011,139,'31_40_7_45_41_26_66_16_9_57_24',144),(1012,139,'31_40_32_54_26_66_16_9_57_24',144),(1013,139,'31_40_32_54_73_23_71_8',144),(1014,139,'31_40_32_54_73_23_71_9_57_24',144),(1015,139,'31_12_2_33',17),(1016,139,'17_51_2_33',17),(1017,139,'31_15_63_69',17),(1018,139,'17_50_69',17),(1019,139,'31_12_46_59_69',17),(1020,139,'17_51_46_59_69',17),(1021,139,'31_40_19_33',17),(1022,139,'31_40_7_45_41_26_33',17),(1023,139,'31_40_32_54_26_33',17),(1024,139,'31_12_2_66_69',17),(1025,139,'17_51_2_66_69',17),(1026,139,'31_40_19_66_69',17),(1027,139,'31_40_7_71_59_69',17),(1028,139,'31_40_30_11_59_69',17),(1029,139,'31_40_30_4_52_22_59_69',17),(1030,139,'31_40_7_45_41_26_66_69',17),(1031,139,'31_40_32_54_26_66_69',17),(1032,139,'31_40_32_54_73_23_71_59_69',17),(1033,139,'31_40_7_45',221),(1034,139,'31_40_32_54_73',221),(1035,139,'31_39',76),(1036,139,'17_28',147),(1037,139,'31_12_72',147),(1038,139,'17_51_72',147),(1039,139,'31_12_10_35',147),(1040,139,'31_12_6_35',147),(1041,139,'17_51_10_35',147),(1042,139,'17_51_6_35',147),(1043,139,'31_15_63_58',217),(1044,139,'17_50_58',217),(1045,139,'31_12_46_59_58',217),(1046,139,'17_51_46_59_58',217),(1047,139,'31_12_2_66_58',217),(1048,139,'17_51_2_66_58',217),(1049,139,'31_40_19_66_58',217),(1050,139,'31_40_7_71_59_58',217),(1051,139,'31_40_30_11_59_58',217),(1052,139,'31_40_30_4_52_22_59_58',217),(1053,139,'31_40_7_45_41_26_66_58',217),(1054,139,'31_40_32_54_26_66_58',217),(1055,139,'31_40_32_54_73_23_71_59_58',217),(1056,139,'31',155),(1057,139,'31_12_10',58),(1058,139,'31_12_6',58),(1059,139,'17_51_10',58),(1060,139,'17_51_6',58),(1061,144,'11_59_1',195),(1062,144,'4_52_22_59_1',195),(1063,144,'11_59',179),(1064,144,'4_52_22_59',179),(1065,144,'11',242),(1066,144,'4_52_22',242),(1067,144,'11_59_36',55),(1068,144,'4_52_22_59_36',55),(1069,144,'11_59_58',217),(1070,144,'4_52_22_59_58',217),(1071,144,'4_53',365),(1072,144,'11_9_57_53',365),(1073,144,'11_59_61',90),(1074,144,'4_52_22_59_61',90),(1075,144,'4',275),(1076,144,'11_9_57',275),(1077,144,'11_59_69',17),(1078,144,'4_52_22_59_69',17),(1079,144,'11_9',311),(1080,144,'4_52',311),(1081,155,'15',172),(1082,155,'49_15',172),(1083,155,'65_15',172),(1084,155,'62',176),(1085,155,'49_62',176),(1086,155,'65_62',176),(1087,155,'40_19_66_61',90),(1088,155,'15_63_61',90),(1089,155,'49_15_63_61',90),(1090,155,'65_15_63_61',90),(1091,155,'40_7_71_59_61',90),(1092,155,'40_30_11_59_61',90),(1093,155,'12_46_59_61',90),(1094,155,'49_12_46_59_61',90),(1095,155,'65_12_46_59_61',90),(1096,155,'40_30_4_52_22_59_61',90),(1097,155,'40_7_45_41_26_66_61',90),(1098,155,'40_32_54_26_66_61',90),(1099,155,'12_2_66_61',90),(1100,155,'49_12_2_66_61',90),(1101,155,'65_12_2_66_61',90),(1102,155,'49_40_19_66_61',90),(1103,155,'65_40_19_66_61',90),(1104,155,'49_40_7_71_59_61',90),(1105,155,'65_40_7_71_59_61',90),(1106,155,'49_40_30_11_59_61',90),(1107,155,'65_40_30_11_59_61',90),(1108,155,'49_40_30_4_52_22_59_61',90),(1109,155,'65_40_30_4_52_22_59_61',90),(1110,155,'49_40_7_45_41_26_66_61',90),(1111,155,'65_40_7_45_41_26_66_61',90),(1112,155,'49_40_32_54_26_66_61',90),(1113,155,'65_40_32_54_26_66_61',90),(1114,155,'40_32_54_73_23_71_59_61',90),(1115,155,'49_40_32_54_73_23_71_59_61',90),(1116,155,'65_40_32_54_73_23_71_59_61',90),(1117,155,'40_30_4',275),(1118,155,'40_7_71_9_57',275),(1119,155,'40_30_11_9_57',275),(1120,155,'40_19_66_16_9_57',275),(1121,155,'15_63_16_9_57',275),(1122,155,'49_15_63_16_9_57',275),(1123,155,'65_15_63_16_9_57',275),(1124,155,'40_7_71_8_4',275),(1125,155,'40_19_66_16_8_4',275),(1126,155,'15_63_16_8_4',275),(1127,155,'49_15_63_16_8_4',275),(1128,155,'65_15_63_16_8_4',275),(1129,155,'12_46_8_4',275),(1130,155,'49_12_46_8_4',275),(1131,155,'65_12_46_8_4',275),(1132,155,'49_40_30_4',275),(1133,155,'65_40_30_4',275),(1134,155,'12_46_9_57',275),(1135,155,'49_12_46_9_57',275),(1136,155,'65_12_46_9_57',275),(1137,155,'49_40_7_71_9_57',275),(1138,155,'65_40_7_71_9_57',275),(1139,155,'49_40_30_11_9_57',275),(1140,155,'65_40_30_11_9_57',275),(1141,155,'40_7_45_41_26_66_16_9_57',275),(1142,155,'40_32_54_26_66_16_9_57',275),(1143,155,'12_2_66_16_9_57',275),(1144,155,'49_12_2_66_16_9_57',275),(1145,155,'65_12_2_66_16_9_57',275),(1146,155,'49_40_19_66_16_9_57',275),(1147,155,'65_40_19_66_16_9_57',275),(1148,155,'49_40_7_71_8_4',275),(1149,155,'65_40_7_71_8_4',275),(1150,155,'40_7_45_41_26_66_16_8_4',275),(1151,155,'40_32_54_26_66_16_8_4',275),(1152,155,'12_2_66_16_8_4',275),(1153,155,'49_12_2_66_16_8_4',275),(1154,155,'65_12_2_66_16_8_4',275),(1155,155,'49_40_19_66_16_8_4',275),(1156,155,'65_40_19_66_16_8_4',275),(1157,155,'40_32_54_73_23_71_9_57',275),(1158,155,'49_40_7_45_41_26_66_16_9_57',275),(1159,155,'65_40_7_45_41_26_66_16_9_57',275),(1160,155,'49_40_32_54_26_66_16_9_57',275),(1161,155,'65_40_32_54_26_66_16_9_57',275),(1162,155,'40_32_54_73_23_71_8_4',275),(1163,155,'49_40_7_45_41_26_66_16_8_4',275),(1164,155,'65_40_7_45_41_26_66_16_8_4',275),(1165,155,'49_40_32_54_26_66_16_8_4',275),(1166,155,'65_40_32_54_26_66_16_8_4',275),(1167,155,'49_40_32_54_73_23_71_9_57',275),(1168,155,'65_40_32_54_73_23_71_9_57',275),(1169,155,'49_40_32_54_73_23_71_8_4',275),(1170,155,'65_40_32_54_73_23_71_8_4',275),(1171,155,'12',280),(1172,155,'49_12',280),(1173,155,'65_12',280),(1174,155,'40_7_71_9',311),(1175,155,'40_30_11_9',311),(1176,155,'40_19_66_16_9',311),(1177,155,'15_63_16_9',311),(1178,155,'49_15_63_16_9',311),(1179,155,'65_15_63_16_9',311),(1180,155,'40_30_4_52',311),(1181,155,'12_46_9',311),(1182,155,'49_12_46_9',311),(1183,155,'65_12_46_9',311),(1184,155,'49_40_7_71_9',311),(1185,155,'65_40_7_71_9',311),(1186,155,'49_40_30_11_9',311),(1187,155,'65_40_30_11_9',311),(1188,155,'40_7_45_41_26_66_16_9',311),(1189,155,'40_32_54_26_66_16_9',311),(1190,155,'12_2_66_16_9',311),(1191,155,'49_12_2_66_16_9',311),(1192,155,'65_12_2_66_16_9',311),(1193,155,'49_40_19_66_16_9',311),(1194,155,'65_40_19_66_16_9',311),(1195,155,'40_7_71_8_4_52',311),(1196,155,'40_19_66_16_8_4_52',311),(1197,155,'15_63_16_8_4_52',311),(1198,155,'49_15_63_16_8_4_52',311),(1199,155,'65_15_63_16_8_4_52',311),(1200,155,'12_46_8_4_52',311),(1201,155,'49_12_46_8_4_52',311),(1202,155,'65_12_46_8_4_52',311),(1203,155,'49_40_30_4_52',311),(1204,155,'65_40_30_4_52',311),(1205,155,'40_32_54_73_23_71_9',311),(1206,155,'49_40_7_45_41_26_66_16_9',311),(1207,155,'65_40_7_45_41_26_66_16_9',311),(1208,155,'49_40_32_54_26_66_16_9',311),(1209,155,'65_40_32_54_26_66_16_9',311),(1210,155,'49_40_7_71_8_4_52',311),(1211,155,'65_40_7_71_8_4_52',311),(1212,155,'40_7_45_41_26_66_16_8_4_52',311),(1213,155,'40_32_54_26_66_16_8_4_52',311),(1214,155,'12_2_66_16_8_4_52',311),(1215,155,'49_12_2_66_16_8_4_52',311),(1216,155,'65_12_2_66_16_8_4_52',311),(1217,155,'49_40_19_66_16_8_4_52',311),(1218,155,'65_40_19_66_16_8_4_52',311),(1219,155,'49_40_32_54_73_23_71_9',311),(1220,155,'65_40_32_54_73_23_71_9',311),(1221,155,'40_32_54_73_23_71_8_4_52',311),(1222,155,'49_40_7_45_41_26_66_16_8_4_52',311),(1223,155,'65_40_7_45_41_26_66_16_8_4_52',311),(1224,155,'49_40_32_54_26_66_16_8_4_52',311),(1225,155,'65_40_32_54_26_66_16_8_4_52',311),(1226,155,'49_40_32_54_73_23_71_8_4_52',311),(1227,155,'65_40_32_54_73_23_71_8_4_52',311),(1228,155,'40_7_45_41',129),(1229,155,'40_32_54',129),(1230,155,'49_40_7_45_41',129),(1231,155,'65_40_7_45_41',129),(1232,155,'49_40_32_54',129),(1233,155,'65_40_32_54',129),(1234,155,'40_19_66_1',195),(1235,155,'15_63_1',195),(1236,155,'49_15_63_1',195),(1237,155,'65_15_63_1',195),(1238,155,'40_7_71_59_1',195),(1239,155,'40_30_11_59_1',195),(1240,155,'12_46_59_1',195),(1241,155,'49_12_46_59_1',195),(1242,155,'65_12_46_59_1',195),(1243,155,'40_30_4_52_22_59_1',195),(1244,155,'40_7_45_41_26_66_1',195),(1245,155,'40_32_54_26_66_1',195),(1246,155,'12_2_66_1',195),(1247,155,'49_12_2_66_1',195),(1248,155,'65_12_2_66_1',195),(1249,155,'49_40_19_66_1',195),(1250,155,'65_40_19_66_1',195),(1251,155,'49_40_7_71_59_1',195),(1252,155,'65_40_7_71_59_1',195),(1253,155,'49_40_30_11_59_1',195),(1254,155,'65_40_30_11_59_1',195),(1255,155,'49_40_30_4_52_22_59_1',195),(1256,155,'65_40_30_4_52_22_59_1',195),(1257,155,'49_40_7_45_41_26_66_1',195),(1258,155,'65_40_7_45_41_26_66_1',195),(1259,155,'49_40_32_54_26_66_1',195),(1260,155,'65_40_32_54_26_66_1',195),(1261,155,'40_32_54_73_23_71_59_1',195),(1262,155,'49_40_32_54_73_23_71_59_1',195),(1263,155,'65_40_32_54_73_23_71_59_1',195),(1264,155,'40_19_66',179),(1265,155,'15_63',179),(1266,155,'49_15_63',179),(1267,155,'65_15_63',179),(1268,155,'40_7_71_59',179),(1269,155,'40_30_11_59',179),(1270,155,'12_46_59',179),(1271,155,'49_12_46_59',179),(1272,155,'65_12_46_59',179),(1273,155,'40_30_4_52_22_59',179),(1274,155,'40_7_45_41_26_66',179),(1275,155,'40_32_54_26_66',179),(1276,155,'12_2_66',179),(1277,155,'49_12_2_66',179),(1278,155,'65_12_2_66',179),(1279,155,'49_40_19_66',179),(1280,155,'65_40_19_66',179),(1281,155,'49_40_7_71_59',179),(1282,155,'65_40_7_71_59',179),(1283,155,'49_40_30_11_59',179),(1284,155,'65_40_30_11_59',179),(1285,155,'49_40_30_4_52_22_59',179),(1286,155,'65_40_30_4_52_22_59',179),(1287,155,'49_40_7_45_41_26_66',179),(1288,155,'65_40_7_45_41_26_66',179),(1289,155,'49_40_32_54_26_66',179),(1290,155,'65_40_32_54_26_66',179),(1291,155,'40_32_54_73_23_71_59',179),(1292,155,'49_40_32_54_73_23_71_59',179),(1293,155,'65_40_32_54_73_23_71_59',179),(1294,155,'40_7_71',242),(1295,155,'40_30_11',242),(1296,155,'40_19_66_16',242),(1297,155,'15_63_16',242),(1298,155,'49_15_63_16',242),(1299,155,'65_15_63_16',242),(1300,155,'12_46',242),(1301,155,'49_12_46',242),(1302,155,'65_12_46',242),(1303,155,'40_30_4_52_22',242),(1304,155,'49_40_7_71',242),(1305,155,'65_40_7_71',242),(1306,155,'49_40_30_11',242),(1307,155,'65_40_30_11',242),(1308,155,'40_7_45_41_26_66_16',242),(1309,155,'40_32_54_26_66_16',242),(1310,155,'12_2_66_16',242),(1311,155,'49_12_2_66_16',242),(1312,155,'65_12_2_66_16',242),(1313,155,'49_40_19_66_16',242),(1314,155,'65_40_19_66_16',242),(1315,155,'49_40_30_4_52_22',242),(1316,155,'65_40_30_4_52_22',242),(1317,155,'40_32_54_73_23_71',242),(1318,155,'49_40_7_45_41_26_66_16',242),(1319,155,'65_40_7_45_41_26_66_16',242),(1320,155,'49_40_32_54_26_66_16',242),(1321,155,'65_40_32_54_26_66_16',242),(1322,155,'49_40_32_54_73_23_71',242),(1323,155,'65_40_32_54_73_23_71',242),(1324,155,'40_19_66_36',55),(1325,155,'15_63_36',55),(1326,155,'49_15_63_36',55),(1327,155,'65_15_63_36',55),(1328,155,'40_7_71_59_36',55),(1329,155,'40_30_11_59_36',55),(1330,155,'12_46_59_36',55),(1331,155,'49_12_46_59_36',55),(1332,155,'65_12_46_59_36',55),(1333,155,'40_30_4_52_22_59_36',55),(1334,155,'40_7_45_41_26_66_36',55),(1335,155,'40_32_54_26_66_36',55),(1336,155,'12_2_66_36',55),(1337,155,'49_12_2_66_36',55),(1338,155,'65_12_2_66_36',55),(1339,155,'49_40_19_66_36',55),(1340,155,'65_40_19_66_36',55),(1341,155,'49_40_7_71_59_36',55),(1342,155,'65_40_7_71_59_36',55),(1343,155,'49_40_30_11_59_36',55),(1344,155,'65_40_30_11_59_36',55),(1345,155,'49_40_30_4_52_22_59_36',55),(1346,155,'65_40_30_4_52_22_59_36',55),(1347,155,'49_40_7_45_41_26_66_36',55),(1348,155,'65_40_7_45_41_26_66_36',55),(1349,155,'49_40_32_54_26_66_36',55),(1350,155,'65_40_32_54_26_66_36',55),(1351,155,'40_32_54_73_23_71_59_36',55),(1352,155,'49_40_32_54_73_23_71_59_36',55),(1353,155,'65_40_32_54_73_23_71_59_36',55),(1354,155,'55',125),(1355,155,'49_55',125),(1356,155,'65_55',125),(1357,155,'47',365),(1358,155,'21',365),(1359,155,'49_47',365),(1360,155,'65_47',365),(1361,155,'49_21',365),(1362,155,'65_21',365),(1363,155,'40_30_4_53',365),(1364,155,'40_7_71_9_57_53',365),(1365,155,'40_30_11_9_57_53',365),(1366,155,'40_19_66_16_9_57_53',365),(1367,155,'15_63_16_9_57_53',365),(1368,155,'49_15_63_16_9_57_53',365),(1369,155,'65_15_63_16_9_57_53',365),(1370,155,'40_7_71_8_4_53',365),(1371,155,'40_19_66_16_8_4_53',365),(1372,155,'15_63_16_8_4_53',365),(1373,155,'49_15_63_16_8_4_53',365),(1374,155,'65_15_63_16_8_4_53',365),(1375,155,'12_46_8_4_53',365),(1376,155,'49_12_46_8_4_53',365),(1377,155,'65_12_46_8_4_53',365),(1378,155,'49_40_30_4_53',365),(1379,155,'65_40_30_4_53',365),(1380,155,'12_46_9_57_53',365),(1381,155,'49_12_46_9_57_53',365),(1382,155,'65_12_46_9_57_53',365),(1383,155,'49_40_7_71_9_57_53',365),(1384,155,'65_40_7_71_9_57_53',365),(1385,155,'49_40_30_11_9_57_53',365),(1386,155,'65_40_30_11_9_57_53',365),(1387,155,'40_7_45_41_26_66_16_9_57_53',365),(1388,155,'40_32_54_26_66_16_9_57_53',365),(1389,155,'12_2_66_16_9_57_53',365),(1390,155,'49_12_2_66_16_9_57_53',365),(1391,155,'65_12_2_66_16_9_57_53',365),(1392,155,'49_40_19_66_16_9_57_53',365),(1393,155,'65_40_19_66_16_9_57_53',365),(1394,155,'49_40_7_71_8_4_53',365),(1395,155,'65_40_7_71_8_4_53',365),(1396,155,'40_7_45_41_26_66_16_8_4_53',365),(1397,155,'40_32_54_26_66_16_8_4_53',365),(1398,155,'12_2_66_16_8_4_53',365),(1399,155,'49_12_2_66_16_8_4_53',365),(1400,155,'65_12_2_66_16_8_4_53',365),(1401,155,'49_40_19_66_16_8_4_53',365),(1402,155,'65_40_19_66_16_8_4_53',365),(1403,155,'40_32_54_73_23_71_9_57_53',365),(1404,155,'49_40_7_45_41_26_66_16_9_57_53',365),(1405,155,'65_40_7_45_41_26_66_16_9_57_53',365),(1406,155,'49_40_32_54_26_66_16_9_57_53',365),(1407,155,'65_40_32_54_26_66_16_9_57_53',365),(1408,155,'40_32_54_73_23_71_8_4_53',365),(1409,155,'49_40_7_45_41_26_66_16_8_4_53',365),(1410,155,'65_40_7_45_41_26_66_16_8_4_53',365),(1411,155,'49_40_32_54_26_66_16_8_4_53',365),(1412,155,'65_40_32_54_26_66_16_8_4_53',365),(1413,155,'49_40_32_54_73_23_71_9_57_53',365),(1414,155,'65_40_32_54_73_23_71_9_57_53',365),(1415,155,'49_40_32_54_73_23_71_8_4_53',365),(1416,155,'65_40_32_54_73_23_71_8_4_53',365),(1417,155,'40_7',135),(1418,155,'49_40_7',135),(1419,155,'65_40_7',135),(1420,155,'40_32_54_73_23',135),(1421,155,'49_40_32_54_73_23',135),(1422,155,'65_40_32_54_73_23',135),(1423,155,'40_32',273),(1424,155,'49_40_32',273),(1425,155,'65_40_32',273),(1426,155,'40',25),(1427,155,'49_40',25),(1428,155,'65_40',25),(1429,155,'40_19',108),(1430,155,'40_7_45_41_26',108),(1431,155,'40_32_54_26',108),(1432,155,'12_2',108),(1433,155,'49_12_2',108),(1434,155,'65_12_2',108),(1435,155,'49_40_19',108),(1436,155,'65_40_19',108),(1437,155,'49_40_7_45_41_26',108),(1438,155,'65_40_7_45_41_26',108),(1439,155,'49_40_32_54_26',108),(1440,155,'65_40_32_54_26',108),(1441,155,'40_30',144),(1442,155,'40_7_71_8',144),(1443,155,'40_19_66_16_8',144),(1444,155,'15_63_16_8',144),(1445,155,'49_15_63_16_8',144),(1446,155,'65_15_63_16_8',144),(1447,155,'12_46_8',144),(1448,155,'49_12_46_8',144),(1449,155,'65_12_46_8',144),(1450,155,'40_7_71_9_57_24',144),(1451,155,'40_19_66_16_9_57_24',144),(1452,155,'15_63_16_9_57_24',144),(1453,155,'49_15_63_16_9_57_24',144),(1454,155,'65_15_63_16_9_57_24',144),(1455,155,'49_40_30',144),(1456,155,'65_40_30',144),(1457,155,'49_40_7_71_8',144),(1458,155,'65_40_7_71_8',144),(1459,155,'40_7_45_41_26_66_16_8',144),(1460,155,'40_32_54_26_66_16_8',144),(1461,155,'12_2_66_16_8',144),(1462,155,'49_12_2_66_16_8',144),(1463,155,'65_12_2_66_16_8',144),(1464,155,'49_40_19_66_16_8',144),(1465,155,'65_40_19_66_16_8',144),(1466,155,'12_46_9_57_24',144),(1467,155,'49_12_46_9_57_24',144),(1468,155,'65_12_46_9_57_24',144),(1469,155,'49_40_7_71_9_57_24',144),(1470,155,'65_40_7_71_9_57_24',144),(1471,155,'40_7_45_41_26_66_16_9_57_24',144),(1472,155,'40_32_54_26_66_16_9_57_24',144),(1473,155,'12_2_66_16_9_57_24',144),(1474,155,'49_12_2_66_16_9_57_24',144),(1475,155,'65_12_2_66_16_9_57_24',144),(1476,155,'49_40_19_66_16_9_57_24',144),(1477,155,'65_40_19_66_16_9_57_24',144),(1478,155,'40_32_54_73_23_71_8',144),(1479,155,'49_40_7_45_41_26_66_16_8',144),(1480,155,'65_40_7_45_41_26_66_16_8',144),(1481,155,'49_40_32_54_26_66_16_8',144),(1482,155,'65_40_32_54_26_66_16_8',144),(1483,155,'40_32_54_73_23_71_9_57_24',144),(1484,155,'49_40_7_45_41_26_66_16_9_57_24',144),(1485,155,'65_40_7_45_41_26_66_16_9_57_24',144),(1486,155,'49_40_32_54_26_66_16_9_57_24',144),(1487,155,'65_40_32_54_26_66_16_9_57_24',144),(1488,155,'49_40_32_54_73_23_71_8',144),(1489,155,'65_40_32_54_73_23_71_8',144),(1490,155,'49_40_32_54_73_23_71_9_57_24',144),(1491,155,'65_40_32_54_73_23_71_9_57_24',144),(1492,155,'40_19_33',17),(1493,155,'40_7_45_41_26_33',17),(1494,155,'40_32_54_26_33',17),(1495,155,'12_2_33',17),(1496,155,'49_12_2_33',17),(1497,155,'65_12_2_33',17),(1498,155,'40_19_66_69',17),(1499,155,'15_63_69',17),(1500,155,'49_15_63_69',17),(1501,155,'65_15_63_69',17),(1502,155,'40_7_71_59_69',17),(1503,155,'40_30_11_59_69',17),(1504,155,'12_46_59_69',17),(1505,155,'49_12_46_59_69',17),(1506,155,'65_12_46_59_69',17),(1507,155,'40_30_4_52_22_59_69',17),(1508,155,'49_40_19_33',17),(1509,155,'65_40_19_33',17),(1510,155,'49_40_7_45_41_26_33',17),(1511,155,'65_40_7_45_41_26_33',17),(1512,155,'49_40_32_54_26_33',17),(1513,155,'65_40_32_54_26_33',17),(1514,155,'40_7_45_41_26_66_69',17),(1515,155,'40_32_54_26_66_69',17),(1516,155,'12_2_66_69',17),(1517,155,'49_12_2_66_69',17),(1518,155,'65_12_2_66_69',17),(1519,155,'49_40_19_66_69',17),(1520,155,'65_40_19_66_69',17),(1521,155,'49_40_7_71_59_69',17),(1522,155,'65_40_7_71_59_69',17),(1523,155,'49_40_30_11_59_69',17),(1524,155,'65_40_30_11_59_69',17),(1525,155,'49_40_30_4_52_22_59_69',17),(1526,155,'65_40_30_4_52_22_59_69',17),(1527,155,'49_40_7_45_41_26_66_69',17),(1528,155,'65_40_7_45_41_26_66_69',17),(1529,155,'49_40_32_54_26_66_69',17),(1530,155,'65_40_32_54_26_66_69',17),(1531,155,'40_32_54_73_23_71_59_69',17),(1532,155,'49_40_32_54_73_23_71_59_69',17),(1533,155,'65_40_32_54_73_23_71_59_69',17),(1534,155,'40_7_45',221),(1535,155,'40_32_54_73',221),(1536,155,'49_40_7_45',221),(1537,155,'65_40_7_45',221),(1538,155,'49_40_32_54_73',221),(1539,155,'65_40_32_54_73',221),(1540,155,'39',76),(1541,155,'49_39',76),(1542,155,'65_39',76),(1543,155,'12_72',147),(1544,155,'49_12_72',147),(1545,155,'65_12_72',147),(1546,155,'12_10_35',147),(1547,155,'12_6_35',147),(1548,155,'49_12_10_35',147),(1549,155,'65_12_10_35',147),(1550,155,'49_12_6_35',147),(1551,155,'65_12_6_35',147),(1552,155,'49',155),(1553,155,'65',155),(1554,155,'40_19_66_58',217),(1555,155,'15_63_58',217),(1556,155,'49_15_63_58',217),(1557,155,'65_15_63_58',217),(1558,155,'40_7_71_59_58',217),(1559,155,'40_30_11_59_58',217),(1560,155,'12_46_59_58',217),(1561,155,'49_12_46_59_58',217),(1562,155,'65_12_46_59_58',217),(1563,155,'40_30_4_52_22_59_58',217),(1564,155,'40_7_45_41_26_66_58',217),(1565,155,'40_32_54_26_66_58',217),(1566,155,'12_2_66_58',217),(1567,155,'49_12_2_66_58',217),(1568,155,'65_12_2_66_58',217),(1569,155,'49_40_19_66_58',217),(1570,155,'65_40_19_66_58',217),(1571,155,'49_40_7_71_59_58',217),(1572,155,'65_40_7_71_59_58',217),(1573,155,'49_40_30_11_59_58',217),(1574,155,'65_40_30_11_59_58',217),(1575,155,'49_40_30_4_52_22_59_58',217),(1576,155,'65_40_30_4_52_22_59_58',217),(1577,155,'49_40_7_45_41_26_66_58',217),(1578,155,'65_40_7_45_41_26_66_58',217),(1579,155,'49_40_32_54_26_66_58',217),(1580,155,'65_40_32_54_26_66_58',217),(1581,155,'40_32_54_73_23_71_59_58',217),(1582,155,'49_40_32_54_73_23_71_59_58',217),(1583,155,'65_40_32_54_73_23_71_59_58',217),(1584,155,'12_10',58),(1585,155,'12_6',58),(1586,155,'49_12_10',58),(1587,155,'65_12_10',58),(1588,155,'49_12_6',58),(1589,155,'65_12_6',58),(1590,172,'60_40_32',273),(1591,172,'60_40',25),(1592,172,'60_12_2',108),(1593,172,'60_40_19',108),(1594,172,'60_40_7_45_41_26',108),(1595,172,'60_40_32_54_26',108),(1596,172,'63_16_8',144),(1597,172,'60_12_46_8',144),(1598,172,'63_16_9_57_24',144),(1599,172,'60_40_30',144),(1600,172,'60_40_7_71_8',144),(1601,172,'60_12_2_66_16_8',144),(1602,172,'60_40_19_66_16_8',144),(1603,172,'60_12_46_9_57_24',144),(1604,172,'60_40_7_71_9_57_24',144),(1605,172,'60_12_2_66_16_9_57_24',144),(1606,172,'60_40_19_66_16_9_57_24',144),(1607,172,'60_40_7_45_41_26_66_16_8',144),(1608,172,'60_40_32_54_26_66_16_8',144),(1609,172,'60_40_7_45_41_26_66_16_9_57_24',144),(1610,172,'60_40_32_54_26_66_16_9_57_24',144),(1611,172,'60_40_32_54_73_23_71_8',144),(1612,172,'60_40_32_54_73_23_71_9_57_24',144),(1613,172,'63_61',90),(1614,172,'60_12_46_59_61',90),(1615,172,'60_12_2_66_61',90),(1616,172,'60_40_19_66_61',90),(1617,172,'60_40_7_71_59_61',90),(1618,172,'60_40_30_11_59_61',90),(1619,172,'60_40_30_4_52_22_59_61',90),(1620,172,'60_40_7_45_41_26_66_61',90),(1621,172,'60_40_32_54_26_66_61',90),(1622,172,'60_40_32_54_73_23_71_59_61',90),(1623,172,'60_62',176),(1624,172,'63_16_9_57',275),(1625,172,'63_16_8_4',275),(1626,172,'60_12_46_8_4',275),(1627,172,'60_40_30_4',275),(1628,172,'60_12_46_9_57',275),(1629,172,'60_40_7_71_9_57',275),(1630,172,'60_40_30_11_9_57',275),(1631,172,'60_12_2_66_16_9_57',275),(1632,172,'60_40_19_66_16_9_57',275),(1633,172,'60_40_7_71_8_4',275),(1634,172,'60_12_2_66_16_8_4',275),(1635,172,'60_40_19_66_16_8_4',275),(1636,172,'60_40_7_45_41_26_66_16_9_57',275),(1637,172,'60_40_32_54_26_66_16_9_57',275),(1638,172,'60_40_7_45_41_26_66_16_8_4',275),(1639,172,'60_40_32_54_26_66_16_8_4',275),(1640,172,'60_40_32_54_73_23_71_9_57',275),(1641,172,'60_40_32_54_73_23_71_8_4',275),(1642,172,'60_12_2_33',17),(1643,172,'63_69',17),(1644,172,'60_12_46_59_69',17),(1645,172,'60_40_19_33',17),(1646,172,'60_40_7_45_41_26_33',17),(1647,172,'60_40_32_54_26_33',17),(1648,172,'60_12_2_66_69',17),(1649,172,'60_40_19_66_69',17),(1650,172,'60_40_7_71_59_69',17),(1651,172,'60_40_30_11_59_69',17),(1652,172,'60_40_30_4_52_22_59_69',17),(1653,172,'60_40_7_45_41_26_66_69',17),(1654,172,'60_40_32_54_26_66_69',17),(1655,172,'60_40_32_54_73_23_71_59_69',17),(1656,172,'60_40_7_45',221),(1657,172,'60_40_32_54_73',221),(1658,172,'60_39',76),(1659,172,'60_12',280),(1660,172,'63_16_9',311),(1661,172,'60_12_46_9',311),(1662,172,'60_40_7_71_9',311),(1663,172,'60_40_30_11_9',311),(1664,172,'60_12_2_66_16_9',311),(1665,172,'60_40_19_66_16_9',311),(1666,172,'63_16_8_4_52',311),(1667,172,'60_12_46_8_4_52',311),(1668,172,'60_40_30_4_52',311),(1669,172,'60_40_7_45_41_26_66_16_9',311),(1670,172,'60_40_32_54_26_66_16_9',311),(1671,172,'60_40_7_71_8_4_52',311),(1672,172,'60_12_2_66_16_8_4_52',311),(1673,172,'60_40_19_66_16_8_4_52',311),(1674,172,'60_40_32_54_73_23_71_9',311),(1675,172,'60_40_7_45_41_26_66_16_8_4_52',311),(1676,172,'60_40_32_54_26_66_16_8_4_52',311),(1677,172,'60_40_32_54_73_23_71_8_4_52',311),(1678,172,'60_40_7_45_41',129),(1679,172,'60_40_32_54',129),(1680,172,'60_12_72',147),(1681,172,'60_12_10_35',147),(1682,172,'60_12_6_35',147),(1683,172,'63',179),(1684,172,'60_12_46_59',179),(1685,172,'60_12_2_66',179),(1686,172,'60_40_19_66',179),(1687,172,'60_40_7_71_59',179),(1688,172,'60_40_30_11_59',179),(1689,172,'60_40_30_4_52_22_59',179),(1690,172,'60_40_7_45_41_26_66',179),(1691,172,'60_40_32_54_26_66',179),(1692,172,'60_40_32_54_73_23_71_59',179),(1693,172,'63_1',195),(1694,172,'60_12_46_59_1',195),(1695,172,'60_12_2_66_1',195),(1696,172,'60_40_19_66_1',195),(1697,172,'60_40_7_71_59_1',195),(1698,172,'60_40_30_11_59_1',195),(1699,172,'60_40_30_4_52_22_59_1',195),(1700,172,'60_40_7_45_41_26_66_1',195),(1701,172,'60_40_32_54_26_66_1',195),(1702,172,'60_40_32_54_73_23_71_59_1',195),(1703,172,'63_16',242),(1704,172,'60_12_46',242),(1705,172,'60_40_7_71',242),(1706,172,'60_40_30_11',242),(1707,172,'60_12_2_66_16',242),(1708,172,'60_40_19_66_16',242),(1709,172,'60_40_30_4_52_22',242),(1710,172,'60_40_7_45_41_26_66_16',242),(1711,172,'60_40_32_54_26_66_16',242),(1712,172,'60_40_32_54_73_23_71',242),(1713,172,'63_36',55),(1714,172,'60_12_46_59_36',55),(1715,172,'60_12_2_66_36',55),(1716,172,'60_40_19_66_36',55),(1717,172,'60_40_7_71_59_36',55),(1718,172,'60_40_30_11_59_36',55),(1719,172,'60_40_30_4_52_22_59_36',55),(1720,172,'60_40_7_45_41_26_66_36',55),(1721,172,'60_40_32_54_26_66_36',55),(1722,172,'60_40_32_54_73_23_71_59_36',55),(1723,172,'60',155),(1724,172,'63_58',217),(1725,172,'60_12_46_59_58',217),(1726,172,'60_12_2_66_58',217),(1727,172,'60_40_19_66_58',217),(1728,172,'60_40_7_71_59_58',217),(1729,172,'60_40_30_11_59_58',217),(1730,172,'60_40_30_4_52_22_59_58',217),(1731,172,'60_40_7_45_41_26_66_58',217),(1732,172,'60_40_32_54_26_66_58',217),(1733,172,'60_40_32_54_73_23_71_59_58',217),(1734,172,'60_55',125),(1735,172,'60_47',365),(1736,172,'60_21',365),(1737,172,'63_16_9_57_53',365),(1738,172,'63_16_8_4_53',365),(1739,172,'60_12_46_8_4_53',365),(1740,172,'60_40_30_4_53',365),(1741,172,'60_12_46_9_57_53',365),(1742,172,'60_40_7_71_9_57_53',365),(1743,172,'60_40_30_11_9_57_53',365),(1744,172,'60_12_2_66_16_9_57_53',365),(1745,172,'60_40_19_66_16_9_57_53',365),(1746,172,'60_40_7_71_8_4_53',365),(1747,172,'60_12_2_66_16_8_4_53',365),(1748,172,'60_40_19_66_16_8_4_53',365),(1749,172,'60_40_7_45_41_26_66_16_9_57_53',365),(1750,172,'60_40_32_54_26_66_16_9_57_53',365),(1751,172,'60_40_7_45_41_26_66_16_8_4_53',365),(1752,172,'60_40_32_54_26_66_16_8_4_53',365),(1753,172,'60_40_32_54_73_23_71_9_57_53',365),(1754,172,'60_40_32_54_73_23_71_8_4_53',365),(1755,172,'60_40_7',135),(1756,172,'60_40_32_54_73_23',135),(1757,172,'60_12_10',58),(1758,172,'60_12_6',58),(1759,179,'1',195),(1760,179,'16',242),(1761,179,'36',55),(1762,179,'16_8',144),(1763,179,'16_9_57_24',144),(1764,179,'58',217),(1765,179,'16_9_57_53',365),(1766,179,'16_8_4_53',365),(1767,179,'61',90),(1768,179,'16_9_57',275),(1769,179,'16_8_4',275),(1770,179,'69',17),(1771,179,'16_9',311),(1772,179,'16_8_4_52',311),(1773,198,'56_31_15',172),(1774,198,'56_31_62',176),(1775,198,'50_61',90),(1776,198,'56_31_15_63_61',90),(1777,198,'51_46_59_61',90),(1778,198,'56_31_12_46_59_61',90),(1779,198,'51_2_66_61',90),(1780,198,'56_31_12_2_66_61',90),(1781,198,'56_31_40_19_66_61',90),(1782,198,'56_31_40_7_71_59_61',90),(1783,198,'56_31_40_30_11_59_61',90),(1784,198,'56_31_40_30_4_52_22_59_61',90),(1785,198,'56_31_40_7_45_41_26_66_61',90),(1786,198,'56_31_40_32_54_26_66_61',90),(1787,198,'56_31_40_32_54_73_23_71_59_61',90),(1788,198,'50_16_9_57',275),(1789,198,'56_31_15_63_16_9_57',275),(1790,198,'50_16_8_4',275),(1791,198,'56_31_15_63_16_8_4',275),(1792,198,'51_46_8_4',275),(1793,198,'56_31_12_46_8_4',275),(1794,198,'56_31_40_30_4',275),(1795,198,'51_46_9_57',275),(1796,198,'56_31_12_46_9_57',275),(1797,198,'56_31_40_7_71_9_57',275),(1798,198,'56_31_40_30_11_9_57',275),(1799,198,'51_2_66_16_9_57',275),(1800,198,'56_31_12_2_66_16_9_57',275),(1801,198,'56_31_40_19_66_16_9_57',275),(1802,198,'56_31_40_7_71_8_4',275),(1803,198,'51_2_66_16_8_4',275),(1804,198,'56_31_12_2_66_16_8_4',275),(1805,198,'56_31_40_19_66_16_8_4',275),(1806,198,'56_31_40_7_45_41_26_66_16_9_57',275),(1807,198,'56_31_40_32_54_26_66_16_9_57',275),(1808,198,'56_31_40_7_45_41_26_66_16_8_4',275),(1809,198,'56_31_40_32_54_26_66_16_8_4',275),(1810,198,'56_31_40_32_54_73_23_71_9_57',275),(1811,198,'56_31_40_32_54_73_23_71_8_4',275),(1812,198,'50_16_9',311),(1813,198,'56_31_15_63_16_9',311),(1814,198,'51_46_9',311),(1815,198,'56_31_12_46_9',311),(1816,198,'56_31_40_7_71_9',311),(1817,198,'56_31_40_30_11_9',311),(1818,198,'51_2_66_16_9',311),(1819,198,'56_31_12_2_66_16_9',311),(1820,198,'56_31_40_19_66_16_9',311),(1821,198,'50_16_8_4_52',311),(1822,198,'56_31_15_63_16_8_4_52',311),(1823,198,'51_46_8_4_52',311),(1824,198,'56_31_12_46_8_4_52',311),(1825,198,'56_31_40_30_4_52',311),(1826,198,'56_31_40_7_45_41_26_66_16_9',311),(1827,198,'56_31_40_32_54_26_66_16_9',311),(1828,198,'56_31_40_7_71_8_4_52',311),(1829,198,'51_2_66_16_8_4_52',311),(1830,198,'56_31_12_2_66_16_8_4_52',311),(1831,198,'56_31_40_19_66_16_8_4_52',311),(1832,198,'56_31_40_32_54_73_23_71_9',311),(1833,198,'56_31_40_7_45_41_26_66_16_8_4_52',311),(1834,198,'56_31_40_32_54_26_66_16_8_4_52',311),(1835,198,'56_31_40_32_54_73_23_71_8_4_52',311),(1836,198,'51',280),(1837,198,'56_31_12',280),(1838,198,'56_31_40_7_45_41',129),(1839,198,'56_31_40_32_54',129),(1840,198,'50_1',195),(1841,198,'56_31_15_63_1',195),(1842,198,'51_46_59_1',195),(1843,198,'56_31_12_46_59_1',195),(1844,198,'51_2_66_1',195),(1845,198,'56_31_12_2_66_1',195),(1846,198,'56_31_40_19_66_1',195),(1847,198,'56_31_40_7_71_59_1',195),(1848,198,'56_31_40_30_11_59_1',195),(1849,198,'56_31_40_30_4_52_22_59_1',195),(1850,198,'56_31_40_7_45_41_26_66_1',195),(1851,198,'56_31_40_32_54_26_66_1',195),(1852,198,'56_31_40_32_54_73_23_71_59_1',195),(1853,198,'50',179),(1854,198,'56_31_15_63',179),(1855,198,'51_46_59',179),(1856,198,'56_31_12_46_59',179),(1857,198,'51_2_66',179),(1858,198,'56_31_12_2_66',179),(1859,198,'56_31_40_19_66',179),(1860,198,'56_31_40_7_71_59',179),(1861,198,'56_31_40_30_11_59',179),(1862,198,'56_31_40_30_4_52_22_59',179),(1863,198,'56_31_40_7_45_41_26_66',179),(1864,198,'56_31_40_32_54_26_66',179),(1865,198,'56_31_40_32_54_73_23_71_59',179),(1866,198,'50_16',242),(1867,198,'56_31_15_63_16',242),(1868,198,'51_46',242),(1869,198,'56_31_12_46',242),(1870,198,'56_31_40_7_71',242),(1871,198,'56_31_40_30_11',242),(1872,198,'51_2_66_16',242),(1873,198,'56_31_12_2_66_16',242),(1874,198,'56_31_40_19_66_16',242),(1875,198,'56_31_40_30_4_52_22',242),(1876,198,'56_31_40_7_45_41_26_66_16',242),(1877,198,'56_31_40_32_54_26_66_16',242),(1878,198,'56_31_40_32_54_73_23_71',242),(1879,198,'50_36',55),(1880,198,'56_31_15_63_36',55),(1881,198,'51_46_59_36',55),(1882,198,'56_31_12_46_59_36',55),(1883,198,'51_2_66_36',55),(1884,198,'56_31_12_2_66_36',55),(1885,198,'56_31_40_19_66_36',55),(1886,198,'56_31_40_7_71_59_36',55),(1887,198,'56_31_40_30_11_59_36',55),(1888,198,'56_31_40_30_4_52_22_59_36',55),(1889,198,'56_31_40_7_45_41_26_66_36',55),(1890,198,'56_31_40_32_54_26_66_36',55),(1891,198,'56_31_40_32_54_73_23_71_59_36',55),(1892,198,'56_31_55',125),(1893,198,'56_42',365),(1894,198,'56_31_47',365),(1895,198,'56_31_21',365),(1896,198,'50_16_9_57_53',365),(1897,198,'56_31_15_63_16_9_57_53',365),(1898,198,'50_16_8_4_53',365),(1899,198,'56_31_15_63_16_8_4_53',365),(1900,198,'51_46_8_4_53',365),(1901,198,'56_31_12_46_8_4_53',365),(1902,198,'56_31_40_30_4_53',365),(1903,198,'51_46_9_57_53',365),(1904,198,'56_31_12_46_9_57_53',365),(1905,198,'56_31_40_7_71_9_57_53',365),(1906,198,'56_31_40_30_11_9_57_53',365),(1907,198,'51_2_66_16_9_57_53',365),(1908,198,'56_31_12_2_66_16_9_57_53',365),(1909,198,'56_31_40_19_66_16_9_57_53',365),(1910,198,'56_31_40_7_71_8_4_53',365),(1911,198,'51_2_66_16_8_4_53',365),(1912,198,'56_31_12_2_66_16_8_4_53',365),(1913,198,'56_31_40_19_66_16_8_4_53',365),(1914,198,'56_31_40_7_45_41_26_66_16_9_57_53',365),(1915,198,'56_31_40_32_54_26_66_16_9_57_53',365),(1916,198,'56_31_40_7_45_41_26_66_16_8_4_53',365),(1917,198,'56_31_40_32_54_26_66_16_8_4_53',365),(1918,198,'56_31_40_32_54_73_23_71_9_57_53',365),(1919,198,'56_31_40_32_54_73_23_71_8_4_53',365),(1920,198,'56_31_40_7',135),(1921,198,'56_31_40_32_54_73_23',135),(1922,198,'56_31_40_32',273),(1923,198,'56_31_40',25),(1924,198,'51_2',108),(1925,198,'56_31_12_2',108),(1926,198,'56_31_40_19',108),(1927,198,'56_31_40_7_45_41_26',108),(1928,198,'56_31_40_32_54_26',108),(1929,198,'50_16_8',144),(1930,198,'56_31_15_63_16_8',144),(1931,198,'51_46_8',144),(1932,198,'56_31_12_46_8',144),(1933,198,'50_16_9_57_24',144),(1934,198,'56_31_15_63_16_9_57_24',144),(1935,198,'56_31_40_30',144),(1936,198,'56_31_40_7_71_8',144),(1937,198,'51_2_66_16_8',144),(1938,198,'56_31_12_2_66_16_8',144),(1939,198,'56_31_40_19_66_16_8',144),(1940,198,'51_46_9_57_24',144),(1941,198,'56_31_12_46_9_57_24',144),(1942,198,'56_31_40_7_71_9_57_24',144),(1943,198,'51_2_66_16_9_57_24',144),(1944,198,'56_31_12_2_66_16_9_57_24',144),(1945,198,'56_31_40_19_66_16_9_57_24',144),(1946,198,'56_31_40_7_45_41_26_66_16_8',144),(1947,198,'56_31_40_32_54_26_66_16_8',144),(1948,198,'56_31_40_7_45_41_26_66_16_9_57_24',144),(1949,198,'56_31_40_32_54_26_66_16_9_57_24',144),(1950,198,'56_31_40_32_54_73_23_71_8',144),(1951,198,'56_31_40_32_54_73_23_71_9_57_24',144),(1952,198,'51_2_33',17),(1953,198,'56_31_12_2_33',17),(1954,198,'50_69',17),(1955,198,'56_31_15_63_69',17),(1956,198,'51_46_59_69',17),(1957,198,'56_31_12_46_59_69',17),(1958,198,'56_31_40_19_33',17),(1959,198,'56_31_40_7_45_41_26_33',17),(1960,198,'56_31_40_32_54_26_33',17),(1961,198,'51_2_66_69',17),(1962,198,'56_31_12_2_66_69',17),(1963,198,'56_31_40_19_66_69',17),(1964,198,'56_31_40_7_71_59_69',17),(1965,198,'56_31_40_30_11_59_69',17),(1966,198,'56_31_40_30_4_52_22_59_69',17),(1967,198,'56_31_40_7_45_41_26_66_69',17),(1968,198,'56_31_40_32_54_26_66_69',17),(1969,198,'56_31_40_32_54_73_23_71_59_69',17),(1970,198,'56_31_40_7_45',221),(1971,198,'56_31_40_32_54_73',221),(1972,198,'56_31_39',76),(1973,198,'28',147),(1974,198,'51_72',147),(1975,198,'56_31_12_72',147),(1976,198,'51_10_35',147),(1977,198,'51_6_35',147),(1978,198,'56_31_12_10_35',147),(1979,198,'56_31_12_6_35',147),(1980,198,'50_58',217),(1981,198,'56_31_15_63_58',217),(1982,198,'51_46_59_58',217),(1983,198,'56_31_12_46_59_58',217),(1984,198,'51_2_66_58',217),(1985,198,'56_31_12_2_66_58',217),(1986,198,'56_31_40_19_66_58',217),(1987,198,'56_31_40_7_71_59_58',217),(1988,198,'56_31_40_30_11_59_58',217),(1989,198,'56_31_40_30_4_52_22_59_58',217),(1990,198,'56_31_40_7_45_41_26_66_58',217),(1991,198,'56_31_40_32_54_26_66_58',217),(1992,198,'56_31_40_32_54_73_23_71_59_58',217),(1993,198,'56_31',155),(1994,198,'56',139),(1995,198,'51_10',58),(1996,198,'51_6',58),(1997,198,'56_31_12_10',58),(1998,198,'56_31_12_6',58),(1999,208,'5',79),(2000,208,'18_43',8),(2001,208,'18',212),(2002,212,'75_5',79),(2003,212,'75',208),(2004,212,'43',8),(2005,221,'23_20_32',273),(2006,221,'23_20',25),(2007,221,'23_20_67_15',172),(2008,221,'41_26',108),(2009,221,'23_20_19',108),(2010,221,'23_20_32_54_26',108),(2011,221,'23_20_67_12_2',108),(2012,221,'23_71_8',144),(2013,221,'23_71_9_57_24',144),(2014,221,'23_20_30',144),(2015,221,'41_26_66_16_8',144),(2016,221,'23_20_19_66_16_8',144),(2017,221,'23_20_67_15_63_16_8',144),(2018,221,'23_20_67_12_46_8',144),(2019,221,'41_26_66_16_9_57_24',144),(2020,221,'23_20_19_66_16_9_57_24',144),(2021,221,'23_20_67_15_63_16_9_57_24',144),(2022,221,'23_20_32_54_26_66_16_8',144),(2023,221,'23_20_67_12_2_66_16_8',144),(2024,221,'23_20_67_12_46_9_57_24',144),(2025,221,'23_20_32_54_26_66_16_9_57_24',144),(2026,221,'23_20_67_12_2_66_16_9_57_24',144),(2027,221,'23_20_67_62',176),(2028,221,'23_71_59_61',90),(2029,221,'41_26_66_61',90),(2030,221,'23_20_19_66_61',90),(2031,221,'23_20_67_15_63_61',90),(2032,221,'23_20_30_11_59_61',90),(2033,221,'23_20_67_12_46_59_61',90),(2034,221,'23_20_30_4_52_22_59_61',90),(2035,221,'23_20_32_54_26_66_61',90),(2036,221,'23_20_67_12_2_66_61',90),(2037,221,'23_71_9_57',275),(2038,221,'23_71_8_4',275),(2039,221,'23_20_30_4',275),(2040,221,'23_20_30_11_9_57',275),(2041,221,'41_26_66_16_9_57',275),(2042,221,'23_20_19_66_16_9_57',275),(2043,221,'23_20_67_15_63_16_9_57',275),(2044,221,'41_26_66_16_8_4',275),(2045,221,'23_20_19_66_16_8_4',275),(2046,221,'23_20_67_15_63_16_8_4',275),(2047,221,'23_20_67_12_46_8_4',275),(2048,221,'23_20_67_12_46_9_57',275),(2049,221,'23_20_32_54_26_66_16_9_57',275),(2050,221,'23_20_67_12_2_66_16_9_57',275),(2051,221,'23_20_32_54_26_66_16_8_4',275),(2052,221,'23_20_67_12_2_66_16_8_4',275),(2053,221,'41_26_33',17),(2054,221,'23_71_59_69',17),(2055,221,'23_20_19_33',17),(2056,221,'23_20_32_54_26_33',17),(2057,221,'23_20_67_12_2_33',17),(2058,221,'41_26_66_69',17),(2059,221,'23_20_19_66_69',17),(2060,221,'23_20_67_15_63_69',17),(2061,221,'23_20_30_11_59_69',17),(2062,221,'23_20_67_12_46_59_69',17),(2063,221,'23_20_30_4_52_22_59_69',17),(2064,221,'23_20_32_54_26_66_69',17),(2065,221,'23_20_67_12_2_66_69',17),(2066,221,'23_20_67_39',76),(2067,221,'23_20_67_12',280),(2068,221,'23_71_9',311),(2069,221,'23_20_30_11_9',311),(2070,221,'41_26_66_16_9',311),(2071,221,'23_20_19_66_16_9',311),(2072,221,'23_20_67_15_63_16_9',311),(2073,221,'23_71_8_4_52',311),(2074,221,'23_20_30_4_52',311),(2075,221,'23_20_67_12_46_9',311),(2076,221,'23_20_32_54_26_66_16_9',311),(2077,221,'23_20_67_12_2_66_16_9',311),(2078,221,'41_26_66_16_8_4_52',311),(2079,221,'23_20_19_66_16_8_4_52',311),(2080,221,'23_20_67_15_63_16_8_4_52',311),(2081,221,'23_20_67_12_46_8_4_52',311),(2082,221,'23_20_32_54_26_66_16_8_4_52',311),(2083,221,'23_20_67_12_2_66_16_8_4_52',311),(2084,221,'23_20_67_12_72',147),(2085,221,'23_20_67_12_10_35',147),(2086,221,'23_20_67_12_6_35',147),(2087,221,'41',129),(2088,221,'23_20_32_54',129),(2089,221,'23_71_59_1',195),(2090,221,'41_26_66_1',195),(2091,221,'23_20_19_66_1',195),(2092,221,'23_20_67_15_63_1',195),(2093,221,'23_20_30_11_59_1',195),(2094,221,'23_20_67_12_46_59_1',195),(2095,221,'23_20_30_4_52_22_59_1',195),(2096,221,'23_20_32_54_26_66_1',195),(2097,221,'23_20_67_12_2_66_1',195),(2098,221,'23_71_59',179),(2099,221,'41_26_66',179),(2100,221,'23_20_19_66',179),(2101,221,'23_20_67_15_63',179),(2102,221,'23_20_30_11_59',179),(2103,221,'23_20_67_12_46_59',179),(2104,221,'23_20_30_4_52_22_59',179),(2105,221,'23_20_32_54_26_66',179),(2106,221,'23_20_67_12_2_66',179),(2107,221,'23_71',242),(2108,221,'23_20_30_11',242),(2109,221,'41_26_66_16',242),(2110,221,'23_20_19_66_16',242),(2111,221,'23_20_67_15_63_16',242),(2112,221,'23_20_67_12_46',242),(2113,221,'23_20_30_4_52_22',242),(2114,221,'23_20_32_54_26_66_16',242),(2115,221,'23_20_67_12_2_66_16',242),(2116,221,'23_71_59_36',55),(2117,221,'41_26_66_36',55),(2118,221,'23_20_19_66_36',55),(2119,221,'23_20_67_15_63_36',55),(2120,221,'23_20_30_11_59_36',55),(2121,221,'23_20_67_12_46_59_36',55),(2122,221,'23_20_30_4_52_22_59_36',55),(2123,221,'23_20_32_54_26_66_36',55),(2124,221,'23_20_67_12_2_66_36',55),(2125,221,'23_20_67_55',125),(2126,221,'23_71_59_58',217),(2127,221,'41_26_66_58',217),(2128,221,'23_20_19_66_58',217),(2129,221,'23_20_67_15_63_58',217),(2130,221,'23_20_30_11_59_58',217),(2131,221,'23_20_67_12_46_59_58',217),(2132,221,'23_20_30_4_52_22_59_58',217),(2133,221,'23_20_32_54_26_66_58',217),(2134,221,'23_20_67_12_2_66_58',217),(2135,221,'23_20_67',155),(2136,221,'23_20_67_47',365),(2137,221,'23_20_67_21',365),(2138,221,'23_71_9_57_53',365),(2139,221,'23_71_8_4_53',365),(2140,221,'23_20_30_4_53',365),(2141,221,'23_20_30_11_9_57_53',365),(2142,221,'41_26_66_16_9_57_53',365),(2143,221,'23_20_19_66_16_9_57_53',365),(2144,221,'23_20_67_15_63_16_9_57_53',365),(2145,221,'41_26_66_16_8_4_53',365),(2146,221,'23_20_19_66_16_8_4_53',365),(2147,221,'23_20_67_15_63_16_8_4_53',365),(2148,221,'23_20_67_12_46_8_4_53',365),(2149,221,'23_20_67_12_46_9_57_53',365),(2150,221,'23_20_32_54_26_66_16_9_57_53',365),(2151,221,'23_20_67_12_2_66_16_9_57_53',365),(2152,221,'23_20_32_54_26_66_16_8_4_53',365),(2153,221,'23_20_67_12_2_66_16_8_4_53',365),(2154,221,'23',135),(2155,221,'23_20_67_12_10',58),(2156,221,'23_20_67_12_6',58),(2157,234,'70_2',108),(2158,234,'13_2',108),(2159,234,'70_46_8',144),(2160,234,'13_46_8',144),(2161,234,'70_2_66_16_8',144),(2162,234,'13_2_66_16_8',144),(2163,234,'70_46_9_57_24',144),(2164,234,'13_46_9_57_24',144),(2165,234,'70_2_66_16_9_57_24',144),(2166,234,'13_2_66_16_9_57_24',144),(2167,234,'70_46_59_61',90),(2168,234,'13_46_59_61',90),(2169,234,'70_2_66_61',90),(2170,234,'13_2_66_61',90),(2171,234,'70_46_8_4',275),(2172,234,'13_46_8_4',275),(2173,234,'70_46_9_57',275),(2174,234,'13_46_9_57',275),(2175,234,'70_2_66_16_9_57',275),(2176,234,'13_2_66_16_9_57',275),(2177,234,'70_2_66_16_8_4',275),(2178,234,'13_2_66_16_8_4',275),(2179,234,'70_2_33',17),(2180,234,'13_2_33',17),(2181,234,'70_46_59_69',17),(2182,234,'13_46_59_69',17),(2183,234,'70_2_66_69',17),(2184,234,'13_2_66_69',17),(2185,234,'70_46_9',311),(2186,234,'13_46_9',311),(2187,234,'70_2_66_16_9',311),(2188,234,'13_2_66_16_9',311),(2189,234,'70_46_8_4_52',311),(2190,234,'13_46_8_4_52',311),(2191,234,'70_2_66_16_8_4_52',311),(2192,234,'13_2_66_16_8_4_52',311),(2193,234,'70',280),(2194,234,'13',280),(2195,234,'70_72',147),(2196,234,'13_72',147),(2197,234,'70_10_35',147),(2198,234,'13_10_35',147),(2199,234,'70_6_35',147),(2200,234,'13_6_35',147),(2201,234,'70_46_59',179),(2202,234,'13_46_59',179),(2203,234,'70_2_66',179),(2204,234,'13_2_66',179),(2205,234,'70_46_59_1',195),(2206,234,'13_46_59_1',195),(2207,234,'70_2_66_1',195),(2208,234,'13_2_66_1',195),(2209,234,'70_46',242),(2210,234,'13_46',242),(2211,234,'70_2_66_16',242),(2212,234,'13_2_66_16',242),(2213,234,'70_46_59_36',55),(2214,234,'13_46_59_36',55),(2215,234,'70_2_66_36',55),(2216,234,'13_2_66_36',55),(2217,234,'70_46_59_58',217),(2218,234,'13_46_59_58',217),(2219,234,'70_2_66_58',217),(2220,234,'13_2_66_58',217),(2221,234,'70_46_8_4_53',365),(2222,234,'13_46_8_4_53',365),(2223,234,'70_46_9_57_53',365),(2224,234,'13_46_9_57_53',365),(2225,234,'70_2_66_16_9_57_53',365),(2226,234,'13_2_66_16_9_57_53',365),(2227,234,'70_2_66_16_8_4_53',365),(2228,234,'13_2_66_16_8_4_53',365),(2229,234,'70_10',58),(2230,234,'13_10',58),(2231,234,'70_6',58),(2232,234,'13_6',58),(2233,242,'59_1',195),(2234,242,'59',179),(2235,242,'59_36',55),(2236,242,'8',144),(2237,242,'9_57_24',144),(2238,242,'59_58',217),(2239,242,'8_4_53',365),(2240,242,'9_57_53',365),(2241,242,'59_61',90),(2242,242,'8_4',275),(2243,242,'9_57',275),(2244,242,'59_69',17),(2245,242,'9',311),(2246,242,'8_4_52',311),(2247,260,'34_56_31_15',172),(2248,260,'68_61',90),(2249,260,'3_66_61',90),(2250,260,'34_50_61',90),(2251,260,'34_51_46_59_61',90),(2252,260,'29_22_59_61',90),(2253,260,'34_51_2_66_61',90),(2254,260,'34_56_31_15_63_61',90),(2255,260,'29_57_24_11_59_61',90),(2256,260,'34_56_31_12_46_59_61',90),(2257,260,'34_56_31_12_2_66_61',90),(2258,260,'34_56_31_40_19_66_61',90),(2259,260,'34_56_31_40_7_71_59_61',90),(2260,260,'34_56_31_40_30_11_59_61',90),(2261,260,'34_56_31_40_30_4_52_22_59_61',90),(2262,260,'34_56_31_40_7_45_41_26_66_61',90),(2263,260,'34_56_31_40_32_54_26_66_61',90),(2264,260,'34_56_31_40_32_54_73_23_71_59_61',90),(2265,260,'34_56_31_62',176),(2266,260,'29_57',275),(2267,260,'68_16_9_57',275),(2268,260,'3_66_16_9_57',275),(2269,260,'68_16_8_4',275),(2270,260,'3_66_16_8_4',275),(2271,260,'34_51_46_8_4',275),(2272,260,'29_22_8_4',275),(2273,260,'34_51_46_9_57',275),(2274,260,'34_50_16_9_57',275),(2275,260,'34_51_2_66_16_9_57',275),(2276,260,'34_56_31_15_63_16_9_57',275),(2277,260,'34_50_16_8_4',275),(2278,260,'34_51_2_66_16_8_4',275),(2279,260,'34_56_31_15_63_16_8_4',275),(2280,260,'34_56_31_12_46_8_4',275),(2281,260,'34_56_31_40_30_4',275),(2282,260,'34_56_31_12_46_9_57',275),(2283,260,'34_56_31_40_7_71_9_57',275),(2284,260,'34_56_31_40_30_11_9_57',275),(2285,260,'34_56_31_12_2_66_16_9_57',275),(2286,260,'34_56_31_40_19_66_16_9_57',275),(2287,260,'34_56_31_40_7_71_8_4',275),(2288,260,'34_56_31_12_2_66_16_8_4',275),(2289,260,'34_56_31_40_19_66_16_8_4',275),(2290,260,'34_56_31_40_7_45_41_26_66_16_9_57',275),(2291,260,'34_56_31_40_32_54_26_66_16_9_57',275),(2292,260,'34_56_31_40_7_45_41_26_66_16_8_4',275),(2293,260,'34_56_31_40_32_54_26_66_16_8_4',275),(2294,260,'34_56_31_40_32_54_73_23_71_9_57',275),(2295,260,'34_56_31_40_32_54_73_23_71_8_4',275),(2296,260,'34',198),(2297,260,'34_51',280),(2298,260,'34_56_31_12',280),(2299,260,'29',311),(2300,260,'68_16_9',311),(2301,260,'3_66_16_9',311),(2302,260,'34_51_46_9',311),(2303,260,'34_50_16_9',311),(2304,260,'34_51_2_66_16_9',311),(2305,260,'34_56_31_15_63_16_9',311),(2306,260,'68_16_8_4_52',311),(2307,260,'3_66_16_8_4_52',311),(2308,260,'34_51_46_8_4_52',311),(2309,260,'34_56_31_12_46_9',311),(2310,260,'34_56_31_40_7_71_9',311),(2311,260,'34_56_31_40_30_11_9',311),(2312,260,'34_56_31_12_2_66_16_9',311),(2313,260,'34_56_31_40_19_66_16_9',311),(2314,260,'34_50_16_8_4_52',311),(2315,260,'34_51_2_66_16_8_4_52',311),(2316,260,'34_56_31_15_63_16_8_4_52',311),(2317,260,'34_56_31_12_46_8_4_52',311),(2318,260,'34_56_31_40_30_4_52',311),(2319,260,'34_56_31_40_7_45_41_26_66_16_9',311),(2320,260,'34_56_31_40_32_54_26_66_16_9',311),(2321,260,'34_56_31_40_7_71_8_4_52',311),(2322,260,'34_56_31_12_2_66_16_8_4_52',311),(2323,260,'34_56_31_40_19_66_16_8_4_52',311),(2324,260,'34_56_31_40_32_54_73_23_71_9',311),(2325,260,'34_56_31_40_7_45_41_26_66_16_8_4_52',311),(2326,260,'34_56_31_40_32_54_26_66_16_8_4_52',311),(2327,260,'34_56_31_40_32_54_73_23_71_8_4_52',311),(2328,260,'34_56_31_40_7_45_41',129),(2329,260,'34_56_31_40_32_54',129),(2330,260,'68_1',195),(2331,260,'3_66_1',195),(2332,260,'34_50_1',195),(2333,260,'34_51_46_59_1',195),(2334,260,'29_22_59_1',195),(2335,260,'34_51_2_66_1',195),(2336,260,'34_56_31_15_63_1',195),(2337,260,'29_57_24_11_59_1',195),(2338,260,'34_56_31_12_46_59_1',195),(2339,260,'34_56_31_12_2_66_1',195),(2340,260,'34_56_31_40_19_66_1',195),(2341,260,'34_56_31_40_7_71_59_1',195),(2342,260,'34_56_31_40_30_11_59_1',195),(2343,260,'34_56_31_40_30_4_52_22_59_1',195),(2344,260,'34_56_31_40_7_45_41_26_66_1',195),(2345,260,'34_56_31_40_32_54_26_66_1',195),(2346,260,'34_56_31_40_32_54_73_23_71_59_1',195),(2347,260,'68',179),(2348,260,'3_66',179),(2349,260,'34_50',179),(2350,260,'34_51_46_59',179),(2351,260,'29_22_59',179),(2352,260,'34_51_2_66',179),(2353,260,'34_56_31_15_63',179),(2354,260,'29_57_24_11_59',179),(2355,260,'34_56_31_12_46_59',179),(2356,260,'34_56_31_12_2_66',179),(2357,260,'34_56_31_40_19_66',179),(2358,260,'34_56_31_40_7_71_59',179),(2359,260,'34_56_31_40_30_11_59',179),(2360,260,'34_56_31_40_30_4_52_22_59',179),(2361,260,'34_56_31_40_7_45_41_26_66',179),(2362,260,'34_56_31_40_32_54_26_66',179),(2363,260,'34_56_31_40_32_54_73_23_71_59',179),(2364,260,'68_16',242),(2365,260,'3_66_16',242),(2366,260,'34_51_46',242),(2367,260,'29_22',242),(2368,260,'29_57_24_11',242),(2369,260,'34_50_16',242),(2370,260,'34_51_2_66_16',242),(2371,260,'34_56_31_15_63_16',242),(2372,260,'34_56_31_12_46',242),(2373,260,'34_56_31_40_7_71',242),(2374,260,'34_56_31_40_30_11',242),(2375,260,'34_56_31_12_2_66_16',242),(2376,260,'34_56_31_40_19_66_16',242),(2377,260,'34_56_31_40_30_4_52_22',242),(2378,260,'34_56_31_40_7_45_41_26_66_16',242),(2379,260,'34_56_31_40_32_54_26_66_16',242),(2380,260,'34_56_31_40_32_54_73_23_71',242),(2381,260,'68_36',55),(2382,260,'3_66_36',55),(2383,260,'34_50_36',55),(2384,260,'34_51_46_59_36',55),(2385,260,'29_22_59_36',55),(2386,260,'34_51_2_66_36',55),(2387,260,'34_56_31_15_63_36',55),(2388,260,'29_57_24_11_59_36',55),(2389,260,'34_56_31_12_46_59_36',55),(2390,260,'34_56_31_12_2_66_36',55),(2391,260,'34_56_31_40_19_66_36',55),(2392,260,'34_56_31_40_7_71_59_36',55),(2393,260,'34_56_31_40_30_11_59_36',55),(2394,260,'34_56_31_40_30_4_52_22_59_36',55),(2395,260,'34_56_31_40_7_45_41_26_66_36',55),(2396,260,'34_56_31_40_32_54_26_66_36',55),(2397,260,'34_56_31_40_32_54_73_23_71_59_36',55),(2398,260,'34_56_31_55',125),(2399,260,'34_56_42',365),(2400,260,'34_56_31_47',365),(2401,260,'34_56_31_21',365),(2402,260,'29_57_53',365),(2403,260,'68_16_9_57_53',365),(2404,260,'3_66_16_9_57_53',365),(2405,260,'68_16_8_4_53',365),(2406,260,'3_66_16_8_4_53',365),(2407,260,'34_51_46_8_4_53',365),(2408,260,'29_22_8_4_53',365),(2409,260,'34_51_46_9_57_53',365),(2410,260,'34_50_16_9_57_53',365),(2411,260,'34_51_2_66_16_9_57_53',365),(2412,260,'34_56_31_15_63_16_9_57_53',365),(2413,260,'34_50_16_8_4_53',365),(2414,260,'34_51_2_66_16_8_4_53',365),(2415,260,'34_56_31_15_63_16_8_4_53',365),(2416,260,'34_56_31_12_46_8_4_53',365),(2417,260,'34_56_31_40_30_4_53',365),(2418,260,'34_56_31_12_46_9_57_53',365),(2419,260,'34_56_31_40_7_71_9_57_53',365),(2420,260,'34_56_31_40_30_11_9_57_53',365),(2421,260,'34_56_31_12_2_66_16_9_57_53',365),(2422,260,'34_56_31_40_19_66_16_9_57_53',365),(2423,260,'34_56_31_40_7_71_8_4_53',365),(2424,260,'34_56_31_12_2_66_16_8_4_53',365),(2425,260,'34_56_31_40_19_66_16_8_4_53',365),(2426,260,'34_56_31_40_7_45_41_26_66_16_9_57_53',365),(2427,260,'34_56_31_40_32_54_26_66_16_9_57_53',365),(2428,260,'34_56_31_40_7_45_41_26_66_16_8_4_53',365),(2429,260,'34_56_31_40_32_54_26_66_16_8_4_53',365),(2430,260,'34_56_31_40_32_54_73_23_71_9_57_53',365),(2431,260,'34_56_31_40_32_54_73_23_71_8_4_53',365),(2432,260,'34_56_31_40_7',135),(2433,260,'34_56_31_40_32_54_73_23',135),(2434,260,'34_56_31_40_32',273),(2435,260,'34_56_31_40',25),(2436,260,'3',108),(2437,260,'34_51_2',108),(2438,260,'34_56_31_12_2',108),(2439,260,'34_56_31_40_19',108),(2440,260,'34_56_31_40_7_45_41_26',108),(2441,260,'34_56_31_40_32_54_26',108),(2442,260,'68_16_8',144),(2443,260,'3_66_16_8',144),(2444,260,'34_51_46_8',144),(2445,260,'29_22_8',144),(2446,260,'29_57_24',144),(2447,260,'68_16_9_57_24',144),(2448,260,'3_66_16_9_57_24',144),(2449,260,'34_50_16_8',144),(2450,260,'34_51_2_66_16_8',144),(2451,260,'34_56_31_15_63_16_8',144),(2452,260,'34_56_31_12_46_8',144),(2453,260,'34_51_46_9_57_24',144),(2454,260,'34_50_16_9_57_24',144),(2455,260,'34_51_2_66_16_9_57_24',144),(2456,260,'34_56_31_15_63_16_9_57_24',144),(2457,260,'34_56_31_40_30',144),(2458,260,'34_56_31_40_7_71_8',144),(2459,260,'34_56_31_12_2_66_16_8',144),(2460,260,'34_56_31_40_19_66_16_8',144),(2461,260,'34_56_31_12_46_9_57_24',144),(2462,260,'34_56_31_40_7_71_9_57_24',144),(2463,260,'34_56_31_12_2_66_16_9_57_24',144),(2464,260,'34_56_31_40_19_66_16_9_57_24',144),(2465,260,'34_56_31_40_7_45_41_26_66_16_8',144),(2466,260,'34_56_31_40_32_54_26_66_16_8',144),(2467,260,'34_56_31_40_7_45_41_26_66_16_9_57_24',144),(2468,260,'34_56_31_40_32_54_26_66_16_9_57_24',144),(2469,260,'34_56_31_40_32_54_73_23_71_8',144),(2470,260,'34_56_31_40_32_54_73_23_71_9_57_24',144),(2471,260,'3_33',17),(2472,260,'34_51_2_33',17),(2473,260,'68_69',17),(2474,260,'3_66_69',17),(2475,260,'34_50_69',17),(2476,260,'34_51_46_59_69',17),(2477,260,'29_22_59_69',17),(2478,260,'34_56_31_12_2_33',17),(2479,260,'34_51_2_66_69',17),(2480,260,'34_56_31_15_63_69',17),(2481,260,'29_57_24_11_59_69',17),(2482,260,'34_56_31_12_46_59_69',17),(2483,260,'34_56_31_40_19_33',17),(2484,260,'34_56_31_40_7_45_41_26_33',17),(2485,260,'34_56_31_40_32_54_26_33',17),(2486,260,'34_56_31_12_2_66_69',17),(2487,260,'34_56_31_40_19_66_69',17),(2488,260,'34_56_31_40_7_71_59_69',17),(2489,260,'34_56_31_40_30_11_59_69',17),(2490,260,'34_56_31_40_30_4_52_22_59_69',17),(2491,260,'34_56_31_40_7_45_41_26_66_69',17),(2492,260,'34_56_31_40_32_54_26_66_69',17),(2493,260,'34_56_31_40_32_54_73_23_71_59_69',17),(2494,260,'34_56_31_40_7_45',221),(2495,260,'34_56_31_40_32_54_73',221),(2496,260,'34_56_31_39',76),(2497,260,'34_28',147),(2498,260,'34_51_72',147),(2499,260,'34_51_10_35',147),(2500,260,'34_51_6_35',147),(2501,260,'34_56_31_12_72',147),(2502,260,'34_56_31_12_10_35',147),(2503,260,'34_56_31_12_6_35',147),(2504,260,'68_58',217),(2505,260,'3_66_58',217),(2506,260,'34_50_58',217),(2507,260,'34_51_46_59_58',217),(2508,260,'29_22_59_58',217),(2509,260,'34_51_2_66_58',217),(2510,260,'34_56_31_15_63_58',217),(2511,260,'29_57_24_11_59_58',217),(2512,260,'34_56_31_12_46_59_58',217),(2513,260,'34_56_31_12_2_66_58',217),(2514,260,'34_56_31_40_19_66_58',217),(2515,260,'34_56_31_40_7_71_59_58',217),(2516,260,'34_56_31_40_30_11_59_58',217),(2517,260,'34_56_31_40_30_4_52_22_59_58',217),(2518,260,'34_56_31_40_7_45_41_26_66_58',217),(2519,260,'34_56_31_40_32_54_26_66_58',217),(2520,260,'34_56_31_40_32_54_73_23_71_59_58',217),(2521,260,'34_56_31',155),(2522,260,'34_56',139),(2523,260,'34_51_10',58),(2524,260,'34_51_6',58),(2525,260,'34_56_31_12_10',58),(2526,260,'34_56_31_12_6',58),(2527,273,'54_73_23_20',25),(2528,273,'54_26',108),(2529,273,'54_73_23_20_19',108),(2530,273,'54_73_23_20_67_12_2',108),(2531,273,'54_73_23_20_67_15',172),(2532,273,'54_73_23_20_30',144),(2533,273,'54_73_23_71_8',144),(2534,273,'54_26_66_16_8',144),(2535,273,'54_73_23_20_19_66_16_8',144),(2536,273,'54_73_23_20_67_15_63_16_8',144),(2537,273,'54_73_23_20_67_12_46_8',144),(2538,273,'54_73_23_71_9_57_24',144),(2539,273,'54_26_66_16_9_57_24',144),(2540,273,'54_73_23_20_19_66_16_9_57_24',144),(2541,273,'54_73_23_20_67_15_63_16_9_57_24',144),(2542,273,'54_73_23_20_67_12_2_66_16_8',144),(2543,273,'54_73_23_20_67_12_46_9_57_24',144),(2544,273,'54_73_23_20_67_12_2_66_16_9_57_24',144),(2545,273,'54_26_66_61',90),(2546,273,'54_73_23_20_19_66_61',90),(2547,273,'54_73_23_20_67_15_63_61',90),(2548,273,'54_73_23_71_59_61',90),(2549,273,'54_73_23_20_30_11_59_61',90),(2550,273,'54_73_23_20_67_12_46_59_61',90),(2551,273,'54_73_23_20_30_4_52_22_59_61',90),(2552,273,'54_73_23_20_67_12_2_66_61',90),(2553,273,'54_73_23_20_67_62',176),(2554,273,'54_73_23_20_30_4',275),(2555,273,'54_73_23_71_9_57',275),(2556,273,'54_73_23_20_30_11_9_57',275),(2557,273,'54_26_66_16_9_57',275),(2558,273,'54_73_23_20_19_66_16_9_57',275),(2559,273,'54_73_23_20_67_15_63_16_9_57',275),(2560,273,'54_73_23_71_8_4',275),(2561,273,'54_26_66_16_8_4',275),(2562,273,'54_73_23_20_19_66_16_8_4',275),(2563,273,'54_73_23_20_67_15_63_16_8_4',275),(2564,273,'54_73_23_20_67_12_46_8_4',275),(2565,273,'54_73_23_20_67_12_46_9_57',275),(2566,273,'54_73_23_20_67_12_2_66_16_9_57',275),(2567,273,'54_73_23_20_67_12_2_66_16_8_4',275),(2568,273,'54_26_33',17),(2569,273,'54_73_23_20_19_33',17),(2570,273,'54_73_23_20_67_12_2_33',17),(2571,273,'54_26_66_69',17),(2572,273,'54_73_23_20_19_66_69',17),(2573,273,'54_73_23_20_67_15_63_69',17),(2574,273,'54_73_23_71_59_69',17),(2575,273,'54_73_23_20_30_11_59_69',17),(2576,273,'54_73_23_20_67_12_46_59_69',17),(2577,273,'54_73_23_20_30_4_52_22_59_69',17),(2578,273,'54_73_23_20_67_12_2_66_69',17),(2579,273,'54_73',221),(2580,273,'54_73_23_20_67_39',76),(2581,273,'54_73_23_71_9',311),(2582,273,'54_73_23_20_30_11_9',311),(2583,273,'54_26_66_16_9',311),(2584,273,'54_73_23_20_19_66_16_9',311),(2585,273,'54_73_23_20_67_15_63_16_9',311),(2586,273,'54_73_23_20_30_4_52',311),(2587,273,'54_73_23_20_67_12_46_9',311),(2588,273,'54_73_23_20_67_12_2_66_16_9',311),(2589,273,'54_73_23_71_8_4_52',311),(2590,273,'54_26_66_16_8_4_52',311),(2591,273,'54_73_23_20_19_66_16_8_4_52',311),(2592,273,'54_73_23_20_67_15_63_16_8_4_52',311),(2593,273,'54_73_23_20_67_12_46_8_4_52',311),(2594,273,'54_73_23_20_67_12_2_66_16_8_4_52',311),(2595,273,'54_73_23_20_67_12',280),(2596,273,'54_73_23_20_67_12_72',147),(2597,273,'54_73_23_20_67_12_10_35',147),(2598,273,'54_73_23_20_67_12_6_35',147),(2599,273,'54',129),(2600,273,'54_26_66',179),(2601,273,'54_73_23_20_19_66',179),(2602,273,'54_73_23_20_67_15_63',179),(2603,273,'54_73_23_71_59',179),(2604,273,'54_73_23_20_30_11_59',179),(2605,273,'54_73_23_20_67_12_46_59',179),(2606,273,'54_73_23_20_30_4_52_22_59',179),(2607,273,'54_73_23_20_67_12_2_66',179),(2608,273,'54_26_66_1',195),(2609,273,'54_73_23_20_19_66_1',195),(2610,273,'54_73_23_20_67_15_63_1',195),(2611,273,'54_73_23_71_59_1',195),(2612,273,'54_73_23_20_30_11_59_1',195),(2613,273,'54_73_23_20_67_12_46_59_1',195),(2614,273,'54_73_23_20_30_4_52_22_59_1',195),(2615,273,'54_73_23_20_67_12_2_66_1',195),(2616,273,'54_73_23_71',242),(2617,273,'54_73_23_20_30_11',242),(2618,273,'54_26_66_16',242),(2619,273,'54_73_23_20_19_66_16',242),(2620,273,'54_73_23_20_67_15_63_16',242),(2621,273,'54_73_23_20_67_12_46',242),(2622,273,'54_73_23_20_30_4_52_22',242),(2623,273,'54_73_23_20_67_12_2_66_16',242),(2624,273,'54_26_66_36',55),(2625,273,'54_73_23_20_19_66_36',55),(2626,273,'54_73_23_20_67_15_63_36',55),(2627,273,'54_73_23_71_59_36',55),(2628,273,'54_73_23_20_30_11_59_36',55),(2629,273,'54_73_23_20_67_12_46_59_36',55),(2630,273,'54_73_23_20_30_4_52_22_59_36',55),(2631,273,'54_73_23_20_67_12_2_66_36',55),(2632,273,'54_73_23_20_67_55',125),(2633,273,'54_73_23_20_67',155),(2634,273,'54_26_66_58',217),(2635,273,'54_73_23_20_19_66_58',217),(2636,273,'54_73_23_20_67_15_63_58',217),(2637,273,'54_73_23_71_59_58',217),(2638,273,'54_73_23_20_30_11_59_58',217),(2639,273,'54_73_23_20_67_12_46_59_58',217),(2640,273,'54_73_23_20_30_4_52_22_59_58',217),(2641,273,'54_73_23_20_67_12_2_66_58',217),(2642,273,'54_73_23_20_67_47',365),(2643,273,'54_73_23_20_67_21',365),(2644,273,'54_73_23_20_30_4_53',365),(2645,273,'54_73_23_71_9_57_53',365),(2646,273,'54_73_23_20_30_11_9_57_53',365),(2647,273,'54_26_66_16_9_57_53',365),(2648,273,'54_73_23_20_19_66_16_9_57_53',365),(2649,273,'54_73_23_20_67_15_63_16_9_57_53',365),(2650,273,'54_73_23_71_8_4_53',365),(2651,273,'54_26_66_16_8_4_53',365),(2652,273,'54_73_23_20_19_66_16_8_4_53',365),(2653,273,'54_73_23_20_67_15_63_16_8_4_53',365),(2654,273,'54_73_23_20_67_12_46_8_4_53',365),(2655,273,'54_73_23_20_67_12_46_9_57_53',365),(2656,273,'54_73_23_20_67_12_2_66_16_9_57_53',365),(2657,273,'54_73_23_20_67_12_2_66_16_8_4_53',365),(2658,273,'54_73_23',135),(2659,273,'54_73_23_20_67_12_10',58),(2660,273,'54_73_23_20_67_12_6',58),(2661,275,'24_11_59_1',195),(2662,275,'52_22_59_1',195),(2663,275,'24_11_59',179),(2664,275,'52_22_59',179),(2665,275,'24_11',242),(2666,275,'52_22',242),(2667,275,'24_11_59_36',55),(2668,275,'52_22_59_36',55),(2669,275,'24',144),(2670,275,'52_22_8',144),(2671,275,'24_11_59_58',217),(2672,275,'52_22_59_58',217),(2673,275,'53',365),(2674,275,'24_11_59_61',90),(2675,275,'52_22_59_61',90),(2676,275,'24_11_59_69',17),(2677,275,'52_22_59_69',17),(2678,275,'52',311),(2679,275,'24_11_9',311),(2680,280,'2',108),(2681,280,'46_8',144),(2682,280,'2_66_16_8',144),(2683,280,'46_9_57_24',144),(2684,280,'2_66_16_9_57_24',144),(2685,280,'2_66_61',90),(2686,280,'46_59_61',90),(2687,280,'46_9_57',275),(2688,280,'2_66_16_9_57',275),(2689,280,'46_8_4',275),(2690,280,'2_66_16_8_4',275),(2691,280,'2_33',17),(2692,280,'2_66_69',17),(2693,280,'46_59_69',17),(2694,280,'46_9',311),(2695,280,'2_66_16_9',311),(2696,280,'46_8_4_52',311),(2697,280,'2_66_16_8_4_52',311),(2698,280,'72',147),(2699,280,'10_35',147),(2700,280,'6_35',147),(2701,280,'2_66',179),(2702,280,'46_59',179),(2703,280,'2_66_1',195),(2704,280,'46_59_1',195),(2705,280,'46',242),(2706,280,'2_66_16',242),(2707,280,'2_66_36',55),(2708,280,'46_59_36',55),(2709,280,'2_66_58',217),(2710,280,'46_59_58',217),(2711,280,'46_9_57_53',365),(2712,280,'2_66_16_9_57_53',365),(2713,280,'46_8_4_53',365),(2714,280,'2_66_16_8_4_53',365),(2715,280,'10',58),(2716,280,'6',58),(2717,285,'44',86),(2718,285,'38_44',86),(2719,285,'74_44',86),(2720,285,'38',285),(2721,285,'74',285),(2722,304,'76',86),(2723,311,'22_59_1',195),(2724,311,'57_24_11_59_1',195),(2725,311,'22_59',179),(2726,311,'57_24_11_59',179),(2727,311,'22',242),(2728,311,'57_24_11',242),(2729,311,'22_59_36',55),(2730,311,'57_24_11_59_36',55),(2731,311,'22_8',144),(2732,311,'57_24',144),(2733,311,'22_59_58',217),(2734,311,'57_24_11_59_58',217),(2735,311,'57_53',365),(2736,311,'22_8_4_53',365),(2737,311,'22_59_61',90),(2738,311,'57_24_11_59_61',90),(2739,311,'57',275),(2740,311,'22_8_4',275),(2741,311,'22_59_69',17),(2742,311,'57_24_11_59_69',17);
UNLOCK TABLES;
/*!40000 ALTER TABLE `path` ENABLE KEYS */;

/*!40101 SET SQL_MODE=@OLD_SQL_MODE */;
/*!40014 SET FOREIGN_KEY_CHECKS=@OLD_FOREIGN_KEY_CHECKS */;
/*!40014 SET UNIQUE_CHECKS=@OLD_UNIQUE_CHECKS */;
/*!40101 SET CHARACTER_SET_CLIENT=@OLD_CHARACTER_SET_CLIENT */;
/*!40101 SET CHARACTER_SET_RESULTS=@OLD_CHARACTER_SET_RESULTS */;
/*!40101 SET COLLATION_CONNECTION=@OLD_COLLATION_CONNECTION */;
/*!40111 SET SQL_NOTES=@OLD_SQL_NOTES */;

